page_number,page_id,source_member,source_image_path,source_image_sha256,legacy_route,suggested_canonical_route,suggested_route_confidence,suggested_route_reasons,gold_route_label,review_status,review_notes,ocr_word_count,ocr_char_count,part_number_count,part_number_sample,ocr_sample_text,raw_route_reasons,processor_contract,answer_permission,source_truth_mutation_allowed
1,t_p_120_1176_p000001,00000001.tif,local_data\organization\trace_net\ocr_route_scan_pack_tesseract_full\page_images\t_p_120_1176_p000001.tif,09bfd29f1d493133d8c9b3760581d78d133c5f93a7a908027bee51f896a0bc0b,table,cover_or_title_page,high,"[""front_matter_page_number"", ""publication_identity_terms"", ""low_part_number_count""]",,needs_review,,63,510,0,[],"T.P. 120/1176

PASSENGER SEATS

COMPONENT MAINTENANCE MANUAL
WITH
ILLUSTRATED PARTS LIST

THIS PUBLICATION SUPERSEDES T.P. 120/1176
DATED 26 SEPTEMBER 1997

25-21-00
30 SEPTEMBER 1998

REVISION 4 - 10 APRIL 2006

& evmnace

EMPRESA BRASILEIRA DE AERONAUTICA S.A.
AV. BRIGADEIRO FARIA LIMA, 2.170 - CAIXA POSTAL 8050 - TELEFONE: (55) (12) 3927-7517
FAX: (55) (12) 3927-7546 - CEP 12.227-901 - SAO JOSE DOS CAMPOS - SAO PAULO - BRASIL
e-mail:distrib@embraer.com.br / http:/Avww.embraer.com
","[""table_or_parts_list_text_cues""]",table_ocr_table_candidate_scan,False,False
2,t_p_120_1176_p000002,00000002.tif,local_data\organization\trace_net\ocr_route_scan_pack_tesseract_full\page_images\t_p_120_1176_p000002.tif,3a666c702a56abe19cf7f54e6ad28c99db84c7483cfa11d3f6b79c5c01097cf8,blank_candidate,blank_candidate,high,"[""empty_or_near_empty_ocr""]",,auto_suggested_review_recommended,,0,0,0,[],,"[""empty_ocr_low_ink""]",blank_candidate_confirmation_scan,False,False
3,t_p_120_1176_p000003,00000003.tif,local_data\organization\trace_net\ocr_route_scan_pack_tesseract_full\page_images\t_p_120_1176_p000003.tif,51d3021686c6905d48a8eceb5c9686eacf539855df3824ff79ac6039641e87e1,table,detailed_parts_list,high,"[""high_part_number_density"", ""detailed_parts_list_candidate""]",,needs_review,,175,2489,100,"[""120-36833-001"", ""120-36833-003"", ""120-36833-005"", ""120-36833-501"", ""120-36833-503"", ""120-36833-507"", ""120-36833-509"", ""120-36833-511"", ""120-36833-513"", ""120-36833-515"", ""120-36833-517"", ""120-36833-519"", ""120-36834-001"", ""120-36834-003"", ""120-36834-005"", ""120-36834-019"", ""120-36834-501"", ""120-36834-503"", ""120-36834-505"", ""120-36834-509""]","This publication covers the following part numbers:

120-36833-001
120-36833-503
120-36833-513
120-36834-001
120-36834-501
120-36834-511
120-36834-519
120-41824-001
120-41824-009
120-41824-261
120-41824-503
120-41825-001
120-41825-009
120-41825-505
120-41825-519
120-41826-261
120-42547-001
120-42547-501
120-42548-001
120-42548-009
120-42548-507
120-45850-005
120-45850-505
120-45851-005
120-45851-505
120-50645-003
120-50645-011
120-50645-019
120-50645-027
120-50645-039
120-50648-005
120-50648-019
120-50648-519
120-50648-549
120-61381-005
120-61382-005
120-61547-503
120-61548-507

€& emenncr

MAINTENANCE MANUAL WITH
ILLUSTRATED PARTS LIST

120-36833-003
120-36833-507
120-36833-515
120-36834-003
120-36834-503
120-36834-513
120-36834-523
120-41824-003
120-41824-217
120-41824-297
120-41824-505
120-41825-003
120-41825-017
120-41825-507
120-41825-521
120-41826-501
120-42547-003
120-42547-503
120-42548-003
120-42548-501
120-4254","[""table_or_parts_list_text_cues""]",table_ocr_table_candidate_scan,False,False
4,t_p_120_1176_p000004,00000004.tif,local_data\organization\trace_net\ocr_route_scan_pack_tesseract_full\page_images\t_p_120_1176_p000004.tif,6bd3dad9e70045c0343b5f88fe8e90686824bea32beb045299533ef3490f6a36,normal_text,procedure_or_description,high,"[""procedure_or_description_terms"", ""paragraph_text_present"", ""low_part_number_count""]",,needs_review,,128,925,0,[],"€ emenncn

MAINTENANCE MANUAL WITH
ILLUSTRATED PARTS LIST

INTRODUCTION

This manual presents all the operations carried out in a workshop after the disassembly of the passen-
ger seats of the EMB-120 ""BRASILIA"" aircraft. It allows a technician not acquainted with the equipment
to restore it to its operational conditions.

This manual contains the component description and operation, detailed instructions for disassembling,
checking, repairing and reassembling the component, and an illustrated parts list.

All the procedures described in this manual have been performed by the manufacturer prior to its release
to the users.

The methods presented herein, especially those concerning repairs, must not be modified or extended
to other cases without prior authorization granted by the aviation authorities and the manufacturer.

EFFECTIVITY: ALL 25-INTRODUCTION

Page 1/2
T.P. 120/1176 Sep 30/98
","[""normal_text_ocr_density""]",normal_text_ocr_summary_scan,False,False
5,t_p_120_1176_p000005,00000005.tif,local_data\organization\trace_net\ocr_route_scan_pack_tesseract_full\page_images\t_p_120_1176_p000005.tif,8980a6e91d7cc2f40a8510315d8610595243d7033621c00bdaec782a41aa1e7b,table,table_or_index,high,"[""table_index_terms"", ""legacy_table_route""]",,needs_review,,397,2378,0,[],"-<€ EMBRAER
MAINTENANCE MANUAL WITH
ILLUSTRATED PARTS LIST
CHAPTER CHAPTER
SECTION SECTION
SUBJECT PAGE DATE SUBJECT PAGE DATE
25 - Title - Apr 10/06 25-21-00 607 Sep 30/98
25-LEP * 1 Apr 10/06 25-21-00 608 Sep 30/98
25-LEP * 2 Apr 10/06 25-21-00 609 Sep 30/98
25-LEP * 3 Apr 10/06 25-21-00 610 Sep 30/98
25-LEP * 4 Apr 10/06 25-21-00 611 Sep 30/98
25-LEP * 5 Apr 10/06 25-21-00 612 Sep 30/98
25-LEP * 6 Apr 10/06 25-21-00 613 Jan 15/01
25-LEP * 7 Apr 10/06 25-21-00 614 Jan 15/01
25- LEP * 8 blank Apr 10/06 25-21-00 615 Sep 30/98
25 - Contents 1 Sep 30/98 25-21-00 616 Sep 30/98
25 - Contents 2 blank Sep 30/98 25-21-00 617 Sep 30/98
25 - Applicability Jan 15/01 25-21-00 618 Sep 30/98
25 - Applicability ii blank Jan 15/01 25-21-00 619 Sep 30/98
25 - Introduction 1 Sep 30/98 25-21-00 620 Sep 30/98
25 - Introduction 2 blank Sep 30/98 25-21-00 621 Sep 30/98
25-21-00 1 Sep 30/98 25-21-00 622 Sep 30/98
25-21-00 2 Sep 30/98 25-21-00 623 Sep 30/98
25-21-00 3 Sep 30/98 25-21-0","[""table_or_parts_list_text_cues""]",table_ocr_table_candidate_scan,False,False
6,t_p_120_1176_p000006,00000006.tif,local_data\organization\trace_net\ocr_route_scan_pack_tesseract_full\page_images\t_p_120_1176_p000006.tif,89d209a21f5b7f948a73c3eb06600be189ff10b01b5e7194e14a8cd1621db284,table,table_or_index,high,"[""table_index_terms"", ""legacy_table_route""]",,needs_review,,417,2752,0,[],"€ emenncn

MAINTENANCE MANUAL WITH
ILLUSTRATED PARTS LIST

CHAPTER CHAPTER
SECTION SECTION
SUBJECT PAGE DATE SUBJECT PAGE DATE
25-Numerical Index 1012 Jan 15/01 25-Numerical Index 1048 Jan 15/01
25-Numerical Index 1013 Jul 15/02 25-Numerical Index 1049 Jan 15/01
25-Numerical Index 1014 Jul 15/02 25-Numerical Index 1050 Jan 15/01
25-Numerical Index 1014A Jul 30/02 25-Numerical Index 1051 Jan 15/01
25-Numerical Index 1014B blank Jul 15/02 25-Numerical Index 1052 Jan 15/01
25-Numerical Index 1015 Jan 15/01 25-Numerical Index 1052A Jan 15/01
25-Numerical Index 1016 Jan 15/01 25-Numerical Index 1052B Jan 15/01
25-Numerical Index 1017 Jan 15/01 25-Numerical Index 1052C Jan 15/01
25-Numerical Index 1018 Jan 15/01 25-Numerical Index 1052D Jan 15/01
25-Numerical Index 1019 Jan 15/01 25-Numerical Index 1052E Jan 15/01
25-Numerical Index 1020 Jan 15/01 25-Numerical Index 1052F blank Jan 15/01
25-Numerical Index 1021 Jan 15/01 25-IPL 1053 Sep 30/98
25-Numerical Index 1022 Jan 1","[""table_or_parts_list_text_cues""]",table_ocr_table_candidate_scan,False,False
7,t_p_120_1176_p000007,00000007.tif,local_data\organization\trace_net\ocr_route_scan_pack_tesseract_full\page_images\t_p_120_1176_p000007.tif,ed1f012f548803ab609c005b0e680acd92d6e1d47c3c16d2a9a662f541301651,table,table_or_index,high,"[""table_index_terms"", ""legacy_table_route""]",,needs_review,,374,2191,0,[],"€ emenncn

MAINTENANCE MANUAL WITH
ILLUSTRATED PARTS LIST

CHAPTER CHAPTER
SECTION SECTION
SUBJECT PAGE DATE SUBJECT PAGE DATE
25-IPL 1072 Jan 15/01 25-IPL 1103 Sep 30/98
25-IPL 1072A Jan 15/01 25-IPL 1104 Sep 30/98
25-IPL 1072B Jan 15/01 25-IPL 1105 Sep 30/98
25-IPL 1072C Jan 15/01 25-IPL 1106 Sep 30/98
25-IPL 1072D blank Jan 15/01 25-IPL 1107 Sep 30/98
25-IPL 1073 Sep 30/98 25-IPL 1108 Sep 30/98
25-IPL 1074 Sep 30/98 25-IPL 1109 Sep 30/98
25-IPL 1075 Sep 30/98 25-IPL 1110 Sep 30/98
25-IPL 1076 Jul 30/02 25-IPL 1111 Sep 30/98
25-IPL 1077 Jan 15/01 25-IPL 1112 Sep 30/98
25-IPL 1078 Jan 15/01 25-IPL 1113 Sep 30/98
25-IPL 1078A Jan 15/01 25-IPL 1114 Sep 30/98
25-IPL 1078B Jan 15/01 25-IPL 1115 Sep 30/98
25-IPL 1078C Jan 15/01 25-IPL 1116 Sep 30/98
25-IPL 1078D blank Jan 15/01 25-IPL 1117 Sep 30/98
25-IPL 1079 Sep 30/98 25-IPL 1118 Sep 30/98
25-IPL 1080 Sep 30/98 25-IPL 1119 Sep 30/98
25-IPL 1081 Sep 30/98 25-IPL 1120 Sep 30/98
25-IPL 1082 Sep 30/98 25-IPL 1121 S","[""table_or_parts_list_text_cues""]",table_ocr_table_candidate_scan,False,False
8,t_p_120_1176_p000008,00000008.tif,local_data\organization\trace_net\ocr_route_scan_pack_tesseract_full\page_images\t_p_120_1176_p000008.tif,7d6f154827ecc56956a2081437b142214acfa55ed525b8dae3a4b989fd42c741,table,table_or_index,high,"[""table_index_terms"", ""legacy_table_route""]",,needs_review,,368,2161,0,[],"€ emenncn

MAINTENANCE MANUAL WITH
ILLUSTRATED PARTS LIST

CHAPTER CHAPTER
SECTION SECTION
SUBJECT PAGE DATE SUBJECT PAGE DATE
25-IPL 1140B Jan 15/01 25-IPL 1164 Sep 30/98
25-IPL 1140C Jan 15/01 25-IPL 1165 Sep 30/98
25-IPL 1140D blank Jan 15/01 25-IPL 1166 Sep 30/98
25-IPL 1141 Sep 30/98 25-IPL 1167 Sep 30/98
25-IPL 1142 Sep 30/98 25-IPL 1168 Sep 30/98
25-IPL 1143 Jan 15/01 25-IPL 1169 Sep 30/98
25-IPL 1144 Jan 15/01 25-IPL 1170 Sep 30/98
25-IPL 1144A Jan 15/01 25-IPL 1171 Sep 30/98
25-IPL 1144B Jan 15/01 25-IPL 1172 Sep 30/98
25-IPL 1144C Jan 15/01 25-IPL 1173 Sep 30/98
25-IPL 1144D blank Jan 15/01 25-IPL 1174 Sep 30/98
25-IPL 1145 Sep 30/98 25-IPL 1175 Sep 30/98
25-IPL 1146 Sep 30/98 25-IPL 1176 Sep 30/98
25-IPL 1146A Jan 15/01 25-IPL 1177 Sep 30/98
25-IPL 1146B Jan 15/01 25-IPL 1178 Sep 30/98
25-IPL 1146C Jan 15/01 25-IPL 1179 Sep 30/98
25-IPL 1146D blank Jan 15/01 25-IPL 1180 Sep 30/98
25-IPL 1147 Sep 30/98 25-IPL 1181 Sep 30/98
25-IPL 1148 Sep 30/98 25-I","[""table_or_parts_list_text_cues""]",table_ocr_table_candidate_scan,False,False
9,t_p_120_1176_p000009,00000009.tif,local_data\organization\trace_net\ocr_route_scan_pack_tesseract_full\page_images\t_p_120_1176_p000009.tif,ad352d3c2ae487d629c26d00ec1ab79cdd10d77d689403213eba17499ea76573,table,table_or_index,high,"[""table_index_terms"", ""legacy_table_route""]",,needs_review,,373,2177,0,[],"€ emenncn

MAINTENANCE MANUAL WITH
ILLUSTRATED PARTS LIST

CHAPTER CHAPTER
SECTION SECTION
SUBJECT PAGE DATE SUBJECT PAGE DATE
25-IPL 1202 Sep 30/98 25-IPL 1241 Sep 30/98
25-IPL 1203 Jan 15/01 25-IPL 1242 Sep 30/98
25-IPL 1204 Jan 15/01 25-IPL 1243 Sep 30/98
25-IPL 1205 Jan 15/01 25-IPL 1244 Sep 30/98
25-IPL 1206 Jan 15/01 25-IPL 1245 Sep 30/98
25-IPL 1207 Sep 30/98 25-IPL 1246 Sep 30/98
25-IPL 1208 Sep 30/98 25-IPL 1247 Sep 30/98
25-IPL 1209 Sep 30/98 25-IPL 1248 Sep 30/98
25-IPL 1210 Sep 30/98 25-IPL 1249 Sep 30/98
25-IPL 1211 Sep 30/98 25-IPL 1250 Sep 30/98
25-IPL 1212 Sep 30/98 25-IPL 1251 Sep 30/98
25-IPL 1213 Sep 30/98 25-IPL 1252 Sep 30/98
25-IPL 1214 Sep 30/98 25-IPL 1253 Sep 30/98
25-IPL 1215 Sep 30/98 25-IPL 1254 Sep 30/98
25-IPL 1216 Sep 30/98 25-IPL 1255 Sep 30/98
25-IPL 1217 Sep 30/98 25-IPL 1256 Sep 30/98
25-IPL 1218 Sep 30/98 25-IPL 1257 Sep 30/98
25-IPL 1219 Sep 30/98 25-IPL 1258 Sep 30/98
25-IPL 1220 Sep 30/98 25-IPL 1259 Sep 30/98
25-IPL 122","[""table_or_parts_list_text_cues""]",table_ocr_table_candidate_scan,False,False
10,t_p_120_1176_p000010,00000010.tif,local_data\organization\trace_net\ocr_route_scan_pack_tesseract_full\page_images\t_p_120_1176_p000010.tif,dfa8786b909afd08c36c93a2714d582acee43290689d6277ff49a7d24f7fd955,table,table_or_index,high,"[""table_index_terms"", ""legacy_table_route""]",,needs_review,,364,2122,0,[],"€ emenncn

MAINTENANCE MANUAL WITH
ILLUSTRATED PARTS LIST

CHAPTER CHAPTER
SECTION SECTION
SUBJECT PAGE DATE SUBJECT PAGE DATE
25-IPL 1276 Jan 15/01 25-IPL 1314 Apr 10/06
25-IPL 1277 Sep 30/98 25-IPL 1315 Jul 15/02
25-IPL 1278 Sep 30/98 25-IPL 1316 Sep 30/98
25-IPL 1279 Sep 30/98 25-IPL 1317 Apr 10/06
25-IPL 1280 Apr 10/06 25-IPL 1318 Apr 10/06
25-IPL 1281 Apr 10/06 25-IPL 1319 Sep 30/98
25-IPL 1282 Sep 30/98 25-IPL 1320 Sep 30/98
25-IPL 1283 Apr 10/06 25-IPL 1321 Apr 10/06
25-IPL 1284 Apr 10/06 25-IPL 1322 Sep 30/98
25-IPL 1285 Jan 15/01 25-IPL 1323 Sep 30/98
25-IPL 1286 Apr 10/06 25-IPL 1324 Sep 30/98
25-IPL 1287 Apr 10/06 25-IPL 1325 Apr 10/06
25-IPL 1288 Sep 30/98 25-IPL 1326 Apr 10/06
25-IPL 1289 Apr 10/06 25-IPL 1327 Sep 30/98
25-IPL 1290 Apr 10/06 25-IPL 1328 Sep 30/98
25-IPL 1291 Sep 30/98 25-IPL 1329 Apr 10/06
25-IPL 1292 Apr 10/06 25-IPL 1330 Apr 10/06
25-IPL 1293 Apr 10/06 25-IPL 1331 Jul 15/02
25-IPL 1294 Sep 30/98 25-IPL 1332 Sep 30/98
25-IPL 129","[""table_or_parts_list_text_cues""]",table_ocr_table_candidate_scan,False,False
11,t_p_120_1176_p000011,00000011.tif,local_data\organization\trace_net\ocr_route_scan_pack_tesseract_full\page_images\t_p_120_1176_p000011.tif,1a2d52743fb6234d668bf2742ee19ce9eb1d68f49b1c04051bbce81322146063,table,table_or_index,high,"[""table_index_terms"", ""legacy_table_route""]",,needs_review,,264,1704,0,[],"CHAPTER

SECTION
SUBJECT
25-IPL
25-IPL
25-IPL
25-IPL
25-IPL
25-IPL
25-IPL
25-IPL
25-IPL
25-IPL
25-IPL
25-IPL
25-IPL
25-IPL
25-IPL
25-IPL
25-IPL
25-IPL
25-IPL
25-IPL
25-IPL
25-IPL
25-IPL
25-IPL
25-IPL
25-IPL
25-IPL
25-IPL
25-IPL
25-IPL
25-IPL
25-IPL
25-IPL
25-IPL
25-IPL
25-IPL
25-IPL
25-IPL
25-IPL

PAGE

1352
1353
1354
1355
1356
1357
1358
1359
1360
1361
1362
1363
1364
1365
1366
1367
1368
1369
1370
1371
1372
1373
1374
1375
1376
1377
1378
1379
1380
1381
1382
1383
1384
1385
1386
1387
1388
1389
1390

€ emenncn

MAINTENANCE MANUAL WITH
ILLUSTRATED PARTS LIST

DATE

Sep 30/98
Apr 10/06
Apr 10/06
Jul 15/02
Sep 30/98
Apr 10/06
Apr 10/06
Sep 30/98
Sep 30/98
Apr 10/06
Apr 10/06
Sep 30/98
Sep 30/98
Apr 10/06
Apr 10/06
Sep 30/98
Sep 30/98
Apr 10/06
Apr 10/06
Sep 30/98
Sep 30/98
Apr 10/06
Apr 10/06
Sep 30/98
Sep 30/98
Apr 10/06
Apr 10/06
Jul 15/02
Sep 30/98
Apr 10/06
Apr 10/06
","[""table_or_parts_list_text_cues""]",table_ocr_table_candidate_scan,False,False
12,t_p_120_1176_p000012,00000012.tif,local_data\organization\trace_net\ocr_route_scan_pack_tesseract_full\page_images\t_p_120_1176_p000012.tif,a8510eb01519500772c19cb1cbafb973f50bfc01627fd016ec7e14743e44c1f0,blank_candidate,blank_candidate,high,"[""empty_or_near_empty_ocr""]",,auto_suggested_review_recommended,,0,0,0,[],,"[""empty_ocr_low_ink""]",blank_candidate_confirmation_scan,False,False
13,t_p_120_1176_p000013,00000013.tif,local_data\organization\trace_net\ocr_route_scan_pack_tesseract_full\page_images\t_p_120_1176_p000013.tif,98ab693f2742d50f9aa84ae324eec13a89d8101b8880a117acb28f825ebe81b8,normal_text,table_or_index,medium,"[""table_index_terms""]",,needs_review,,84,421,0,[],"< COMPONENT MAINTENANCE MANUAL
EMBRAER WITH ILLUSTRATED PARTS LIST
RECORD OF REVISIONS
No. ISSUED INSERTED No. ISSUED INSERTED

0s
0s
a ee
a ey
a ey
a
0s
0s
a a
a 0s
a ey
a
0s
0s
a ee
a ey
a ey
a
0s
0s
a ee
a ey
a
0s
0s
a ee
a ey
a se eo
RETAIN THIS RECORD IN FRONT OF MANUAL.

ON RECEIPT OF REVISION, INSERT REVISED PAGES IN THE MANUAL, AND ENTER NUMBER, DATE INSERTED
AND INITIALS.
","[""normal_text_ocr_density""]",normal_text_ocr_summary_scan,False,False
14,t_p_120_1176_p000014,00000014.tif,local_data\organization\trace_net\ocr_route_scan_pack_tesseract_full\page_images\t_p_120_1176_p000014.tif,77ae5e20f592a235de49f539402d8120f20e256289dd48969e91821b41a9a0f0,normal_text,table_or_index,medium,"[""table_index_terms""]",,needs_review,,75,602,0,[],"EMBRAER COMPONENT MAINTENANCE MANUAL
WITH ILLUSTRATED PARTS LIST

SERVICE BULLETIN RECORD

SERVICE OTHER DATE OF SERVICE OTHER DATE OF
BULLETIN DIRECTIVES INCORPORATION BULLETIN DIRECTIVES INCORPORATION
NUMBER INTO MANUAL NUMBER INTO MANUAL

NOTE: INFORMATION BULLETINS (IB) ARE NORMALLY ISSUED TO PROVIDE GENERAL INFORMATION.
HOWEVER, CERTAIN INFORMATION BULLETINS MAY CONTAIN ADDITIONAL PROCEDURAL OR
MODIFICATION INFORMATION WHICH MUST BE DISSEMINATED TO THE EQUIPMENT USERS.
THEREFORE, THESE INFORMATION BULLETINS ARE LISTED ALONG WITH THE SERVICE BULLETINS
UNDER “OTHER DIRECTIVES”.
","[""normal_text_ocr_density""]",normal_text_ocr_summary_scan,False,False
15,t_p_120_1176_p000015,00000015.tif,local_data\organization\trace_net\ocr_route_scan_pack_tesseract_full\page_images\t_p_120_1176_p000015.tif,6a594b17e190e9fc06f28e36618ae7eca7c0b67b5b9f4f3326f4463e3d0f57ea,table,mixed_text_and_figure,medium,"[""visual_signal_present"", ""meaningful_prose_present"", ""low_part_number_count""]",,needs_review,,305,1957,0,[],"-< EMBRAER
MAINTENANCE MANUAL WITH
ILLUSTRATED PARTS LIST
DESCRIPTION AND OPERATION
1. General
The passenger seats are arranged into two rows in the aircraft, one comprising single seats and
another comprising double seats. In some configurations, the last row may also comprise triple
seats.
2. Description
A. The Single Passenger Seat (Figure 1) configurations listed below may be found on the ""EMB-
120"" Brasilia:
(1) First row single passenger seat with plug-in type snack table.
(2) Complete Single Passenger Seat with two armrests and snack folding table.
(3) Single Passenger Seat without armrest on the wall side (emergency exit position).
(4) Single Passenger Seat without snack folding table (last row).
(5) Single Passenger Seat with longer armrest, without snack folding table, to fit the triple pas-
senger seat row.
B. The Double Passenger Seat (Figure 2) may be found in the following configurations:
(1) First row Double Passenger Seat with plug-in type snack table.","[""table_or_parts_list_text_cues""]",table_ocr_table_candidate_scan,False,False
16,t_p_120_1176_p000016,00000016.tif,local_data\organization\trace_net\ocr_route_scan_pack_tesseract_full\page_images\t_p_120_1176_p000016.tif,39a6709102ab643ff1e913c57ef86c92c29e7233bb83c8ddbb6b2eab8ea7cbc7,normal_text,normal_text,high,"[""paragraph_or_general_text_density""]",,needs_review,,223,1333,0,[],"€ emonnce

MAINTENANCE MANUAL WITH
ILLUSTRATED PARTS LIST

G. The backrest structure consists of a rigid composite structure attached to the seat structure and
molded foam cushion is glued to this structure, then covered with fitted upholstery, which, in turn,
is secured with Velcro fastener.

H. The seat bottom cushion is made of molded foam and is covered by the upholstery which is
secured with Velcro fastener.

J. The snack folding table is installed to the back face of the backrest. The snack folding table oper-
ation, when it is extended, is completely independent of the backrest.

K. The plug-in type snack table fits into the armrests.

L. The magazine holder is fitted in the back face of the seat.

M. In the bottom of the each seat place there is a life jacket stowage assembly.

3. Operation
A. Extension and stowage of the Snack Folding Table
(1) The snack folding table is secured in the stowed position by a latch located at the center of

the backrest, ","[""normal_text_ocr_density""]",normal_text_ocr_summary_scan,False,False
17,t_p_120_1176_p000017,00000017.tif,local_data\organization\trace_net\ocr_route_scan_pack_tesseract_full\page_images\t_p_120_1176_p000017.tif,e5a84463d44c9415bcd51b8c6ef7fe3f64c8d458254955f2b1e2b22fb3ddb80d,image_visual,image_visual_diagram,high,"[""figure_or_visual_label_signal"", ""limited_text_or_visual_route""]",,auto_suggested_review_recommended,,39,325,0,[],"-< EMBRAER

MAINTENANCE MANUAL WITH

ILLUSTRATED PARTS LIST

ASHTRAY

SEAT

BACKREST

t

BSS

SEAT

BELT

ag

Ye

:

SL

Niiiine¢H

Testi

Lt

LY

S

FLOATABLE

SEAT BOTTOM

120TP250001.MCI

Single Passenger Seat

Figure 1

EFFECTIVITY: ALL

25-21-00

Page 3

Sep 30/98
","[""visual_keywords_with_limited_text""]",image_visual_ocr_and_vision_queue_scan,False,False
18,t_p_120_1176_p000018,00000018.tif,local_data\organization\trace_net\ocr_route_scan_pack_tesseract_full\page_images\t_p_120_1176_p000018.tif,aeb66b86579e3652c6080682649121b8c86dc681d79bcbd04a07f30c5ce40fbe,image_visual,image_visual_diagram,high,"[""figure_or_visual_label_signal"", ""limited_text_or_visual_route""]",,auto_suggested_review_recommended,,43,269,0,[],"-< EMBRAER
MAINTENANCE MANUAL WITH
ILLUSTRATED PARTS LIST
SEAT BACKRESTS
ll
Ex Z
:
g fy YZ
. = —
tm, EP gs
SEAT BELT (Fx
I o ASHTRAY
Za
FLOATABLE
SEAT BOTTOM
120TP250002.MCE
Double Passenger Seat
Figure 2
EFFECTIVITY: ALL
25 21 00 Page 4
Sep 30/98
","[""visual_keywords_with_limited_text""]",image_visual_ocr_and_vision_queue_scan,False,False
19,t_p_120_1176_p000019,00000019.tif,local_data\organization\trace_net\ocr_route_scan_pack_tesseract_full\page_images\t_p_120_1176_p000019.tif,36b821fe9a02e292ea3cf0e1767fd344f7fd6c090a2462af878a29917b0b5d78,image_visual,image_visual_diagram,high,"[""figure_or_visual_label_signal"", ""limited_text_or_visual_route""]",,auto_suggested_review_recommended,,53,418,0,[],"< EMBRAER

MAINTENANCE MANUAL WITH

ILLUSTRATED PARTS LIST

ASHTRAY

SEAT BACKRESTS

FS

e.

HiT

SL /

la

<I®6

Sean

fe

&S

CSU ag,

£/

Z

Ll

;

Tf ®

WEE

SEAT BELT

A:

=

nny

ui]

li

p>

Rim,

S

1)

p>

FLOATABLE

SEAT BOTTOM

120TP250003.MCE

Triple Passenger Seat

Figure 3

EFFECTIVITY: ALL

25-21-00

Page 5/6

Sep 30/98
","[""visual_keywords_with_limited_text""]",image_visual_ocr_and_vision_queue_scan,False,False
20,t_p_120_1176_p000020,00000020.tif,local_data\organization\trace_net\ocr_route_scan_pack_tesseract_full\page_images\t_p_120_1176_p000020.tif,dd3d0eab95213423e9df2fe6848e031d954cccf16feae0c4f1df6c9c575e5792,table,procedure_or_description,high,"[""procedure_or_description_terms"", ""paragraph_text_present"", ""low_part_number_count""]",,needs_review,,273,1690,0,[],"< EMBRAER
MAINTENANCE MANUAL WITH
ILLUSTRATED PARTS LIST
ILLUSTRATED PARTS LIST
1. General
A. This section lists and illustrates all the applicable assemblies, subassemblies, and components.
2. Vendor's List
A. A list of names and addresses of vendors is supplied together with the relevant codes for refer-
ence in the Detailed Parts List. The list is arranged in numerical order, according to the vendor
codes. Vendor part numbers with no FEDERAL SUPPLY CODE or NATO SUPPLY CODE
assigned are therein identified with a code preceded by the capital letter ""E"".
3. Numerical Index
A. The numerical index contains every number that appears in the Detailed Parts List and is
arranged in dual columns, in alphanumerical sequence.
(1) PART NUMBER Column.
The part number starts at the extreme left hand, continuing to the right, one position at a
time.
The order of precedence due to the part number arrangement for the first position (extreme
left) is the following:
- Letters A thru Z","[""table_or_parts_list_text_cues""]",table_ocr_table_candidate_scan,False,False
21,t_p_120_1176_p000021,00000021.tif,local_data\organization\trace_net\ocr_route_scan_pack_tesseract_full\page_images\t_p_120_1176_p000021.tif,6e8e20ab11f2a5010e591c2a3c9aa8b66715e5c0bf308abc17f7021b1ce6a8f2,table,procedure_or_description,high,"[""procedure_or_description_terms"", ""paragraph_text_present"", ""low_part_number_count""]",,needs_review,,237,1620,0,[],"(4)

€ emenncn

MAINTENANCE MANUAL WITH
ILLUSTRATED PARTS LIST

TTL REG Column.

This column indicates the total number of items required per airplane.

4. Electrical Reference Designation Index

A. The purpose of this index is to provide a complete list of the electrical and electronic components
identified in the electrical circuit diagrams of the herein-described equipment by an item number
or by an electrical reference designation number (codes).

(1)

(2)

(3)

EQUIP. CODE column.

The equipment codes are shown in this column in alphanumerical sequence.
PART NUMBER Column.

Refer to paragraph 3, item A.

CH - SEC - UN - FIG - ITEM Column.

Refer to paragraph 3, item B.

5. Figure/Parts List

A. Figure (lllustration/List) Content.

(1)

(2)

FIG - ITEM Column.

Each illustration contains item-numbers to facilitate cross-referencing between the parts list
and the illustration; assemblies or parts not illustrated but included in the parts ","[""table_or_parts_list_text_cues""]",table_ocr_table_candidate_scan,False,False
22,t_p_120_1176_p000022,00000022.tif,local_data\organization\trace_net\ocr_route_scan_pack_tesseract_full\page_images\t_p_120_1176_p000022.tif,c7c9d50ca89da42c9ae427b012cd99bc23c29411ba318ece09e22fb6f1c13151,table,procedure_or_description,high,"[""procedure_or_description_terms"", ""paragraph_text_present"", ""low_part_number_count""]",,needs_review,,192,1304,0,[],"< EMBRAER
MAINTENANCE MANUAL WITH
ILLUSTRATED PARTS LIST
(3) ARLINE STOCK NUMBER Column.
Refer to paragraph 3, item C.
(4) NOMENCLATURE Column.
Nomenclature includes descriptive information necessary to adequately define the items.
(a) Indentation
The nomenclature column is indented to indicate item relationships.
As shown below, the indentation indicates relationships to the next higher assembly in
the various breakdown levels of an assembly.
1 2 3 4 5 6 7
Detailed parts for the sub-
assembly
Subassembly
Attaching parts for the subassembly
Subassembly
Attaching parts for the subassembly
Detail parts of the assembly
Detail parts for installation
Assembly number
Attaching parts for assembly or installation
Installation number
(b) Symbols and notes
The following symbols and notes are employed in the Detailed Parts List:
41 UMW- (Used with...).
2 S/W- (Supplied with...).
3 A/F - (Altered from...).
4 INTERCH WTH (Interchangeable with...) - Indicates parts that a","[""table_or_parts_list_text_cues""]",table_ocr_table_candidate_scan,False,False
23,t_p_120_1176_p000023,00000023.tif,local_data\organization\trace_net\ocr_route_scan_pack_tesseract_full\page_images\t_p_120_1176_p000023.tif,357a5e9f20f6f5325780899202c379b8986cd2995c3286945228ca93dd3d8fe6,table,procedure_or_description,high,"[""procedure_or_description_terms"", ""paragraph_text_present"", ""low_part_number_count""]",,needs_review,,287,1813,0,[],"< EMBRAER
MAINTENANCE MANUAL WITH
ILLUSTRATED PARTS LIST
8 (WHEN EXHAUSTED USE ...) - Used in the description column of parts for which
the existing stocks should be exhausted before the newer designed part is issued.
9 (USE UNTIL EXHAUSTED, NOT REPLACED) - Used in description column of parts
that have no replacement and existing stocks will not be replenished.
10 (FOR REPLACEMENT USE...) - Used in description column of parts for which a cer-
tain part must be used for replacement.
11 (ALTERNATIVE USE...) - Used to indicate those parts which, when not in stock, may
be replaced with others.
12 (FOR DETAILS SEE ...) - Used in description column for assemblies or installations
the breakdown details of which are called out in another figure.
For correct location of referenced figure, refer to the table of contents.
(5) VENDOR CODE Column.
This column lists the item vendor's codes.
For EMBRAER part numbers, the vendor code is VS4956.
Refer to the Vendor's List to identify t","[""table_or_parts_list_text_cues""]",table_ocr_table_candidate_scan,False,False
24,t_p_120_1176_p000024,00000024.tif,local_data\organization\trace_net\ocr_route_scan_pack_tesseract_full\page_images\t_p_120_1176_p000024.tif,d5010a6ac1c5f07e33825b8a89f705248f875bd1a8064e305fd1f6bfa5d74ea6,table,table_or_index,medium,"[""legacy_table_route_without_strong_detail_or_visual_signal""]",,needs_review,,116,826,0,[],"< EMBRAER
MAINTENANCE MANUAL WITH
ILLUSTRATED PARTS LIST
VENDORS’ NAMES AND ADDRESSES
VENDOR NAMES AND ADDRESSES
CODE
E065846 AEROMOT INDUSTRIA MECANICO METALURGICA LTDA.
AV. DAS INDUSTRIAS, 1210
ANCHIETA
CEP 90000 PORTO ALEGRE - RS - BRASIL
E075221 COMERIT - COMPANHIA MERCANTIL E INDUSTRIAL ENGELBRECHT
AV. GONCALO MADEIRA, 220
JAGUARE
CEP 01000 - SAO PAULO - SP - BRASIL
TEL (055) (011) 268-9222
15653 KAYNAR - MICRODOT COMPANY
800 S. STATE COLLEGE BOULEVARD
92634 - FULLERTON - CALIFORNIA - USA
P.O. BOX 3001
TEL (001) (714) 871-1550
VS4956 EMBRAER - EMPRESA BRASILEIRA DE AERONAUTICA S.A
AV. BRIGADEIRO FARIA LIMA, 2170 - PUTIM
CEP 12137-901 SAO JOSE DOS CAMPOS - SP - BRASI
CAIXA POSTAL 343
TEL (055) (012) 345-1624 FAX (055) (012) 345-1598
EFFECTIVITY: ALL
25 21 00 Page 1005/1006
Sep 30/98
","[""table_or_parts_list_text_cues""]",table_ocr_table_candidate_scan,False,False
25,t_p_120_1176_p000025,00000025.tif,local_data\organization\trace_net\ocr_route_scan_pack_tesseract_full\page_images\t_p_120_1176_p000025.tif,1e8ccb46f8e2a719c1e391bc9d6a3e710751ed38c6a2ed1adbe7bf67896effde,blank_candidate,blank_candidate,high,"[""empty_or_near_empty_ocr""]",,auto_suggested_review_recommended,,0,0,0,[],,"[""empty_ocr_low_ink""]",blank_candidate_confirmation_scan,False,False
26,t_p_120_1176_p000026,00000026.tif,local_data\organization\trace_net\ocr_route_scan_pack_tesseract_full\page_images\t_p_120_1176_p000026.tif,482c8ffd82e33e55875c3141f2d9bc2ffd04dd0a9add706616152f3fa47e147a,normal_text,table_or_index,medium,"[""table_index_terms""]",,needs_review,,20,150,0,[],"< EMBRAER

MAINTENANCE MANUAL WITH
ILLUSTRATED PARTS LIST

NUMERICAL INDEX

EFFECTIVITY: ALL 25-2 1 -00
Page 1007

T.P. 120/1176 Jan 15/01
","[""normal_text_ocr_density""]",normal_text_ocr_summary_scan,False,False
27,t_p_120_1176_p000027,00000027.tif,local_data\organization\trace_net\ocr_route_scan_pack_tesseract_full\page_images\t_p_120_1176_p000027.tif,801e84e8322961c2b1d391a76c9dc2ab789a2a2f8c9893b52ba2f6ff6bef32ba,table,table_or_index,medium,"[""legacy_table_route_without_strong_detail_or_visual_signal""]",,needs_review,,303,1838,0,[],"< EMBRAER
MAINTENANCE MANUAL WITH
ILLUSTRATED PARTS LIST
[ evsevine| vofiir [Rite | | cseounne| reir en
PER STOCK PER STOCK
CH-SEC-UN-FIG | ITEM] ASSY NUMBER CH-SEC-UN-FIG | ITEM] ASSY NUMBER
1002-C/6 1002-C/6
25-21-00-01 130 4 25-21-00-31 70 8
25-21-00-02 130 4 25-21-00-31A 70 8
25-21-00-02A} 130 4 25-21-00-32 70 8
25-2 1-00-03 120 4 25-21-00-33 80 8
25-2 1-00-04 140 4 25-21-00-34 70 8
25-21-00-05 120 4 25-21-00-35 70 8
i 25-21-00-05A} 130 4 25-21-00-36 70 8
25-2 1-00-06 130 4 25-21-00-37 70 8
25-21-00-07 130 4 25-21-00-38 80 8
25-2 1-00-08 120 4 25-21-00-39 70 8
| 25-21-00-08A |} 130 4 25-21-00-40 70 8
25-2 1-00-09 130 4 25-21-00-41 70 8
25-21-00-10 130 4 25-21-00-42 70 8
25-21-00-11 120 4 25-21-00-43 70 8
25-21-00-12 130 4 25-21-00-44 70 8
25-21-00-13 130 4 25-21-00-45 70 8
25-21-00-14 130 4 25-21-00-46 70 8
25-21-00-15 120 4 25-21-00-47 70 8
25-21-00-16 130 4 25-21-00-48 70 8
25-21-00-17 130 4 25-21-00-49 70 8
25-21-00-17 -195 2 25-21-00-50 70 8
25-21-00","[""table_or_parts_list_text_cues""]",table_ocr_table_candidate_scan,False,False
28,t_p_120_1176_p000028,00000028.tif,local_data\organization\trace_net\ocr_route_scan_pack_tesseract_full\page_images\t_p_120_1176_p000028.tif,d7fe2d8e289f1bb3ebe85f9e209ddae249b9aa82c13074a8aeec51c3cd00ec58,table,table_or_index,medium,"[""legacy_table_route_without_strong_detail_or_visual_signal""]",,needs_review,,305,1898,0,[],"< EMBRAER
MAINTENANCE MANUAL WITH
ILLUSTRATED PARTS LIST
[ensevine raiser [Rite | seounne| iy [an
PER STOCK PER STOCK
CH-SEC-UN-FIG | ITEM] ASSY NUMBER CH-SEC-UN-FIG | ITEM] ASSY NUMBER
1002-C/6 1002-F
25-21-00-65 -186 4 25-21-00-17 140 4
25-2 1-00-66 70 8 25-21-00-17 -196 2
25-2 1-00-66 -156 4 25-21-00-18 140 4
25-21-00-76 70 12 25-21-00-18 -166 2
i 25-21-00-76A 70 12 25-21-00-19 140 4
25-21-00-77 80 12 25-21-00-19 -196 2
25-21-00-78 70 12 25-21-00-20 140 4
1002-F 25-21-00-20 -196 2
25-21-00-01 140 4 25-21-00-21 140 4
25-21-00-01 -195 2 25-21-00-21 -196 2
25-2 1-00-02 140 4 25-21 -00-22 140 4
25-2 1-00-02 -195 2 25-21-00-23 130 4
25-21-00-02A | 140 4 25-21-00-23 -185 2
25-21-00-02A | -205 2 25-21-00-24 130 4
25-21-00-03 130 4 25-21-00-25 140 4
25-2 1-00-04 150 4 25-21-00-25 -166 2
25-2 1-00-04 -205 4 25-21-00-26 130 4
25-21-00-05 130 4 25-21 -00-27 140 4
25-21-00-05A | 140 4 25-21-00-27 -196 2
25-21-00-05A | -195 2 25-21-00-28 130 4
25-2 1-00-06 140 4 25-21-","[""table_or_parts_list_text_cues""]",table_ocr_table_candidate_scan,False,False
29,t_p_120_1176_p000029,00000029.tif,local_data\organization\trace_net\ocr_route_scan_pack_tesseract_full\page_images\t_p_120_1176_p000029.tif,648ec2986c82d04d182c64e89aa12fb249cb62c9c127b840879aa08c7b8e80e7,table,detailed_parts_list,high,"[""multiple_part_numbers"", ""ipl_column_terms""]",,needs_review,,281,1848,5,"[""120-17588-001"", ""120-20970-001"", ""120-20970-003"", ""120-26948-001"", ""120-26948-003""]","€ emenncn

MAINTENANCE MANUAL WITH
ILLUSTRATED PARTS LIST
PART NUMBER UNITS AIRLINE PART NUMBER UNITS AIRLINE
PER STOCK PER STOCK
CH-SEC-UN-FIG | ITEM] ASSY NUMBER CH-SEC-UN-FIG | ITEM] ASSY NUMBER
1002-F 1002-F

25-21-00-37 60 8 25-21-00-58 -185 4
25-21-00-37 -187 4 25-21-00-59 60 8
25-21-00-38 70 8 25-21-00-59 -155 4
25-21-00-38 -187 4 25-21-00-60 60 8
25-21-00-39 60 8 25-21-00-60 -185 4
25-21-00-39 -185 4 120-17588-001

25-21-00-40 60 8 25-21-00-111 -31 1
25-21-00-41 60 8 25-21-00-112 30 1
25-21-00-41 -185 4 25-21-00-113 30 1
25-21-00-42 60 8 120-20970-001

25-21-00-42 -185 4 25-21-00-61 60 8
25-21-00-43 60 8 25-21-00-61 -185 3
25-21-00-43 -185 4 25-21-00-62 60 8
25-21-00-44 60 8 25-21-00-63 60 8
25-21-00-44 -185 4 25-21-00-64 60 8
25-21-00-45 60 8 25-21-00-65 60 8
25-21-00-45 -185 4 25-21-00-65 -185 4
25-21-00-46 60 8 25-21-00-66 60 8
25-21-00-46 -185 4 25-21-00-66 -155 4
25-21-00-47 60 8 25-21-00-76 60 12
25-21-00-47 -185 4 25-21-00-77 70 12
25-21-0","[""table_or_parts_list_text_cues""]",table_ocr_table_candidate_scan,False,False
30,t_p_120_1176_p000030,00000030.tif,local_data\organization\trace_net\ocr_route_scan_pack_tesseract_full\page_images\t_p_120_1176_p000030.tif,ed6233c01f5cf0ca1cded97c189566e128f6a9ca80ee6eaf3c1f3bc144e0b207,table,detailed_parts_list,high,"[""high_part_number_density"", ""detailed_parts_list_candidate""]",,needs_review,,268,1743,20,"[""120-26948-003"", ""120-26994-001"", ""120-26994-002"", ""120-29067-001"", ""120-29067-003"", ""120-29067-005"", ""120-29067-007"", ""120-29067-011"", ""120-29067-013"", ""120-29067-015"", ""120-29067-017"", ""120-29067-019"", ""120-29067-021"", ""120-29067-023"", ""120-29067-025"", ""120-29067-027"", ""120-29067-029"", ""120-29067-031"", ""120-29067-033"", ""120-29067-035""]","< EMBRAER
MAINTENANCE MANUAL WITH
ILLUSTRATED PARTS LIST
[ensecoine| vafisar [Rite | seounne| iy [aon
PER STOCK PER STOCK
CH-SEC-UN-FIG | ITEM] ASSY NUMBER CH-SEC-UN-FIG | ITEM] ASSY NUMBER
120-26948-003 120-29067-015
25-2 1-00-92 -5 1 25-21-00-25 10 1
25-21-00-93 -5 1 25-21 -00-27 10 1
25-21-00-97 -5 1 120-29067-017
25-21-00-103 -5 1 25-21-00-26 1 1
25-21-00-103 | 2/0 2 120-29067-019
25-21-00-104 | 2/70 2 25-21-00-01 10 1
25-21-00-105 | 280 2 25-21-00-09 10 1
25-21-00-106 | 320 2 25-21-00-13 10 1
120-26994-002 120-29067-021
25-21-00-89 -6 1 25-21 -00-02 10 1
25-2 1-00-92 -6 1 25-21-00-10 10 1
120-26994-001 25-21-00-14 10 1
25-21-00-93 -6 1 120-29067-023
25-21-00-97 -6 1 25-21-00-03 1 1
25-21-00-103 -6 1 25-21-00-11 1 1
120-29067-001 120-29067-025
25-21-00-17 10 1 25-21-00-04 10 1
25-21-00-18 10 1 25-21-00-12 10 1
25-21-00-19 10 1 25-21-00-16 10 1
120-29067-003 120-29067-027
25-21-00-20 10 1 25-21-00-05 1 1
25-21-00-21 10 1 25-21-00-15 1 1
25-21-00-22 10 1 ","[""table_or_parts_list_text_cues""]",table_ocr_table_candidate_scan,False,False
31,t_p_120_1176_p000031,00000031.tif,local_data\organization\trace_net\ocr_route_scan_pack_tesseract_full\page_images\t_p_120_1176_p000031.tif,b5ff9c0883b40d967c9eb0e699854f4b052d9bc814aff5f23dd670438988f329,table,detailed_parts_list,high,"[""high_part_number_density"", ""detailed_parts_list_candidate""]",,needs_review,,246,1665,28,"[""120-29067-035"", ""120-29067-037"", ""120-29068-001"", ""120-29068-003"", ""120-29068-005"", ""120-29068-009"", ""120-29068-013"", ""120-29068-015"", ""120-29068-019"", ""120-29068-021"", ""120-29068-023"", ""120-29068-025"", ""120-29068-027"", ""120-29068-029"", ""120-29068-031"", ""120-29068-033"", ""120-29068-035"", ""120-29068-037"", ""120-29068-039"", ""120-29068-041""]","< EMBRAER
MAINTENANCE MANUAL WITH
ILLUSTRATED PARTS LIST
[ evseouine| vofiir [Rie | | seounne| reir [on
PER STOCK PER STOCK
CH-SEC-UN-FIG | ITEM] ASSY NUMBER CH-SEC-UN-FIG | ITEM] ASSY NUMBER
120-29067-035 120-29068-023
25-21-00-16 -11 1 25-21-00-41 1 1
120-29067-037 25-21-00-51 -2 1
25-21-00-05 -2 1 120-29068-025
i 25-21-00-05A 1 1 25-21-00-42 1 1
25-21-00-15 -2 1 25-21-00-53 1 1
120-29068-001 120-29068-027
25-21-00-56 1 1 25-21-00-41 -2 1
25-21-00-57 1 1 120-29068-029
120-29068-003 25-21-00-45 1 1
25-21-00-58 1 1 120-29068-031
25-21-00-59 1 1 25-21-00-43 1 1
25-2 1-00-60 1 1 120-29068-033
120-29068-005 25-21-00-44 1 1
25-21-00-61 1 1 120-29068-035
25-2 1-00-62 1 1 25-2 1-00-46 1 1
120-29068-009 120-29068-037
25-2 1-00-87 100 2 25-21-00-49 1 1
25-21-00-89 100 2 120-29068-039
25-21-00-91 100 2 25-21-00-39 -2 1
25-21-00-95 100 2 25-21-00-48 1 1
25-2 1-00-96 -101 2 120-29068-041
25-21-00-97 100 2 25-21-00-40 -2 1
25-2 1-00-98 100 2 25-21-00-50 -2 1
25-21-00-","[""table_or_parts_list_text_cues""]",table_ocr_table_candidate_scan,False,False
32,t_p_120_1176_p000032,00000032.tif,local_data\organization\trace_net\ocr_route_scan_pack_tesseract_full\page_images\t_p_120_1176_p000032.tif,01cbd80664aa7059ea6db1a2ad5cbde6c084b7eff65ee1eb4c66199e396680c0,table,detailed_parts_list,high,"[""high_part_number_density"", ""detailed_parts_list_candidate""]",,needs_review,,220,1665,20,"[""120-29068-059"", ""120-29068-061"", ""120-29068-063"", ""120-29068-071"", ""120-29068-073"", ""120-29068-075"", ""120-29068-077"", ""120-29068-079"", ""120-29068-081"", ""120-29069-001"", ""120-29069-007"", ""120-29069-009"", ""120-29070-001"", ""120-29070-003"", ""120-29070-005"", ""120-29072-001"", ""120-29073-001"", ""120-29073-005"", ""120-29073-007"", ""420-29069-005""]","€ emenncn

MAINTENANCE MANUAL WITH
ILLUSTRATED PARTS LIST
PART NUMBER UNITS [AIRLINE PART NUMBER UNITS [AIRLINE
PER STOCK PER STOCK
CH-SEC-UN-FIG] ITEM] ASSY NUMBER CH-SEC-UN-FIG] ITEM] ASSY NUMBER

120-29068-059 120-29070-001

25-21-00-49 -2 1 25-21-00-87 | -181 1
120-29068-061 25-21-00-95 | 210 1

25-21-00-55 1 1 25-21-00-98 | 210 1
120-29068-063 25-21-00-101] 180 1

25-21-00-55 -2 1 120-29070-003
120-29068-071 25-21-00-87 | -191 1

25-21-00-30 1 1 25-21-00-91 180 1

25-21-00-30A 1 1 25-21-00-95 | 220 1

25-21-00-36 1 1 25-21-00-98 | 220 1
120-29068-073 25-21-00-101] 190 1

25-21-00-31 1 1 120-29070-005

25-21-00-37 1 1 25-21-00-87 | -201 1
120-29068-075 25-21 -00-91 190 1

25-21-00-31A 1 1 25-21-00-95 230 1

25-21-00-34 1 1 25-21-00-98 | 230 1
120-29068-077 25-21-00-101} 200 1

25-21-00-29 1 1 120-29072-001

25-21-00-29A 1 1 95-21-00-17 1 1

29-21-00-35 1) 1 25-21-00-20 1} 4

20-21-00-35A} 1) 1 25-21-0056 | 190] 2
120-29068-079 25-21-00-58 ","[""table_or_parts_list_text_cues""]",table_ocr_table_candidate_scan,False,False
33,t_p_120_1176_p000033,00000033.tif,local_data\organization\trace_net\ocr_route_scan_pack_tesseract_full\page_images\t_p_120_1176_p000033.tif,6ceb4c57bf50bae72a68227541d696fadb3061a4c61b970d1d3a34a5c400d463,table,table_or_index,medium,"[""legacy_table_route_without_strong_detail_or_visual_signal""]",,needs_review,,304,1791,5,"[""120-29074-013"", ""120-29074-017"", ""120-29075-031"", ""120-29076-001"", ""120-29083-001""]","< EMBRAER
MAINTENANCE MANUAL WITH
ILLUSTRATED PARTS LIST
[ evseovine| rofiir [Rite | | cseounne| reir fen
PER STOCK PER STOCK
CH-SEC-UN-FIG | ITEM] ASSY NUMBER CH-SEC-UN-FIG | ITEM] ASSY NUMBER
120-2907 4-001 120-29076-001 0
25-2 1-00-87 1 1 25-21-00-81 100 1
25-2 1-00-88 1 1 25-21-00-82 80 1
25-2 1-00-89 1 1 25-21-00-83 100 1
25-21-00-91 1 1 25-21-00-84 100 1
25-2 1-00-92 1 1 25-21-00-85 100 1
25-21-00-95 1 1 25-2 1-00-86 80 1
25-2 1-00-96 1 1 120-2907 7-001
25-2 1-00-97 1 1 25-21-00-87 110 1
25-2 1-00-98 1 1 25-21-00-91 110 1
25-21-00-101 1 1 25-21-00-95 140 1
25-21-00-102 1 1 120-2907 7-001
25-21-00-103 1 1 25-21-00-98 140 1
120-2907 4-011 25-21-00-101 110 1
25-2 1-00-92 -2 1 120-29083-001
120-29074-013 25-21-00-67 40 2
25-2 1-00-88 -2 1 25-2 1-00-68 40 2
25-2 1-00-90 1 1 25-21-00-69 40 2
25-2 1-00-93 1 1 25-21-00-70 40 2
25-2 1-00-94 1 1 25-21-00-71 40 2
25-21-00-95 1 1 25-21-00-72 40 2
25-2 1-00-98 1 1 25-21-00-73 40 2
25-2 1-00-99 1 1 25-21-00-74 40 2","[""table_or_parts_list_text_cues""]",table_ocr_table_candidate_scan,False,False
34,t_p_120_1176_p000034,00000034.tif,local_data\organization\trace_net\ocr_route_scan_pack_tesseract_full\page_images\t_p_120_1176_p000034.tif,b5c88ec17c288fe2b79e89340ab4458110b8f1913bdbfb5135db31f377c3bf70,table,table_or_index,medium,"[""legacy_table_route_without_strong_detail_or_visual_signal""]",,needs_review,,70,481,2,"[""120-29083-001"", ""120-29093-001""]","-<€ EMBRAER
MAINTENANCE MANUAL WITH
ILLUSTRATED PARTS LIST
[ewsesuina| magiy [undin | [ensesunne|vefiiy [iin
PER STOCK PER STOCK
CH-SEC-UN-FIG |} ITEM] ASSY NUMBER CH-SEC-UN-FIG | ITEM] ASSY NUMBER
120-29083-001
25-21-00-106 | 250 4
120-29093-001
25-21-00-79 150 1
25-2 1-00-80 160 1
25-21-00-81 160 1
25-2 1-00-82 140 1
25-21-00-83 160 1
25-2 1-00-84 160 1
25-21-00-85 160 1
25-2 1-00-86 140 1
EFFECTIVITY: ALL 2 5-2 1 -00
Page 1014A/B
T.P. 120/1176 Jul 30/02
","[""table_or_parts_list_text_cues""]",table_ocr_table_candidate_scan,False,False
35,t_p_120_1176_p000035,00000035.tif,local_data\organization\trace_net\ocr_route_scan_pack_tesseract_full\page_images\t_p_120_1176_p000035.tif,ba86a9decd2f022565c16665e2f9704964d8aa9639d131d75ed3d878f3623eca,blank_candidate,blank_candidate,high,"[""empty_or_near_empty_ocr""]",,auto_suggested_review_recommended,,0,0,0,[],,"[""empty_ocr_low_ink""]",blank_candidate_confirmation_scan,False,False
36,t_p_120_1176_p000036,00000036.tif,local_data\organization\trace_net\ocr_route_scan_pack_tesseract_full\page_images\t_p_120_1176_p000036.tif,694eb17f8eaf4c3330164626c3221adb4f417a3b6626ae51ad9d347e982fb9ea,table,detailed_parts_list,high,"[""high_part_number_density"", ""detailed_parts_list_candidate""]",,needs_review,,264,1899,16,"[""120-29102-003"", ""120-29574-001"", ""120-29574-003"", ""120-30016-001"", ""120-30016-002"", ""120-30017-001"", ""120-30017-002"", ""120-30018-001"", ""120-30018-002"", ""120-30019-001"", ""120-30020-001"", ""120-30020-005"", ""120-31565-001"", ""120-31565-002"", ""120-31626-001"", ""120-33774-001""]","€& emenncr

MAINTENANCE MANUAL WITH
ILLUSTRATED PARTS LIST
PART NUMBER UNITS AIRLINE PART NUMBER UNITS AIRLINE
PER STOCK PER STOCK
CH-SEC-UN-FIG | ITEM] ASSY NUMBER CH-SEC-UN-FIG | ITEM} ASSY NUMBER

120-29102-003 120-30017-002

25-21-00-88 130 4 25-21-00-110 170 1

25-21-00-89 130 4 120-30018-001

25-21-00-90 130 4 25-21-00-110 90 1

25-21-00-92 130 4 120-30018-002

25-21-00-93 130 4 25-21-00-110 -91 1

25-21-00-94 130 4 120-30019-001

25-21-00-95 130 4 25-21-00-110 140 1

25-21-00-96 130 4 120-30020-001

25-21-00-97 130 4 25-21-00-17 -5 2

25-21-00-98 130 4 25-21-00-20 -5 2

25-21-00-99 130 4 25-21-00-56 -195 4

25-21-00-100 | 130 4 25-21-00-58 -195 4

25-21-00-102 | 130 4 25-21-00-110 70 2

25-21-00-103 | 130 4 120-30020-005

25-21-00-104 | 130 4 25-21-00-110 | 220 2

25-21-00-105 | 130 4 120-31565-001

25-21-00-106 | 130 4 25-21-00-80 -181 1
120-29574-001 25-21-00-81 -181 1

25-21 -00-67 -55 1 25-21-00-83 -181 1

25-21 -00-68 -55 1 25-","[""table_or_parts_list_text_cues""]",table_ocr_table_candidate_scan,False,False
37,t_p_120_1176_p000037,00000037.tif,local_data\organization\trace_net\ocr_route_scan_pack_tesseract_full\page_images\t_p_120_1176_p000037.tif,21a57ad769f763ef5d1d71eaf7fda32b2d77a2dd80fec29122e29967f6f7e514,table,table_or_index,medium,"[""legacy_table_route_without_strong_detail_or_visual_signal""]",,needs_review,,300,1790,6,"[""120-33774-001"", ""120-33774-501"", ""120-33774-505"", ""120-33774-537"", ""120-33774-539"", ""120-34291-001""]","-< EMBRAER
MAINTENANCE MANUAL WITH
ILLUSTRATED PARTS LIST
[ cwsecuwra| rags fesse | [secu] nese [Rie
PER STOCK PER STOCK
CH-SEC-UN-FIG | ITEM] ASSY NUMBER CH-SEC-UN-FIG | ITEM] ASSY NUMBER
120-33774-001 120-33774-001
25-21-00-10 20 1 25-21 -00-59 10 2
25-21 -00-11 10 1 25-21 -00-60 10 2
25-21-00-12 20 1 25-21 -00-61 10 2
25-21-00-17 20 1 25-21 -00-62 10 2
25-21-00-18 20 1 25-21 -00-63 10 2
25-21-00-19 20 1 25-21 -00-64 10 2
25-21-00-20 20 1 25-21-00-65 10 2
25-21-00-21 20 1 25-21 -00-66 10 2
25-21-00-22 20 1 25-21 -00-76 10 3
i 25-21-00-23 10 1 25-21-00-/6A 10 3
25-21-00-24 10 1 25-21-00-77 10 3
25-21-00-25 20 1 120-33774-501
25-21-00-26 10 1 25-21-00-30A -11 2
25-21-00-27 20 1 120-33774-505
25-21-00-28 10 1 25-21-00-8A -11 1
25-21-00-29 10 2 25-21-00-29A -13 2
25-21-00-29A 10 2 25-21-00-31A -13 2
25-21-00-30 10 2 120-33774-537
25-21-00-30A 10 2 25-21-00-02A 10 1
25-21-00-31 10 2 25-21-00-05A 10 1
25-21-00-31A 10 2 25-21-00-08A 10 1
25-21-00-32 10 2 25-21-00","[""table_or_parts_list_text_cues""]",table_ocr_table_candidate_scan,False,False
38,t_p_120_1176_p000038,00000038.tif,local_data\organization\trace_net\ocr_route_scan_pack_tesseract_full\page_images\t_p_120_1176_p000038.tif,f1e5cdc190a911666b7e3cb909842cc8a54da8a96ff0f332e3151b0b4ffbce9b,table,detailed_parts_list,high,"[""high_part_number_density"", ""detailed_parts_list_candidate""]",,needs_review,,276,1837,11,"[""120-34291-001"", ""120-34292-001"", ""120-34293-001"", ""120-34489-001"", ""120-34691-001"", ""120-34784-001"", ""120-34859-001"", ""120-34890-001"", ""120-34891-001"", ""120-34891-003"", ""120-35881-001""]","€& emenncr

MAINTENANCE MANUAL WITH
ILLUSTRATED PARTS LIST
PART NUMBER UNITS AIRLINE PART NUMBER UNITS AIRLINE
PER STOCK PER STOCK
CH-SEC-UN-FIG | ITEM] ASSY NUMBER CH-SEC-UN-FIG | ITEM} ASSY NUMBER
120-34291-001 120-34489-001
25-21-00-93 90 1 25-21-00-98 200 1
25-21-00-94 90 1 25-21-00-99 200 1
25-21-00-95 90 1 25-21-00-100 | 200 1
120-34292-001 25-21-00-101 170 1
25-21-00-96 90 1 25-21-00-102 | 200 1
25-21-00-97 90 1 25-21-00-103 | 200 1
25-21-00-98 90 1 25-21-00-104 | 200 1
25-21-00-99 90 1 25-21-00-105 | 200 1
25-21-00-100 90 1 25-21-00-106 | 200 1
25-21-00-101 90 1 120-34691-001
25-21-00-102 90 1 25-21-00-17 220 1
25-21-00-103 90 1 25-21-00-20 250 1
25-21-00-104 90 1 25-21-00-23 230 1
25-21-00-105 90 1 25-21-00-56 260 2
25-21-00-106 90 1 25-21-00-58 250 2
120-34293-001 25-21-00-61 190 2
25-21-00-79 160 1 25-21-00-110 1 1
25-21-00-80 170 1 120-34784-001
25-21-00-80 -171 1 25-21-00-110 | 230 1
25-21 -00-81 170 1 120-34859-001
25-21 -00-81 -171 1 25-21-00-","[""table_or_parts_list_text_cues""]",table_ocr_table_candidate_scan,False,False
39,t_p_120_1176_p000039,00000039.tif,local_data\organization\trace_net\ocr_route_scan_pack_tesseract_full\page_images\t_p_120_1176_p000039.tif,cf3ead0071db78055b52e89eaabec8035071e320c756e97bcd24e5c8c104e8ab,table,detailed_parts_list,high,"[""high_part_number_density"", ""detailed_parts_list_candidate""]",,needs_review,,308,1855,8,"[""120-36058-001"", ""120-36058-035"", ""120-36058-037"", ""120-36060-001"", ""120-36060-003"", ""120-36060-005"", ""120-36061-001"", ""120-36833-015""]","-< EMBRAER
MAINTENANCE MANUAL WITH
ILLUSTRATED PARTS LIST
[ cwsecuwra| nag fess | [secu] nese [Rie
PER STOCK PER STOCK
CH-SEC-UN-FIG | ITEM] ASSY NUMBER CH-SEC-UN-FIG | ITEM] ASSY NUMBER
120-35881 -001 120-36060-001
25-2 1-00-92 70 1 25-21 -00-82 -171 1
25-21-00-93 70 1 25-21 -00-83 190 1
25-21-00-94 70 1 25-21 -00-84 -191 1
25-21-00-95 70 1 25-21-00-85 -191 1
25-21-00-96 70 1 25-21 -00-86 -171 1
25-21-00-97 70 1 25-21 -00-87 180 1
25-21-00-98 70 1 25-21 -00-88 210 1
25-21-00-99 70 1 25-21 -00-96 210 1
25-21-00-100 70 1 25-21 -00-102 210 1
25-21-00-101 70 1 120-36060-003
25-21-00-102 70 1 25-21 -00-68 10 1
25-21-00-103 70 1 25-21-00-70 10 1
25-21-00-104 70 1 25-21-00-72 10 1
25-21-00-105 70 1 25-21 -00-74 10 1
25-21-00-106 70 1 25-21-00-79 -191 1
120-36058-001 25-21 -00-81 -191 1
25-21 -00-87 -111 1 25-21 -00-82 -181 1
25-21-00-88 140 1 25-21 -00-83 200 1
25-21 -00-91 -111 1 25-21 -00-84 -201 1
25-2 1-00-92 140 1 25-21 -00-87 190 1
25-21-00-93 140 1 25-21 -00","[""table_or_parts_list_text_cues""]",table_ocr_table_candidate_scan,False,False
40,t_p_120_1176_p000040,00000040.tif,local_data\organization\trace_net\ocr_route_scan_pack_tesseract_full\page_images\t_p_120_1176_p000040.tif,8abcd8efc6617e9723d9e9aa27d64774d492e7b8dd66f4e908bf7eade815374c,table,detailed_parts_list,high,"[""high_part_number_density"", ""detailed_parts_list_candidate""]",,needs_review,,297,1811,9,"[""120-36833-015"", ""120-36834-501"", ""120-36834-503"", ""120-36834-505"", ""120-36834-523"", ""120-36838-001"", ""120-36839-001"", ""120-36839-003"", ""120-36842-001""]","-< EMBRAER
MAINTENANCE MANUAL WITH
ILLUSTRATED PARTS LIST
[ewsecunna| ragiey [uta | [cnaesonne|refiiy [in
PER STOCK PER STOCK
CH-SEC-UN-FIG | ITEM] ASSY NUMBER CH-SEC-UN-FIG | ITEM] ASSY NUMBER
120-36833-015 120-36838-001
25-21 -00-25 1 1 25-21-00-19 30 1
25-21 -00-27 1 1 25-21-00-20 30 1
25-21-00-57 170 2 25-21-00-21 30 1
25-21-00-59 160 2 25-21-00-22 30 1
25-21-00-60 190 2 25-21-00-23 20 1
25-21-00-65 170 2 25-21 -00-24 20 1
25-2 1-00-66 160 2 25-21-00-25 30 1
120-36833-01 7 25-21 -00-26 20 1
25-21-00-17 150 1 25-21-00-27 30 1
25-21-00-18 150 1 25-2 1-00-28 20 1
25-21-00-19 150 1 25-21-00-56 30 2
25-21-00-20 150 1 25-21-00-57 30 2
25-21-00-21 150 1 25-21-00-58 30 2
25-21-00-22 150 1 25-21-00-59 30 2
25-21-00-23 140 1 25-2 1-00-60 30 2
25-2 1-00-24 140 1 25-21-00-61 30 2
25-21-00-25 150 1 25-2 1-00-62 30 2
25-2 1-00-26 140 1 25-2 1-00-63 30 2
25-21-00-27 150 1 25-2 1-00-64 30 2
25-2 1-00-28 140 1 25-21-00-65 30 2
25-21-00-56 140 1 25-2 1-00-66 30 2
25-21-00","[""table_or_parts_list_text_cues""]",table_ocr_table_candidate_scan,False,False
41,t_p_120_1176_p000041,00000041.tif,local_data\organization\trace_net\ocr_route_scan_pack_tesseract_full\page_images\t_p_120_1176_p000041.tif,36c99007748a4631e63c4196a907c28d3e0e4d3eb46289404dee416bdd010d2e,table,table_or_index,medium,"[""legacy_table_route_without_strong_detail_or_visual_signal""]",,needs_review,,319,1840,3,"[""120-36842-001"", ""120-36842-003"", ""120-36843-001""]","-< EMBRAER
MAINTENANCE MANUAL WITH
ILLUSTRATED PARTS LIST
[ cwsecunra| napisy fess | [secu] nese [Rie
PER STOCK PER STOCK
CH-SEC-UN-FIG | ITEM] ASSY NUMBER CH-SEC-UN-FIG | ITEM] ASSY NUMBER
120-36842-001 120-36842-001
25-21 -00-08 110 1 25-21 -00-53 50 2
| 25-21-00-08A| 120 1 25-21 -00-54 50 2
25-21-00-09 120 1 25-21-00-55 50 2
25-21-00-10 120 1 25-21 -00-56 50 2
25-21-00-11 110 1 25-21-00-57 50 2
25-21-00-12 120 1 25-21 -00-58 50 2
25-21-00-13 120 1 25-21 -00-59 50 2
25-21-00-14 120 1 25-21 -00-60 50 2
25-21-00-15 110 1 25-21 -00-61 50 2
25-21-00-16 120 1 25-21 -00-62 50 2
25-21-00-17 120 1 25-21 -00-63 50 2
25-21-00-18 120 1 25-21 -00-64 50 2
25-21-00-19 120 1 25-21-00-65 50 2
25-21-00-20 120 1 25-21 -00-66 50 2
25-21-00-21 120 1 25-21 -00-76 50 3
i 25-21-00-22 120 1 25-21-00-/6A 50 3
25-21 -00-23 110 1 25-21-00-77 60 3
25-21 -00-24 110 1 25-21 -00-78 50 3
25-21-00-25 120 1 120-36842-003
| 25-21 -00-26 110 1 25-21-00-31A 50 2
25-21-00-27 120 1 25-21 -00-34 ","[""table_or_parts_list_text_cues""]",table_ocr_table_candidate_scan,False,False
42,t_p_120_1176_p000042,00000042.tif,local_data\organization\trace_net\ocr_route_scan_pack_tesseract_full\page_images\t_p_120_1176_p000042.tif,8f8f137c719e5278cd0122221826c2c6eabae43b4fab7a4b7cf3b35adbfb5244,table,detailed_parts_list,high,"[""high_part_number_density"", ""detailed_parts_list_candidate""]",,needs_review,,293,1868,8,"[""120-36843-001"", ""120-36844-002"", ""120-36847-001"", ""120-36868-001"", ""120-37313-001"", ""120-37313-505"", ""120-37313-509"", ""120-37313-535""]","-< EMBRAER
MAINTENANCE MANUAL WITH
ILLUSTRATED PARTS LIST
[evsesunna| ragioy [unin | [cnaesunne|refiiy [iin
PER STOCK PER STOCK
CH-SEC-UN-FIG | ITEM] ASSY NUMBER CH-SEC-UN-FIG | ITEM] ASSY NUMBER
| 120-36843-001 120-37313-001
25-21-00-42 180 2 25-21-00-31 180 2
25-21-00-56 180 2 25-21-00-31A} 200 2
25-21-00-56 240 1 25-2 1-00-32 180 2
25-21-00-57 180 2 25-21-00-33 190 2
25-21-00-58 180 2 25-2 1-00-34 180 2
| 25-21 -00-58 -241 1 25-21-00-35 180 2
25-21-00-60 180 2 25-21 -00-36 180 2
25-21-00-61 180 2 25-21-00-37 180 2
| 25-21-00-61 240 1 25-2 1-00-38 190 2
25-2 1-00-64 180 2 25-21-00-43 180 2
25-21-00-65 180 2 25-2 1-00-44 180 2
120-36844-002 25-21-00-45 180 2
25-21-00-17 -231 1 25-2 1-00-46 180 2
25-21-00-20 220 1 25-2 1-00-47 180 2
25-21 -00-23 -211 1 25-2 1-00-48 150 2
25-21 -00-56 -241 1 25-21-00-49 150 2
25-21 -00-61 -241 1 25-21-00-50 180 2
120-36847-001 25-21-00-51 180 2
25-21-00-77 30 3 25-21-00-52 150 2
120-36868-001 25-21-00-53 180 2
25-21-00-56 250 ","[""table_or_parts_list_text_cues""]",table_ocr_table_candidate_scan,False,False
43,t_p_120_1176_p000043,00000043.tif,local_data\organization\trace_net\ocr_route_scan_pack_tesseract_full\page_images\t_p_120_1176_p000043.tif,5e01a0c542a57e698728787ba5cc4200bed284077da5b5adb2d9adff7231fef2,table,detailed_parts_list,high,"[""high_part_number_density"", ""detailed_parts_list_candidate""]",,needs_review,,292,1861,15,"[""120-37313-537"", ""120-37313-539"", ""120-37314-001"", ""120-37435-001"", ""120-37436-001"", ""120-37436-003"", ""120-37437-001"", ""120-37735-001"", ""120-37775-003"", ""120-38425-001"", ""120-38426-001"", ""120-38427-001"", ""120-38428-001"", ""120-38429-001"", ""120-38455-001""]","-< EMBRAER
MAINTENANCE MANUAL WITH
ILLUSTRATED PARTS LIST
[ cwsecuwra| napisy fuss | [nsec] nese [Rie
PER STOCK PER STOCK
CH-SEC-UN-FIG | ITEM] ASSY NUMBER CH-SEC-UN-FIG | ITEM] ASSY NUMBER
120-37313-537 120-37735-001
25-21-00-29A] -202 2 25-21-00-25 180 2
25-21-00-30A | -173 2 25-21 -00-26 160 1
25-21-00-31A] -203 2 25-21-00-27 210 2
120-37313-539 25-21 -00-28 170 1
25-21-00-29A | -204 2 25-21-00-57 200 3
25-21-00-31A]| -204 2 25-21 -00-59 180 2
120-37314-001 25-21 -00-60 210 2
25-21-00-2A -11 1 25-21 -00-62 170 3
25-21-00-5A -12 1 25-21 -00-63 200 3
25-21-00-06A -11 1 25-21 -00-64 210 3
25-21-00-8A -12 1 25-21-00-65 200 3
25-21-00-29A -14 1 25-21 -00-66 180 3
25-21-00-30A -14 1 25-21-00-77 160 3
25-21-00-31A -15 1 120-37775-003
25-21-00-35A -11 1 25-21 -00-24 -161 1
25-21-00-76A -12 1 25-21 -00-26 170 1
120-37435-001 25-21 -00-28 180 1
25-21 -00-96 -91 1 120-38425-001
25-21 -00-97 -91 1 25-21 -00-111 130 2
25-21 -00-98 -91 1 25-21-00-112 160 2
120-37436-001","[""table_or_parts_list_text_cues""]",table_ocr_table_candidate_scan,False,False
44,t_p_120_1176_p000044,00000044.tif,local_data\organization\trace_net\ocr_route_scan_pack_tesseract_full\page_images\t_p_120_1176_p000044.tif,37b9f10ec494298972520493693cc7c0ddd96ad638ca889d5f2798b48ae28d9c,table,detailed_parts_list,high,"[""high_part_number_density"", ""detailed_parts_list_candidate""]",,needs_review,,274,1843,10,"[""120-38579-001"", ""120-38579-003"", ""120-38579-007"", ""120-38610-001"", ""120-38633-001"", ""120-38634-001"", ""120-38634-003"", ""120-40310-001"", ""120-40387-001"", ""120-40636-001""]","€& emenncr

MAINTENANCE MANUAL WITH
ILLUSTRATED PARTS LIST
PART NUMBER UNITS AIRLINE PART NUMBER UNITS AIRLINE
PER STOCK PER STOCK
CH-SEC-UN-FIG | ITEM] ASSY NUMBER CH-SEC-UN-FIG | ITEM} ASSY NUMBER
120-38579-001 120-40636-001
25-21-00-101 260 1 25-21-00-05 160 2
25-21-00-102 | -281 2 25-21-00-05A] 210 1
25-21-00-102 | 290 1 25-21-00-06 200 2
120-38579-003 25-21-00-06A| 170 2
25-21-00-84 230 2 25-21-00-07 200 1
25-21-00-101 250 2 25-21-00-08 180 2
25-21-00-102 | 280 2 25-21-00-08A| 210 2
120-38579-007 25-21-00-09 210 2
25-21-00-85 230 1 25-21-00-10 210 1
120-38610-001 25-21-00-11 210 2
25-21-00-111 170 1 25-21-00-12 210 2
120-38633-001 25-21-00-13 170 2
25-21-00-111 10 1 25-21-00-14 170 1
120-38634-001 25-21-00-15 160 1
25-21-00-24 190 1 25-21-00-16 170 2
25-21 -00-26 -210 1 25-21-00-29 220 3
25-21-00-28 220 1 25-21-00-29A| 240 3
25-21 -00-62 -221 2 25-21-00-30 200 2
25-21-00-63 -181 2 25-21-00-30A| 210 2
25-21 -00-64 -191 2 25-21 -00-31 190 3
25-21-00-77 -5","[""table_or_parts_list_text_cues""]",table_ocr_table_candidate_scan,False,False
45,t_p_120_1176_p000045,00000045.tif,local_data\organization\trace_net\ocr_route_scan_pack_tesseract_full\page_images\t_p_120_1176_p000045.tif,53cdcd406800ffd8f8c7f062ababe097a6126caa647f8522e563a824f52d46ef,table,table_or_index,medium,"[""legacy_table_route_without_strong_detail_or_visual_signal""]",,needs_review,,308,1868,7,"[""120-40636-001"", ""120-40636-003"", ""120-40795-001"", ""120-40795-002"", ""120-40796-001"", ""120-40796-003"", ""120-40849-001""]","-< EMBRAER
MAINTENANCE MANUAL WITH
ILLUSTRATED PARTS LIST
[ cwsacowra| nafs fesse | [nsec] nese [Rie
PER STOCK PER STOCK
CH-SEC-UN-FIG | ITEM] ASSY NUMBER CH-SEC-UN-FIG | ITEM] ASSY NUMBER
120-40636-001 120-40796-001
25-21-00-52 170 3 25-21-00-19 230 1
25-21-00-53 220 3 25-21 -00-24 180 1
25-21-00-54 190 3 25-21-00-25 200 1
25-21-00-55 190 3 25-21 -00-26 190 1
25-21-00-76 170 3 25-21-00-27 230 1
| 25-21-00-76A| 1/0 3 25-21 -00-28 200 1
25-21-00-78 150 3 25-21-00-57 210
120-40636-003 25-21 -00-62 180 1
25-21-00-03 160 1 25-21 -00-63 210 1
25-21-00-05 170 1 25-21 -00-64 220 1
| 25-21-00-05A]} 220 1 25-21-00-65 210 1
25-21-00-15 170 1 25-21 -00-66 190 1
120-40795-001 120-40796-003
25-21-00-18 -191 1 25-21-00-18 200 1
25-21-00-19 -221 1 25-21-00-19 -231 1
25-21-00-21 190 1 25-21 -00-21 200 1
25-21-00-22 210 1 25-21 -00-22 220 1
25-21-00-25 190 1 25-21 -00-24 -181 1
25-21-00-27 220 1 25-21-00-25 -201 1
25-21-00-57 230 1 25-21 -00-26 200 1
25-2 1-00-62 200 1 25-21-","[""table_or_parts_list_text_cues""]",table_ocr_table_candidate_scan,False,False
46,t_p_120_1176_p000046,00000046.tif,local_data\organization\trace_net\ocr_route_scan_pack_tesseract_full\page_images\t_p_120_1176_p000046.tif,26b6146548dc9fb23b9b0d77dd6534c883481eed5c5e2446f2ec40d37e042a37,table,detailed_parts_list,high,"[""high_part_number_density"", ""detailed_parts_list_candidate""]",,needs_review,,283,1880,8,"[""120-40849-001"", ""120-40851-001"", ""120-40851-009"", ""120-40888-001"", ""120-41207-001"", ""120-41208-001"", ""120-41208-003"", ""120-41225-001""]","€ emennce

MAINTENANCE MANUAL WITH
ILLUSTRATED PARTS LIST
PART NUMBER UNITS AIRLINE PART NUMBER UNITS AIRLINE
PER STOCK PER STOCK
CH-SEC-UN-FIG | ITEM] ASSY NUMBER CH-SEC-UN-FIG | ITEM] ASSY NUMBER
120-40849-001 120-41207-001
25-21 -00-94 110 2 25-21-00-111 -11 1
25-21-00-95 110 2 25-21-00-112 10 1
25-21-00-96 110 2 25-21-00-113 10 1
25-21-00-97 110 2 120-41208-001
25-21-00-98 110 2 25-21-00-01 -241 1
25-21-00-99 110 2 25-21-00-02 -251 1
25-21-00-100 | 110 2 25-21-00-04 -251 1
25-21-00-102 110 2 25-21-00-09 240 1
25-21-00-103 | 110 2 25-21-00-10 250 1
25-21-00-104 | 110 2 25-21-00-12 240 1
25-21-00-105 | 110 2 25-21-00-13 200 1
25-21-00-106 | 110 2 25-21-00-14 210 1
120-40851-001 25-21-00-16 200 1
25-21-00-80 80 1 25-21-00-24 -191 1
25-21 -00-81 -81 1 25-21-00-26 -211 1
25-21 -00-84 -81 1 25-21-00-39 200 1
25-21-00-88 100 2 25-21-00-40 200 1
25-21-00-89 -101 2 25-21-00-42 200 1
25-21-00-90 100 2 25-21-00-43 200 2
25-21-00-93 100 2 25-21-00-44 200 2
25-21-00-","[""table_or_parts_list_text_cues""]",table_ocr_table_candidate_scan,False,False
47,t_p_120_1176_p000047,00000047.tif,local_data\organization\trace_net\ocr_route_scan_pack_tesseract_full\page_images\t_p_120_1176_p000047.tif,d37bc74ecccd66ac4fb0e449abb7de4d99bb023035988132e087a8805994cc31,table,table_or_index,medium,"[""legacy_table_route_without_strong_detail_or_visual_signal""]",,needs_review,,264,1881,7,"[""120-41225-001"", ""120-41225-003"", ""120-41225-005"", ""120-41225-007"", ""120-41226-001"", ""120-41231-001"", ""120-41231-003""]","-<€ EMBRAER
MAINTENANCE MANUAL WITH
ILLUSTRATED PARTS LIST
secuino| apy faite | [ cverounno| nef [ei
PER STOCK PER STOCK
CH-SEC-UN-FIG| ITEM] ASSY NUMBER CH-SEC-UN-FIG] ITEM] ASSY NUMBER
120-41225-001 120-41226-001
| 25-21-00-85 | -202 1
25-21-00-105] 220 1 120-41231-001
| 25-21-00-29 | 250 2
120-41225-003 25-21-00-29A] 270 2
25-21-00-67 10) 1 25-21-00-30 | 240] 2
25-21-00-69 10); 1 25-21-00-30A] 240| 2
apeee 0 2521-00-31 | 240] 2
5501-00-75 10 25-21-00-31A| 260 2
5501.00.89 | 240 5 25-21-00-32 | 250 2
55.01.00.90 | 240 25-21-00-33 | 270 2
55.91.-00-.93 | 210 ‘ 25-21-00-34 | 240 2
95-21-0095 | 211 3 25-21-00-35 | 240 2
95-01-00-96 | -211 5 25-21-00-35A| 200 2
25-21-00-97 210 2 25-21-00-36 240 2
25-21-00-98 211 4 25-21 -00-37 220 2
25-21-00-99 | 210 1 25-21-00-38 | 250 2
25-21-00-100} 210 1 25-21-00-39 | 250 1
25-21-00-103] 210 2 25-21-00-40 | -251 1
25-21-00-104 210 2 25-21-00-41 200 4
25-21-00-105 | 210 1 25-21-00-42 250 4
25-21-00-106 | 210 1 95-21-00-43 | ","[""table_or_parts_list_text_cues""]",table_ocr_table_candidate_scan,False,False
48,t_p_120_1176_p000048,00000048.tif,local_data\organization\trace_net\ocr_route_scan_pack_tesseract_full\page_images\t_p_120_1176_p000048.tif,df6a74a3c6beb19e00922e329c04d28f1ab536b43f2eb0f7598d3ad4cd9306a9,table,detailed_parts_list,high,"[""multiple_part_numbers"", ""ipl_column_terms""]",,needs_review,,287,1862,3,"[""120-41231-003"", ""120-41474-001"", ""120-41474-002""]","€ emennce

MAINTENANCE MANUAL WITH
ILLUSTRATED PARTS LIST
PART NUMBER UNITS AIRLINE PART NUMBER UNITS AIRLINE
PER STOCK PER STOCK
CH-SEC-UN-FIG ITEM] ASSY NUMBER CH-SEC-UN-FIG | ITEM] ASSY NUMBER
120-41231-003 120-41474-002
25-21-00-72 20 1 25-21-00-05 -181 1
25-21-00-73 20 1 25-21-00-06 -211 1
25-21-00-74 20 1 25-21-00-O6A] -181 1
25-21-00-75 20 1 25-21-00-07 210 1
120-41474-001 25-21-00-08 -191 1
25-21-00-01 220 1 25-21-00-08A} 230 1
25-21-00-03 170 1 25-21-00-09 -221 1
25-21-00-04 230 1 25-21-00-10 220 1
25-21-00-05 180 1 25-21-00-11 -221 1
25-21-00-05A | 230 1 25-21-00-12 -221 1
25-21-00-06 210 1 25-21-00-13 -181 1
25-21-00-06A | 180 1 25-21-00-14 180 1
25-21-00-08 190 1 25-21-00-16 -181 1
25-21-00-08A | 230 1 25-21-00-29 260 1
25-21-00-09 220 1 25-21-00-29A]} 280 1
25-21-00-11 220 1 25-21-00-31 230 1
25-21-00-12 220 1 25-21-00-31A] 250 1
25-21-00-13 180 1 25-21-00-32 260 1
25-21-00-15 180 1 25-21-00-33 260 1
25-21-00-16 180 1 25-21 -00-34 230 1
25-21-00","[""table_or_parts_list_text_cues""]",table_ocr_table_candidate_scan,False,False
49,t_p_120_1176_p000049,00000049.tif,local_data\organization\trace_net\ocr_route_scan_pack_tesseract_full\page_images\t_p_120_1176_p000049.tif,2bee995de2523168f83f30860355b6be6fba0140fbd8933b7b06b97f1388679c,table,detailed_parts_list,high,"[""multiple_part_numbers"", ""ipl_column_terms""]",,needs_review,,295,1895,2,"[""120-41475-001"", ""120-41475-003""]","€ emennce

MAINTENANCE MANUAL WITH
ILLUSTRATED PARTS LIST
PART NUMBER UNITS AIRLINE PART NUMBER UNITS AIRLINE
PER STOCK PER STOCK
CH-SEC-UN-FIG ITEM) ASSY NUMBER CH-SEC-UN-FIG | ITEM] ASSY NUMBER

120-41475-001 120-41475-003
25-21-00-01 230 1 25-21-00-01 -231 1
25-21-00-03 190 1 25-21-00-02 230 1
25-21-00-04 240 1 25-21-00-02A| 250 1
25-21-00-05 190 1 25-21-00-03 200 1
25-21-00-05A} 240 1 25-21-00-04 -241 1
25-21-00-06 220 2 25-21-00-05 200 1
25-21-00-06A| 190 2 25-21-00-05A] 250 1
25-21-00-07 220 1 25-21-00-08A| 250 1
25-21-00-08 200 2 25-21-00-09 -231 1
25-21-00-08A} 240 1 25-21-00-10 230 1
25-21-00-09 230 1 25-21-00-11 -191 1
25-21-00-11 190 1 25-21-00-12 -231 1
25-21-00-12 230 1 25-21-00-13 -191 1
25-21-00-13 190 1 25-21-00-14 190 1
25-21-00-15 190 1 25-21-00-15 200 1
25-21-00-16 190 1 25-21-00-16 -191 1
25-21-00-29 230 1 25-21-00-29 240 2
25-21-00-29A} 250 1 25-21-00-29A| 260 2
25-21-00-31 210 1 25-21-00-30 220 2
25-21-00-31A} 230 1 25-21-00-30A| 230 2","[""table_or_parts_list_text_cues""]",table_ocr_table_candidate_scan,False,False
50,t_p_120_1176_p000050,00000050.tif,local_data\organization\trace_net\ocr_route_scan_pack_tesseract_full\page_images\t_p_120_1176_p000050.tif,9ee4d4d61937ecbf5aadf56f4092e79043293a4d5ab153fcf55fa42ddbe8e44d,table,detailed_parts_list,high,"[""high_part_number_density"", ""detailed_parts_list_candidate""]",,needs_review,,268,1759,16,"[""120-41475-003"", ""120-41784-001"", ""120-41784-002"", ""120-41825-001"", ""120-41825-003"", ""120-41825-005"", ""120-41825-007"", ""120-41825-009"", ""120-41825-017"", ""120-41825-501"", ""120-41825-503"", ""120-41825-507"", ""120-41825-517"", ""120-41825-519"", ""120-41825-521"", ""120-42070-001""]","-<€ EMBRAER
MAINTENANCE MANUAL WITH
ILLUSTRATED PARTS LIST
[ensue ver [Rite | ouecanre| mir [asin
PER STOCK PER STOCK
CH-SEC-UN-FIG | ITEM] ASSY NUMBER CH-SEC-UN-FIG | ITEM] ASSY NUMBER
120-41475-003 120-42070-001
25-21-00-76 180 3 25-21-00-02 40 1
| 25-21-00-76A | 180 3 25-21-00-02A 30 1
25-21-00-78 160 3 25-21-00-03 30 1
120-41784-001 25-21 -00-04 40 1
25-21-00-02 240 1 25-21-00-05 30 1
| 25-21-00-02A | 260 1 25-21-00-05A 30 1
25-21-00-07 230 1 25-21-00-06 40 1
| 25-21-00-10 240 1 25-21-00-06A 30 1
25-21-00-14 200 1 25-21-00-07 40 1
120-41784-002 25-21-00-08 30 1
i 25-21-00-30 230 1 25-21-00-08A 30 1
25-21-00-36 230 1 25-21-00-09 40 1
25-21-00-40 230 1 25-21-00-10 40 1
25-21-00-44 230 1 25-21 -00-11 30 1
25-21-00-50 230 1 25-21-00-12 40 1
120-41825-001 25-21-00-13 40 1
25-21-00-67 -2 1 25-21-00-14 40 1
120-41825-003 25-21-00-15 30 1
25-21-00-69 -2 1 25-21-00-16 40 1
120-41825-005 25-21-00-29 30 2
| 25-21-00-73 -2 1 25-21-00-29A 30 2
120-41825-007 25-21-00-","[""table_or_parts_list_text_cues""]",table_ocr_table_candidate_scan,False,False
51,t_p_120_1176_p000051,00000051.tif,local_data\organization\trace_net\ocr_route_scan_pack_tesseract_full\page_images\t_p_120_1176_p000051.tif,128c469bbb31db471750f61566452a9ec03719616a59dc92b33f6ef91935d922,table,detailed_parts_list,high,"[""multiple_part_numbers"", ""ipl_column_terms""]",,needs_review,,280,1794,7,"[""120-42070-001"", ""120-42221-001"", ""120-42221-505"", ""120-42221-511"", ""120-42221-535"", ""120-42221-537"", ""120-42547-019""]","€ emennce

MAINTENANCE MANUAL WITH
ILLUSTRATED PARTS LIST
PART NUMBER UNITS AIRLINE PART NUMBER UNITS AIRLINE
PER STOCK PER STOCK
CH-SEC-UN-FIG ITEM) ASSY NUMBER CH-SEC-UN-FIG | ITEM] ASSY NUMBER
120-42070-001 120-42221-001
25-21-00-47 30 2 25-21-00-48 20 2
25-21-00-48 30 2 25-21-00-49 20 2
25-21-00-49 30 2 25-21-00-50 20 2
25-21-00-50 30 2 25-21-00-51 20 2
25-21-00-51 30 2 25-21-00-52 20 2
25-21-00-52 30 2 25-21-00-53 20 2
25-21-00-53 30 2 25-21-00-54 20 2
25-21-00-54 30 2 25-21-00-55 20 2
25-21-00-55 30 2 25-21-00-76 20 3
25-21-00-76 30 3 120-42221-505
25-21-00-76A 30 3 25-21-00-76A -22 3
25-21-00-77 30 3 120-42221-511
25-21-00-78 30 3 25-21-00-08A -21 1
120-42221-001 25-21-00-29A -23 2
25-21-00-01 30 1 25-21-00-30A -21
25-21-00-02 30 1 25-21-00-31A -14 2
25-21-00-03 20 1 120-42221-535
25-21-00-04 30 1 25-21-00-29A -21 2
25-21-00-05 20 1 25-21-00-30A -22
25-21-00-06 30 1 25-21-00-31A 20 2
25-21-00-07 30 1 25-21-00-76A 20 3
25-21-00-08 20 1 120-42221-537
","[""table_or_parts_list_text_cues""]",table_ocr_table_candidate_scan,False,False
52,t_p_120_1176_p000052,00000052.tif,local_data\organization\trace_net\ocr_route_scan_pack_tesseract_full\page_images\t_p_120_1176_p000052.tif,705cb63f1050b86540725821b5dec8220f63ab8ac38c445654eb173262a88362,table,detailed_parts_list,high,"[""multiple_part_numbers"", ""ipl_column_terms""]",,needs_review,,293,1845,3,"[""120-42547-019"", ""120-42660-001"", ""120-43539-001""]","€ emennce

MAINTENANCE MANUAL WITH
ILLUSTRATED PARTS LIST
PART NUMBER UNITS AIRLINE PART NUMBER UNITS AIRLINE
PER STOCK PER STOCK
CH-SEC-UN-FIG ITEM] ASSY NUMBER CH-SEC-UN-FIG | ITEM] ASSY NUMBER
120-42547-019 120-42660-001
25-21-00-11 140 1 25-21-00-07 1 1
25-21-00-12 150 1 25-21-00-09 1 1
25-21-00-13 210 1 25-21-00-10 1 1
25-21-00-14 220 1 25-21-00-12 1 1
25-21-00-15 210 1 25-21-00-13 1 9
25-21-00-16 210 1 25-21-00-14 1 1
25-21-00-29 140 1 25-21-00-16 1 1
25-21-00-29A 160 1 25-21-00-29 190 2
25-21-00-30 140 1 25-21-00-29A} 210 2
25-21-00-30A | 130 1 25-21-00-30 190 2
25-21-00-31 140 1 25-21-00-30A} 180 2
25-21-00-31A 160 1 25-21-00-32 190 2
25-21-00-32 140 1 25-21 -00-33 200 2
25-21-00-33 150 1 25-21-00-39 190
25-21-00-34 140 1 25-21 -00-40 190 2
25-21-00-35 140 1 25-21-00-42 190 2
25-21-00-36 140 1 25-21-00-43 190 2
25-21-00-37 140 1 25-21 -00-44 190 2
25-21-00-38 150 1 25-21-00-46 190 2
25-21-00-39 140 1 25-21-00-47 190 2
25-21-00-40 140 1 25-21-00-48 16","[""table_or_parts_list_text_cues""]",table_ocr_table_candidate_scan,False,False
53,t_p_120_1176_p000053,00000053.tif,local_data\organization\trace_net\ocr_route_scan_pack_tesseract_full\page_images\t_p_120_1176_p000053.tif,56d0e761205606bd53d3288722f738e6824dab60cb68bf8ec06e39bb19f1b5ff,table,table_or_index,medium,"[""legacy_table_route_without_strong_detail_or_visual_signal""]",,needs_review,,281,1756,6,"[""120-43539-001"", ""120-45726-001"", ""120-45847-001"", ""120-45848-001"", ""120-45851-005"", ""120-46439-001""]","-<€ EMBRAER
MAINTENANCE MANUAL WITH
ILLUSTRATED PARTS LIST
[evsicune| veiser_ [ests | | enasconrn| ven [ee
PER STOCK PER STOCK
CH-SEC-UN-FIG | ITEM) ASSY NUMBER CH-SEC-UN-FIG | ITEM] ASSY NUMBER
120-43539-001 120-45726-001
25-21-00-105 120 2 25-21-00-48 40 2
25-21-00-106 120 2 25-21-00-49 40 2
120-45726-001 25-21-00-50 40 2
25-21-00-01 50 1 25-21-00-51 40 2
25-21-00-02 50 1 25-21-00-52 40 2
| 25-21-00-02A 40 1 25-21-00-53 40 2
25-21-00-03 40 1 25-21-00-54 40 2
25-21-00-04 50 1 25-21-00-55 40 2
25-21-00-05 40 1 25-21-00-76 40 3
i 25-21-00-05A 40 1 25-21-00-78 40 3
25-21-00-06 50 1 120-45847-001
25-21-00-07 50 1 25-21-00-13 20 1
25-21-00-08 40 1 25-21-00-14 20 1
| 25-21-00-08A 40 1 25-21-00-15 10 1
25-21-00-09 50 1 25-21-00-16 20 1
25-21-00-10 50 1 25-21-00-43 10 2
25-21-00-11 40 1 25-21-00-44 10 2
25-21-00-12 50 1 25-21-00-45 10 2
25-21-00-13 50 1 25-21-00-46 10 2
25-21-00-14 50 1 25-21-00-78 10 3
25-21-00-15 40 1 120-45848-001
25-21-00-16 50 1 25-21-00-13 30","[""table_or_parts_list_text_cues""]",table_ocr_table_candidate_scan,False,False
54,t_p_120_1176_p000054,00000054.tif,local_data\organization\trace_net\ocr_route_scan_pack_tesseract_full\page_images\t_p_120_1176_p000054.tif,1145f8508c6d17f4fe15abdc5e6714f1b1227d05b695c0b68faac0adc2c37334,table,table_or_index,medium,"[""legacy_table_route_without_strong_detail_or_visual_signal""]",,needs_review,,288,1809,5,"[""120-46439-001"", ""120-46443-001"", ""120-47462-001"", ""120-47462-003"", ""120-48023-001""]","-<€ EMBRAER
MAINTENANCE MANUAL WITH
ILLUSTRATED PARTS LIST
[ensue ver [Rite | [ ouecanre| mir asin
PER STOCK PER STOCK
CH-SEC-UN-FIG | ITEM] ASSY NUMBER CH-SEC-UN-FIG | ITEM] ASSY NUMBER
120-46439-001 120-47462-001
25-21-00-25 50 1 25-21-00-01 240 1
| 25-21-00-26 40 1 25-21-00-02 250 1
25-21-00-27 50 1 25-21-00-02A} 210 1
25-21-00-28 40 1 25-21 -00-04 250 1
25-21-00-56 40 2 25-21-00-06 230 1
25-21-00-57 40 2 25-21-00-07 240 1
25-21-00-58 40 2 25-21-00-09 -241 1
25-21-00-59 40 2 25-21-00-10 -251 1
25-21-00-60 40 2 25-21-00-12 -241 1
25-21-00-61 40 2 25-21-00-13 -201 1
25-21-00-62 40 2 25-21-00-14 -211 1
25-21-00-63 40 2 25-21-00-16 -201 1
| 25-21-00-64 40 2 25-21-00-29 200 2
25-21-00-65 40 2 25-21-00-29A| 220 2
| 25-21-00-66 40 2 25-21-00-30 250 2
25-21-00-77 40 3 25-21-00-30A} 190 2
120-46443-001 25-21-00-32 200 2
25-21-00-17 40 1 25-21 -00-33 210 2
25-21-00-18 40 1 25-21-00-35 200 2
25-21-00-19 40 1 25-21 -00-36 200 2
25-21-00-20 40 1 25-21-00-38 210 2
25-2","[""table_or_parts_list_text_cues""]",table_ocr_table_candidate_scan,False,False
55,t_p_120_1176_p000055,00000055.tif,local_data\organization\trace_net\ocr_route_scan_pack_tesseract_full\page_images\t_p_120_1176_p000055.tif,be1a6d7a948bf87c345c9f3bc171ce7de6ac33be440ab0bebe8005f081b6e5ef,table,detailed_parts_list,high,"[""multiple_part_numbers"", ""ipl_column_terms""]",,needs_review,,282,1845,6,"[""120-48023-001"", ""120-48024-001"", ""120-49362-001"", ""120-50674-001"", ""120-50675-001"", ""120-50675-003""]","€ emennce

MAINTENANCE MANUAL WITH
ILLUSTRATED PARTS LIST
PART NUMBER UNITS AIRLINE PART NUMBER UNITS AIRLINE
PER STOCK PER STOCK
CH-SEC-UN-FIG ITEM) ASSY NUMBER CH-SEC-UN-FIG | ITEM] ASSY NUMBER
120-48023-001 120-48024-001

25-21-00-81 -11 1
25-21-00-81 150 1 25-21-00-99 195 1
25-21-00-83 150 1 25-21-00-100] 195 1
25-21-00-84 -11 1 25-21-00-103 195 1
25-21-00-84 150 1 25-21-00-104 195 1
25-21-00-85 -11 1 25-21-00-105 195 1
25-21-00-85 150 1 25-21-00-106] 195 1
25-21-00-86 130 1 120-49362-001
25-21-00-88 190 1 25-21-00-06A 10 1
25-21-00-89 190 1 25-21-00-35A 10 2
25-21-00-90 -11 1 120-50674-001
25-21-00-90 190 1 25-21-00-67 90 1
25-21-00-93 190 1 25-21-00-68 90 1
25-21-00-94 -11 1 25-21-00-69 90 1
25-21-00-94 190 1 25-21-00-70 90 1
25-21-00-95 190 1 25-21-00-71 90 1
25-21-00-97 190 1 25-21-00-72 90 1
25-21-00-98 190 1 25-21-00-73 90 1
25-21-00-99 190 1 25-21-00-74 90 1
25-21-00-100 -11 1 25-21-00-75 90 1
25-21-00-100 | 190 1 25-21-00-90 300 1
25-21-00-103 ","[""table_or_parts_list_text_cues""]",table_ocr_table_candidate_scan,False,False
56,t_p_120_1176_p000056,00000056.tif,local_data\organization\trace_net\ocr_route_scan_pack_tesseract_full\page_images\t_p_120_1176_p000056.tif,4e6fb9737a4927625baf671c159f866215d44d4d6f35f81716702e8ba1898304,table,detailed_parts_list,high,"[""high_part_number_density"", ""detailed_parts_list_candidate""]",,needs_review,,285,1850,11,"[""120-50675-003"", ""120-50676-001"", ""120-61332-009"", ""120-61381-007"", ""120-61410-001"", ""120-61411-001"", ""120-61536-001"", ""120-61538-001"", ""120-61546-001"", ""120-61606-001"", ""120-61610-001""]","-<€ EMBRAER
MAINTENANCE MANUAL WITH
ILLUSTRATED PARTS LIST
[ewsesunna| magiy [undin | [enaesuvne|vefiiy [in
PER STOCK PER STOCK
CH-SEC-UN-FIG |} ITEM] ASSY NUMBER CH-SEC-UN-FIG | ITEM] ASSY NUMBER
120-50675-003 120-61536-001
25-2 1-00-68 70 1 25-21-00-33 10 1
25-21-00-69 70 1 120-61536-001
25-21-00-70 70 1 25-2 1-00-38 10 1
25-21-00-71 70 1 120-61538-001
25-21-00-72 70 1 25-21-00-33 20 1
25-21-00-73 70 1 25-2 1-00-38 20 1
25-21-00-74 70 1 120-61546-001
25-21-00-75 70 1 25-21-00-80 -15 1
25-21-00-90 282 1 25-21-00-81 -15 1
25-2 1-00-94 2/2 1 25-2 1-00-84 -15 1
25-21-00-99 282 1 25-21-00-85 -15 1
25-21-00-100 | 282 1 25-21-00-90 -15 1
25-21-00-106 | 282 1 25-2 1-00-94 -15 1
120-50676-001 25-21-00-100 -15 1
25-2 1-00-67 100 2 25-21-00-106 -15 1
25-2 1-00-68 100 2 25-21-00-109 -35 2
25-21-00-69 100 2 120-61606-001
25-21-00-70 100 2 25-21-00-112 40 1
25-21-00-71 100 2 25-21-00-113 40 1
25-21-00-72 100 2 120-61610-001
25-21-00-73 100 2 25-21-00-02A} -211 1
25-21-0","[""table_or_parts_list_text_cues""]",table_ocr_table_candidate_scan,False,False
57,t_p_120_1176_p000057,00000057.tif,local_data\organization\trace_net\ocr_route_scan_pack_tesseract_full\page_images\t_p_120_1176_p000057.tif,794af0ee3c91b9cfec4e3d8bf486fd1b3a9fcb2322d1634f5121d3ead4452d5f,table,table_or_index,medium,"[""legacy_table_route_without_strong_detail_or_visual_signal""]",,needs_review,,294,1822,3,"[""120-61610-001"", ""120-62399-001"", ""120-63349-001""]","-<€ EMBRAER
MAINTENANCE MANUAL WITH
ILLUSTRATED PARTS LIST
[cwsecuwre| napisy fuss | |"" seounno| nese [Rie
PER STOCK PER STOCK
CH-SEC-UN-FIG | ITEM] ASSY NUMBER CH-SEC-UN-FIG | ITEM] ASSY NUMBER
120-61610-001 42952-10
25-21-00-46 -202 2 25-21-00-93 150 1
25-21-00-48 -171 2 25-21-00-94 20 1
25-21-00-49 -171 2 25-21-00-94 150 1
25-21-00-50 -202 2 25-21-00-95 20 1
25-21-00-54 -171 2 25-21-00-95 150 1
25-21-00-55 -171 2 25-21-00-96 20 1
25-21-00-112 -3 1 25-21-00-96 150 1
25-21-00-113 -2 1 25-21-00-97 20 1
120-62399-001 25-21-00-97 150 1
25-21-00-35A 20 2 25-21-00-98 20 1
120-63349-001 25-21-00-98 150 1
25-21-00-06A 20 1 25-21-00-99 20 1
42952-10 25-21-00-99 150 1
25-21-00-79 20 1 25-21-00-100 20 1
25-21-00-79 100 1 25-21-00-100 150 1
25-21-00-80 20 1 25-21-00-101 20 1
25-21-00-80 110 1 25-21-00-101 120 1
25-21-00-81 20 1 25-21-00-102 20 1
25-21-00-81 110 1 25-21-00-102 150 1
25-2 1-00-82 20 1 25-21-00-103 20 1
25-2 1-00-82 90 1 25-21-00-103 150 1
25-21-00-83 20","[""table_or_parts_list_text_cues""]",table_ocr_table_candidate_scan,False,False
58,t_p_120_1176_p000058,00000058.tif,local_data\organization\trace_net\ocr_route_scan_pack_tesseract_full\page_images\t_p_120_1176_p000058.tif,735337afb66d7bf1a8a6d2b7627709070161346ccc9d2a6d443346dc09f48761,table,table_or_index,medium,"[""legacy_table_route_without_strong_detail_or_visual_signal""]",,needs_review,,289,1855,0,[],"€ emennce

MAINTENANCE MANUAL WITH
ILLUSTRATED PARTS LIST
PART NUMBER UNITS AIRLINE PART NUMBER UNITS AIRLINE
PER STOCK PER STOCK
CH-SEC-UN-FIG ITEM] ASSY NUMBER CH-SEC-UN-FIG | ITEM] ASSY NUMBER
AM03078-22 AM03078-30
25-21-00-22 190 1 25-21-00-13 160 1
25-21-00-23 190 1 25-21-00-14 160 1
25-21-00-24 150 1 25-21-00-15 150 1
25-21-00-25 170 1 25-21-00-16 160 1
25-21-00-26 150 1 25-21-00-29 210 2
25-21-00-27 200 1 25-21-00-29A} 230 2
25-21-00-28 160 1 25-21 -00-30 210 2
25-21-00-39 -211 2 25-21-00-30A} 200 2
25-21-00-40 -211 2 25-21-00-31 200 2
25-21-00-41 -211 2 25-21-00-31A] 220 2
25-21-00-42 -211 2 25-21-00-32 210 2
25-21-00-47 -211 2 25-21-00-33 230 2
25-21-00-50 -211 2 25-21 -00-34 200 2
25-21-00-51 -211 2 25-21 -00-39 210 2
25-21-00-53 -211 2 25-21 -00-40 210 2
25-21-00-56 200 2 25-21-00-41 210 2
25-21-00-57 190 2 25-21-00-42 210 2
25-21-00-58 200 2 25-21-00-43 210 2
25-21-00-59 170 2 25-21 -00-44 210 2
25-21-00-60 200 2 25-21-00-45 210 2
25-21-00-61 200","[""table_or_parts_list_text_cues""]",table_ocr_table_candidate_scan,False,False
59,t_p_120_1176_p000059,00000059.tif,local_data\organization\trace_net\ocr_route_scan_pack_tesseract_full\page_images\t_p_120_1176_p000059.tif,af975414bad97dc43d9b0a4f12be5749396aab69c0e08af9181e6a0702ab96ac,table,table_or_index,medium,"[""legacy_table_route_without_strong_detail_or_visual_signal""]",,needs_review,,291,1832,0,[],"€ emennce

MAINTENANCE MANUAL WITH
ILLUSTRATED PARTS LIST
PART NUMBER UNITS AIRLINE PART NUMBER UNITS AIRLINE
PER STOCK PER STOCK
CH-SEC-UN-FIG ITEM) ASSY NUMBER CH-SEC-UN-FIG | ITEM] ASSY NUMBER
AN4-5A AN4-6A
25-21-00-34 120 1 25-21-00-03 100 1
25-21-00-35 120 2 25-21-00-04 120 1
25-21-00-35A 80 2 25-21-00-05 100 1
25-21-00-36 120 2 25-21-00-06 110 1
25-21-00-37 120 2 25-21-00-06A 90 1
25-21-00-38 120 2 25-21-00-07 110 1
25-21-00-39 120 2 25-21-00-08 100 1
25-21-00-40 120 2 25-21-00-08A 110 1
25-21-00-41 120 2 25-21-00-29 125 1
25-21-00-42 120 2 25-21-00-29A 145 1
25-21-00-43 120 2 25-21-00-30 125 1
25-21-00-44 120 2 25-21-00-30A 110 1
25-21-00-45 120 2 25-21-00-31 125 1
25-21-00-46 120 2 25-21-00-31A 140 1
25-21-00-47 120 1 25-21-00-32 125 1
25-21-00-48 120 2 25-21-00-33 125 1
25-21-00-49 120 2 25-21-00-34 125 1
25-21-00-50 120 1 25-21-00-47 125 1
25-21-00-51 120 1 25-21-00-48 130 1
25-21-00-52 120 1 25-21-00-49 130 1
25-21-00-53 120 1 25-21-00-50 125 1
2","[""table_or_parts_list_text_cues""]",table_ocr_table_candidate_scan,False,False
60,t_p_120_1176_p000060,00000060.tif,local_data\organization\trace_net\ocr_route_scan_pack_tesseract_full\page_images\t_p_120_1176_p000060.tif,d93f0c425fdaa3515d29c2c140a6090816565672f6dd758901b65c9c0200a866,table,table_or_index,medium,"[""legacy_table_route_without_strong_detail_or_visual_signal""]",,needs_review,,292,1817,0,[],"€ emennce

MAINTENANCE MANUAL WITH
ILLUSTRATED PARTS LIST
PART NUMBER UNITS AIRLINE PART NUMBER UNITS AIRLINE
PER STOCK PER STOCK
CH-SEC-UN-FIG ITEM] ASSY NUMBER CH-SEC-UN-FIG | ITEM] ASSY NUMBER

AN4-22A AN4-22A
25-21-00-10 100 1 25-21-00-58 130 1
25-21-00-11 90 1 25-21-00-59 130 1
25-21-00-12 100 1 25-21 -00-60 130 1
25-21-00-13 100 1 25-21-00-61 130 1
25-21-00-14 100 1 25-21 -00-62 130 1
25-21-00-15 90 1 25-21-00-63 130 1
25-21-00-16 100 1 25-21 -00-64 130 1
25-21-00-17 100 1 25-21-00-65 130 1
25-21-00-18 100 1 25-21-00-66 130 1
25-21-00-19 100 1 25-21-00-76 100 2
25-21-00-20 100 1
25-21-00-21 100 1 25-21-00-76A 100 2
25-21-00-22 100 1 25-21-00-77 110 2
25-21-00-23 90 1 25-21-00-78 100 2
25-21-00-24 90 1 AN4-24A
25-21-00-25 100 1 25-21-00-29A 150 1
25-21-00-26 90 1 25-21-00-30A 120 1
25-21-00-27 100 1 25-21-00-31A 150 1
25-21-00-28 90 1 25-21-00-35A 90 1
25-21-00-29 130 1 AN4-25A
25-21-00-30 130 1 25-21-00-09 110 1
25-21-00-31 130 1 25-21-00-10 110 1
2","[""table_or_parts_list_text_cues""]",table_ocr_table_candidate_scan,False,False
61,t_p_120_1176_p000061,00000061.tif,local_data\organization\trace_net\ocr_route_scan_pack_tesseract_full\page_images\t_p_120_1176_p000061.tif,cbf100dadc9f46067114f1f46bd5a4f253aeed9d59c70610c89ce8a0d1f73546,table,table_or_index,medium,"[""legacy_table_route_without_strong_detail_or_visual_signal""]",,needs_review,,285,1832,0,[],"€ emennce

MAINTENANCE MANUAL WITH
ILLUSTRATED PARTS LIST
PART NUMBER UNITS AIRLINE PART NUMBER UNITS AIRLINE
PER STOCK PER STOCK
CH-SEC-UN-FIG | ITEM] ASSY NUMBER CH-SEC-UN-FIG | ITEM] ASSY NUMBER
AN4-25A AN5-16A
25-21-00-35 130 1 25-21-00-95 60 1
25-21-00-36 130 1 25-21-00-96 60 1
25-21-00-37 130 1 25-21-00-97 60 1
25-21-00-38 130 1 25-21-00-98 60 1
AN5-13A 25-21-00-99 60 1
25-21-00-79 130 1 25-21-00-100 60 1
25-21-00-81 140 1 25-21-00-101 60 1
25-21-00-82 120 1 25-21-00-102 60 1
25-21-00-83 140 1 25-21-00-103 60 1
25-21-00-84 140 1 25-21-00-104 60 1
25-21-00-85 140 1 25-21-00-105 60 1
25-21-00-86 120 1 25-21-00-106 60 1
25-21-00-87 150 1 AN960-3L
25-21-00-88 180 1 25-21-00-01 -197 2
25-21-00-89 180 1 25-21-00-01 160 3
25-21-00-91 150 1 25-21-00-02 -196 2
25-21-00-92 180 2 25-21-00-02 160 2
25-21-00-95 180 1 25-21-00-04 -206 2
25-21-00-96 180 1 25-21-00-04 170 2
25-21-00-97 180 2 25-21-00-08A} 170 3
25-21-00-98 180 2 25-21-00-08A|} -197 2
25-21-00-101 150","[""table_or_parts_list_text_cues""]",table_ocr_table_candidate_scan,False,False
62,t_p_120_1176_p000062,00000062.tif,local_data\organization\trace_net\ocr_route_scan_pack_tesseract_full\page_images\t_p_120_1176_p000062.tif,0acdbb204c2477a769f9468cb984a963f242dbc2784b3a710642fa6502bed9f2,table,table_or_index,medium,"[""legacy_table_route_without_strong_detail_or_visual_signal""]",,needs_review,,289,1844,0,[],"-<€ EMBRAER
MAINTENANCE MANUAL WITH
ILLUSTRATED PARTS LIST
Pension ver [Rite | [ oueounre| mir [asin
PER STOCK PER STOCK
CH-SEC-UN-FIG | ITEM] ASSY NUMBER CH-SEC-UN-FIG | ITEM] ASSY NUMBER
AN960-3L AN960-416
25-21-00-46 -187 4 25-21-00-74 50 2
25-21-00-47 160 3 25-21-00-75 50 2
25-21-00-50 160 3 25-21-00-76 130 4
| 25-21-00-51 160 3 25-21-00-76A} 130 10
25-21-00-53 160 3 25-21 -00-87 230 2
AN960-4 25-21-00-88 260 4
25-21-00-35A | 120 3 25-21-00-89 250 2
AN960-416 25-21-00-90 260 4
25-21-00-01 70 2 25-21-00-91 220 2
25-21-00-01 15 2 25-21-00-92 250 2
| 25-21-00-02A 70 2 25-21-00-93 250 2
25-21-00-03 -61 2 25-21 -00-94 250 4
25-21-00-04 70 2 25-21-00-95 260 2
25-21-00-05 -61 2 25-21-00-96 260 2
25-21-00-05A 70 2 25-21-00-97 250 2
| 25-21-00-06A 50 4 25-21-00-98 260 2
25-21-00-08A 70 2 25-21-00-99 260 4
25-21-00-29 115 6 25-21-00-100 | 260 4
| 25-21-00-29A | 120 6 25-21-00-101 230 2
25-21-00-30 115 6 25-21-00-102 | 260 2
| 25-21-00-30A 90 6 25-21-00-103 | 250 2","[""table_or_parts_list_text_cues""]",table_ocr_table_candidate_scan,False,False
63,t_p_120_1176_p000063,00000063.tif,local_data\organization\trace_net\ocr_route_scan_pack_tesseract_full\page_images\t_p_120_1176_p000063.tif,637d047f00688d2833ae92d76139d962296ea719f86212082ff900e2232fe42f,table,table_or_index,medium,"[""legacy_table_route_without_strong_detail_or_visual_signal""]",,needs_review,,287,1839,0,[],"€ emennce

MAINTENANCE MANUAL WITH
ILLUSTRATED PARTS LIST
PART NUMBER UNITS AIRLINE PART NUMBER UNITS AIRLINE
PER STOCK PER STOCK
CH-SEC-UN-FIG | ITEM] ASSY NUMBER CH-SEC-UN-FIG | ITEM] ASSY NUMBER

AN960-416L AN960-416L
25-21-00-18 70 2 25-21-00-60 110 4
25-21-00-19 70 2 25-21-00-61 110 4
25-21-00-20 70 2 25-21-00-62 110 4
25-21-00-21 70 2 25-21-00-63 110 4
25-21-00-22 70 2 25-21-00-64 110 4
25-21-00-23 60 2 25-21-00-65 110 4
25-21-00-24 60 2 25-21-00-66 110 4
25-21-00-25 70 2 25-21-00-76 120 2
25-21-00-26 60 2 25-21-00-76A} 120 2
25-21-00-27 70 2 25-21-00-77 120 6
25-21-00-28 60 2 25-21-00-78 110 6
25-21-00-29 110 2 AN960-4L
25-21-00-29A 110 2 25-21-00-O06A} 120 3
25-21-00-30 110 2 25-21-00-O06A] -146 2
25-21-00-30A 80 2 25-21-00-09 160 3
25-21-00-31 110 2 25-21-00-10 160 3
25-21-00-31A 110 2 25-21-00-11 150 3
25-21-00-32 110 2 25-21-00-12 160 3
25-21-00-33 110 2 25-21-00-17 160 3
25-21-00-34 110 2 25-21-00-19 160 3
25-21-00-35A 70 6 25-21-00-20 160 3
25","[""table_or_parts_list_text_cues""]",table_ocr_table_candidate_scan,False,False
64,t_p_120_1176_p000064,00000064.tif,local_data\organization\trace_net\ocr_route_scan_pack_tesseract_full\page_images\t_p_120_1176_p000064.tif,861c0593338515e0c69e2dead566f0dc4256728e2a445f2251e57d2413e8dc0e,table,table_or_index,medium,"[""legacy_table_route_without_strong_detail_or_visual_signal""]",,needs_review,,294,1817,0,[],"€ emennce

MAINTENANCE MANUAL WITH
ILLUSTRATED PARTS LIST
PART NUMBER UNITS AIRLINE PART NUMBER UNITS AIRLINE
PER STOCK PER STOCK
CH-SEC-UN-FIG ITEM] ASSY NUMBER CH-SEC-UN-FIG | ITEM] ASSY NUMBER

AN960-516 AN960-516
25-21-00-79 120 2 25-21-00-100 170 2
25-21-00-80 40 2 25-21-00-101 40 2
25-21-00-80 130 2 25-21-00-101 140 2
25-21-00-81 40 2 25-21-00-102 40 2
25-21-00-81 130 2 25-21-00-102 170 2
25-21-00-82 40 2 25-21-00-103 40 2
25-21-00-82 110 2 25-21-00-103 170 2
25-21-00-83 40 2 25-21-00-104 40 2
25-21-00-83 130 2 25-21-00-104 170 2
25-21-00-84 40 2 25-21-00-105 40 2
25-21-00-84 130 2 25-21-00-105 170 2
25-21-00-85 40 2 25-21-00-106 40 2
25-21-00-85 130 2 25-21-00-106 170 2
25-21-00-86 40 2 AN960-516L
25-21-00-86 110 2 25-21-00-79 50 2
25-21-00-87 40 2 25-21-00-80 50 2
25-21-00-87 140 2 25-21-00-81 50 2
25-21-00-88 40 2 25-21-00-82 50 2
25-21-00-88 170 2 25-21-00-83 50 2
25-21-00-89 40 2 25-21-00-84 50 2
25-21-00-89 170 2 25-21-00-85 50 2
25-21-00-90 40","[""table_or_parts_list_text_cues""]",table_ocr_table_candidate_scan,False,False
65,t_p_120_1176_p000065,00000065.tif,local_data\organization\trace_net\ocr_route_scan_pack_tesseract_full\page_images\t_p_120_1176_p000065.tif,9e653b24af5bea3cdab6210cb3985630680286d970799032d5dd8f6cebfadbf8,table,table_or_index,medium,"[""legacy_table_route_without_strong_detail_or_visual_signal""]",,needs_review,,277,1820,0,[],"-<€ EMBRAER
MAINTENANCE MANUAL WITH
ILLUSTRATED PARTS LIST
evs) voir [ests | | enascone| vey [ee
PER STOCK PER STOCK
CH-SEC-UN-FIG | ITEM) ASSY NUMBER CH-SEC-UN-FIG | ITEM] ASSY NUMBER
AN960-6L AN960-8L
25-21-00-02A} 170 3 25-21-00-11 250 2
25-21-00-02A | -207 2 25-21-00-12 270 2
25-21-00-05A} 170 3 25-21-00-13 240 2
25-21-00-05A | -197 2 25-21-00-14 250 1
25-21-00-09 -196 2 25-21-00-15 240 2
25-21-00-10 -196 2 25-21-00-16 240 2
25-21-00-12 -196 2 25-21-00-39 300 3
25-21-00-13 -156 2 25-21-00-40 280 3
25-21-00-14 -156 2 25-21-00-41 270 3
25-21-00-16 -156 2 25-21-00-42 290 3
25-21-00-39 -186 2 25-21-00-43 290 3
25-21-00-41 -186 2 25-21-00-44 280 2
| 25-21-00-42 -187 2
25-21-00-45 270 3 25-21-00-46 290 3
AN960-8 AN960C6
25-21-00-01 270 2 25-21-00-113 80 2
25-21-00-02 280 2 25-21-00-113 170 4
| 25-21-00-02A} 290 2 AN960-C8
25-21-00-03 240 2 25-21-00-06 260 2
| 25-21-00-04 280 2 25-21-00-06A] 220 2
25-21-00-05 230 2 25-21-00-07 270 1
| 25-21-00-08A} 280 2 25-21-","[""table_or_parts_list_text_cues""]",table_ocr_table_candidate_scan,False,False
66,t_p_120_1176_p000066,00000066.tif,local_data\organization\trace_net\ocr_route_scan_pack_tesseract_full\page_images\t_p_120_1176_p000066.tif,acff3165a00403861c788ea5a0701f902da15be37d5237a28d069d190bbe4e1a,table,table_or_index,medium,"[""legacy_table_route_without_strong_detail_or_visual_signal""]",,needs_review,,301,1883,0,[],"€ emennce

MAINTENANCE MANUAL WITH
ILLUSTRATED PARTS LIST
PART NUMBER UNITS AIRLINE PART NUMBER UNITS AIRLINE
PER STOCK PER STOCK
CH-SEC-UN-FIG | ITEM) ASSY NUMBER CH-SEC-UN-FIG | ITEM] ASSY NUMBER
AN960C3 H14-04
25-21 -00-38 -186 4 25-21-00-30A} 140 3
AN960C8 25-21-00-30A] -175 4
25-21-00-35 270 3 25-21 -00-31 150 3
25-21-00-36 270 2 25-21-00-31 -186 4
25-21 -00-37 260 3 25-21-00-31A] 170 3
25-21 -00-38 280 3 25-21-00-31A] -206 4
25-21-00-56 -197 4 25-21 -00-32 150 3
25-21-00-58 -197 4 25-21-00-32 -186 4
25-21-00-84 250 4 25-21 -00-33 150 3
25-21-00-85 250 4 25-21-00-33 | -186 4
25-21-00-87 -231 8 25-21 -00-34 150 3
25-21-00-91 -221 8 25-21-00-34 -186 4
25-21-00-35A] -146 4
25-21-00-101 | -231 6 25-21-00-39 150 3
AN960PD416L 25-21-00-40 150 3
25-21-00-111 30 1 25-21-00-41 150 3
H14-04 25-21-00-42 150 3
25-21-00-01 170 3 25-21 -00-43 150 3
25-21-00-01 -198 2 25-21-00-43 -186 4
25-21-00-02 170 2 25-21-00-44 150 3
25-21-00-02 -197 2 25-21-00-44 -186 4
25-21-0","[""table_or_parts_list_text_cues""]",table_ocr_table_candidate_scan,False,False
67,t_p_120_1176_p000067,00000067.tif,local_data\organization\trace_net\ocr_route_scan_pack_tesseract_full\page_images\t_p_120_1176_p000067.tif,5c2916f344432b8e5dc4ef7fd99329c8e41d89bc6fb18146da1bd2dc8d91b4d0,table,table_or_index,medium,"[""legacy_table_route_without_strong_detail_or_visual_signal""]",,needs_review,,274,1801,0,[],"€ emennce

MAINTENANCE MANUAL WITH
ILLUSTRATED PARTS LIST
PART NUMBER UNITS AIRLINE PART NUMBER UNITS AIRLINE
PER STOCK PER STOCK
CH-SEC-UN-FIG ITEM) ASSY NUMBER CH-SEC-UN-FIG | ITEM] ASSY NUMBER
H14-04 H42-06
25-21-00-61 150 3 25-21-00-06A] 110 3
25-21-00-63 150 3 25-21-00-O6A| -147 2
25-21-00-64 150 3 25-21-00-113 70 2
25-21-00-65 150 3 25-21-00-113] 160 4
H14-06 MS16562-216
25-21-00-02A| 160 3 25-21-00-110] 150 2
25-21-00-02A] -208 2 MS16624-1025
25-21-00-05A 160 3 25-21-00-110 20 1
25-21-00-05A 198 2 25-21-00-111 20 1
25-21-00-09 -197 2 MS21042-06
25-21-00-10 -197 2 25-21-00-87 -241 8
25-21-00-12 -197 2 25-21-00-91 -231 8
25-21-00-13 -167 2 25-21-00-101] -241 8
25-21-00-14 -167 2 25-21-00-110 110 4
25-21-00-16 -167 2 25-21-00-111 60 4
25-21-00-35A 110 3 25-21-00-112 110 4
25-21-00-39 -187 2 MS21042-08
25-21-00-41 -187 2 25-21-00-17 -8 2
25-21-00-42 -188 2 25-21-00-20 -8 2
25-21-00-84 260 4 25-21-00-56 -198 4
25-21-00-85 260 4 25-21-00-58 -198 4
25-21-00","[""table_or_parts_list_text_cues""]",table_ocr_table_candidate_scan,False,False
68,t_p_120_1176_p000068,00000068.tif,local_data\organization\trace_net\ocr_route_scan_pack_tesseract_full\page_images\t_p_120_1176_p000068.tif,82b6c607350ef901e6985adc7d6b68162c67e10b9b1242fd8ccd8f788a09bf05,table,table_or_index,medium,"[""legacy_table_route_without_strong_detail_or_visual_signal""]",,needs_review,,332,1826,0,[],"€ emennce

MAINTENANCE MANUAL WITH
ILLUSTRATED PARTS LIST
PART NUMBER UNITS AIRLINE PART NUMBER UNITS AIRLINE
PER STOCK PER STOCK
CH-SEC-UN-FIG | ITEM) ASSY NUMBER CH-SEC-UN-FIG | ITEM] ASSY NUMBER
MS21042L4 MS21042L4
25-21-00-10 80 2 25-21 -00-49 90 3
25-21-00-11 70 2 25-21-00-50 90 3
25-21-00-12 80 2 25-21-00-51 90 3
25-21-00-13 80 2 25-21 -00-52 90 3
25-21-00-14 80 2 25-21-00-53 90 3
25-21-00-15 70 2 25-21-00-54 90 3
25-21-00-16 80 2 25-21 -00-55 90 3
25-21-00-17 80 2 25-21 -00-56 90 3
25-21-00-18 80 2 25-21 -00-57 90 3
25-21-00-19 80 2 25-21 -00-58 90 3
25-21-00-20 80 2 25-21 -00-59 90 3
25-21-00-21 80 2 25-21 -00-60 90 3
25-21-00-22 80 2 25-21-00-61 90 3
25-21-00-23 70 2 25-21 -00-62 90 3
25-21-00-24 70 2 25-21 -00-63 90 3
25-21-00-25 80 2 25-21 -00-64 90 3
25-21-00-26 70 2 25-21 -00-65 90 3
25-21-00-27 80 2 25-21 -00-66 90 3
25-21-00-28 70 2 25-21-00-67 60 2
25-21 -00-29 90 3 25-21 -00-68 60 2
25-21-00-29A 90 3 25-21 -00-69 60 2
25-21 -00-30 90 3 25-2","[""table_or_parts_list_text_cues""]",table_ocr_table_candidate_scan,False,False
69,t_p_120_1176_p000069,00000069.tif,local_data\organization\trace_net\ocr_route_scan_pack_tesseract_full\page_images\t_p_120_1176_p000069.tif,276cab2d09747278ee33b265ba4fbd7e0c863e13e16c407e277e9ade75030e30,table,table_or_index,medium,"[""legacy_table_route_without_strong_detail_or_visual_signal""]",,needs_review,,291,1855,0,[],"€ emennce

MAINTENANCE MANUAL WITH
ILLUSTRATED PARTS LIST
PART NUMBER UNITS AIRLINE PART NUMBER UNITS AIRLINE
PER STOCK PER STOCK
CH-SEC-UN-FIG ITEM) ASSY NUMBER CH-SEC-UN-FIG | ITEM] ASSY NUMBER

MS21042L4 MS21042L5
25-21-00-98 270 2 25-21-00-94 160 2
25-21-00-99 270 4 25-21-00-95 30 2
25-21-00-100 270 4 25-21-00-95 160 2
25-21-00-101 240 2 25-21-00-96 30 2
25-21-00-102 270 2 25-21-00-96 160 2
25-21-00-103 | 260 2 25-21-00-97 30 2
25-21-00-104 260 2 25-21-00-97 160 2
25-21-00-105 | 270 4 25-21-00-98 30 2
25-21-00-106 270 4 25-21-00-98 160 2
25-21-00-109 140 2 25-21-00-99 30 2

MS21042L5 25-21-00-99 160 2
25-21-00-79 30 2 25-21-00-100 30 2
25-21-00-79 110 2 25-21-00-100] 160 2
25-21-00-80 30 2 25-21-00-101 30 2
25-21-00-80 120 2 25-21-00-101 130 2
25-21-00-81 30 2 25-21-00-102 30 2
25-21-00-81 120 2 25-21-00-102 160 2
25-21-00-82 30 2 25-21-00-103 30 2
25-21-00-82 100 2 25-21-00-103] 160 2
25-21-00-83 30 2 25-21-00-104 30 2
25-21-00-83 120 2 25-21-00-104 1","[""table_or_parts_list_text_cues""]",table_ocr_table_candidate_scan,False,False
70,t_p_120_1176_p000070,00000070.tif,local_data\organization\trace_net\ocr_route_scan_pack_tesseract_full\page_images\t_p_120_1176_p000070.tif,cabb1c8f8863274f653f36eda229554c7ef9678443e41e005ad797140f47b916,table,table_or_index,medium,"[""legacy_table_route_without_strong_detail_or_visual_signal""]",,needs_review,,304,1928,0,[],"€ emennce

MAINTENANCE MANUAL WITH
ILLUSTRATED PARTS LIST
PART NUMBER UNITS AIRLINE PART NUMBER UNITS AIRLINE
PER STOCK PER STOCK
CH-SEC-UN-FIG | ITEM) ASSY NUMBER CH-SEC-UN-FIG | ITEM] ASSY NUMBER
MS21061L08 MS24693-C26
25-21-00-103 | -261 4 25-21-00-35 280 16
25-21-00-104 | -261 4 25-21-00-35A]} 240 16
MS24693-C24 25-21 -00-36 280 16
25-21-00-56 270 12 25-21-00-37 240 10
25-21-00-57 250 12 25-21 -00-38 300 16
25-21-00-58 260 11 25-21-00-39 | -188 2
25-21-00-59 220 10 25-21-00-41 -188 2
25-21-00-60 250 10 25-21-00-42 -186 2
25-21-00-61 260 12 25-21-00-45 280 6
25-21-00-62 230 12 25-21-00-47 280 16
25-21 -00-63 250 12 25-21 -00-48 250 16
25-21-00-65 250 12 25-21 -00-49 250 16
25-21 -00-66 230 12 25-21 -00-50 270 13
MS24693-C26 25-21 -00-51 260 13
25-21-00-01 260 9 25-21 -00-52 230 16
25-21-00-02 270 9 25-21 -00-53 280 16
25-21-00-02A | 280 4 25-21-00-54 250 16
25-21-00-03 230 9 25-21 -00-55 250 20
25-21-00-04 270 9 25-21-00-76 220 9
25-21-00-05 220 9
25-21-0","[""table_or_parts_list_text_cues""]",table_ocr_table_candidate_scan,False,False
71,t_p_120_1176_p000071,00000071.tif,local_data\organization\trace_net\ocr_route_scan_pack_tesseract_full\page_images\t_p_120_1176_p000071.tif,e5e0b3b863126aca6c15a96304236f999494bb250c65d3d1f1b71a3a33152b81,table,table_or_index,medium,"[""legacy_table_route_without_strong_detail_or_visual_signal""]",,needs_review,,281,1889,0,[],"€ emennce

MAINTENANCE MANUAL WITH
ILLUSTRATED PARTS LIST
PART NUMBER UNITS AIRLINE PART NUMBER UNITS AIRLINE
PER STOCK PER STOCK
CH-SEC-UN-FIG | ITEM) ASSY NUMBER CH-SEC-UN-FIG | ITEM] ASSY NUMBER
MS24693-C28 MS24693-C5
25-21-00-43 300] 12 25-21-00-09 180 3
25-21-00-44 290 10 25-21-00-10 180 3
25-21-00-11 170 3
25-21-00-46 300] 12 25-21-00-12 180 3
25-21-00-78 200 9 25-21-00-17 180 3
25-21-00-19 180 3
MS24693-C3 25-21-00-20 180 3
25-21-00-39 170 3 25-21-00-22 180 3
25-21-00-40 170 3 25-21-00-23 170 3
25-21-00-41 170 3 25-21-00-24 170 3
25-21-00-42 170 3 25-21-00-27 180 3
25-21-00-43 170 3 25-21-00-29 170 3
25-21-00-44 170 3 25-21-00-29 -188 4
25-21-00-45 170 3 25-21-00-29A| 190 3
25-21-00-46 170 3 25-21-00-29A} -208 4
25-21-00-56 170 3 25-21-00-30 170 3
25-21-00-57 160 3 25-21-00-30 | -188 3
25-21-00-58 170 3 25-21-00-30A| 160 3
25-21-00-60 170 3 25-21-00-30A] -177 4
25-21-00-61 170 3 25-21-00-31 170 3
25-21-00-63 170 3 25-21-00-31 | -188 4
25-21-00-64 170","[""table_or_parts_list_text_cues""]",table_ocr_table_candidate_scan,False,False
72,t_p_120_1176_p000072,00000072.tif,local_data\organization\trace_net\ocr_route_scan_pack_tesseract_full\page_images\t_p_120_1176_p000072.tif,7c2ec763b2244f742f1074c25a0906d656d9e2bfbe3672087c94a9dede50463c,table,table_or_index,medium,"[""legacy_table_route_without_strong_detail_or_visual_signal""]",,needs_review,,275,1879,0,[],"€ emennce

MAINTENANCE MANUAL WITH
ILLUSTRATED PARTS LIST
PART NUMBER UNITS AIRLINE PART NUMBER UNITS AIRLINE
PER STOCK PER STOCK
CH-SEC-UN-FIG | ITEM! ASSY NUMBER CH-SEC-UN-FIG | ITEM} ASSY NUMBER
MS24693-C5 MS24693-S54
25-21-00-45 | -188 4 25-21-00-104 | 290 6
25-21-00-46 | -188 4 25-21-00-105 | 300 6
25-21-00-47 170 3 25-21-00-106 | 340 6
25-21-00-47 -187 4 MS24694-C52
25-21-00-48 -157 4 25-21-00-111 110 2
25-21-00-49 -157 4 25-21-00-111 140 2
25-21-00-50 170 3 25-21-00-112 | 170 2
25-21-00-50 -187 4 25-21-00-113 | 120 2
25-21-00-51 170 3 MS24694C49
25-21-00-51 | -187 4 25-21-00-09 290 3
25-21-00-52 | -157 4 25-21-00-10 300 3
25-21-00-53 170 3 25-21-00-12 280 3
25-21-00-53 | -187 4 25-21-00-13 260 3
25-21-00-54 -157 4 25-21-00-14 270 3
MS24693-S24 25-21-00-16 260 3
25-21-00-17 250 9 25-21-00-39 310 3
25-21-00-18 210 9 25-21-00-40 300 3
25-21-00-19 240 9 25-21-00-42 310 3
25-21-00-20 260 6 25-21-00-112 90 2
25-21-00-21 220 7 MS24694-S7
25-21-00-22 240 7 25","[""table_or_parts_list_text_cues""]",table_ocr_table_candidate_scan,False,False
73,t_p_120_1176_p000073,00000073.tif,local_data\organization\trace_net\ocr_route_scan_pack_tesseract_full\page_images\t_p_120_1176_p000073.tif,b4ef11a637eec265fcdaa26f565657fa788efaa2057d763f728cbab8367f9a93,table,table_or_index,medium,"[""legacy_table_route_without_strong_detail_or_visual_signal""]",,needs_review,,284,1865,0,[],"€ emennce

MAINTENANCE MANUAL WITH
ILLUSTRATED PARTS LIST
PART NUMBER UNITS AIRLINE PART NUMBER UNITS AIRLINE
PER STOCK PER STOCK
CH-SEC-UN-FIG ITEM) ASSY NUMBER CH-SEC-UN-FIG | ITEM] ASSY NUMBER
MS51957-45 NAS1149C0432R
25-21-00-93 -231 2 25-21-00-07 70 4
25-21-00-94 -231 2 25-21-00-08 60 4
25-21-00-95 -241 4 25-21-00-35 110 6
25-21-00-96 -241 4 25-21-00-36 110 6
25-21-00-97 -231 4 25-21-00-37 110 6
25-21-00-98 -241 4 25-21-00-38 110 6
25-21-00-99 -241 4 NAS464P5A16
25-21-00-100 | -241 4 25-21-00-80 140 1
25-21-00-102 | -241 4 25-21-00-81 -141 1
25-21-00-103 | -231 4 25-21-00-83 -141 1
25-21-00-104 | -231 4 25-21-00-84 -141 1
25-21-00-105 | -241 4 25-21-00-85 -141 1
25-21-00-106 | -241 4 25-21-00-86 -121 1
NAS1096-1-8 25-21-00-88 -181 1
25-21-00-06 250 2 25-21-00-89 -181 1
25-21-00-06A| 210 2 25-21-00-90 180 1
25-21-00-07 260 1 25-21-00-93 180 1
25-21-00-08 220 2 25-21-00-94 180 1
25-21-00-09 260 2 25-21-00-95 -181 1
25-21-00-10 270 1 25-21-00-97 -181 1
25-","[""table_or_parts_list_text_cues""]",table_ocr_table_candidate_scan,False,False
74,t_p_120_1176_p000074,00000074.tif,local_data\organization\trace_net\ocr_route_scan_pack_tesseract_full\page_images\t_p_120_1176_p000074.tif,2d61d0c87f77e774d5e03c01f494c9848338b9472096901de6c00152741cd935,table,table_or_index,medium,"[""legacy_table_route_without_strong_detail_or_visual_signal""]",,needs_review,,290,1864,0,[],"-<€ EMBRAER
MAINTENANCE MANUAL WITH
ILLUSTRATED PARTS LIST
Fevseoune| ver [Rite | oueounre| mir [usin
PER STOCK PER STOCK
CH-SEC-UN-FIG | ITEM] ASSY NUMBER CH-SEC-UN-FIG | ITEM] ASSY NUMBER
NAS4704-5 PE13076-1
25-21-00-105 | -242 1 25-21 -00-94 80 2
25-21-00-106 | -242 1 25-21-00-95 80 2
NAS4704-6 25-21-00-96 80 2
25-21-00-17 -6 2 25-21-00-97 80 2
25-21-00-20 -6 1 25-21-00-98 80 2
25-21-00-67 -35 1 25-21-00-99 80 2
25-21-00-68 -35 1 25-21-00-100 80 2
25-21-00-69 -35 1 25-21-00-101 80 2
25-21-00-70 -35 1 25-21-00-102 80 2
25-21-00-71 -35 1 25-21-00-103 80 2
25-21-00-72 -35 1 25-21-00-104 80 2
25-21-00-73 -35 1 25-21-00-105 80 2
25-21-00-74 -35 1 25-21-00-106 80 2
25-21-00-75 -35 1 PE17001-3PR
25-21-00-87 210 2 25-21-00-01 250 2
25-21-00-88 240 2 25-21-00-02 260 2
| 25-21-00-89 230 2 25-21-00-02A} 270 2
25-21-00-90 240 3 25-21-00-03 220 2
25-21-00-91 200 2 25-21 -00-04 260 2
25-21-00-92 230 2 25-21-00-05 240 2
| 25-21-00-93 230 2 25-21-00-05A} 260 2
25-21-00-9","[""table_or_parts_list_text_cues""]",table_ocr_table_candidate_scan,False,False
75,t_p_120_1176_p000075,00000075.tif,local_data\organization\trace_net\ocr_route_scan_pack_tesseract_full\page_images\t_p_120_1176_p000075.tif,6cee623c93733cfafb8f8096590ce5ee89535c43db33fcfb57d88fc5eed7e300,table,table_or_index,medium,"[""legacy_table_route_without_strong_detail_or_visual_signal""]",,needs_review,,288,1827,0,[],"€ emennce

MAINTENANCE MANUAL WITH
ILLUSTRATED PARTS LIST
PART NUMBER UNITS AIRLINE PART NUMBER UNITS AIRLINE
PER STOCK PER STOCK
CH-SEC-UN-FIG ITEM) ASSY NUMBER CH-SEC-UN-FIG | ITEM] ASSY NUMBER
PE17001-3PR PE21052-2
25-21-00-34 250 3 25-21-00-86 10 1
25-21-00-35 250 3 25-21-00-86 -131 1
25-21-00-35A| 210 3 25-21-00-87 10 1
25-21-00-36 250 2 25-21-00-87 160 1
25-21-00-37 230 3 25-21-00-88 10 1
25-21-00-38 260 3 25-21-00-88 -191 1
25-21-00-39 270 3 25-21-00-89 10 1
25-21-00-40 260 3 25-21-00-89 -191 1
25-21-00-41 250 3 25-21-00-90 10 1
25-21-00-42 270 3 25-21-00-91 10 1
25-21-00-43 270 3 25-21-00-91 160 1
25-21-00-44 260 3 25-21-00-92 10 1
25-21-00-92 190 1
25-21-00-45 250 3 25-21-00-93 10 1
25-21-00-46 270 3 25-21-00-94 10 1
25-21-00-47 270 3 25-21-00-95 10 1
25-21-00-48 240 3 25-21-00-95 -191 1
25-21-00-49 240 3 25-21-00-96 10 1
25-21-00-50 260 2 25-21-00-96 190 1
25-21-00-51 250 3 25-21-00-97 10 1
25-21-00-52 220 3 25-21-00-97 -191 1
25-21-00-53 270 3 25","[""table_or_parts_list_text_cues""]",table_ocr_table_candidate_scan,False,False
76,t_p_120_1176_p000076,00000076.tif,local_data\organization\trace_net\ocr_route_scan_pack_tesseract_full\page_images\t_p_120_1176_p000076.tif,5b0bdf7c8825620bbe1620bb241486c7f4991fca6c4fae2d23b646820e772510,table,table_or_index,medium,"[""legacy_table_route_without_strong_detail_or_visual_signal""]",,needs_review,,291,1833,0,[],"-<€ EMBRAER
MAINTENANCE MANUAL WITH
ILLUSTRATED PARTS LIST
[evsiovne| ver [Rite | [ oucunre| mai [asin
PER STOCK PER STOCK
CH-SEC-UN-FIG | ITEM] ASSY NUMBER CH-SEC-UN-FIG | ITEM] ASSY NUMBER
PE21101-3-30TA PE64005-1
25-21-00-49 100 4 25-21-00-13 90 2
25-21-00-50 100 4 25-21-00-14 90 2
25-21-00-51 100 4 25-21-00-15 80 2
25-21-00-52 100 4 25-21-00-16 90 2
25-21-00-53 100 4 25-21-00-17 90 2
25-21-00-54 100 4 25-21-00-18 90 2
25-21-00-55 100 4 25-21-00-19 90 2
25-21-00-56 100 4 25-21-00-20 90 2
25-21-00-57 100 4 25-21-00-21 90 2
25-21-00-58 100 4 25-21-00-22 90 2
25-21-00-59 100 4 25-21-00-23 80 2
25-21-00-60 100 4 25-21-00-24 80 2
25-21-00-61 100 4 25-21-00-25 90 2
25-21-00-62 100 4 25-21-00-26 80 2
25-21-00-63 100 4 25-21-00-27 90 2
25-21-00-64 100 4 25-21-00-28 80 2
25-21-00-65 100 4 25-21-00-29 100 4
| 25-21-00-66 100 4 25-21-00-29A} 100 4
25-21-00-76 140 6 25-21-00-30 100 4
| 25-21-00-77 130 6 25-21-00-30A 70 4
25-21-00-78 120 6 25-21-00-31 100 4
| PE25035-","[""table_or_parts_list_text_cues""]",table_ocr_table_candidate_scan,False,False
77,t_p_120_1176_p000077,00000077.tif,local_data\organization\trace_net\ocr_route_scan_pack_tesseract_full\page_images\t_p_120_1176_p000077.tif,6b0b4dfe32811cf1a27dac72de6166a520223d04305f76d89f7c0691c88f9022,table,table_or_index,medium,"[""legacy_table_route_without_strong_detail_or_visual_signal""]",,needs_review,,313,1983,0,[],"-<€ EMBRAER
MAINTENANCE MANUAL WITH
ILLUSTRATED PARTS LIST
[cnscoune| neler [asin | | creceamno) meme [in
PER STOCK PER STOCK
CH-SEC-UN-FIG] ITEM)ASSY — [NUMBER CH-SEC-UN-FIG | ITEM]ASSY — |NUMBER
PE64005-1 PE915051-1-PT
25-21-00-51 | 100] 4 25-21-00-19 60 1
25-21-00-52 | 100| 4 25-21-00-20 60 1
25-21-00-53 100 4 25-21-00-21 60 1
25-21-00-54 | 100 4 25-21-00-22 60 1
25-21-00-55 | 100| 4 25-21-00-23 50 1
25-21-00-56 | 100| 4 25-21-00-24 50 1
25-21-00-57 | 100 4 25-21-00-25 60 1
25-21-00-58 | 100| 4 25-21-00-26 50 1
25-21-00-59 | 100| 4 25-21-00-27 60 1
25-21-00-60 | 100| 4 25-21-00-28 50 1
25-21-00-61 100 4 25-21-00-29 80 2
| 25-21-00-62 | 100 4 25-21-00-29A] 80 2
25-21-00-63 | 100| 4 25-21-00-30 80} 2
i 25-21-00-64 | 100 4 25-21-00-30A} 50 2
25-21-00-65 | 100 4 25-21-00-31 80 2
i 25-21-00-66 | 100 4 25-21-00-31A} 80 2
25-21-00-76 | 140 6 25-21-00-32 80 2
i 25-21-00-76A| 140 6 25-21-00-33 90 2
25-21-00-77 | 130 6 25-21-00-34 80 2
25-21-00-78 | 120| 6 25-21-00-3","[""table_or_parts_list_text_cues""]",table_ocr_table_candidate_scan,False,False
78,t_p_120_1176_p000078,00000078.tif,local_data\organization\trace_net\ocr_route_scan_pack_tesseract_full\page_images\t_p_120_1176_p000078.tif,27c65b50353da4d2d1ff91a8814e694b8f5e8ffa2e878c319a00148bddf32d98,table,table_or_index,medium,"[""legacy_table_route_without_strong_detail_or_visual_signal""]",,needs_review,,76,524,0,[],"-<€ ENMIBRAER
MAINTENANCE MANUAL WITH
ILLUSTRATED PARTS LIST
PART NUMBER UNITS AIRLINE PART NUMBER UNITS AIRLINE
PER STOCK PER STOCK
CH-SEC-UN-FIG | ITEM) ASSY NUMBER CH-SEC-UN-FIG | ITEM] ASSY NUMBER

PE915051-1-PT

25-21 -00-60 80 2

25-21-00-61 80 2

25-21-00-62 80 2

25-21 -00-63 80 2

25-21-00-64 80 2

25-21-00-65 80 2

25-21 -00-66 80 2

25-21-00-76 80 3

| 25-21-00-76A 80 3

25-21-00-77 90 3

25-21-00-78 80 3
EFFECTIVITY: ALL 2 5.2? 1 -() 0

Page 1052E/F
T.P. 120/1176 Jan 15/01
","[""table_or_parts_list_text_cues""]",table_ocr_table_candidate_scan,False,False
79,t_p_120_1176_p000079,00000079.tif,local_data\organization\trace_net\ocr_route_scan_pack_tesseract_full\page_images\t_p_120_1176_p000079.tif,c6716fc2bc6bf8865e9c841f14b2afa4e5dcf8a50d03b6ecc0653fa875237f5d,blank_candidate,blank_candidate,high,"[""empty_or_near_empty_ocr""]",,auto_suggested_review_recommended,,0,0,0,[],,"[""empty_ocr_low_ink""]",blank_candidate_confirmation_scan,False,False
80,t_p_120_1176_p000080,00000080.tif,local_data\organization\trace_net\ocr_route_scan_pack_tesseract_full\page_images\t_p_120_1176_p000080.tif,1f5a8581343fb15133bc164a6f2fef9e1571bca921e58cc4b065da756146b5f3,normal_text,normal_text,high,"[""paragraph_or_general_text_density""]",,needs_review,,21,158,0,[],"€& emenncr

MAINTENANCE MANUAL WITH
ILLUSTRATED PARTS LIST

ILLUSTRATED PARTS LIST

EFFECTIVITY: ALL 25-2 1 -00

Page 1053
T.P. 120/1176 Sep 30/98
","[""normal_text_ocr_density""]",normal_text_ocr_summary_scan,False,False
81,t_p_120_1176_p000081,00000081.tif,local_data\organization\trace_net\ocr_route_scan_pack_tesseract_full\page_images\t_p_120_1176_p000081.tif,7207a362d803106c1abaf49a07d0367213dc7dcd6ed43d8237f4e9f96dd7c693,table,image_visual_diagram,medium,"[""figure_or_visual_label_signal"", ""limited_text_or_visual_route""]",,needs_review,,75,563,1,"[""120-41824-001""]","-< EMBRAER

MAINTENANCE MANUAL WITH

ILLUSTRATED PARTS LIST

50

60

110

y

100 80 yp

70

90

90

70

40

80 |

100

120

=

A

140

oe

<

Na

OS

150 (C)

20

se

10

}>

N

Yy

ch?

ln

130

170 180

20

250

ONE

220

230

270

240

270-——

a

N

a)

270

200

\

a

280-— ;

a

270‘

260°

120TP250014.MCE

Single Passenger Seat (120-41824-001/501)

Figure 1

Sheet 1

EFFECTIVITY: ALL

25-21-00

Page 1054

T.P. 120/1176

Sep 30/98
","[""table_or_parts_list_text_cues""]",table_ocr_table_candidate_scan,False,False
82,t_p_120_1176_p000082,00000082.tif,local_data\organization\trace_net\ocr_route_scan_pack_tesseract_full\page_images\t_p_120_1176_p000082.tif,75d16921a3e0afbd14fed642fc8775bcf7d4f2f9082290b444c2d72d067d9ae5,table,detailed_parts_list,high,"[""high_part_number_density"", ""detailed_parts_list_candidate""]",,needs_review,,244,1972,11,"[""120-29067-019"", ""120-29067-029"", ""120-33774-001"", ""120-36842-001"", ""120-41824-001"", ""120-41824-501"", ""120-42070-001"", ""120-42221-001"", ""120-42547-019"", ""120-42660-001"", ""120-45726-001""]","€& emenncr

MAINTENANCE MANUAL WITH

ILLUSTRATED PARTS LIST
AIRLINE EFF | UNITS
FIG. ITEM PART NUMBER STOCK vase EODE. FROM PER
NUMBER TO ASSY
01 - | 120-41824-001 SINGLE PASSENGER SEAT ASSY ............ VS4956 A REF
- | 120-41824-501 SINGLE PASSENGER SEAT ASSY ............ VS4956 | 172/999] REF
1 |120-42660-001 . TABLE, SNACK FOLDING, ASSY (SEE
FIGURE 25-21-00-112) «0.0.0... VS4956 1
10 | 120-29067-019 . STRUCTURE, ASSY. (SEE FIGURE VS4956 A 1
25-21-00-80) ooo. eccccecsesesesevsesesesevessvevseseeeees
-11 | 120-29067-029 . STRUCTURE, ASSY. (SEE FIGURE VS4956 | 172/999} 1
25-21-00-80) oo... cccceeeeteeeeeeee naan
20 | 120-33774-001 . LINING ASSY., SEAT BOTTOM................ VS4956 1
30 | 120-42221-001 . LINING ASSY., SEAT BACKREST ............ VS4956 1
40 | 120-42070-001 . FOAM ASSY., SEAT BACKREST .............. VS4956 1
50 | 120-45726-001 . COVER, PLASTIC... eens VS4956 B 1
60 | PE915051-1-PT SEAT BELT wu... ccc. ccc ccccceccccccecceeeccuseeueeeeees VS4956 1
ATT","[""table_or_parts_list_text_cues""]",table_ocr_table_candidate_scan,False,False
83,t_p_120_1176_p000083,00000083.tif,local_data\organization\trace_net\ocr_route_scan_pack_tesseract_full\page_images\t_p_120_1176_p000083.tif,1dbff6ac5e6ccdee9fd875e7b63fafebdb4f446482df3ada0a0b5a124ce493f7,table,detailed_parts_list,high,"[""high_part_number_density"", ""detailed_parts_list_candidate""]",,needs_review,,236,1770,9,"[""120-37313-001"", ""120-40636-001"", ""120-41208-001"", ""120-41474-001"", ""120-41474-002"", ""120-41475-001"", ""120-41475-003"", ""120-41824-001"", ""120-47462-001""]","€& emenncr

MAINTENANCE MANUAL WITH
ILLUSTRATED PARTS LIST
AIRLINE EFF | UNITS
FIG. ITEM PART NUMBER STOCK Maer EODE. FROM PER
NUMBER TO ASSY
01 200 | 120-37313-001 . HOLDER, MAGAZINE.........000 cee VS4956 1
ATTACHING PARTS
-205 | 1002-F . FASTENER BUTTON, MALE........000000002. . E075221 2
-206 | MS24693-C5 , SCREW ooo cccecccceseeeceeeeeeeeaneeeeea eens 2
-207 | AN960-3L . WASHER... cccec cece eee seeeeeeeeeaneees A 2
-208 | H14-04 A LO nr V15653 A 2
210 | AM03078-22 . ASHTRAY ooo. cccec ccc etecccseeeeeseeeeeeeeeaneees E065846 C 1
-211 | AM03078-30 . ASHTRAY ooo. cccec ccc etecccseeeeeseeeeeeeeeaneees E065846 D 1
220 | 120-40636-001 . LINING ASSY, - ARMREST .........0.cc. VS4956 2
230 | 120-41474-001 . COVER, TRIM REAR-FIXED ARMREST .. VS4956 1
-231 | 120-41474-002 . COVER, TRIM REAR-FIXED ARMREST .. VS4956 1
240 | 120-41475-001 . COVER, TRIM FRONT ........ ee. VS4956 1
-241 | 120-41475-003 . COVER, TRIM FRONT ........ ce. VS4956 1
250 | 120-47462-001 . COVER, L","[""table_or_parts_list_text_cues""]",table_ocr_table_candidate_scan,False,False
84,t_p_120_1176_p000084,00000084.tif,local_data\organization\trace_net\ocr_route_scan_pack_tesseract_full\page_images\t_p_120_1176_p000084.tif,b876f0d0f0b52e8f8348e40cff3c8b55f8295afe45657633aa23947d4b8257e1,table,image_visual_diagram,medium,"[""figure_or_visual_label_signal"", ""limited_text_or_visual_route""]",,needs_review,,77,413,1,"[""120-41824-003""]","-< EMBRAER
MAINTENANCE MANUAL WITH
ILLUSTRATED PARTS LIST
50
60
60.
re \) 30
M00 8 i (D)
90 (A) S 40
ob | uns NN
120
SF 280 O B
190 160 “es / ay,
y 250
Nee (C) Za
\ 20 Ge
. 70 fA (C)
210
260 C “Se 930 y
AN aS 240 | »
280-— : Ry (A)
r 200 AL a |
| 120TP250015.MCE
Single Passenger Seat (120-41824-003/503)
Figure 2
Sheet 1

EFFECTIVITY: ALL 25-21 -00 nage 1087
T.P. 120/1176 Sep 30/98
","[""table_or_parts_list_text_cues""]",table_ocr_table_candidate_scan,False,False
85,t_p_120_1176_p000085,00000085.tif,local_data\organization\trace_net\ocr_route_scan_pack_tesseract_full\page_images\t_p_120_1176_p000085.tif,107a00213b8870401e892812265b591de047ab379fd694679f3f04a2115e0b40,table,detailed_parts_list,high,"[""high_part_number_density"", ""detailed_parts_list_candidate""]",,needs_review,,247,2046,11,"[""120-29067-021"", ""120-29067-031"", ""120-33774-001"", ""120-36842-001"", ""120-41824-003"", ""120-41824-503"", ""120-42070-001"", ""120-42221-001"", ""120-42547-019"", ""120-42660-001"", ""120-45726-001""]","€& emenncr

MAINTENANCE MANUAL WITH

ILLUSTRATED PARTS LIST
AIRLINE EFF | UNITS
FIG. ITEM PART NUMBER STOCK aaa EODE. FROM PER
NUMBER TO ASSY
02 - | 120-41824-003 SINGLE PASSENGER SEAT ASSY ............ VS4956 A REF
- | 120-41824-503 SINGLE PASSENGER SEAT ASSY ............ VS4956 | 172/999} REF
1 |120-42660-001 . TABLE, SNACK FOLDING, ASSY
(SEE FIGURE 25-21-00-112)........000. VS4956 1
10 | 120-29067-021 . STRUCTURE, ASSY. (SEE FIGURE VS4956 A 1
25-21-00-81) occ cecccecseseseescsesesetevseseseseteees
-11 | 120-29067-031 . STRUCTURE, ASSY. (SEE FIGURE VS4956 | 172/999] 1
25-21-00-81) ooo cccc cece neeceeeeeseneaees
20 | 120-33774-001 . LINING ASSY., SEAT BOTTOM................ VS4956 1
30 | 120-42221-001 . LINING ASSY., SEAT BACKREST............ VS4956 1
40 | 120-42070-001 . FOAM ASSY., SEAT BACKREST .............. VS4956 1
50 | 120-45726-001 . COVER, PLASTIC o00..... cece eee VS4956 B 1
60 | PE915051-1-PT SEAT BELT .......c..ccc cece eccceccccccecceeceeeeeeseaeeeas ","[""table_or_parts_list_text_cues""]",table_ocr_table_candidate_scan,False,False
86,t_p_120_1176_p000086,00000086.tif,local_data\organization\trace_net\ocr_route_scan_pack_tesseract_full\page_images\t_p_120_1176_p000086.tif,587b436f84728ee5fbacba343bea7123a4d78615176a272c41a7247ca5ed69c1,table,detailed_parts_list,high,"[""high_part_number_density"", ""detailed_parts_list_candidate""]",,needs_review,,219,1675,8,"[""120-37313-001"", ""120-40636-001"", ""120-41208-001"", ""120-41474-002"", ""120-41475-003"", ""120-41784-001"", ""120-41824-003"", ""120-47462-001""]","€& emenncr

MAINTENANCE MANUAL WITH
ILLUSTRATED PARTS LIST
AIRLINE EFF | UNITS
FIG. ITEM PART NUMBER STOCK vase EODE. FROM PER
NUMBER TO ASSY
02 200 | 120-37313-001 . HOLDER, MAGAZINE... VS4956 1
ATTACHING PARTS
-205 | 1002-F . FASTENER BUTTON, MALE. .............000..... E075221 2
-206 |MS24693-C5 © SCREW o.oo. cecccccceccccccecccecececcccuceeeesteeanenas 2
-207 | AN960-3L AEN) | al A 2
-208 | H14-04 A V15653 A 2
210 | AM03078-22 ASHTRAY oo... cccccccceccccccuccucecusecceusceuseenveneees E065846 Cc 1
-211 | AM03078-30 ASHTRAY oo... cccccccceccccccuccucecusecceusecuseeeeeneees E065846 D 1
220 | 120-40636-001 . LINING ASSY., ARMREST.........000c0.. VS4956 1
230 | 120-41474-002 . COVER, TRIM, REAR-FIXED ARMREST... VS4956 1
240 | 120-41475-003 . COVER, TRIM, FRONT......00.0000 ee VS4956 1
250 | 120-41784-001 . COVER, TRIM, LATERAL ........0.. VS4956 1
260 | 120-47462-001 . COVER, LATCH, SNACK TABLE ASSY
(SEE FIGURE 25-21-00-112) ..... VS4956 | 119/999 1
-261 | 120-412","[""table_or_parts_list_text_cues""]",table_ocr_table_candidate_scan,False,False
87,t_p_120_1176_p000087,00000087.tif,local_data\organization\trace_net\ocr_route_scan_pack_tesseract_full\page_images\t_p_120_1176_p000087.tif,a38cceb31044be884a1ae5d808ea1250f672b8a881b6df780c44cd5211befe94,table,image_visual_diagram,medium,"[""figure_or_visual_label_signal"", ""limited_text_or_visual_route""]",,needs_review,,99,720,2,"[""120-41824-261"", ""120-61457-503""]","MAINTENANCE MANUAL WITH

-< EMBRAER

ILLUSTRATED PARTS LIST

40

50

70

20

y

100

90

Le

“SS

30

60

80 /|

|

80

60

70

110

SF

4B

<>

/ 280 —@,

wo 10 y

130

.

df 260

ra

B

(O)

140 (C)

10

<N

ve

1

i

Sy

OD

SS;

i

Lz

SS

LF

ai

<j

I~ 2

120

S

170 160

SO

220

iS

210

230

240

280

YX

A

250

Sf

270

NY

~

-

NN

C7

28

\

a

a

190

~!

oo}

280

270

120CMM251007.MCE

Single Passenger Seat (120-61457-503 and 120-41824-261/243)

Figure 2A

Sheet 1

EFFECTIVITY: ALL

25-21-00

T.P. 120/1176

Page 1060

Jan 15/01
","[""table_or_parts_list_text_cues""]",table_ocr_table_candidate_scan,False,False
88,t_p_120_1176_p000088,00000088.tif,local_data\organization\trace_net\ocr_route_scan_pack_tesseract_full\page_images\t_p_120_1176_p000088.tif,0c4939b0341d4ae73d56b42ac7227dbc52c949c60e35db805c465ddcc5051a0b,table,detailed_parts_list,high,"[""high_part_number_density"", ""detailed_parts_list_candidate""]",,needs_review,,226,1893,11,"[""120-29067-031"", ""120-33774-537"", ""120-36842-001"", ""120-37314-001"", ""120-41824-243"", ""120-41824-261"", ""120-42070-001"", ""120-42221-537"", ""120-42547-019"", ""120-45726-001"", ""120-61547-503""]","€& emenncr

MAINTENANCE MANUAL WITH

ILLUSTRATED PARTS LIST
AIRLINE EFF | UNITS
FIG. ITEM PART NUMBER STOCK ase eODE. FROM; PER
NUMBER TO ASSY
02A - | 120-61547-503 SINGLE PASSENGER SEAT ASSY ............ VS4956 | 302/999} REF
- | 120-41824-261 SINGLE PASSENGER SEAT ASSY ............ VS4956 | 302/312} REF
- | 120-41824-243 SINGLE PASSENGER SEAT ASSY ............ VS4956 | 313/999} REF
1 | 120-29067-031 . STRUCTURE, ASSY. (SEE FIGURE
25-21-00-81) ooo... eeeeeeeeeeeeeeees VS4956 | 302/999 1
10 | 120-33774-537 . LINING ASSY., SEAT BOTTOM................. VS4956 1
-11 | 120-37314-001 © PLACARD. ooo ccccccecccceetttsteasseeeeeneees VS4956 1
20 | 120-42221-537 . LINING ASSY., SEAT BACKREST............ VS4956 1
30 | 120-42070-001 . FOAM ASSY., SEAT BACKREST .............. VS4956 1
40 | 120-45726-001 . COVER, PLASTIC... ccecccceeeeeeeeeeeeees VS4956 1
50 | PE915051-1-PT SEAT BELT... cece cccscsssteesseeeeeeeees VS4956 1
ATTACHING PARTS
60 | AN960-416L ~ WASHER... ccccccceeet","[""table_or_parts_list_text_cues""]",table_ocr_table_candidate_scan,False,False
89,t_p_120_1176_p000089,00000089.tif,local_data\organization\trace_net\ocr_route_scan_pack_tesseract_full\page_images\t_p_120_1176_p000089.tif,09d56f0db9f142f1613f2c598596d9d69fde6936a72070bb2925e3494c872ee0,table,detailed_parts_list,high,"[""high_part_number_density"", ""detailed_parts_list_candidate""]",,needs_review,,189,1524,9,"[""120-37313-535"", ""120-40636-001"", ""120-41474-002"", ""120-41475-003"", ""120-41784-001"", ""120-42660-001"", ""120-47462-001"", ""120-61547-503"", ""120-61610-001""]","€& emenncr

MAINTENANCE MANUAL WITH

ILLUSTRATED PARTS LIST
AIRLINE EFF | UNITS
FIG. ITEM PART NUMBER STOCK Maer EODE. FROM PER
NUMBER TO ASSY
02A 190 | 120-42660-001 . TABLE, SNACK FOLDING, ASSY
(SEE FIGURE 25-21-00-112).......... VS4956 1
200 | 120-37313-535 . HOLDER, MAGAZINE.........000 cee VS4956 1
ATTACHING PARTS
-205 | 1002-F . FASTENER BUTTON, MALE.............000.0... E075221 2
-206 | MS24693-C5 W SCREW 2. cece cccccccccccccccecccucceuseuceeuccuneeacenaes 2
-207 | AN960-6L ~ WASHER... oo. c ccc cccccccccceccceceecceuceseceaseeaceeaes 2
-208 | H14-06 A V15653 2
210 | 120-47462-001 . COVER, LATCH, SNACK TABLE ASSY
(SEE FIGURE 25-21-00-112) ......0. VS4956 | 172/315 1
-211 | 120-61610-001 . COVER, LATCH, SNACK TABLE ASSY
(SEE FIGURE 25-21-00-112) ......0. VS4956 | 316/999 1
220 | AM03078-30 ~ ASHTRAY oo... ccc cccceccceccecccecccuceeuceuaceuneeaceeaes E065846 1
230 | 120-40636-001 . LINING ASSY., ARMREST....0....c. VS4956 1
240 | 120-41474-002 . COVER, TRIM,","[""table_or_parts_list_text_cues""]",table_ocr_table_candidate_scan,False,False
90,t_p_120_1176_p000090,00000090.tif,local_data\organization\trace_net\ocr_route_scan_pack_tesseract_full\page_images\t_p_120_1176_p000090.tif,c11445c89bcddc330736e60470d74fdb9397434fc3bbcef0d01a16fedb9f8088,table,image_visual_diagram,medium,"[""figure_or_visual_label_signal"", ""limited_text_or_visual_route""]",,needs_review,,82,463,1,"[""120-41824-009""]","-< EMBRAER
MAINTENANCE MANUAL WITH
ILLUSTRATED PARTS LIST
40
50
50
70
“ey 20
| Na IA 10 S
80 | \ 30
80
60 ~s
90 |
110
S
210 (SF y / (A)
130 Of sel
<)
orf 140 ©) © p> —
m7 150
170 SS
230 160
180 | 180 230
200 | > 190 ds
230 —— i < (B) 230-— : RY (A)
200} J 240 4
230-7 230-~F
220 ~ 2207
120TP250016.MCE
Single Passenger Seat (120-41824-009/509)
Figure 3
Sheet 1
EFFECTIVITY: ALL 25-2 1 -00
| Page 1060C/D
T.P. 120/1176 Jan 15/01
","[""table_or_parts_list_text_cues""]",table_ocr_table_candidate_scan,False,False
91,t_p_120_1176_p000091,00000091.tif,local_data\organization\trace_net\ocr_route_scan_pack_tesseract_full\page_images\t_p_120_1176_p000091.tif,2db6de3e538590ffc8a153fefa4407f4386e50f610e1b4dfe24b95bf64af75ed,blank_candidate,blank_candidate,high,"[""empty_or_near_empty_ocr""]",,auto_suggested_review_recommended,,0,0,0,[],,"[""empty_ocr_low_ink""]",blank_candidate_confirmation_scan,False,False
92,t_p_120_1176_p000092,00000092.tif,local_data\organization\trace_net\ocr_route_scan_pack_tesseract_full\page_images\t_p_120_1176_p000092.tif,e889d97e8a20854c34b2bb626d9880602e6dcae048f9d5f81f9ea0e6a39ce5dd,table,detailed_parts_list,high,"[""high_part_number_density"", ""detailed_parts_list_candidate""]",,needs_review,,271,2159,16,"[""120-29067-023"", ""120-29067-033"", ""120-33774-001"", ""120-36842-001"", ""120-40636-001"", ""120-40636-003"", ""120-41474-001"", ""120-41474-002"", ""120-41475-001"", ""120-41475-003"", ""120-41824-009"", ""120-41824-509"", ""120-42070-001"", ""120-42221-001"", ""120-42547-019"", ""120-45726-001""]","€& emenncr

MAINTENANCE MANUAL WITH

ILLUSTRATED PARTS LIST
AIRLINE EFF | UNITS
FIG. ITEM PART NUMBER STOCK vase EODE. FROM} PER
NUMBER TO ASSY
03 - | 120-41824-009 SINGLE PASSENGER SEAT ASSY ............ VS4956 | 064/171) REF
- | 120-41824-509 SINGLE PASSENGER SEAT ASSY ............ VS4956 | 172/999) REF
1 | 120-29067-023 . STRUCTURE, ASSY. (SEE FIGURE
25-21-00-83).... oo cccceeccceeeee eee eeeeeee naan VS4956 | 064/171 1
-2 | 120-29067-033 . STRUCTURE, ASSY. (SEE FIGURE
25-21-00-83).... oo cccceeccceeeee eee eeeeeee naan VS4956 | 172/999 1
10 | 120-33774-001 . LINING ASSY., SEAT BOTTOM................ VS4956 1
20 | 120-42221-001 . LINING ASSY., SEAT BACKREST............ VS4956 1
30 | 120-42070-001 . FOAM ASSY., SEAT BACKREST .............. VS4956 1
40 | 120-45726-001 . COVER, PLASTIC... eens VS4956 1
50 | PE915051-1-PT . SEAT BELT... ceec cece eeeeeeeeneeeeees VS4956 1
ATTACHING PARTS
60 | AN960-416L AAAS) us| lp 2
70 | AN960-416 AAAS) us| lp 2
80 | MS21042L4 Ok","[""table_or_parts_list_text_cues""]",table_ocr_table_candidate_scan,False,False
93,t_p_120_1176_p000093,00000093.tif,local_data\organization\trace_net\ocr_route_scan_pack_tesseract_full\page_images\t_p_120_1176_p000093.tif,96b08716ab2e09c0a34c31ee2b282c24c5bd0ad0acf27ed75c53bd55255218e9,table,detailed_parts_list,medium,"[""part_number_present"", ""ipl_column_terms""]",,needs_review,,84,670,1,"[""120-41824-009""]","€& emenncr

MAINTENANCE MANUAL WITH
ILLUSTRATED PARTS LIST
AIRLINE EFF | UNITS
FIG. ITEM; PARTNUMBER | STOCK Maer EODE. FROM; PER
NUMBER TO ASSY
03 ATTACHING PARTS
220 | PE1/001-3PR . PLUG, NYLON |... eee certeeereetteteeen 2
230 | MS24693-C26 SCREW... ceeceecceeereeneereeeeeneeeeetneeeenes 9g
240 | AN960-8 ~ WASHER... ceeeccceeeneeeeteteeeeteeeennrnetens 064/171 2

USAGE CODE LIST

A AIRCRAFT 120172 THRU 120308 AND
120310

B AIRCRAFT 120049, 120051, 120053 THRU 120059
AND 120077 AND ON

-ITEM NOT ILLUSTRATED
Single Passenger Seat (120-41824-009/509)

Figure 3
Sheet 3

EFFECTIVITY: ALL 25-21 -00
Page 1062

T.P. 120/1176 Sep 30/98

","[""table_or_parts_list_text_cues""]",table_ocr_table_candidate_scan,False,False
94,t_p_120_1176_p000094,00000094.tif,local_data\organization\trace_net\ocr_route_scan_pack_tesseract_full\page_images\t_p_120_1176_p000094.tif,e5a73e62d11e8aedd77ec845a823ea4e129d29ec2aa061f17d3630d7cd1bebb5,table,image_visual_diagram,medium,"[""figure_or_visual_label_signal"", ""limited_text_or_visual_route""]",,needs_review,,72,548,1,"[""120-41824-005""]","-< EMBRAER

MAINTENANCE MANUAL WITH

ILLUSTRATED PARTS LIST

50

60

60

0 |

100

80

0,

90 /

90

)

40

70 /o ee

110

S

140

QD

aa

150 (C)

20

Sy)

;

es,

Je

10

be

(

130

Ss,

170 180

OE

220

270

200

240

230

270-——

NY

2

N

G7

270

\\

a

a

280-— ;

=)

27

260°

120TP0017.MCE

Single Passenger Seat (120-41824-005/505)

Figure 4

Sheet 1

EFFECTIVITY: ALL

25-21-00

Page 1063

T.P. 120/1176

Sep 30/98
","[""table_or_parts_list_text_cues""]",table_ocr_table_candidate_scan,False,False
95,t_p_120_1176_p000095,00000095.tif,local_data\organization\trace_net\ocr_route_scan_pack_tesseract_full\page_images\t_p_120_1176_p000095.tif,54b2346051107a572f935aa3f05eab3c311fc239faf077a2e00119753ee5cc7d,table,detailed_parts_list,high,"[""high_part_number_density"", ""detailed_parts_list_candidate""]",,needs_review,,238,2017,11,"[""120-29067-025"", ""120-29067-035"", ""120-33774-001"", ""120-36842-001"", ""120-41824-005"", ""120-41824-505"", ""120-42070-001"", ""120-42221-001"", ""120-42547-019"", ""120-42660-001"", ""120-45726-001""]","€& emenncr

MAINTENANCE MANUAL WITH

ILLUSTRATED PARTS LIST
AIRLINE EFF | UNITS
FIG. ITEM| PARTNUMBER STOCK Maer EODE. FROM | PER
NUMBER TO ASSY
04 120-41824-005 SINGLE PASSENGER SEAT ASSY ............ VS4956 A REF
- | 120-41824-505 SINGLE PASSENGER SEAT ASSY ............ VS4956 | 172/999} REF
1 | 120-42660-001 . TABLE, SNACK FOLDING, ASSY
(SEE FIGURE 25-21-00-112) 0... VS4956 1
10 | 120-29067-025 . STRUCTURE, ASSY. (SEE FIGURE
25-21-00-84)... oo. ee eeeeeee eee eeeeeeeeeeeeeeeeees VS4956 A 1
-11 | 120-29067-035 . STRUCTURE, ASSY. (SEE FIGURE
25-21-00-84) ooo. eee cccceeeceeeeeeeeeeeeeees VS4956 | 172/999 1
20 | 120-33774-001 . LINING ASSY., SEAT BOTTOM................. VS4956 1
30 | 120-42221-001 . LINING ASSY., SEAT BACKREST............ VS4956 1
40 | 120-42070-001 . FOAM ASSY., SEAT BACKREST ............... VS4956 1
50 | 120-45726-001 . COVER, PLASTIC.........cccecceeeeeseeeeeeeees VS4956 B 1
60 | PE915051-1-PT SEAT BELT... ecccccessnenetstseeeeeneees VS4956 1
AT","[""table_or_parts_list_text_cues""]",table_ocr_table_candidate_scan,False,False
96,t_p_120_1176_p000096,00000096.tif,local_data\organization\trace_net\ocr_route_scan_pack_tesseract_full\page_images\t_p_120_1176_p000096.tif,ac4ab12b4a86fba23b053f402e4b6c063124b0807e881ebb7901d88a6b54a438,table,detailed_parts_list,high,"[""high_part_number_density"", ""detailed_parts_list_candidate""]",,needs_review,,240,1727,9,"[""120-37313-001"", ""120-40636-001"", ""120-41208-001"", ""120-41474-001"", ""120-41474-002"", ""120-41475-001"", ""120-41475-003"", ""120-41824-005"", ""120-47462-001""]","€& emenncr

MAINTENANCE MANUAL WITH
ILLUSTRATED PARTS LIST
AIRLINE EFF | UNITS
FIG. ITEM PART NUMBER STOCK vase EODE. FROM} PER
NUMBER TO ASSY
04 200} 120-37313-001 . HOLDER, MAGAZINE... VS4956 1
ATTACHING PARTS
-205| 1002-F . FASTENER BUTTON, MALE. .............000..... E0752?1 4
-206] AN960-3L A/c) | ml p A 2
-207| H14-04 A NO nn V15653 A 2
-208] MS24693-C5 . SCREW... ccecccc ee ceeceeeeeaeeesesaaeeeneaas 2
210} AM03078-22 » ASHTRAY ooo. cece cccc cee eeeceeeeesaaesereaneeseaas E065846 C 1
-211| AM03078-30 » ASHTRAY ooo ccc cccec ccc ee cee ceeeeeee eee eereaneenenad E065846 D 1
220] 120-40636-001 . LINING ASSY, - ARMREST.......00.0000000... VS4956 2
230} 120-41474-001 . COVER, TRIM, REAR-FIXED ARMREST... VS4956 1
-231| 120-41474-002 . COVER, TRIM, REAR-FIXED ARMREST... VS4956 1
240} 120-41475-003 . COVER, TRIM, FRONT......00.0000 ee VS4956 1
-241| 120-41475-001 . COVER, TRIM, FRONT......00..00 ee VS4956 1
250} 120-47462-001 . COVER, LATCH, SNACK TABLE ASSY
(SEE ","[""table_or_parts_list_text_cues""]",table_ocr_table_candidate_scan,False,False
97,t_p_120_1176_p000097,00000097.tif,local_data\organization\trace_net\ocr_route_scan_pack_tesseract_full\page_images\t_p_120_1176_p000097.tif,28370c9c9c56162f36c813392c0b074c5419f584695f9dc2d7a9acd7051c4b18,table,image_visual_diagram,medium,"[""figure_or_visual_label_signal"", ""limited_text_or_visual_route""]",,needs_review,,88,480,1,"[""120-41824-007""]","-< EMBRAER
MAINTENANCE MANUAL WITH
ILLUSTRATED PARTS LIST
.~ \\ N
DW», ~
140 mw) 20
(B) SS 30
E
50 50 NN
0
io Ma 70 ©) EE (A)
90 \ K / B 200 oy
80 et
60 J A aL <Z
SEI
ss ig ©
130 Pex""
S 10 />
eee ox
le4 ©
(( 120
190
100 80 200 Ac .
210 | » J | ~—e (A)
240 — SY
540 — | Ri (B) BEG
250~,
250 — ; / a
240
230 ©
120TP250018.MCE
Single Passenger Seat (120-41824-007/507)
Figure 5
Sheet 1
EFFECTIVITY: ALL
25 21 00 Page 1066
T.P. 120/1176 Sep 30/98
","[""table_or_parts_list_text_cues""]",table_ocr_table_candidate_scan,False,False
98,t_p_120_1176_p000098,00000098.tif,local_data\organization\trace_net\ocr_route_scan_pack_tesseract_full\page_images\t_p_120_1176_p000098.tif,eaf296f476d37c9530542182554c664a940e0d3a48ffd75b373f1a05303972ca,table,detailed_parts_list,high,"[""high_part_number_density"", ""detailed_parts_list_candidate""]",,needs_review,,244,2002,13,"[""120-29067-027"", ""120-29067-037"", ""120-33774-001"", ""120-36842-001"", ""120-37313-001"", ""120-40636-001"", ""120-40636-003"", ""120-41474-001"", ""120-41824-007"", ""120-41824-507"", ""120-42070-001"", ""120-42221-001"", ""120-45726-001""]","€ emennce

MAINTENANCE MANUAL WITH

ILLUSTRATED PARTS LIST
AIRLINE EFF | UNITS
FIG. ITEM| PARTNUMBER STOCK aaa CODE. FROM | PER
NUMBER TO ASSY
05 - | 120-41824-007 SINGLE PASSENGER SEAT ASSY ............ VS4956 A REF
- | 120-41824-507 SINGLE PASSENGER SEAT ASSY ............ VS4956 | 172/999} REF
1 | 120-29067-027 . STRUCTURE, ASSY. (SEE FIGURE
29-21-00-85) oo ccc cece eee eeeteteteeeeees VS4956 A 1
-2 | 120-29067-037 . STRUCTURE, ASSY. (SEE FIGURE
29-21-00-85) ooo cece cece eeteeeeeeeeeees VS4956 | 172/999 1
10 | 120-33774-001 . LINING ASSY., SEAT BOTTOM................ VS4956 1
20 | 120-42221-001 . LINING ASSY., SEAT BACKREST............ VS4956 1
30 | 120-42070-001 . FOAM ASSY., SEAT BACKREST ............... VS4956 1
40 | 120-45726-001 . COVER, PLASTIC... cceeeeseeeeeeees VS4956 B 1
50 | PE915051-1-PT / SEAT BELT... cc ccccccccesseesttteeeeeneees VS4956 1
ATTACHING PARTS
60 | AN960-416L AV ANS) | =] 5 Oe 2
70 | AN960-416 AV ANS) | =] 5 Oe 2
80 | MS21042L4 NUT oo ","[""table_or_parts_list_text_cues""]",table_ocr_table_candidate_scan,False,False
99,t_p_120_1176_p000099,00000099.tif,local_data\organization\trace_net\ocr_route_scan_pack_tesseract_full\page_images\t_p_120_1176_p000099.tif,2c6c089a958410c067a23ad04b4bcac6ced2209a2c9a932b4bce498279a2890f,table,detailed_parts_list,medium,"[""part_number_present"", ""ipl_column_terms""]",,needs_review,,123,999,4,"[""120-41475-001"", ""120-41475-003"", ""120-41824-007"", ""120-42547-019""]","€ emennce

MAINTENANCE MANUAL WITH
ILLUSTRATED PARTS LIST

AIRLINE EFF | UNITS
FIG. ITEM| PARTNUMBER | STOCK ease eODE. FROM} PER
NUMBER TO ASSY

05 200 | 120-41475-001 . COVER, TRIM, FRONT .............::eeeee VS4956 1

210 | 120-41475-003 . COVER, TRIM, FRONT .............::eeeee VS4956 1

220 | 120-42547-019 SECTION , PVC 20... eeccecrereeerteteetteeeeen VS4956 1

ATTACHING PARTS

230 | PE1/001-3PR . PLUG, NYLON ........eeeeeeererceetteetteteten
240 | MS24693-C26 SCREW... eee ccecceeeecereeetereeensereeesneeereees 9g
250 | AN960-8 ~ WASHER... ecceceeeceeceetereeeetereeeeteeeeenes A 2

USAGE CODE LIST

A AIRCRAFT 120049 THRU 120051 AND
120053 THRU 120171

B AIRCRAFT 120172 THRU 120308 AND
120310

C AIRCRAFT 120049, 120051, 120053
THRU 120059 AND 120077 AND ON

D AIRCRAFT 120050, 120060 AND ON

-ITEM NOT ILLUSTRATED

Single Passenger Seat (120-41824-007/507)
Figure 5
Sheet 3

EFFECTIVITY: ALL 25-2 1 -00
Page 1068

T.P. 120/1176 Jul 30/02

","[""table_or_parts_list_text_cues""]",table_ocr_table_candidate_scan,False,False
100,t_p_120_1176_p000100,00000100.tif,local_data\organization\trace_net\ocr_route_scan_pack_tesseract_full\page_images\t_p_120_1176_p000100.tif,dc59f3cd62839043fb35f17aff6d19c998a666bd727b92a51aedf2baa240bcc6,table,image_visual_diagram,medium,"[""figure_or_visual_label_signal"", ""limited_text_or_visual_route""]",,needs_review,,94,506,2,"[""120-41824-297"", ""120-61547-507""]","-< EMBRAER
MAINTENANCE MANUAL WITH
ILLUSTRATED PARTS LIST
~~ 40
“S>
S
190 »\\ 20
W
@ | XX.
50 50 NN pe
7
° &b \ / rn’, /
ng ip
80 Ly S>
60 ob a Pg ZY SB
QD [SF
LO
130 a
SX ""0 yy Ye
VFO weRS
‘oe 140 SS (C)
((— 160
\ 120
220 230
ZS 240 | 3
250 fF | SS
: 270 NY
270 o (B) 6 oS
|
a | =
280 4 7 270
270 260”
260 —°
120CMM251006.MCE
Single Passenger Seat (120-61547-507 and 120-41824-297/343)
Figure 5A
Sheet 1
EFFECTIVITY: ALL
25 21 00 Page 1068A
T.P. 120/1176 Jan 15/01
","[""table_or_parts_list_text_cues""]",table_ocr_table_candidate_scan,False,False
101,t_p_120_1176_p000101,00000101.tif,local_data\organization\trace_net\ocr_route_scan_pack_tesseract_full\page_images\t_p_120_1176_p000101.tif,5cc1b430fe8314fcc95fefda7d235f2acfcf1e5f95ba8bf34748e38a52c4a3c0,table,detailed_parts_list,high,"[""high_part_number_density"", ""detailed_parts_list_candidate""]",,needs_review,,256,2096,12,"[""120-29067-037"", ""120-33774-505"", ""120-36842-001"", ""120-37314-001"", ""120-41824-297"", ""120-41824-343"", ""120-42070-001"", ""120-42221-511"", ""120-42221-537"", ""120-42547-019"", ""120-45726-001"", ""120-61547-507""]","€& emenncr

MAINTENANCE MANUAL WITH

ILLUSTRATED PARTS LIST
AIRLINE EFF | UNITS
FIG. ITEM PART NUMBER STOCK voter eODE. FROM | PER
NUMBER TO ASSY
O5A - | 120-61547-507 SINGLE PASSENGER SEAT ASSY ............ VS4956 | 302/999} REF
- | 120-41824-343 SINGLE PASSENGER SEAT ASSY ............ VS4956 | 302/312} REF
- | 120-41824-297 SINGLE PASSENGER SEAT ASSY ............ VS4956 | 313/999} REF
1 | 120-29067-037 . STRUCTURE, ASSY. (SEE FIGURE
29-21-00-85) ooo cece cece eee eee eee e ee ee eee VS4956 | 302/999 1
10 | 120-337 74-537 . LINING ASSY., SEAT BOTTOM................ VS$4956 | 302/312 1
-11 | 120-33774-505 . LINING ASSY., SEAT BOTTOM................ VS4956 | 313/999 1
-12 | 120-37314-001 A od WN OT | 4 D ee VS4956 | 302/312 1
20 | 120-42221-537 . LINING ASSY., SEAT BACKREST............. VS$4956 | 302/312 1
-21 | 120-42221-511 . LINING ASSY., SEAT BACKREST............ VS4956 | 313/999 1
30 | 120-42070-001 . FOAM ASSY., SEAT BACKREST ............... VS4956 1
40 | 120-45","[""table_or_parts_list_text_cues""]",table_ocr_table_candidate_scan,False,False
102,t_p_120_1176_p000102,00000102.tif,local_data\organization\trace_net\ocr_route_scan_pack_tesseract_full\page_images\t_p_120_1176_p000102.tif,64b82016563971cf768921ea0aeceabb94748eda7386357f1ec31badb6d71217,table,detailed_parts_list,high,"[""high_part_number_density"", ""detailed_parts_list_candidate""]",,needs_review,,155,1501,9,"[""120-37313-505"", ""120-37313-535"", ""120-40636-001"", ""120-40636-003"", ""120-41474-001"", ""120-41475-001"", ""120-41475-003"", ""120-41824-297"", ""120-61547-507""]","€& emenncr

MAINTENANCE MANUAL WITH

ILLUSTRATED PARTS LIST
AIRLINE EFF | UNITS
FIG. ITEM | PARTNUMBER | STOCK ase eODE. FROM| PER
NUMBER TO | ASSY
05A 180 | MS24693-C5 SCREW oooeeccceeeccceessescteessttttesinitesnsn 3
190 | 120-37313-535 HOLDER, MAGAZINE ......ccccscccccccesceeeeeeee VS4956 | 302/312] 1
-191 | 120-37313-505 / HOLDER, MAGAZINE .......ccccccccccesceeeeeeen VS4956 | 313/999] 1
ATTACHING PARTS
-195 | 1002-F FASTER BUTTON, MALE o...eecccccccecccee 2
-196 | MS24693-C5 SCREW ooocceccccccsssssseesssssseessvsteseeesstnnesenenees 2
-197 | AN960-6L BAS) = 5 2
198 | H14-06 NUT oeccccccsssssseessssssnsesestteessesvenesereveneeseeeeees 2
200 | AM03078-30 ASHTRAY ooo ccssssseseessosseessesstnesensneeesevenees E065846 1
210 | 120-40636-001 LINING ASSY., ARMREST ........000.cc0000 VS4956 1
220 | 120-40636-003 LINING ASSY., ARMREST ........000.cc0000 VS4956 1
230 | 120-41474-001 _ COVER, TRIM, REAR-FIXED ARMREST.. VS4956 1
240 | 120-41475-001 COVER, TRIM, FRONT oo..","[""table_or_parts_list_text_cues""]",table_ocr_table_candidate_scan,False,False
103,t_p_120_1176_p000103,00000103.tif,local_data\organization\trace_net\ocr_route_scan_pack_tesseract_full\page_images\t_p_120_1176_p000103.tif,74dc4dac9efd598a63ec94642dfd98b4a1ef6bda276fe464a5ae2785838cec8d,blank_candidate,blank_candidate,high,"[""empty_or_near_empty_ocr""]",,auto_suggested_review_recommended,,0,0,0,[],,"[""empty_ocr_low_ink""]",blank_candidate_confirmation_scan,False,False
104,t_p_120_1176_p000104,00000104.tif,local_data\organization\trace_net\ocr_route_scan_pack_tesseract_full\page_images\t_p_120_1176_p000104.tif,90a8ffea48739e1193f05b92d35b804cae1ced526e632b15174c737af9ac67fe,table,image_visual_diagram,medium,"[""figure_or_visual_label_signal"", ""limited_text_or_visual_route""]",,needs_review,,67,380,1,"[""120-61381-001""]","-< ENMIBRAER
MAINTENANCE MANUAL WITH
ILLUSTRATED PARTS LIST
50
60 60
ee 30
100 Fo
90 / ; , (D) ® SS .
80 70 “Pe
* \ oN
SE CB
10 150 © y / (A)
1a ee 4p Le
Ow a, EZ
< < &, S
J. © Zr
160 170
(B 200 10 270
230 aN aX 590 | db
| 120TP250019.MCE
Single Passenger Seat (120-61381-001)
Figure 6
Sheet 1
EFFECTIVITY: ALL 25-21 -00 nage 1068
T.P. 120/1176 Sep 30/98
","[""table_or_parts_list_text_cues""]",table_ocr_table_candidate_scan,False,False
105,t_p_120_1176_p000105,00000105.tif,local_data\organization\trace_net\ocr_route_scan_pack_tesseract_full\page_images\t_p_120_1176_p000105.tif,d6b387f0d300288ce3109a81d79d8719d4620d2b300525643b57bc4e7a4095af,table,detailed_parts_list,high,"[""high_part_number_density"", ""detailed_parts_list_candidate""]",,needs_review,,221,1758,11,"[""120-29067-029"", ""120-33774-001"", ""120-36842-001"", ""120-37313-001"", ""120-41824-007"", ""120-42070-001"", ""120-42221-001"", ""120-42547-019"", ""120-45726-001"", ""120-61381-001"", ""120-61410-001""]","€& emenncr

MAINTENANCE MANUAL WITH

ILLUSTRATED PARTS LIST
AIRLINE EFF | UNITS
FIG. ITEM PART NUMBER STOCK Maer EODE. FROM PER
NUMBER TO ASSY
06 - | 120-61381-001 SINGLE PASSENGER SEAT ASSY ............ VS4956 | 304/999] REF
1 |120-61410-001 . TABLE, SNACK FOLDING, ASSY
(SEE FIGURE 25-21-00-113)........... VS4956 1
10 | 120-29067-029 . STRUCTURE, ASSY. (SEE FIGURE
25-21-00-80) ooo... ccc cc cece cececce ease eeeeeees VS4956 1
20 | 120-33774-001 . LINING ASSY., SEAT BOTTOM................ VS4956 1
30 | 120-42221-001 . LINING ASSY., SEAT BACKREST ............ VS4956 1
40 | 120-42070-001 . FOAM ASSY., SEAT BACKREST .............. VS4956 1
50 | 120-45726-001 . COVER, PLASTIC... eee VS4956 A 1
60 | PE915051-1-PT ~. SEAT BELT... 0... ccc cece cece ccc ccceccecccucceuceeecenecs VS4956 1
ATTACHING PARTS
70 |NAS1149C0432R ~ WASHER. 2... occ cece cccccccccccncceceeeccetececceeceaces 4
80 |MS21042L4 A ee 2
90 | PE64005-1 ~ BUSHING 0.0... cc cc ccc cccceeccsececececeeuccecceu","[""table_or_parts_list_text_cues""]",table_ocr_table_candidate_scan,False,False
106,t_p_120_1176_p000106,00000106.tif,local_data\organization\trace_net\ocr_route_scan_pack_tesseract_full\page_images\t_p_120_1176_p000106.tif,d3cdb8a3e8187e2d941da2c85da585dd1eb29204de79e70d8deb8a67eff4a69e,table,detailed_parts_list,medium,"[""part_number_present"", ""ipl_column_terms""]",,needs_review,,159,1289,6,"[""120-40636-001"", ""120-41474-001"", ""120-41474-002"", ""120-41475-001"", ""120-41824-007"", ""120-47462-001""]","€& emenncr

MAINTENANCE MANUAL WITH
ILLUSTRATED PARTS LIST
AIRLINE EFF | UNITS
FIG. ITEM| PARTNUMBER STOCK vase EODE. FROM | PER
NUMBER TO ASSY
06 ATTACHING PARTS
-195 | 1002-F . FASTENER BUTTON, MALE.................02. E075221 2
-196 | AN960C3 © WASHER ..... eee ccccccccecceececeetststseasaeeeeeeees 2
-197 | H42-04 NUT ccc cece cece eeeeeeeee eee seaaaaaa ene eeeeee 2
-198 |MS24693-C5 1 Od at || ee 2
200 | 120-40636-001 . LINING ASSY., ARMREST... VS4956 2
210 | 120-41474-001 . COVER, TRIM, REAR-FIXED ARMREST.. VS4956 1
-211 | 120-41474-002 . COVER, TRIM, REAR-FIXED ARMREST.. VS4956 1
220 | 120-41475-001 . COVER, TRIM, FRONT...............c0c eee VS4956 2
230 | 120-47462-001 . COVER, LATCH, SNACK TABLE ASSY
(SEE FIGURE 25-21-00-113) 0.0... VS4956 1
ATTACHING PARTS
240 | PE17001-3PR PLUG, NYLON o.oo... cece tteeeeeneees 2
250 | NAS1096-1-8 SCREW 20... occ cccceecccetteceeeeeeeeeseeeeennenneaes 2
260 | AN960-C8 WASHER ........0cccccccccccceeceeeeceessssttsessaaeeeee","[""table_or_parts_list_text_cues""]",table_ocr_table_candidate_scan,False,False
107,t_p_120_1176_p000107,00000107.tif,local_data\organization\trace_net\ocr_route_scan_pack_tesseract_full\page_images\t_p_120_1176_p000107.tif,eba8c3201393f77a6ad507869916d23f004e24aead7ab2c4f52a42986ee3a266,table,image_visual_diagram,medium,"[""figure_or_visual_label_signal"", ""limited_text_or_visual_route""]",,needs_review,,68,504,1,"[""120-61381-501""]","-< EMBRAER

MAINTENANCE MANUAL WITH

ILLUSTRATED PARTS LIST

40

20

80

Ih

50

I

QO @

30

60 of!

50

oP

4 \

90

SZ

1B

9 100 «| y

<“Sos

Zz

10

Rp

JS

120 110

160

170

230

190

180

Q

\

230-——

230

\\

Q

a

150

<_

aL

a

200 4

210

200

120CMM251001.MCE

Single Passenger Seat (120-61381-501)

Figure 6A

Sheet 1

EFFECTIVITY: ALL

25-21-00

Page 1072

T.P. 120/1176

Jan 15/01
","[""table_or_parts_list_text_cues""]",table_ocr_table_candidate_scan,False,False
108,t_p_120_1176_p000108,00000108.tif,local_data\organization\trace_net\ocr_route_scan_pack_tesseract_full\page_images\t_p_120_1176_p000108.tif,04553b5379814d956d91a5e1ce123f5379ad60bb7ce701c21eb21a4f31a1dd32,table,detailed_parts_list,high,"[""high_part_number_density"", ""detailed_parts_list_candidate""]",,needs_review,,223,1932,9,"[""120-29067-029"", ""120-37313-001"", ""120-37314-001"", ""120-42070-001"", ""120-49362-001"", ""120-61381-007"", ""120-61381-501"", ""120-61410-001"", ""120-63349-001""]","€& emenncr

MAINTENANCE MANUAL WITH

ILLUSTRATED PARTS LIST
AIRLINE EFF | UNITS
FIG. ITEM PART NUMBER STOCK ase eODE. FROM | PER
NUMBER TO ASSY
O6A - | 120-61381-501 SINGLE PASSENGER SEAT ASSY ............ VS4956 | 339/999] REF
1 | 120-29067-029 . STRUCTURE, ASSY. (SEE FIGURE
25-21-00-80) oo... c cece eee eetteeeeeees VS4956 1
10 | 120-49362-001 . LINING ASSY., SEAT BOTTOM................. VS4956 1
-11 | 120-37314-001 © PLACARD. 0... cccccccccccccccencestttsteeseeeeeeneees VS4956 1
20 | 120-63349-001 . LINING ASSY., SEAT BACKREST............ VS4956 1
30 | 120-42070-001 . FOAM ASSY., SEAT BACKREST .............. VS4956 1
40 | PE915051-1-PT / SEAT BELT o......cccccceccccceeeeeeeeeseeesntneneees VS4956 1
ATTACHING PARTS
50 | AN960-416 WASHER ...........ccccceecceeecssteeeeeeeeeeeeeeeeesnnneniees 4
60 | MS21042L4 NUT oo. ceeeeeceeeeeeeeeeeeeeeeeeeeeeeeeeeeeeeeeeeeaaaes 2
70 | PE64005-1 SS) OLS) | C re VS4956 2
80 | AN4-22A BOLT ooo... cccccccccceeecesteteeeeeeeeeeeeeese","[""table_or_parts_list_text_cues""]",table_ocr_table_candidate_scan,False,False
109,t_p_120_1176_p000109,00000109.tif,local_data\organization\trace_net\ocr_route_scan_pack_tesseract_full\page_images\t_p_120_1176_p000109.tif,b94ebbe42ab10c7477bb8579990dff61dba9f9b0271602f2b208510d6d933c56,table,detailed_parts_list,high,"[""multiple_part_numbers"", ""ipl_column_terms""]",,needs_review,,119,1007,6,"[""120-40636-001"", ""120-41474-001"", ""120-41474-002"", ""120-41475-001"", ""120-61381-501"", ""120-61610-001""]","€& emenncr

MAINTENANCE MANUAL WITH
ILLUSTRATED PARTS LIST
AIRLINE EFF | UNITS
FIG. ITEM PART NUMBER STOCK Maer EODE. FROM PER
NUMBER TO ASSY
O6A 160 | 120-61610-001 . COVER, LATCH, SNACK TABLE ASSY

(SEE FIGURE 25-21-00-113)........... VS4956 1

170 | 120-40636-001 . LINING ASSY., ARMREST....0....c. VS4956 2

180 | 120-41474-001 . COVER, TRIM, REAR-FIXED ARMREST. VS4956 1

-181 | 120-41474-002 . COVER, TRIM, REAR-FIXED ARMREST. VS4956 1

190 | 120-41475-001 . COVER, TRIM, FRONT ........00.0 ee. VS4956 2

ATTACHING PARTS

200 |PE17001-3PR PLUG, NYLON Looe cee cere aes VS4956 2

210 | NAS1096-1-8 SCREW. .0.....cccccccccccccccccccceccceuceueceneeuneeeceeaes 2

220 | AN960-C8 WASHER o.oo .. ccc ccccccceccceccucccucecuceusecuseeuseraees 2

230 |MS24693-C26 SCREW . oo... cc cccccccccccccceccccceccccuccueceuceseeecenass 7

-ITEM NOT ILLUSTRATED
Single Passenger Seat (120-61381-501)
Figure 6A
Sheet 3
EFFECTIVITY: ALL 25-21 -00
Page 1072B
T.P. 120/1176 Jan 15","[""table_or_parts_list_text_cues""]",table_ocr_table_candidate_scan,False,False
110,t_p_120_1176_p000110,00000110.tif,local_data\organization\trace_net\ocr_route_scan_pack_tesseract_full\page_images\t_p_120_1176_p000110.tif,f4ec03bdfb4a9e469f1049755f06c220e299c458e375ab67199d7acef1909850,table,image_visual_diagram,medium,"[""figure_or_visual_label_signal"", ""limited_text_or_visual_route""]",,needs_review,,75,558,1,"[""120-61381-003""]","-< EMBRAER

MAINTENANCE MANUAL WITH

ILLUSTRATED PARTS LIST

50

60

100

lI:

Y.

yp

80

40

70

90

110

<>

<P 280

 B

230

130

180 150 oy, yy.

>

QQ

i]

y/)

CNS

140 (C)

es.

r—

Bp

(

120

160

170

240

200

210

280

220

280

a

N

es

280

190

\

a

270 4

Q

al)

260‘

250

120TP0020.MCE

SINGLE PASSENGER SEAT (120-61381-003)

Figure 7

Sheet 1

EFFECTIVITY: ALL

25-21-00

Page 1072C/D

|

T.P. 120/1176

Jan 15/01
","[""table_or_parts_list_text_cues""]",table_ocr_table_candidate_scan,False,False
111,t_p_120_1176_p000111,00000111.tif,local_data\organization\trace_net\ocr_route_scan_pack_tesseract_full\page_images\t_p_120_1176_p000111.tif,0c731747dab1ab6fa030af2b1fe75c17ea160e90cf8c7cd76d18e55eb7a21721,blank_candidate,blank_candidate,high,"[""empty_or_near_empty_ocr""]",,auto_suggested_review_recommended,,0,0,0,[],,"[""empty_ocr_low_ink""]",blank_candidate_confirmation_scan,False,False
112,t_p_120_1176_p000112,00000112.tif,local_data\organization\trace_net\ocr_route_scan_pack_tesseract_full\page_images\t_p_120_1176_p000112.tif,dabb2f9efc0f276e1a5118dd092ad9d536e2759c3b62dce079503f1bfd3a6c85,table,detailed_parts_list,high,"[""high_part_number_density"", ""detailed_parts_list_candidate""]",,needs_review,,203,1981,10,"[""120-29067-031"", ""120-33774-001"", ""120-36842-001"", ""120-37313-001"", ""120-42070-001"", ""120-42221-001"", ""120-42547-019"", ""120-45726-001"", ""120-61381-003"", ""120-61410-001""]","€& emenncr

MAINTENANCE MANUAL WITH

ILLUSTRATED PARTS LIST
AIRLINE EFF | UNITS
FIG. ITEM| PARTNUMBER | STOCK vase EODE. FROM| PER
NUMBER To | ASSY
07 - | 120-61381-003 SINGLE PASSENGER SEAT ASSY ............. VS4956 | 304/999| REF
1 | 120-61410-001 _ TABLE, SNACK FOLDING, ASSY
(SEE FIGURE 25-21-00-113) .....ccccccccce VS4956 1
10 | 120-29067-031 . STRUCTURE, ASSY. (SEE FIGURE
25-21-00-81) o.oo ccecccecccssssesesesesstetteessenneeenee VS4956 1
20 | 120-33774-001 LINING ASSY., SEAT BOTTOM......0.....0. VS4956 1
30 | 120-42221-001 LINING ASSY., SEAT BACKREST............. VS4956 1
40 | 120-42070-001 . FOAM ASSY., SEAT BACKREST 0.0.0... VS4956 1
50 | 120-45726-001 COVER, PLASTIC .......ccccccccscsc cece vs4956| A 1
60 | PE915051-1-PT SEAT BELT occccccccccccccescssseeseseseneeeesteneeeeee VS4956 1
ATTACHING PARTS
70 |NAS1149C0432R / WASHER 0. escessccssseseeessveteeessesteneecesetneeeee 4
80 | MS21042L4 NUT cos cecsssseeessessieeessssteessesveneessevineeeesenneeseen 2
9","[""table_or_parts_list_text_cues""]",table_ocr_table_candidate_scan,False,False
113,t_p_120_1176_p000113,00000113.tif,local_data\organization\trace_net\ocr_route_scan_pack_tesseract_full\page_images\t_p_120_1176_p000113.tif,f8f7dd2428cb36c722ab5aaf1c00906e8791660cb81b4fdf5f2b2116dc12dd72,table,detailed_parts_list,medium,"[""part_number_present"", ""ipl_column_terms""]",,needs_review,,163,1528,7,"[""120-40636-001"", ""120-41474-002"", ""120-41475-001"", ""120-41784-001"", ""120-47462-001"", ""120-61381-003"", ""120-61610-001""]","€& emenncr

USAGE CODE LIST

A AIRCRAFT 120304 THRU 120308 AND
120310

MAINTENANCE MANUAL WITH
ILLUSTRATED PARTS LIST
AIRLINE EFF | UNITS
FIG. ITEM| PARTNUMBER | STOCK Maer EODE. FROM| PER
NUMBER To | ASSY
07 ATTACHING PARTS
-195 | 1002-F . FASTENER BUTTON, MALE...0....-.ccccsece E075221 2
-196 | AN960C3 WASHER. cesses cesssssseesseseseetecestneseeventeee 2
-197 |H42-04 NUT occ cccseseseessssssseeessesteeesessneesenveneeseveeess 2
-198 |MS24693-C5 SCREW. oeeccsccssssssseessossesssesseteessstnseesvneeen 2
200 | 120-40636-001 LINING ASSY., ARMREST .......000::cccce- VS4956 1
210 | 120-41474-002 _ COVER, TRIM, REAR-FIXED ARMREST. VS4956 1
220 | 120-41475-001 COVER, TRIM, FRONT oo...cccccccccsscneeeeee VS4956 1
230 | 120-41784-001 COVER, TRIM, LATERAL .......ccccccssccceceen VS4956 1
240 | 120-47462-001 COVER, LATCH, SNACK TABLE ASSY
(SEE FIGURE 25-21-00-113) .....00cceeccccee VS4956 | 304/315] 1
-241 | 120-61610-001 COVER, LATCH, SNACK TABLE ASSY
(SEE FIGURE 25-21-","[""table_or_parts_list_text_cues""]",table_ocr_table_candidate_scan,False,False
114,t_p_120_1176_p000114,00000114.tif,local_data\organization\trace_net\ocr_route_scan_pack_tesseract_full\page_images\t_p_120_1176_p000114.tif,7855c2575a14fcb6d467e296a6b0ab9affe1ff919bed5719a0bbefc71b1dbc04,table,image_visual_diagram,medium,"[""figure_or_visual_label_signal"", ""limited_text_or_visual_route""]",,needs_review,,80,434,1,"[""120-61381-005""]","-<€ EMBRAER
MAINTENANCE MANUAL WITH
ILLUSTRATED PARTS LIST
40
50
50
hs 20
90
60 5 * (A) 40
0 60 is
80 | NN
100
sé
170 40 © / / (A)
; 3 ©
LOY
10 A
AAU
ww (8)
120 150
160
WY. © SE
S/ 130 Ee bso
SY \/S von = 190 y
(/ 110 y ; aN, ae
0S S  @
ae
OO
230 —“f
220-~“&
210 —
120TP250021.MCE
Single Passenger Seat (120-61381-005)
Figure 8
Sheet 1
EFFECTIVITY: ALL
25 21 00 Page 1075
T.P. 120/1176 Sep 30/98
","[""table_or_parts_list_text_cues""]",table_ocr_table_candidate_scan,False,False
115,t_p_120_1176_p000115,00000115.tif,local_data\organization\trace_net\ocr_route_scan_pack_tesseract_full\page_images\t_p_120_1176_p000115.tif,198bb5083328b9982d81272323ce0e7139ee32fe22a57c509b52ba81de6e630c,table,detailed_parts_list,high,"[""high_part_number_density"", ""detailed_parts_list_candidate""]",,needs_review,,200,1670,8,"[""120-29067-033"", ""120-33774-001"", ""120-36842-001"", ""120-42070-001"", ""120-42221-001"", ""120-42547-019"", ""120-45726-001"", ""120-61381-005""]","€ emennce

MAINTENANCE MANUAL WITH

ILLUSTRATED PARTS LIST
AIRLINE EFF | UNITS
FIG. ITEM| PARTNUMBER STOCK ease eODE. FROM | PER
NUMBER TO ASSY
08 - | 120-61381-005 SINGLE PASSENGER SEAT ASSY............ VS4956 | 304/999} REF
1 | 120-29067-033 . STRUCTURE, ASSY. (SEE FIGURE
25-21-00-83) 2000. eee cee cceceeeeeeeeeeeeeeeeeees VS4956 1
10 | 120-33774-001 . LINING ASSY., SEAT BOTTOM................ VS4956 1
20 | 120-42221-001 . LINING ASSY., SEAT BACKREST............ VS4956 1
30 | 120-42070-001 . FOAM ASSY., SEAT BACKREST .............. VS4956 1
40 | 120-45726-001 . COVER, PLASTIC... cceeeeeeeeeeeeeees VS4956 A 1
50 | PE915051-1-PT / SEAT BELT... ccccceccscnsssseesseeeeeeeees VS4956 1
ATTACHING PARTS
60 | NAS1149C0432R WASHER ...........ccccccceeeeeceeseeeeeeeeeeeeeeennnneniees 4
70 |MS21042L4 NUT ooo eee cee cccceeeeceeeeeeeeeeeeeeeeeeeee eae aeaaeaaes 2
80 | PE64005-1 BUSHING 000. ccccceteteeeeeeeeeeeeeeeee es 2
90 | AN4-22A 3] ©) Et cere 1
100 | AN4-6A 5] ©) Et cre","[""table_or_parts_list_text_cues""]",table_ocr_table_candidate_scan,False,False
116,t_p_120_1176_p000116,00000116.tif,local_data\organization\trace_net\ocr_route_scan_pack_tesseract_full\page_images\t_p_120_1176_p000116.tif,b4b11807b6f4957d1377a98d4c1114451b129acde5c9e09c7c150f2509eadcde,table,detailed_parts_list,medium,"[""part_number_present"", ""ipl_column_terms""]",,needs_review,,110,897,5,"[""120-40636-001"", ""120-41474-001"", ""120-41474-002"", ""120-41475-001"", ""120-61381-005""]","€& emenncr

MAINTENANCE MANUAL WITH
ILLUSTRATED PARTS LIST
AIRLINE EFF | UNITS
FIG. ITEM| PARTNUMBER STOCK edger eODE. FROM | PER
NUMBER TO ASSY
08 180 | 120-40636-001 . LINING ASSY., ARMREST ..............000ee VS4956 2
190 | 120-41474-001 . COVER, TRIM, REAR-FIXED ARMREST.. VS4956 1
-191 | 120-41474-002 . COVER, TRIM, REAR-FIXED ARMREST.. VS4956 1
200 | 120-41475-001 . COVER, TRIM, FRONT................ccceeeeees VS4956 2
ATTACHING PARTS
210 | PE17001-3PR PLUG, NYLON... cccceeceeettseeeeeeeeees 2
220 | NAS1096-1-8 SCREW ooo. ccccccccccccceccceseesscsstsseeeaaeeees 2
230 | AN960-C8 AAV ANS) | =] 2
240 | MS24693-C26 SCREW ooo. ccccccccceccescstestssseaseaneeeeeees 4
USAGE CODE LIST
A AIRCRAFT 120304 THRU 120308 AND
120310
-ITEM NOT ILLUSTRATED
Single Passenger Seat (120-61381-005)
Figure 8
Sheet 3
EFFECTIVITY: ALL 25-2 1 -00
Page 1077
T.P. 120/1176 Jan 15/01
","[""table_or_parts_list_text_cues""]",table_ocr_table_candidate_scan,False,False
117,t_p_120_1176_p000117,00000117.tif,local_data\organization\trace_net\ocr_route_scan_pack_tesseract_full\page_images\t_p_120_1176_p000117.tif,d0c6287da7c7e15dbd60bc6d1ab92b20b9eaa4aa0ae59a698cec24542e566bd9,table,image_visual_diagram,medium,"[""figure_or_visual_label_signal"", ""limited_text_or_visual_route""]",,needs_review,,93,545,2,"[""120-41824-217"", ""120-61547-501""]","-< EMBRAER
MAINTENANCE MANUAL WITH
ILLUSTRATED PARTS LIST
~~ 40
“Ss
S
190 _ / 20
@ | XX.
if
x , © SE BS
90 of, \ \ +10 150 C7? dL
a
80 L-7 BesS>
°° ob 480 a KZ
QD SF
- gO)
130 \ a
* ® yy ee
VGO wR
loos Me
SS se 170
(~~ 160
. 120
OD a \ .
210 270 230
ZSe 220 | 240 | A
“ SF A ws ) | Ry
ow = (B) 270 | ei (A)
| KE
t 280,
280 —~ § / 270
270 260”
260 ~?
120CMM251008.MCE
Single Passenger Seat (120-61547-501 and 120-41824-217/235)
Figure 8A
Sheet 1
EFFECTIVITY: ALL
25-21-00 Page 1078
T.P. 120/1176 Jan 15/01
","[""table_or_parts_list_text_cues""]",table_ocr_table_candidate_scan,False,False
118,t_p_120_1176_p000118,00000118.tif,local_data\organization\trace_net\ocr_route_scan_pack_tesseract_full\page_images\t_p_120_1176_p000118.tif,79dedbfc14dd29a6195fe66a739432474214fc531ab0c1504c0b09e8a1e041e2,table,detailed_parts_list,high,"[""high_part_number_density"", ""detailed_parts_list_candidate""]",,needs_review,,227,2155,13,"[""120-29067-029"", ""120-33774-505"", ""120-33774-537"", ""120-36842-001"", ""120-37314-001"", ""120-41824-217"", ""120-41824-235"", ""120-42070-001"", ""120-42221-511"", ""120-42221-537"", ""120-42547-019"", ""120-45726-001"", ""120-61547-501""]","€& emenncr

MAINTENANCE MANUAL WITH

ILLUSTRATED PARTS LIST
AIRLINE EFF | UNITS
FIG. ITEM | PARTNUMBER | STOCK user eODE. FROM| PER
NUMBER To | ASSY
08A - [120-61547-501 SINGLE PASSENGER SEAT ASSV.............. VS4956 | 302/999] REF
- | 120-41824-235 SINGLE PASSENGER SEAT ASSV.............. VS4956 | 302/312] REF
- | 120-41824-217 SINGLE PASSENGER SEAT ASSV.............. VS4956 | 313/999] REF
1 | 120-29067-029 . STRUCTURE, ASSY. (SEE FIGURE
25-21-00-85) oooeeecccccecscsececsessseeseeessennsseeseens VS4956 |302/999] 1
-10 | 120-33774-537 LINING ASSY., SEAT BOTTOM............0. VS4956 | 302/312] 1
-11 | 120-33774-505 LINING ASSY., SEAT BOTTOM... VS4956 |313/999| 1
-12 | 120-37314-001 PLACARD oo ceecsccsssesseesssessteeseessteeecesttnneeesee VS4956 1
20 | 120-42221-537 LINING ASSY., SEAT BACKREST............ VS4956 | 302/312] 1
-21 |120-42221-511 LINING ASSY., SEAT BACKREST............ VS4956 | 313/999] 1
30 | 120-42070-001 . FOAM ASSY., SEAT BACKREST........-.0-. VS4956 ","[""table_or_parts_list_text_cues""]",table_ocr_table_candidate_scan,False,False
119,t_p_120_1176_p000119,00000119.tif,local_data\organization\trace_net\ocr_route_scan_pack_tesseract_full\page_images\t_p_120_1176_p000119.tif,32b4faeac9046a3eb2c55e238428553cc6d8e739b3765b43866578011b3e9cb7,table,detailed_parts_list,high,"[""high_part_number_density"", ""detailed_parts_list_candidate""]",,needs_review,,154,1476,9,"[""120-37313-505"", ""120-37313-535"", ""120-40636-001"", ""120-41474-001"", ""120-41474-002"", ""120-41475-001"", ""120-41475-003"", ""120-41824-217"", ""120-61547-501""]","€& emenncr

MAINTENANCE MANUAL WITH

ILLUSTRATED PARTS LIST
AIRLINE EFF | UNITS
FIG. ITEM | PARTNUMBER | STOCK ese EODE. FROM| PER
NUMBER TO | ASSY
08A 180 | MS24693-C5 SCREW ooo coeccccececcsesssteteeststtsessittsenen 3
190 | 120-37313-535 HOLDER, MAGAZINE o...cccecscccceeeceneeee VS4956 | 302/312} 1
-191 | 120-37313-505 /HOLDER, MAGAZINE oo..cccceccccccceeseeeee VS4956 |313/999] 1
ATTACHING PARTS
-195 | 1002-F FASTER BUTTON, MALE o.....cccccccccescce 2
-196 | MS24693-C5 SCREW coos ccecccccessssstessssseeesesrieeeeerenneeensees 2
-197 | AN960-3L WASHER ooo ccsssescesssseseteeessvttteecesneneeeenee 2
-198 | H14-04 NUT oocccccssccssssssesessssteessesvenseeseeneeeesneeeeentee 2
200 | AMO03078-30 ASHTRAY ooo ccsscsescssssssseeseseseteeecessneesessenees E065846 1
210 | 120-40636-001 LINING ASSY., ARMREST oo.....ccccccccee VS4956 2
220 | 120-41474-002 _COVER, TRIM, REAR-FIXED ARMREST.. VS4956 1
230 | 120-41474-001 _COVER, TRIM, REAR-FIXED ARMREST.. VS4956 1
240 | 120-414","[""table_or_parts_list_text_cues""]",table_ocr_table_candidate_scan,False,False
120,t_p_120_1176_p000120,00000120.tif,local_data\organization\trace_net\ocr_route_scan_pack_tesseract_full\page_images\t_p_120_1176_p000120.tif,6faadcc1c7d43d8332555344f9753363e4b30ea014d2d22a5856244adec0db89,table,image_visual_diagram,medium,"[""figure_or_visual_label_signal"", ""limited_text_or_visual_route""]",,needs_review,,76,452,1,"[""120-42547-001""]","-< EMBRAER
MAINTENANCE MANUAL WITH
ILLUSTRATED PARTS LIST
50
60
60

qs \ 30
100 Co (D)

bi

"" 70 do it (A) SS 40
8070 Ps
20 \ NN
110
SE iB
180 150 ©/ / / (A)

130 ee Af <—E
~ (©) EEF ©
SSeS ig By ‘

(/ 120 IS ff (C)
160 170
<P
aN Iyer 230 LF? |
oe Ry “ (A)
299 ~—«*190 = ; 270 ;
120TP250022.MCE
Single Passenger Seat (120-42547-001/501)
Figure 9
Sheet 1
EFFECTIVITY: ALL 25-21 -00 age 1078CI0
T.P. 120/1176 Jan 15/01
","[""table_or_parts_list_text_cues""]",table_ocr_table_candidate_scan,False,False
121,t_p_120_1176_p000121,00000121.tif,local_data\organization\trace_net\ocr_route_scan_pack_tesseract_full\page_images\t_p_120_1176_p000121.tif,ff31b807c4942408de5b400c2ccc441e95ccfd572c71a9adb6c69e4d3d3455c2,blank_candidate,blank_candidate,high,"[""empty_or_near_empty_ocr""]",,auto_suggested_review_recommended,,0,0,0,[],,"[""empty_ocr_low_ink""]",blank_candidate_confirmation_scan,False,False
122,t_p_120_1176_p000122,00000122.tif,local_data\organization\trace_net\ocr_route_scan_pack_tesseract_full\page_images\t_p_120_1176_p000122.tif,e0797dfbb38d887ee467f855d0912716d327bc105529a09063b3a8247564b5ef,table,detailed_parts_list,high,"[""high_part_number_density"", ""detailed_parts_list_candidate""]",,needs_review,,239,1947,12,"[""120-29067-019"", ""120-29067-029"", ""120-33774-001"", ""120-36842-001"", ""120-36843-001"", ""120-42070-001"", ""120-42221-001"", ""120-42547-001"", ""120-42547-019"", ""120-42547-501"", ""120-42660-001"", ""120-45726-001""]","€& emenncr

MAINTENANCE MANUAL WITH

ILLUSTRATED PARTS LIST
AIRLINE EFF | UNITS
FIG. ITEM| PARTNUMBER STOCK vase EODE. FROM | PER
NUMBER TO ASSY
09 - | 120-42547-001 SINGLE PASSENGER SEAT ASSY ........... VS4956 A REF
- | 120-42547-501 SINGLE PASSENGER SEAT ASSY ........... VS4956 | 172/999} REF
1 | 120-42660-001 . TABLE, SNACK FOLDING, ASSY
(SEE FIGURE 25-21-00-112) 0.0.0... VS4956 1
10 | 120-29067-019 . STRUCTURE, ASSY. (SEE FIGURE
25-21-00-80) oo cece ee ee ee eeeeeeeee VS4956 A 1
-11 | 120-29067-029 . STRUCTURE, ASSY. (SEE FIGURE
25-21-00-80) ooo cece ee ee eee VS4956 | 172/999 1
20 | 120-33774-001 . LINING ASSY., SEAT BOTTOM................ VS4956 1
30 | 120-42221-001 . LINING ASSY., SEAT BACKREST........... VS4956 1
40 | 120-42070-001 . FOAM ASSY., SEAT BACKREST .............. VS4956 1
50 | 120-45726-001 . COVER, PLASTIC... cee ceeeeeeeeeees VS4956 B 1
60 | PE915051-1-PT W SEAT BELT... cccccccccccensessttsteneeaes VS4956 1
ATTACHING PARTS
70 | AN960-416L VAN","[""table_or_parts_list_text_cues""]",table_ocr_table_candidate_scan,False,False
123,t_p_120_1176_p000123,00000123.tif,local_data\organization\trace_net\ocr_route_scan_pack_tesseract_full\page_images\t_p_120_1176_p000123.tif,4957447313ae83ddfccf8b01f327661c88450bb19171538f239c2c893a365ae6,table,detailed_parts_list,high,"[""high_part_number_density"", ""detailed_parts_list_candidate""]",,needs_review,,217,2101,9,"[""120-40636-001"", ""120-41208-001"", ""120-41474-001"", ""120-41474-002"", ""120-41475-001"", ""120-41475-003"", ""120-42547-001"", ""120-47462-001"", ""120-61610-001""]","€& emenncr

MAINTENANCE MANUAL WITH

USAGE CODE LIST

A AIRCRAFT 120057 AND 120058,
120060 THRU 120171

B AIRCRAFT 120104 THRU 120308 AND
120310

C AIRCRAFT 120057 AND 120058,
120060 THRU 120118

ILLUSTRATED PARTS LIST
AIRLINE EFF | UNITS
FIG. ITEM| PARTNUMBER | STOCK Mater eODE. FROM| PER
NUMBER TO | ASSY
09 ATTACHING PARTS
-195 | 1002-F _ FASTENER BUTTON, MALE.......:.cccccceeee: E075221 2
-196 | AN960-6L WASHER es sesscessesssesseessvessvecssesereeeseeseeeeees 2
-197 | H14-06 NUT ooccccccccseessecssessecessessresssessrecssessreeesteasees 2
-198 | MS24693-C26 SCREW. ecccccccssesssessecssesseessesevesseesseceseee 2
200 | AM03078-22 ASHTRAY occccssccssesssesssesssecsseesssesseesssessreseees E065846| 057/058} 1
-201 | AM03078-30 ASHTRAY 0 cccccsecssecssessseessessseesssessscessessreseees E065846| 060/999] 1
210 | 120-40636-001 LINING ASSY., ARMREST......c..ccccccecceeee VS4956 2
220 | 120-41474-001 _ COVER, TRIM, REAR-FIXED ARMREST. VS4956 1
-221 | 120-41474-","[""table_or_parts_list_text_cues""]",table_ocr_table_candidate_scan,False,False
124,t_p_120_1176_p000124,00000124.tif,local_data\organization\trace_net\ocr_route_scan_pack_tesseract_full\page_images\t_p_120_1176_p000124.tif,b17ed9843b7e3dae69e5aa5fb82b68fded0a5ca8115cf6a05259633a23d3306b,table,image_visual_diagram,medium,"[""figure_or_visual_label_signal"", ""limited_text_or_visual_route""]",,needs_review,,84,599,1,"[""120-42547-003""]","-< EMBRAER

MAINTENANCE MANUAL WITH

ILLUSTRATED PARTS LIST

50

60

60

O

100

90

pe

70

SS

40

80 \\

70

A)

90

is

110

oN

SF 290

 B

<—S

130

180 150 C? 240

i

S&S

140 (C)

DS

CS \ re

>

ce

I~ ee

(

120

SS

160

170

200 PB

210

250

230

220

290

Ft

290 ——

IN

‘

-

\\

(Sy

J

300

a

a

200-—F

ay

270‘

26

120TP250023.MCE

Single Passenger Seat (120-42547-003/503)

Figure 10

Sheet 1

EFFECTIVITY: ALL

25-21-00

Page 1081

Sep 30/98
","[""table_or_parts_list_text_cues""]",table_ocr_table_candidate_scan,False,False
125,t_p_120_1176_p000125,00000125.tif,local_data\organization\trace_net\ocr_route_scan_pack_tesseract_full\page_images\t_p_120_1176_p000125.tif,98e629e402c330207252f3c710334dc2cbeff1d6d24772deafa58e90c419f927,table,detailed_parts_list,high,"[""high_part_number_density"", ""detailed_parts_list_candidate""]",,needs_review,,226,2031,12,"[""120-29067-021"", ""120-29067-031"", ""120-33774-001"", ""120-36842-001"", ""120-36843-001"", ""120-42070-001"", ""120-42221-001"", ""120-42547-003"", ""120-42547-019"", ""120-42547-503"", ""120-42660-001"", ""120-45726-001""]","€& emenncr

MAINTENANCE MANUAL WITH

ILLUSTRATED PARTS LIST
AIRLINE EFF | UNITS
FIG. ITEM; PARTNUMBER | STOCK Mater eODE. FROM; PER
NUMBER TO ASSY
10 - | 120-42547-003 SINGLE PASSENGER SEAT ASSY ............ VS4956 A REF
- | 120-42547-503 SINGLE PASSENGER SEAT ASSY ............ VS4956 | 172/999} REF
1 | 120-42660-001 . TABLE, SNACK FOLDING, ASSY
(SEE FIGURE 25-21-00-112) 0 VS4956 1
10 | 120-29067-021 . STRUCTURE, ASSY. (SEE FIGURE VS4956
295-21-00-81) ooo. eee etetteeeeeeneneeeereen A 1
-11 | 120-29067-031 . STRUCTURE, ASSY. (SEE FIGURE VS4956
295-21-00-81) ooo. eee etetteeeeeeneneeeereen 172/999 1
20 | 120-33774-001 LINING ASSY., SEAT BOTTOM................ VS4956 1
30 | 120-42221-001 LINING ASSY., SEAT BACKREST............ VS4956 1
40 | 120-42070-001 . FOAM ASSY., SEAT BACKREST .............. VS4956 1
50 | 120-45726-001 . COVER, PLASTIC... eeceeteertreeen VS4956 B 1
60 | PE915051-1-PT / SEAT BELLT...........0ccceceeeeteeeeeeeeseeeeenreneees VS4956 1
ATTACHING PAR","[""table_or_parts_list_text_cues""]",table_ocr_table_candidate_scan,False,False
126,t_p_120_1176_p000126,00000126.tif,local_data\organization\trace_net\ocr_route_scan_pack_tesseract_full\page_images\t_p_120_1176_p000126.tif,49123b9fda1e780c678481280c4695452a42625d6931aef40104d5c062a30829,table,detailed_parts_list,high,"[""high_part_number_density"", ""detailed_parts_list_candidate""]",,needs_review,,222,1941,8,"[""120-40636-001"", ""120-41208-001"", ""120-41474-002"", ""120-41475-003"", ""120-41784-001"", ""120-42547-003"", ""120-47462-001"", ""120-61610-001""]","€& emenncr

MAINTENANCE MANUAL WITH

ILLUSTRATED PARTS LIST
AIRLINE EFF | UNITS
FIG. ITEM| PARTNUMBER STOCK vase EODE. FROM | PER
NUMBER TO ASSY
10 ATTACHING PARTS
-195 | 1002-F . FASTENER BUTTON, MALE.................02. E075221 2
-196 | AN960-6L © WASHER 2... eee ccccececcceeetsnsssessaeeeeenees 2
-197 |H14-06 SC re 2
-198 |MS24693-C26 SCREW ©... oo. cceccceeecee cee eeeeeeeeeeeeeeeeeeneeeeene 2
200 | AM03078-22 ASHTRAY 0... ccccccccccccccceceeeeceeetseetttsaeesnanees E065846| 057/058 1
-201 | AM03078-30 ASHTRAY uo. ccccccccccccccceeceeceeeetseesttssteeeeneees E065846 | 060/999 1
210 | 120-40636-001 . LINING ASSY., ARMREST... VS4956 1
220 | 120-41474-002 . COVER, TRIM, REAR-FIXED
ARMREST ............cccccesecseeeeeeeeeeeescssssteseeeeees VS4956 1
230 | 120-41475-003 . COVER, TRIM, FRONT...............c0c eee VS4956 1
240 | 120-41784-001 . COVER, TRIM, LATERAL .................0ce VS4956 1
250 | 120-41208-001 . COVER, LATCH, SNACK TABLE ASSY
(SEE FIGURE 25-21-00-1","[""table_or_parts_list_text_cues""]",table_ocr_table_candidate_scan,False,False
127,t_p_120_1176_p000127,00000127.tif,local_data\organization\trace_net\ocr_route_scan_pack_tesseract_full\page_images\t_p_120_1176_p000127.tif,0b46616588e7088314b28a88510dc46295b829f9fad98be61202a089536f0540,table,image_visual_diagram,medium,"[""figure_or_visual_label_signal"", ""limited_text_or_visual_route""]",,needs_review,,101,543,1,"[""120-42547-005""]","-< EMBRAER
MAINTENANCE MANUAL WITH
ILLUSTRATED PARTS LIST
40
50
50
rs 20
90
60 79 * . (A) 30
0 60 is
60 \ NN a
100,
SF, ®
170 140 C7 / /
fs P|
SNS Ly Say
/ SSSA ff <A
PS OQ Kae
Xewueres \ ‘ > S Z (D)
\\ “s \ \ AY
\A ~S A
\\ S\N 10 Be
> SOS 1 Ly “€
\ Ne nN \. NGS
< SS
180 > d 150
Q, \ 160
\ J
ns
210
220 )
190
ox -_ cao Ww
NG i x
Vi © ae
130 wes
SN \ FO Ong
(f 230-2
( 110
120TP250024.MCE |
SINGLE PASSENGER SEAT (120-42547-005/505)
Figure 11
Sheet 1
EFFECTIVITY: ALL
25-21-00 Page 1084
Sep 30/98
","[""table_or_parts_list_text_cues""]",table_ocr_table_candidate_scan,False,False
128,t_p_120_1176_p000128,00000128.tif,local_data\organization\trace_net\ocr_route_scan_pack_tesseract_full\page_images\t_p_120_1176_p000128.tif,0547f6ffd8beb0c2feb5da2a7d71861575784b7579edbcb0186e1bf07a23f833,table,detailed_parts_list,high,"[""high_part_number_density"", ""detailed_parts_list_candidate""]",,needs_review,,206,1989,10,"[""120-29067-023"", ""120-29067-033"", ""120-33774-001"", ""120-36842-001"", ""120-42070-001"", ""120-42221-001"", ""120-42547-005"", ""120-42547-019"", ""120-42547-505"", ""120-45726-001""]","€& emenncr

MAINTENANCE MANUAL WITH

ILLUSTRATED PARTS LIST
AIRLINE EFF | UNITS
FIG. ITEM| PARTNUMBER | STOCK vase EODE. FROM| PER
NUMBER To | ASSY
1 - | 120-42547-005 SINGLE PASSENGER SEAT ASSY ............. vs4956| A REF
- | 120-42547-505 SINGLE PASSENGER SEAT ASSY ............ VS4956 | 172/999] REF
1 | 120-29067-023 . STRUCTURE, ASSY. (SEE FIGURE
25-21-00-83) ooo ceecccecccsssseeseseetetteeseneeeenee vs4956| A 1
-2 | 120-29067-033 . STRUCTURE, ASSY. (SEE FIGURE
25-21-00-83) ooo cesccccccsesseteessestteteeeenneeenee vS4956 | 172/999] 1
10 | 120-33774-001 LINING ASSY., SEAT BOTTOM... VS4956 1
20 | 120-42221-001 _ LINING ASSY., SEAT BACKREST.............. VS4956 1
30 | 120-42070-001 . FOAM ASSY., SEAT BACKREST 0.0.0... VS4956 1
40 | 120-45726-001 COVER, PLASTIC .......ccccccccscsc cece vs4956| 8B 1
50 | PEQ15051-1-PT SEAT BELT occccccccccccccescssseeseseseneeeesteneeeeee VS4956 1
ATTACHING PARTS
60 | AN960-416L © WASHER 2s cess scsssseseeeesveteeessesseneeeeneneesee","[""table_or_parts_list_text_cues""]",table_ocr_table_candidate_scan,False,False
129,t_p_120_1176_p000129,00000129.tif,local_data\organization\trace_net\ocr_route_scan_pack_tesseract_full\page_images\t_p_120_1176_p000129.tif,dc6b470218dffbe0d2343d03fa4ae1e5dd5a6d1ab284a551df63ee8f7abd848a,table,detailed_parts_list,medium,"[""part_number_present"", ""ipl_column_terms""]",,needs_review,,146,1395,7,"[""120-36843-001"", ""120-40636-001"", ""120-41474-001"", ""120-41474-002"", ""120-41475-001"", ""120-41475-003"", ""120-42547-005""]","€& emenncr

MAINTENANCE MANUAL WITH
ILLUSTRATED PARTS LIST
AIRLINE EFF | UNITS
FIG. ITEM| PARTNUMBER | STOCK Maer EODE. FROM| PER
NUMBER ASSY
11-180 | 120-36843-001 -HOLDER, MAGAZINE... cccccccecceeen VS4956 1
190 | 120-41475-001 COVER, TRIM FRONT o....cccccccccsscceceeeee VS4956 1
-191 | 120-41475-003 COVER, TRIM FRONT o.0...ccccccccccsscsececeee VS4956 1
200 | AM03078-22 ASHTRAY 0 csceseccsssssesssssttneseeeventeeeensneeen F065846/058/059| 1
-201 | AM03078-30 ASHTRAY 0 cssesescecsssssseessessecteeeeveneeeeesseneeen E065846| 060/999] 1
210 | 120-40636-001 _ LINING ASSY., - ARMREST ........sccccceee VS4956 2
220 | 120-41474-001 COVER, TRIM REAR-FIXED ARMREST .. VS4956 1
-221 | 120-41474-002 _ COVER, TRIM REAR-FIXED
ARMREST ooo. ccssssssscessssseesesesseteeteesenteeeenee VS4956 1
ATTACHING PARTS
230 | PE17001-3PR PLUG, NYLON o...cccscsccesssssseeeeeseseeeeeeeseee 2
240 | NAS1096-1-8 SCREW. oeeccsccssssssseessessesssesveteeseseneesevnneee 2
250 | AN960-8L WASHER 0... .","[""table_or_parts_list_text_cues""]",table_ocr_table_candidate_scan,False,False
130,t_p_120_1176_p000130,00000130.tif,local_data\organization\trace_net\ocr_route_scan_pack_tesseract_full\page_images\t_p_120_1176_p000130.tif,e8c3138b044b0e6cc227d38504b1165382719b8f5c337e46ffb7aa38dace2d58,table,image_visual_diagram,medium,"[""figure_or_visual_label_signal"", ""limited_text_or_visual_route""]",,needs_review,,69,525,1,"[""120-42547-007""]","-< EMBRAER

MAINTENANCE MANUAL WITH

ILLUSTRATED PARTS LIST

50

60 50

y

100 |

90

70

80

40

80

70

is

90

110

130

ea

IPF; |

L/\

ZS

;

20

ci?

se

10

BO

f]

ln

120

160 1470

200

240

210

220

270

230

270 ——

N

OF

~

d

\

C?

260

a

290 4

280‘

=,

2507

120TP250025.MCE

Single Passenger Seat (120-42547-007/507)

Figure 12

Sheet 1

EFFECTIVITY: ALL

25-21-00

Page 1087

Sep 30/98
","[""table_or_parts_list_text_cues""]",table_ocr_table_candidate_scan,False,False
131,t_p_120_1176_p000131,00000131.tif,local_data\organization\trace_net\ocr_route_scan_pack_tesseract_full\page_images\t_p_120_1176_p000131.tif,68615f32172c0190fffa3a7412d9a7746ec238a7491f28e2595ba9e818ea4611,table,detailed_parts_list,high,"[""high_part_number_density"", ""detailed_parts_list_candidate""]",,needs_review,,214,1990,11,"[""120-29067-025"", ""120-29067-033"", ""120-33774-001"", ""120-36842-001"", ""120-42070-001"", ""120-42221-001"", ""120-42547-007"", ""120-42547-019"", ""120-42547-507"", ""120-42660-001"", ""120-45726-001""]","€& emenncr

MAINTENANCE MANUAL WITH

ILLUSTRATED PARTS LIST
AIRLINE EFF | UNITS
FIG. ITEM| PARTNUMBER | STOCK Maer EODE. FROM| PER
NUMBER To | ASSY
12 - | 120-42547-007 SINGLE PASSENGER SEAT ASSY ............ vs4956| A REF
- | 120-42547-507 SINGLE PASSENGER SEAT ASSY ............ VS4956 | 172/999] REF
1 | 120-42660-001 _ TABLE, SNACK FOLDING, ASSY
(SEE FIGURE 25-21-00-112) .....ccccccee VS4956 1
10 | 120-29067-025 . STRUCTURE, ASSY. (SEE FIGURE
25-21-00-84) ooo cccecccccceescssteeesessteneeesventeee vs4956| A 1
-11 | 120-29067-033 . STRUCTURE, ASSY. (SEE FIGURE
25-21-00-83) oo. ccceccccceessesttetesestteeseeeeneeen vs4956 | 172/999] 1
20 | 120-33774-001 LINING ASSY., SEAT BOTTOM .........000.-- VS4956 1
30 | 120-42221-001 _ LINING ASSY., SEAT BACKREST............. VS4956 1
40 | 120-42070-001 . FOAM ASSY., SEAT BACKREST ...........--- VS4956 1
50 | 120-45726-001 COVER, PLASTIC ......0ccccccccssseeseeceneeeeen vs4956| 8B 1
60 | PE915051-1-PT SEAT BELT cece cecscescccc","[""table_or_parts_list_text_cues""]",table_ocr_table_candidate_scan,False,False
132,t_p_120_1176_p000132,00000132.tif,local_data\organization\trace_net\ocr_route_scan_pack_tesseract_full\page_images\t_p_120_1176_p000132.tif,fdbbb49baef6201fe4b2d5da782754b5c73b14552b09fecb1c531b06ebd78761,table,detailed_parts_list,high,"[""high_part_number_density"", ""detailed_parts_list_candidate""]",,needs_review,,244,1839,10,"[""120-36843-001"", ""120-40636-001"", ""120-41208-001"", ""120-41474-001"", ""120-41474-002"", ""120-41475-001"", ""120-41475-003"", ""120-42547-007"", ""120-47462-001"", ""120-61610-001""]","€& emenncr

MAINTENANCE MANUAL WITH

ILLUSTRATED PARTS LIST
AIRLINE EFF UNITS
FIG. ITEM PART NUMBER STOCK vase EODE. FROM} PER
NUMBER TO ASSY
12 190 | 120-36843-001 . HOLDER, MAGAZINE.........000000.. eee. VS4956 1
ATTACHING PARTS
-195 | 1002-F . FASTENER BUTTON, MALE..........0.0000..... E075221 2
-196 | AN960-6L AON A/c) | ml pe 2
-197 |H14-06 Ok ae 2
-198 |MS24693-C26 10) ad mh | 2
200 | AM03078-22 » ASHHTRAY |... e eee ccceceeeceneeeese eee eeeeaneeeees E065846 | 057/058 1
-201 | AM03078-30 ASHTRAY ooo. cece ccc eee cee ceeeeesaaeeeeeaaeereaas E065846 | 060/999 1
210 | 120-40636-001 . LINING ASSY., - ARMREST...........000000..... VS4956 2
220 | 120-41474-001 . COVER, TRIM REAR-FIXED ARMREST... VS4956 1
-221 | 120-41474-002 . COVER, TRIM REAR-FIXED ARMREST... VS4956 1
230 | 120-41475-001 . COVER, TRIM FRONT... ee. VS4956 1
-231 | 120-41475-003 . COVER, TRIM FRONT......00...0. eee VS4956 1
240 | 120-41208-001 . COVER, LATCH, SNACK TABLE ASSY
(SEE FIGURE 25-21-00","[""table_or_parts_list_text_cues""]",table_ocr_table_candidate_scan,False,False
133,t_p_120_1176_p000133,00000133.tif,local_data\organization\trace_net\ocr_route_scan_pack_tesseract_full\page_images\t_p_120_1176_p000133.tif,982df39766275ef969880bc46d4a488c2b7ad973670cfd7de0339a67ca386909,table,image_visual_diagram,medium,"[""figure_or_visual_label_signal"", ""limited_text_or_visual_route""]",,needs_review,,66,520,1,"[""120-45850-001""]","-< EMBRAER

MAINTENANCE MANUAL WITH

ILLUSTRATED PARTS LIST

50

60

60

100 |

30

90

70

| ~

80 L\

40

70

90 \

is

110

210

130

Jy

oS

ne

be

a

Oy

20

Nes.

—

10

|

(

120

160

170

200

190

180

250

NY

250 ——

a

IN

Sy

260

\

Q

»

=,

240 4

230

2207

120TP250026.MCE

Single Passenger Seat (120-45850-001/501)

Figure 13

Sheet 1

EFFECTIVITY: ALL

25-21-00 Page 1090

Sep 30/98
","[""table_or_parts_list_text_cues""]",table_ocr_table_candidate_scan,False,False
134,t_p_120_1176_p000134,00000134.tif,local_data\organization\trace_net\ocr_route_scan_pack_tesseract_full\page_images\t_p_120_1176_p000134.tif,ea1d8deda71a81610cf14c5d48fcaa093b78579812a01c21bc32d63c0a376b9e,table,detailed_parts_list,high,"[""high_part_number_density"", ""detailed_parts_list_candidate""]",,needs_review,,242,1901,11,"[""120-29067-019"", ""120-29067-029"", ""120-36842-001"", ""120-36843-001"", ""120-42070-001"", ""120-42660-001"", ""120-45726-001"", ""120-45847-001"", ""120-45848-001"", ""120-45850-001"", ""120-45850-501""]","€& emenncr

MAINTENANCE MANUAL WITH

ILLUSTRATED PARTS LIST
AIRLINE EFF | UNITS
FIG. ITEM PART NUMBER STOCK vase EODE. FROM PER
NUMBER TO ASSY
13 - | 120-45850-001 SINGLE PASSENGER SEAT ASSY ............ VS4956 |071/171| REF
- | 120-45850-501 SINGLE PASSENGER SEAT ASSY ............ VS4956 | 172/999) REF
1 |120-42660-001 . TABLE, SNACK FOLDING, ASSY
(SEE FIGURE 25-21-00-112) .....0.. VS4956 i)
10 | 120-29067-019 . STRUCTURE, ASSY. (SEE FIGURE
25-21-00-80) ooo... cece cece eee e ee eeeeeee nee es VS4956 | 071/171 1
-11 | 120-29067-029 . STRUCTURE, ASSY. (SEE FIGURE
25-21-00-80) ooo... cece cece eee e ee eeeeeee nee es VS4956 | 172/999 1
20 | 120-45847-001 . LINING ASSY., SEAT BOTTOM................ VS4956 1
30 | 120-45848-001 . LINING ASSY., SEAT BACKREST............. VS4956 1
40 | 120-42070-001 . FOAM ASSY., SEAT BACKREST .............. VS4956 1
50 | 120-45726-001 . COVER, PLASTIC... eens VS4956 A 1
60 | PE915051-1-PT SEAT BELT wu... ccc. ccc ccccceccccccecceeeccusee","[""table_or_parts_list_text_cues""]",table_ocr_table_candidate_scan,False,False
135,t_p_120_1176_p000135,00000135.tif,local_data\organization\trace_net\ocr_route_scan_pack_tesseract_full\page_images\t_p_120_1176_p000135.tif,78a912c67b2dcd3547cdef040eda38a40c92b89b2d7d6c6af8aa71976ea59800,table,detailed_parts_list,high,"[""high_part_number_density"", ""detailed_parts_list_candidate""]",,needs_review,,178,1533,10,"[""120-40636-001"", ""120-41208-001"", ""120-41474-001"", ""120-41474-002"", ""120-41475-001"", ""120-41475-003"", ""120-42547-019"", ""120-45850-001"", ""120-47462-001"", ""120-61610-001""]","€& emenncr

USAGE CODE LIST

A AIRCRAFT 120104 THRU 120308 AND
120310

MAINTENANCE MANUAL WITH
ILLUSTRATED PARTS LIST
AIRLINE EFF | UNITS
FIG. ITEM; PARTNUMBER | STOCK Maer EODE. FROM; PER
NUMBER TO ASSY
13 160 | AM03078-30 ASHTRAY 00... cceeereceeetreeeteteeennteeetsnneeeees E065846 1
170 | 120-40636-001 _ LINING ASSY., - ARMREST ...........e VS4956 2
180 | 120-41474-001 . COVER, TRIM REAR-FIXED ARMREST .. VS4956 1
-181 | 120-41474-002 . COVER, TRIM REAR-FIXED ARMREST .. VS4956 1
190 | 120-41475-001 . COVER, TRIM FRONT ........... cee . VS4956 1
-191 | 120-41475-003 . COVER, TRIM FRONT ............0 eee . VS4956 1
200 | 120-41208-001 . COVER, LATCH, SNACK TABLE ASSY
(SEE FIGURE 25-21-00-112) 0 VS4956 | 071/118 1
-201 | 120-47462-001 . COVER, LATCH, SNACK TABLE ASSY
(SEE FIGURE 25-21-00-112) 0 VS4956 | 119/315 1
-202 | 120-61610-001 . COVER, LATCH, SNACK TABLE ASSY
(SEE FIGURE 25-21-00-112) 0 VS4956 | 316/999 1
210 | 120-42547-019 SECTION , PVC... ee ceeeseeeett","[""table_or_parts_list_text_cues""]",table_ocr_table_candidate_scan,False,False
136,t_p_120_1176_p000136,00000136.tif,local_data\organization\trace_net\ocr_route_scan_pack_tesseract_full\page_images\t_p_120_1176_p000136.tif,dcecdf98708dbc099b3797e22d88642ea997109a51c92015b88dc12dcc533efa,table,image_visual_diagram,medium,"[""figure_or_visual_label_signal"", ""limited_text_or_visual_route""]",,needs_review,,71,537,1,"[""120-45850-003""]","MAINTENANCE MANUAL WITH

-< EMBRAER

ILLUSTRATED PARTS LIST

50

60

60

ia

100

90

|

80

40

80

70

is

90 \

110

TN

260

4B

Te

130

oon

<li J]

if]

ve

OS

SY \ Oe

4

L

[P

Y

(

120

210

wD

170

180

260

190

260 ——

IN

GT

~

-

\

a

»

270

Yi

250 5

240 “3

230

120TP250027.MCE

Single Passenger Seat (120-45850-003/503)

Figure 14

Sheet 1

EFFECTIVITY: ALL

25-21-00

Page 1093

Sep 30/98
","[""table_or_parts_list_text_cues""]",table_ocr_table_candidate_scan,False,False
137,t_p_120_1176_p000137,00000137.tif,local_data\organization\trace_net\ocr_route_scan_pack_tesseract_full\page_images\t_p_120_1176_p000137.tif,2a0a7e055814f54f094820e07c4c6cd0b42b417b40521f7f0bca3b89841eb9cc,table,detailed_parts_list,high,"[""high_part_number_density"", ""detailed_parts_list_candidate""]",,needs_review,,233,1985,11,"[""120-29067-021"", ""120-29067-031"", ""120-36842-001"", ""120-37313-001"", ""120-42070-001"", ""120-42660-001"", ""120-45726-001"", ""120-45847-001"", ""120-45848-001"", ""120-45850-003"", ""120-45850-503""]","€& emenncr

MAINTENANCE MANUAL WITH

ILLUSTRATED PARTS LIST
AIRLINE EFF | UNITS
FIG. ITEM; PARTNUMBER | STOCK NOMENCLATURE EODE. FROM; PER
NUMBER TO ASSY
14 - | 120-45850-003 SINGLE PASSENGER SEAT ASSY ............ VS4956 |071/171} REF
- | 120-45850-503 SINGLE PASSENGER SEAT ASSY ............ VS4956 | 172/999} REF
1 | 120-42660-001 . TABLE, SNACK FOLDING, ASSY
(SEE FIGURE 25-21-00-112) 0 VS4956 1
10 | 120-29067-021 . STRUCTURE, ASSY. (SEE FIGURE
25-21-00-81) ooo. eect ee reenenereereees VS4956 | 071/171 1
-11 | 120-29067-031 . STRUCTURE, ASSY. (SEE FIGURE
25-21-00-81) ooo. eect ee reenenereereees VS4956 | 172/999 1
20 | 120-45847-001 LINING ASSY., SEAT BOTTOM................ VS4956 1
30 | 120-45848-001 _ LINING ASSY., SEAT BACKREST............. VS4956 1
40 | 120-42070-001 . FOAM ASSY., SEAT BACKREST .............. VS4956 1
50 | 120-45726-001 . COVER, PLASTIC... ee eerteeerteeen VS4956 A 1
60 |}PE915051-1-PT =| ss J. SEAT BELT... eeccnteereeenies VS4956 1
ATTACHING ","[""table_or_parts_list_text_cues""]",table_ocr_table_candidate_scan,False,False
138,t_p_120_1176_p000138,00000138.tif,local_data\organization\trace_net\ocr_route_scan_pack_tesseract_full\page_images\t_p_120_1176_p000138.tif,342f64631cb081a8c0ccd6069db24b3ff6a68bb313b0257c6d4a0fa22da278f4,table,detailed_parts_list,high,"[""high_part_number_density"", ""detailed_parts_list_candidate""]",,needs_review,,174,1521,9,"[""120-40636-001"", ""120-41208-001"", ""120-41474-002"", ""120-41475-003"", ""120-41784-001"", ""120-42547-019"", ""120-45850-003"", ""120-47462-001"", ""120-61610-001""]","€& emenncr

MAINTENANCE MANUAL WITH
ILLUSTRATED PARTS LIST
AIRLINE EFF | UNITS
FIG. ITEM| PARTNUMBER STOCK vase EODE. FROM | PER
NUMBER TO ASSY
14 160 | AM03078-30 ASHTRAY uo. cccccccccccccccccceecceeetseetsassaneeaaeees E065846 1
170 | 120-40636-001 . LINING ASSY., - ARMREST...........00..0e VS4956 1
180 | 120-41474-002 . COVER, TRIM REAR-FIXED ARMREST... VS4956 1
190 | 120-41475-003 . COVER, TRIM FRONT...............cccceeeeeeee VS4956 1
200 | 120-41784-001 . COVER, TRIM, LATERAL .................0ce VS4956 1
210 | 120-41208-001 . COVER, LATCH, SNACK TABLE ASSY
(SEE FIGURE 25-21-00-112) ......... ee VS4956 | 071/118 1
-211 | 120-47462-001 . COVER, LATCH, SNACK TABLE ASSY
(SEE FIGURE 25-21-00-112) ......... ee VS4956 | 119/315 1
-212 | 120-61610-001 . COVER, LATCH, SNACK TABLE ASSY
(SEE FIGURE 25-21-00-112) ......... ee VS4956 | 316/999 1
220 | 120-42547-019 SECTION , PVC woo. ccccccccneettsseeaees VS4956 1
ATTACHING PARTS
230 | PE17001-3PR PLUG, NYLON o.oo... cece","[""table_or_parts_list_text_cues""]",table_ocr_table_candidate_scan,False,False
139,t_p_120_1176_p000139,00000139.tif,local_data\organization\trace_net\ocr_route_scan_pack_tesseract_full\page_images\t_p_120_1176_p000139.tif,c8687f063a311ba50c328a9fcfaa856d7cda1db93e19484e8407f26e96fbbe15,table,image_visual_diagram,medium,"[""figure_or_visual_label_signal"", ""limited_text_or_visual_route""]",,needs_review,,83,470,1,"[""120-45850-007""]","-< EMBRAER
MAINTENANCE MANUAL WITH
ILLUSTRATED PARTS LIST
JESS. 40
ae \ \
Ye \\
_~ i:
, <> ‘s 20
140 =
(B) mS 30
o| Om
90 PR. <> (A)
80 \ ao /
70 | \ a 4p |
70 seS5
* of Ln Shen SF |
eo
120 Pe
Se 10 />
VFO br
les c
(( 110
~<a
160
1 ee 30 * von 480 1
190
250-— : Sx (B) 250 — : x (A)
BE |
ae
a4 240 ;
220 220
120TP250028.MCE
Single Passenger Seat (120-45850-007/507)
Figure 15
Sheet 1
EFFECTIVITY: ALL 25-2 1 -00
Page 1096
Sep 30/98
","[""table_or_parts_list_text_cues""]",table_ocr_table_candidate_scan,False,False
140,t_p_120_1176_p000140,00000140.tif,local_data\organization\trace_net\ocr_route_scan_pack_tesseract_full\page_images\t_p_120_1176_p000140.tif,fc9c1d2c38f25d99408273c133ec5dc10fd1adca30366c90548aae047e1e2da5,table,detailed_parts_list,high,"[""high_part_number_density"", ""detailed_parts_list_candidate""]",,needs_review,,268,2202,16,"[""120-29067-027"", ""120-29067-037"", ""120-36842-001"", ""120-37313-001"", ""120-40636-001"", ""120-40636-003"", ""120-41474-001"", ""120-41475-001"", ""120-41475-003"", ""120-42070-001"", ""120-42547-019"", ""120-45726-001"", ""120-45847-001"", ""120-45848-001"", ""120-45850-007"", ""120-45850-507""]","€& emenncr

MAINTENANCE MANUAL WITH

ILLUSTRATED PARTS LIST
AIRLINE EFF | UNITS
FIG. ITEM| PARTNUMBER STOCK vase EODE. FROM | PER
NUMBER TO ASSY
15 - | 120-45850-007 SINGLE PASSENGER SEAT ASSY ............ VS4956 | 071/171} REF
- | 120-45850-507 SINGLE PASSENGER SEAT ASSY ............ VS4956 | 172/999} REF
1 | 120-29067-027 . STRUCTURE, ASSY. (SEE FIGURE
29-21-00-85) ooo cece cece eee e eee VS4956 | 071/171 1
-2 | 120-29067-037 . STRUCTURE, ASSY. (SEE FIGURE
29-21-00-85) ooo cece cece eee e eee VS4956 | 172/999 1
10 | 120-45847-001 . LINING ASSY., SEAT BOTTOM................ VS4956 1
20 | 120-45848-001 . LINING ASSY., SEAT BACKREST.............. VS4956 1
30 | 120-42070-001 . FOAM ASSY., SEAT BACKREST ............... VS4956 1
40 | 120-45726-001 . COVER, PLASTIC... ceceeceeennees VS4956 A 1
50 | PE915051-1-PT / SEAT BELT... ccccccccensssneesseeeeeeeees VS4956 1
ATTACHING PARTS
60 | AN960-416L WASHER .........cccccescesseeeeeeeeeeeeceesenststeseanaees 2
70 | MS21042L4","[""table_or_parts_list_text_cues""]",table_ocr_table_candidate_scan,False,False
141,t_p_120_1176_p000141,00000141.tif,local_data\organization\trace_net\ocr_route_scan_pack_tesseract_full\page_images\t_p_120_1176_p000141.tif,b326cc1f36bc607731f2fcf5cb78b53f91915ad63253d2204734427e45aca70e,table,detailed_parts_list,medium,"[""part_number_present"", ""ipl_column_terms""]",,needs_review,,78,656,1,"[""120-45850-007""]","€& emenncr

MAINTENANCE MANUAL WITH
ILLUSTRATED PARTS LIST
AIRLINE EFF | UNITS
FIG. ITEM; PARTNUMBER | STOCK Maer EODE. FROM; PER
NUMBER TO ASSY
15 ATTACHING PARTS
220 | PE1/001-3PR . PLUG, NYLON |... eee certeeereetteteeen 2
230 | NAS1096-1-8 SCREW... cecccceceereeeeertteeenteeeensneeeennnees 2
240 | AN960-8L ~ WASHER LL... cccceeeree cette eentneeeteeteeenees 2
250 | MS24693-C28 SCREW... ceeceecceeereeneereeeeeneeeeetneeeenes 4

USAGE CODE LIST

A AIRCRAFT 120104 THRU 120308 AND
120310

-ITEM NOT ILLUSTRATED
Single Passenger Seat (120-45850-007/507)

Figure 15
Sheet 3

EFFECTIVITY: ALL 25-21 -00
Page 1098

Sep 30/98

","[""table_or_parts_list_text_cues""]",table_ocr_table_candidate_scan,False,False
142,t_p_120_1176_p000142,00000142.tif,local_data\organization\trace_net\ocr_route_scan_pack_tesseract_full\page_images\t_p_120_1176_p000142.tif,4e1da79800c8543089c538b9614def79a030f6a0302470c28187b663e1fa4d6a,table,image_visual_diagram,medium,"[""figure_or_visual_label_signal"", ""limited_text_or_visual_route""]",,needs_review,,67,506,1,"[""120-45850-005""]","-< EMBRAER

MAINTENANCE MANUAL WITH

ILLUSTRATED PARTS LIST

50

60

60

30

100

90

70

40

80 |

80

70

90 410

Pa

SF

210

Ie

130

a

S35

aa

GL

140 (C)

\imenel

120

a

LU

160

170

250

200

190

180

250 ——

Q

NI

(ay

260

\\

q

a

240

=,

230

220

120TP250029.MCE

Single Passenger Seat (120-45850-005/505)

Figure 16

Sheet 1

EFFECTIVITY: ALL

25-21-00

Page 1099

Sep 30/98
","[""table_or_parts_list_text_cues""]",table_ocr_table_candidate_scan,False,False
143,t_p_120_1176_p000143,00000143.tif,local_data\organization\trace_net\ocr_route_scan_pack_tesseract_full\page_images\t_p_120_1176_p000143.tif,0f07cf743422014e0653e14d0fb6a27ff6ce4837c6c819d7781c0f9e24a737da,table,detailed_parts_list,high,"[""high_part_number_density"", ""detailed_parts_list_candidate""]",,needs_review,,237,1981,11,"[""120-29067-025"", ""120-29067-035"", ""120-36842-001"", ""120-37313-001"", ""120-42070-001"", ""120-42660-001"", ""120-45726-001"", ""120-45847-001"", ""120-45848-001"", ""120-45850-005"", ""120-45850-505""]","€& emenncr

MAINTENANCE MANUAL WITH

ILLUSTRATED PARTS LIST
AIRLINE EFF | UNITS
FIG. ITEM; PARTNUMBER | STOCK NOMENCLATURE EODE. FROM; PER
NUMBER TO ASSY
16 - | 120-45850-005 SINGLE PASSENGER SEAT ASSY ............ VS4956 |071/171} REF
- | 120-45850-505 SINGLE PASSENGER SEAT ASSY ............ VS4956 | 172/999} REF
1 | 120-42660-001 . TABLE, SNACK FOLDING, ASSY
(SEE FIGURE 25-21-00-112) 0 VS4956 1
10 | 120-29067-025 . STRUCTURE, ASSY. (SEE FIGURE
25-21-00-84) ooo eee ee eter en eeereees VS4956 | 071/171 1
-11 | 120-29067-035 . STRUCTURE, ASSY. (SEE FIGURE
25-21-00-84) ooo eee ee eter en eeereees VS4956 | 172/999 1
20 | 120-45847-001 LINING ASSY., SEAT BOTTOM................ VS4956 1
30 | 120-45848-001 _ LINING ASSY., SEAT BACKREST............. VS4956 1
40 | 120-42070-001 . FOAM ASSY., SEAT BACKREST .............. VS4956 1
50 | 120-45726-001 . COVER, PLASTIC... ee eerteeerteeen VS4956 A 1
60 |}PE915051-1-PT =| ss J. SEAT BELT... eeccnteereeenies VS4956 1
ATTACHING PA","[""table_or_parts_list_text_cues""]",table_ocr_table_candidate_scan,False,False
144,t_p_120_1176_p000144,00000144.tif,local_data\organization\trace_net\ocr_route_scan_pack_tesseract_full\page_images\t_p_120_1176_p000144.tif,c7d50c16e790f5e62b6b93ea21ddc6aaef6cb66cd8370388b6737daa4102df22,table,detailed_parts_list,high,"[""high_part_number_density"", ""detailed_parts_list_candidate""]",,needs_review,,185,1513,10,"[""120-40636-001"", ""120-41208-001"", ""120-41474-001"", ""120-41474-002"", ""120-41475-001"", ""120-41475-003"", ""120-42547-019"", ""120-45850-005"", ""120-47462-001"", ""120-61610-001""]","€& emenncr

MAINTENANCE MANUAL WITH
ILLUSTRATED PARTS LIST
AIRLINE EFF | UNITS
FIG. ITEM PART NUMBER STOCK vase EODE. FROM PER
NUMBER TO ASSY
16 160 | AM03078-30 ASHTRAY oo... cccccccceccccccuccucecusecceusceuseenveneees E065846 1
170 | 120-40636-001 . LINING ASSY., - ARMREST..............00000. VS4956 2
180 | 120-41474-001 . COVER, TRIM REAR-FIXED ARMREST... VS4956 1
-181 | 120-41474-002 . COVER, TRIM REAR-FIXED ARMREST... VS4956 1
190 120-41475-001 . COVER, TRIM FRONT.......0..0.. ee VS4956 1
-191 | 120-41475-003 . COVER, TRIM FRONT.......00.000c ee. . VS4956 1
200 120-41208-001 . COVER, LATCH, SNACK TABLE ASSY
(SEE FIGURE 25-21-00-112) ..... VS4956 | 071/118 1
-201 | 120-47462-001 . COVER, LATCH, SNACK TABLE ASSY
(SEE FIGURE 25-21-00-112) ..... VS4956 | 119/315 1
-202 | 120-61610-001 . COVER, LATCH, SNACK TABLE ASSY
(SEE FIGURE 25-21-00-112) ..... VS4956 | 316/999 1
210 120-42547-019 . SECTION , PVC ou. cece cece eeeeeees VS4956 1
ATTACHING PARTS
220 |PE17001-3P","[""table_or_parts_list_text_cues""]",table_ocr_table_candidate_scan,False,False
145,t_p_120_1176_p000145,00000145.tif,local_data\organization\trace_net\ocr_route_scan_pack_tesseract_full\page_images\t_p_120_1176_p000145.tif,2bd0ab49f7f7c65b2a0b4c530e1c3c1fa27523c454f3a02b6c41994d8534a952,table,image_visual_diagram,medium,"[""figure_or_visual_label_signal"", ""limited_text_or_visual_route""]",,needs_review,,67,517,1,"[""120-36833-001""]","-< EMBRAER

MAINTENANCE MANUAL WITH

ILLUSTRATED PARTS LIST

60

60

30

100

90

70

ps

80 /

80

70

MD Es

40

-

110

SF

CB

180 150

130

am

a

a

OS

20

Nes.

(

Je

120

10

Y

160 170

200

210

220

240

230

250

250-———

~

~

NI

\

(Sy

250

\

a

a

~!

250.

120TP250030.MCE

Single Passenger Seat (120-36833-001)

Figure 17

Sheet 1

EFFECTIVITY: ALL

25-21-00 Page 1102

Sep 30/98
","[""table_or_parts_list_text_cues""]",table_ocr_table_candidate_scan,False,False
146,t_p_120_1176_p000146,00000146.tif,local_data\organization\trace_net\ocr_route_scan_pack_tesseract_full\page_images\t_p_120_1176_p000146.tif,828abbf56618c4db78e39b838a2818efb1ca4dbe706298512fca1cf75caec95b,table,detailed_parts_list,high,"[""high_part_number_density"", ""detailed_parts_list_candidate""]",,needs_review,,210,1685,10,"[""120-29067-001"", ""120-29072-001"", ""120-33774-001"", ""120-36833-001"", ""120-36833-017"", ""120-36838-001"", ""120-36842-001"", ""120-36843-001"", ""120-46439-001"", ""120-46443-001""]","€& emenncr

MAINTENANCE MANUAL WITH

ILLUSTRATED PARTS LIST
AIRLINE EFF UNITS
FIG. ITEM PART NUMBER STOCK vase EODE. FROM PER
NUMBER TO ASSY
17 - | 120-36833-001 SINGLE PASSENGER SEAT ASSY ............ VS4956 | 028/034; REF
1 |120-29072-001 . TABLE, SNACK FOLDING, ASSY
(SEE FIGURE 25-21-00-110).....0..0. VS4956 1
10 | 120-29067-001 . STRUCTURE, ASSY. (SEE FIGURE
25-21-00-79) ooo. ccceecccccceeeeeteeeeeeeenaees VS4956 1
20 | 120-33774-001 . LINING ASSY., SEAT BOTTOM................ VS4956 1
30 | 120-36838-001 . LINING ASSY., SEAT BACKREST............. VS4956 1
40 | 120-46443-001 . FOAM ASSY., SEAT BACKREST .............. VS4956 1
50 | 120-46439-001 . COMPLEMENT, BACKREST ..................... VS4956 1
60 | PE915051-1-PT SEAT BELT wu... ccc. ccc ccccceccccccecceeeccuseeueeeeees VS4956 1
ATTACHING PARTS
70 | AN960-416L ANS) |) 2
80 |MS21042L4 NO 2
90 | PE64005-1 BUSHING 2.0... occ cccccccceccceccecceeeceneeeceeeeanes 2
100 | AN4-22A 1 O) El ee 1
110 | AN4-5A SO) Al ","[""table_or_parts_list_text_cues""]",table_ocr_table_candidate_scan,False,False
147,t_p_120_1176_p000147,00000147.tif,local_data\organization\trace_net\ocr_route_scan_pack_tesseract_full\page_images\t_p_120_1176_p000147.tif,62044bf56bba37a8873c47a9585f539b6f90e28b1f19f7c04733ea7d1b1534e4,table,detailed_parts_list,medium,"[""part_number_present"", ""ipl_column_terms""]",,needs_review,,122,1061,7,"[""120-34691-001"", ""120-34891-001"", ""120-34891-003"", ""120-36833-001"", ""120-36839-001"", ""120-36844-001"", ""120-36844-002""]","€& emenncr

MAINTENANCE MANUAL WITH
ILLUSTRATED PARTS LIST
AIRLINE EFF | UNITS
FIG. ITEM| PARTNUMBER | STOCK Maer EODE. FROM| PER
NUMBER To | ASSY
17 ATTACHING PARTS
-195 | 1002-C/6 . SUPPORT, FASTENER BUTTON MALE... 2
-196 | 1002-F . FASTENER BUTTON, MALE...0....-.ccccsece E075221 2
200 | AM03078-22 ASHTRAY 0cscocececsssssecesosseeteesestttessesenneee E065846
-210 | 120-36839-001 _ LINING ASSY., - ARMREST o.......ccccoe VS4956
220 | 120-34691-001 COVER, LATCH, SNACK TABLE ASS
(SEE FIGURE 25-21-00-110)Y ...ccececcccee VS4956 1
230 | 120-36844-001 _ COVER, TRIM, REAR-FIXED ARMREST. VS4956 1
-231 | 120-36844-002 _COVER, TRIM, REAR-FIXED ARMREST. VS4956 1
240 | 120-34891-003 COVER, TRIM, FRONT 0.0...cccccccccccscseeeeeee VS4956 1
-241 | 120-34891-001 COVER, TRIM, FRONT .o..cccccccccsscceeeeee VS4956 1

ATTACHING PARTS

250 | MS24693-S24 SCREW... ceeccecceereeesereeeeeneteeeeneeeennns 9g

-ITEM NOT ILLUSTRATED

Single Passenger Seat (120-36833-001)
Figure 17
Shee","[""table_or_parts_list_text_cues""]",table_ocr_table_candidate_scan,False,False
148,t_p_120_1176_p000148,00000148.tif,local_data\organization\trace_net\ocr_route_scan_pack_tesseract_full\page_images\t_p_120_1176_p000148.tif,9f5f441e66fe6f394d1385003fabd3aac57ed35b24af4f877f2d994f2daf1876,table,image_visual_diagram,medium,"[""figure_or_visual_label_signal"", ""limited_text_or_visual_route""]",,needs_review,,70,509,1,"[""120-36833-501""]","-< EMBRAER

MAINTENANCE MANUAL WITH

ILLUSTRATED PARTS LIST

60

30

100

90

lI

po

70

80

40

807

Ps

® Qe

90 \

110

SF

1B

130

150 C? y

<So°5

oor

140

es.

se

(

120

A

170

180

190

210

200

(Le

210 ——

2

y

\

N

160

a

\

ay

210

a

2

210 A

m

120TP250031A.MCE

Single Passenger Seat (120-36833-501)

Figure 18

Sheet 1

EFFECTIVITY: ALL

25-21-00

Page 1105

Sep 30/98
","[""table_or_parts_list_text_cues""]",table_ocr_table_candidate_scan,False,False
149,t_p_120_1176_p000149,00000149.tif,local_data\organization\trace_net\ocr_route_scan_pack_tesseract_full\page_images\t_p_120_1176_p000149.tif,49a7dfbae7a4a43796b85280bd00042f0ab2b0e6767e420093a2428bc4c88d47,table,detailed_parts_list,high,"[""high_part_number_density"", ""detailed_parts_list_candidate""]",,needs_review,,207,1860,11,"[""120-29067-001"", ""120-33774-001"", ""120-36833-015"", ""120-36833-017"", ""120-36833-501"", ""120-36838-001"", ""120-36842-001"", ""120-37313-001"", ""120-37735-001"", ""120-46439-001"", ""120-46443-001""]","€& emenncr

MAINTENANCE MANUAL WITH
ILLUSTRATED PARTS LIST
AIRLINE EFF | UNITS
FIG. ITEM| PARTNUMBER | STOCK Mater eODE. FROM| PER
NUMBER To | ASSY
18 - | 120-36833-501 SINGLE PASSENGER SEAT ASSY ............ vs4956 | A REF
1 | 120-36833-015 _ KIT, SNACK TABLE FOLDING, ASSY
(SEE FIGURE 25-21-00-111) 0... VS4956 1
10 | 120-29067-001 . STRUCTURE, ASSY. (SEE FIGURE
25-21-00-79) ooo cccecccecsesssstetesesstensetsventeee VS4956 1
20 | 120-33774-001 LINING ASSY., SEAT BOTTOM .........000.-- VS4956 1
30 | 120-36838-001 _ LINING ASSY., SEAT BACKREST............. VS4956 1
40 | 120-46443-001 . FOAM ASSY., SEAT BACKREST ...........--- VS4956 1
50 | 120-46439-001 .COMPLEMENT, BACKREST ...........000000 VS4956 1
60 | PE915051-1-PT SEAT BELT cece cecscesccccssesteeseseenteeseseeeeen VS4956 1
ATTACHING PARTS
70 | AN960-416L WASHER 2.0. cssssssssessesseesesesssteesenestneesenseees 2
80 |MS21042L4 NUT occ cccsoseseessssssseeessesteseesessneesenveneesesesees 2
90 | PE64005-1 BUSHING ","[""table_or_parts_list_text_cues""]",table_ocr_table_candidate_scan,False,False
150,t_p_120_1176_p000150,00000150.tif,local_data\organization\trace_net\ocr_route_scan_pack_tesseract_full\page_images\t_p_120_1176_p000150.tif,52252642d3de1030ff67aa06185decd39103bed6c80018a5b4404e75c55666aa,table,detailed_parts_list,medium,"[""part_number_present"", ""ipl_column_terms""]",,needs_review,,92,732,5,"[""120-36833-501"", ""120-40795-001"", ""120-40795-002"", ""120-40796-001"", ""120-40796-003""]","€& emenncr

MAINTENANCE MANUAL WITH
ILLUSTRATED PARTS LIST
AIRLINE EFF | UNITS
FIG. ITEM| PARTNUMBER | STOCK vase EODE. FROM | PER
NUMBER TO ASSY
18 190 | 120-40795-002 . COVER, TRIM, REAR-FIXED ARMREST.. VS4956 1
-191 | 120-40795-001 . COVER, TRIM, REAR-FIXED ARMREST.. VS4956 1
200 | 120-40796-001 . COVER, TRIM, FRONT...........0:: ee eeeeeees VS4956 1
-201 | 120-40796-003 . COVER, TRIM, FRONT.............. eee: VS4956 1
ATTACHING PARTS
210 | MS24693-S24 SCREW 0 eeccccecereeeeeeeeeesneeeeentreeeneneeees 9g

USAGE CODE LIST

A AIRCRAFT 120034 THRU 120048 AND
120052

-ITEM NOT ILLUSTRATED

Single Passenger Seat (120-36833-501)
Figure 18
Sheet 3

EFFECTIVITY: ALL 25-21 -00
Page 1107

Sep 30/98

","[""table_or_parts_list_text_cues""]",table_ocr_table_candidate_scan,False,False
151,t_p_120_1176_p000151,00000151.tif,local_data\organization\trace_net\ocr_route_scan_pack_tesseract_full\page_images\t_p_120_1176_p000151.tif,a211789305e9a5ad6d59e985d18fb0507391e89435c7c1eb9f3b7cdac54a4842,table,image_visual_diagram,medium,"[""figure_or_visual_label_signal"", ""limited_text_or_visual_route""]",,needs_review,,68,510,1,"[""120-36833-509""]","MAINTENANCE MANUAL WITH

-< EMBRAER

ILLUSTRATED PARTS LIST

60

60

30

100 |

90

80 79

Pee

30 \

110

1B

180 150 C?

SF

130

SoS

Nai

oo

>

O

140

20

YS

Nes.

Je

10

(

120

s,

160 170

200

210

220

240

X

a

230

240-—

aN

\

190

a

a

240

a

240 —*

=,

120TP250032A.MCE

Single Passenger Seat (120-36833-509)

Figure 19

Sheet 1

EFFECTIVITY: ALL

25-21-00 Page 1108

Sep 30/98
","[""table_or_parts_list_text_cues""]",table_ocr_table_candidate_scan,False,False
152,t_p_120_1176_p000152,00000152.tif,local_data\organization\trace_net\ocr_route_scan_pack_tesseract_full\page_images\t_p_120_1176_p000152.tif,1eb1346a38edbf3638f8fa10c7fe86035a954f8708dd82e402a649b7fe22a07a,table,detailed_parts_list,high,"[""high_part_number_density"", ""detailed_parts_list_candidate""]",,needs_review,,210,1675,10,"[""120-29067-001"", ""120-33774-001"", ""120-36833-015"", ""120-36833-017"", ""120-36833-509"", ""120-36838-001"", ""120-36842-001"", ""120-36843-001"", ""120-46439-001"", ""120-46443-001""]","€& emenncr

MAINTENANCE MANUAL WITH

ILLUSTRATED PARTS LIST
AIRLINE EFF | UNITS
FIG. ITEM PART NUMBER STOCK vase EODE. FROM PER
NUMBER TO ASSY
19 - | 120-36833-509 SINGLE PASSENGER SEAT ASSY ............ VS4956 A REF
1 | 120-36833-015 _ KIT, SNACK TABLE FOLDING, ASSY
(SEE FIGURE 25-21-00-111) ...... VS4956
10 | 120-29067-001 . STRUCTURE, ASSY. (SEE FIGURE
25-21-00-79) ooo. ccceecccccceeeeeteeeeeeeenaees VS4956 1
20 | 120-33774-001 . LINING ASSY., SEAT BOTTOM................ VS4956 1
30 | 120-36838-001 . LINING ASSY., SEAT BACKREST............. VS4956 1
40 | 120-46443-001 . FOAM ASSY., SEAT BACKREST .............. VS4956 1
50 | 120-46439-001 . COMPLEMENT, BACKREST ...........0........ VS4956 1
60 | PE915051-1-PT SEAT BELT wu... ccc. ccc ccccceccccccecceeeccuseeueeeeees VS4956 1
ATTACHING PARTS
70 | AN960-416L ANS) |) 2
80 |MS21042L4 NO 2
90 | PE64005-1 BUSHING 2.0... occ cccccccceccceccecceeeceneeeceeeeanes 2
100 | AN4-22A 1 O) El ee 1
110 | AN4-5A SO) Al ee 1
12","[""table_or_parts_list_text_cues""]",table_ocr_table_candidate_scan,False,False
153,t_p_120_1176_p000153,00000153.tif,local_data\organization\trace_net\ocr_route_scan_pack_tesseract_full\page_images\t_p_120_1176_p000153.tif,218c5cf2d5435fb83bf33e3c27986015888a81afd0225f786d7d8e072121a96f,table,detailed_parts_list,medium,"[""part_number_present"", ""ipl_column_terms""]",,needs_review,,123,1053,6,"[""120-36833-509"", ""120-37735-001"", ""120-40795-001"", ""120-40795-002"", ""120-40796-001"", ""120-40796-003""]","€& emenncr

USAGE CODE LIST

A AIRCRAFT 120034 THRU 120048,
120052, 120056 AND 120059

MAINTENANCE MANUAL WITH
ILLUSTRATED PARTS LIST
AIRLINE EFF | UNITS
FIG. ITEM| PARTNUMBER | STOCK Maer EODE. FROM| PER
NUMBER To | ASSY
19 ATTACHING PARTS
-195 | 1002-C/6 . SUPPORT, FASTENER BUTTON MALE... 2
-196 | 1002-F . FASTENER BUTTON, MALE...0....-.ccccsece E075221 2
200 | AM03078-22 ASHTRAY 0cscocececsssssecesosseeteesestttessesenneee E065846 1
210 | 120-37735-001 _ LINING ASSY., - ARMREST ........sccccceee VS4956 2
220 | 120-40795-002 _ COVER, TRIM, REAR-FIXED ARMREST. VS4956 1
-221 | 120-40795-001 _COVER, TRIM, REAR-FIXED ARMREST. VS4956 1
230 | 120-40796-001 COVER, TRIM, FRONT 0.0...cccccccccccscseeeeeee VS4956 1
-231 | 120-40796-003 COVER, TRIM, FRONT o.....cccccccccccscceeeeeee VS4956 1
ATTACHING PARTS
240 | MS24693-S24 SCREW oo eeccscsssssssecssesseeesesseteeseseneeesvneeen 9

-ITEM NOT ILLUSTRATED

Single Passenger Seat (120-36833-509)
Figure 19
Sheet 3

EFF","[""table_or_parts_list_text_cues""]",table_ocr_table_candidate_scan,False,False
154,t_p_120_1176_p000154,00000154.tif,local_data\organization\trace_net\ocr_route_scan_pack_tesseract_full\page_images\t_p_120_1176_p000154.tif,dca8354cd0e46f23f4b1e7dcae9acb97e454ca44ec744bddf828c81613f9dbbd,table,image_visual_diagram,medium,"[""figure_or_visual_label_signal"", ""limited_text_or_visual_route""]",,needs_review,,75,408,1,"[""120-36833-003""]","-< EMBRAER
MAINTENANCE MANUAL WITH
ILLUSTRATED PARTS LIST
60 40
rh | 30
100 90 “Ds (D) eo 50 —
Q 40
9° 410 se
EE, 260 — B
t 50 (7 y / ae P
130 Of Ke
< SK [> —— (D)
or \/& UA Qneé
(a= 120 . @, (C)
109 70
200
© “SO 210 20 260
250 AN ao 230 | | Lb
60 <2)
Qt) 260-~*
120TP250033.MCE
Single Passenger Seat (120-36833-003)
Figure 20
Sheet 1
EFFECTIVITY: ALL 25-21 -00 page 1111
Sep 30/98
","[""table_or_parts_list_text_cues""]",table_ocr_table_candidate_scan,False,False
155,t_p_120_1176_p000155,00000155.tif,local_data\organization\trace_net\ocr_route_scan_pack_tesseract_full\page_images\t_p_120_1176_p000155.tif,64f030511eed5b6e76892503f301fa01f1c04a07fef96f95b2e7750df69dad1f,table,detailed_parts_list,high,"[""high_part_number_density"", ""detailed_parts_list_candidate""]",,needs_review,,192,1827,10,"[""120-29067-003"", ""120-29072-001"", ""120-33774-001"", ""120-36833-003"", ""120-36833-017"", ""120-36838-001"", ""120-36842-001"", ""120-36843-001"", ""120-46439-001"", ""120-46443-001""]","€& emenncr

MAINTENANCE MANUAL WITH

ILLUSTRATED PARTS LIST
AIRLINE EFF | UNITS
FIG. ITEM; PARTNUMBER | STOCK  aaser EODE. FROM| PER
NUMBER To | ASSY
20 - | 120-36833-003 SINGLE PASSENGER SEAT ASSY............. VS4956 [028/033] REF
1 | 120-29072-001 _ TABLE, SNACK FOLDING, ASSY
(SEE FIGURE 25-21-00-110) 2... VS4956 1
10 | 120-29067-003 . STRUCTURE, ASSY. (SEE FIGURE
25-21-00-81) oocccccccccccessssstteetesesteeteeeeenten VS4956 1
20 | 120-33774-001 LINING ASSY., SEAT BOTTOM ........000.-. VS4956 1
30 | 120-36838-001 _ LINING ASSY., SEAT BACKREST ........... VS4956 1
40 | 120-46443-001 _ FOAM ASSY., SEAT BACKREST ........0.--. VS4956 1
50 | 120-46439-001 _COMPLEMENT, BACKREST...........00000-+ VS4956 1
60 | PE915051-1-PT SEAT BELT occ ccccceccesessseccseesseneeeeneneee VS4956 1
ATTACHING PARTS
70 | AN960-416L WASHER o....csssesssesssssstesssessteteeeestttnseesseens 2
80 |MS21042L4 NUT ooeccccccessesseeesssesneesssensesesseeeseertenseenneens 2
90 | PE64005-1 BUSHING 2","[""table_or_parts_list_text_cues""]",table_ocr_table_candidate_scan,False,False
156,t_p_120_1176_p000156,00000156.tif,local_data\organization\trace_net\ocr_route_scan_pack_tesseract_full\page_images\t_p_120_1176_p000156.tif,7aa2a0be2fa371de746b71bde7e3ce1e40e3b8224ee3ed272e7745ad1c445e62,table,detailed_parts_list,medium,"[""part_number_present"", ""ipl_column_terms""]",,needs_review,,117,1000,6,"[""120-34691-001"", ""120-34859-001"", ""120-34891-003"", ""120-36833-003"", ""120-36839-001"", ""120-36844-002""]","€& emenncr

MAINTENANCE MANUAL WITH
ILLUSTRATED PARTS LIST
AIRLINE EFF | UNITS
FIG. ITEM | PARTNUMBER | STOCK ase eODE. FROM| PER
NUMBER To | ASSY
20 ATTACHING PARTS

-195 | 1002-C/6 . SUPPORT, FASTENER BUTTON MALE... 2

-196 | 1002-F . FASTENER BUTTON, MALE..w.......ccccee- E075221 2

200 | AM03078-22 ASHTRAY ooo ecccccccssssssssesssseteeeesnneesenneeeen E065846 1

210 | 120-36839-001 _ LINING ASSY., - ARMREST ...........ccccee VS4956 1

220 | 120-36844-002 _COVER, TRIM, REAR-FIXED ARMREST. VS4956 1

230 | 120-34891-003 COVER, TRIM, FRONT .....ccccccccce cece VS4956 1

240 | 120-34859-001 COVER, TRIM, LATERAL .......cccccscsecceee VS4956 1

250 | 120-34691-001 COVER, LATCH, SNACK TABLE ASSY,
(SEE FIGURE 25-21-00-110) 0... VS4956 1

ATTACHING PARTS

260 | MS24693-S24 SCREW... ceccceeereeceeneeeeetteeeeneieeeeserees 6

-ITEM NOT ILLUSTRATED

Single Passenger Seat (120-36833-003)
Figure 20
Sheet 3

EFFECTIVITY: ALL 25-21 -00
Page 1113

Sep 30/98

","[""table_or_parts_list_text_cues""]",table_ocr_table_candidate_scan,False,False
157,t_p_120_1176_p000157,00000157.tif,local_data\organization\trace_net\ocr_route_scan_pack_tesseract_full\page_images\t_p_120_1176_p000157.tif,20415b43c1311306bb0f79f936266d0a7f8debe4d25453233396c5dee5ed2e7d,table,image_visual_diagram,medium,"[""figure_or_visual_label_signal"", ""limited_text_or_visual_route""]",,needs_review,,69,359,1,"[""120-36833-503""]","-< EMBRAER
MAINTENANCE MANUAL WITH
ILLUSTRATED PARTS LIST
60
60
100 fo (D)
90 va Tt . ® aA .
70 ine
9 H0 NN
<> GiB
150 (FE / / NG
130 Ae Af ke
Le? BSA
ON S&S [OE
‘(aa . Es; (C)
170
AN a © 200 “S 99 b
ay 220-— i Sc) (A)
L "" 7 220“
Single Passenger Seat (120-36833-503) |
Figure 21
Sheet 1
EFFECTIVITY: ALL 25-21 -00 page 1114
Sep 30/98
","[""table_or_parts_list_text_cues""]",table_ocr_table_candidate_scan,False,False
158,t_p_120_1176_p000158,00000158.tif,local_data\organization\trace_net\ocr_route_scan_pack_tesseract_full\page_images\t_p_120_1176_p000158.tif,154503a7aaf745117bdf2f90bdbb94736d1a7e7ef6c5543e6dc04c36bfb2116e,table,detailed_parts_list,high,"[""high_part_number_density"", ""detailed_parts_list_candidate""]",,needs_review,,219,1765,11,"[""120-29067-003"", ""120-33774-001"", ""120-36833-015"", ""120-36833-017"", ""120-36833-503"", ""120-36838-001"", ""120-36842-001"", ""120-37313-001"", ""120-37735-001"", ""120-46439-001"", ""120-46443-001""]","€& emenncr

MAINTENANCE MANUAL WITH

ILLUSTRATED PARTS LIST
AIRLINE EFF | UNITS
FIG. ITEM PART NUMBER STOCK vase EODE. FROM PER
NUMBER TO ASSY
21 - | 120-36833-503 SINGLE PASSENGER SEAT ASSY ............ VS4956 A REF
1 | 120-36833-015 _ KIT, SNACK TABLE FOLDING, ASSY
(SEE FIGURE 25-21-00-111) ...... VS4956 1
10 | 120-29067-003 . STRUCTURE, ASSY. (SEE FIGURE
25-21-00-81) ooo. ccccceeetteeeeeeeennees VS4956 1
20 | 120-33774-001 . LINING ASSY., SEAT BOTTOM................ VS4956 1
30 | 120-36838-001 . LINING ASSY., SEAT BACKREST............. VS4956 1
40 | 120-46443-001 . FOAM ASSY., SEAT BACKREST .............. VS4956 1
50 | 120-46439-001 . COMPLEMENT, BACKREST ..................... VS4956 1
60 | PE915051-1-PT SEAT BELT wu... ccc. ccc ccccceccccccecceeeccuseeueeeeees VS4956 1
ATTACHING PARTS
70 | AN960-416L ANS) |) 2
80 |MS21042L4 NO 2
90 | PE64005-1 BUSHING 2.0... occ cccccccceccceccecceeeceneeeceeeeanes 2
100 | AN4-22A 1 O) El ee 1
110 | AN4-5A SO) Al ee 1
120 | ","[""table_or_parts_list_text_cues""]",table_ocr_table_candidate_scan,False,False
159,t_p_120_1176_p000159,00000159.tif,local_data\organization\trace_net\ocr_route_scan_pack_tesseract_full\page_images\t_p_120_1176_p000159.tif,e81d0dcbb522cf0e6f85b47ae40d99b65c71c75a0738f76fdcf368d277e039e7,table,detailed_parts_list,medium,"[""part_number_present"", ""ipl_column_terms""]",,needs_review,,84,659,4,"[""120-36833-503"", ""120-40310-001"", ""120-40795-001"", ""120-40796-003""]","€& emenncr

MAINTENANCE MANUAL WITH
ILLUSTRATED PARTS LIST
AIRLINE EFF | UNITS
FIG. ITEM; PARTNUMBER | STOCK Maer EODE. FROM; PER
NUMBER TO ASSY
21 190 | 120-40795-001 . COVER, TRIM, REAR-FIXED ARMREST. VS4956 1
200 | 120-40796-003 COVER, T FRONT... cececeeceteereetees VS4956 1
210 | 120-40310-001 . COVER, TRIM, LATERAL ..........0.. ee VS4956 1
ATTACHING PARTS
220 | MS24693-S24 SCREW... 0... ceccceceeecceeeeeeeesereeeenteeeeesenees 7

USAGE CODE LIST

A AIRCRAFT 120034 THRU 120048 AND
120052

-ITEM NOT ILLUSTRATED

Single Passenger Seat (120-36833-503)
Figure 21
Sheet 3

EFFECTIVITY: ALL

25-21 -00 Page 1116

Sep 30/98

","[""table_or_parts_list_text_cues""]",table_ocr_table_candidate_scan,False,False
160,t_p_120_1176_p000160,00000160.tif,local_data\organization\trace_net\ocr_route_scan_pack_tesseract_full\page_images\t_p_120_1176_p000160.tif,426d9b5e0d830b8e3dfb2815462470c1eb3d5f4b3dff68f1ddeabb735389c8bd,table,image_visual_diagram,medium,"[""figure_or_visual_label_signal"", ""limited_text_or_visual_route""]",,needs_review,,74,411,1,"[""120-36833-511""]","-< EMBRAER
MAINTENANCE MANUAL WITH
ILLUSTRATED PARTS LIST
60
60
he 30
100 | in (D)
10 89 it (A) 40
8079 is
90 \ NN
110
SE oe
180 150 ©) y / ay,
q 230
130 ZL,
Nees (C) 90 ox
160
170
190
(B) “eB 200 240
Ws 220 | 1
A = aC
| XN LF
r \ ae
|
240 i:
| 120TP250035A.MCE
Single Passenger Seat (120-36833-511)
Figure 22
Sheet 1
EFFECTIVITY: ALL
25-21-00 Page 1117
T.P. 120/1176 Sep 30/98
","[""table_or_parts_list_text_cues""]",table_ocr_table_candidate_scan,False,False
161,t_p_120_1176_p000161,00000161.tif,local_data\organization\trace_net\ocr_route_scan_pack_tesseract_full\page_images\t_p_120_1176_p000161.tif,a1c16ba32b2311d6fee33fc2302752074e19d3cc31a841857664b63a3be963ec,table,detailed_parts_list,high,"[""high_part_number_density"", ""detailed_parts_list_candidate""]",,needs_review,,209,1935,10,"[""120-29067-003"", ""120-33774-001"", ""120-36833-015"", ""120-36833-017"", ""120-36833-511"", ""120-36838-001"", ""120-36842-001"", ""120-37735-001"", ""120-46439-001"", ""120-46443-001""]","€& emenncr

MAINTENANCE MANUAL WITH

ILLUSTRATED PARTS LIST
AIRLINE EFF | UNITS
FIG. ITEM| PARTNUMBER | STOCK Maer EODE. FROM| PER
NUMBER To | ASSY
22 - | 120-36833-511 SINGLE PASSENGER SEAT ASSY ............ vs4956| A REF
1 | 120-36833-015 _ KIT, SNACK TABLE FOLDING, ASSY
(SEE FIGURE 25-21-00-111) 0... VS4956 1
10 | 120-29067-003 . STRUCTURE, ASSY. (SEE FIGURE
25-21-00-81) o.oo cccccccccsesseseessesetteeeeestneeeennee VS4956 1
20 | 120-33774-001 LINING ASSY., SEAT BOTTOM .........000.-- VS4956 1
30 | 120-36838-001 _ LINING ASSY., SEAT BACKREST............. VS4956 1
40 | 120-46443-001 . FOAM ASSY., SEAT BACKREST ...........--- VS4956 1
50 | 120-46439-001 .COMPLEMENT, BACKREST ...........000000 VS4956 1
60 | PE915051-1-PT SEAT BELT cece cecscesccccssesteeseseenteeseseeeeen VS4956 1
ATTACHING PARTS
70 | AN960-416L WASHER 0... cssssssseesssssnsesesssteeseseveneesenseees 2
80 |MS21042L4 NUT occ cccsoseseessssssseeessesteseesessneesenveneesesesees 2
90 | PE64005-1 BUSHI","[""table_or_parts_list_text_cues""]",table_ocr_table_candidate_scan,False,False
162,t_p_120_1176_p000162,00000162.tif,local_data\organization\trace_net\ocr_route_scan_pack_tesseract_full\page_images\t_p_120_1176_p000162.tif,979492c40eb3f8dae8602fc4d6b13853134b465cd4c69e44e963339e0edc5adf,table,detailed_parts_list,medium,"[""part_number_present"", ""ipl_column_terms""]",,needs_review,,88,683,4,"[""120-36833-511"", ""120-40310-001"", ""120-40795-001"", ""120-40796-003""]","€ everne

MAINTENANCE MANUAL WITH
ILLUSTRATED PARTS LIST
AIRLINE EFF | UNITS
FIG. ITEM| PARTNUMBER STOCK vase EODE. FROM | PER
NUMBER TO ASSY
22 210 | 120-40795-001 . COVER, TRIM, REAR-FIXED ARMREST.. VS4956 1
220 | 120-40796-003 . COVER, TRIM, FRONT...............c0c eee VS4956 1
230 | 120-40310-001 . COVER, TRIM, LATERAL .................0ce VS4956 1
ATTACHING PARTS
240 | MS24693-S24 SCREW 0... cccccccccccccccteceeeeeeeeeesttetentsaees 7
USAGE CODE LIST
A AIRCRAFT 120035 THRU 120048,
120052, 120056 AND 120059
-ITEM NOT ILLUSTRATED
Single Passenger Seat (120-36833-511)
Figure 22
Sheet 3
EFFECTIVITY: ALL 25-2 1 -00
Page 1119

T.P. 120/1176 Sep 30/98

","[""table_or_parts_list_text_cues""]",table_ocr_table_candidate_scan,False,False
163,t_p_120_1176_p000163,00000163.tif,local_data\organization\trace_net\ocr_route_scan_pack_tesseract_full\page_images\t_p_120_1176_p000163.tif,1ba7a88926c36d8d8ee4811bc815514b5cab6d9d8b80406352fbf2e933ada0a7,table,image_visual_diagram,medium,"[""figure_or_visual_label_signal"", ""limited_text_or_visual_route""]",,needs_review,,82,451,1,"[""120-36833-005""]","-< EMBRAER
MAINTENANCE MANUAL WITH
ILLUSTRATED PARTS LIST
50
50
rs 20
90 “Co
i ob) yin © Q 40 —, x0
70 60 “Ps
80 \ —
100
EE cB
170 140 © / / (A)
120 \ Af oss
or > M&S SZ
: - if bo (C) ERE"" (D)
p< . ' Py ag
(Yo INS oO
150 160
B, is 200 240
230 LN 220 | an ds
Sy . 240 — | PA | (A)
540 180 ~ ) - 4
120TP250036.MCE ~
Single Passenger Seat (120-36833-005)
Figure 23
Sheet 1
EFFECTIVITY: ALL 25-21 -00
T.P. 120/1176 ‘Sep 20/08
","[""table_or_parts_list_text_cues""]",table_ocr_table_candidate_scan,False,False
164,t_p_120_1176_p000164,00000164.tif,local_data\organization\trace_net\ocr_route_scan_pack_tesseract_full\page_images\t_p_120_1176_p000164.tif,e74714ac7888ae0dc1b7365c8feb5f9cb5ee1b459881ea1065c2f7b84dcfabdf,table,detailed_parts_list,high,"[""high_part_number_density"", ""detailed_parts_list_candidate""]",,needs_review,,193,1860,9,"[""120-29067-005"", ""120-33774-001"", ""120-36833-005"", ""120-36833-017"", ""120-36838-001"", ""120-36842-001"", ""120-36843-001"", ""120-46439-001"", ""120-46443-001""]","€& emenncr

MAINTENANCE MANUAL WITH

ILLUSTRATED PARTS LIST
AIRLINE EFF | UNITS
FIG. ITEM| PARTNUMBER | STOCK vase EODE. FROM| PER
NUMBER To | ASSY
23 - | 120-36833-005 SINGLE PASSENGER SEAT ASSY ............. VS4956 | 028/033] REF
1 | 120-29067-005 . STRUCTURE, ASSY. (SEE FIGURE
25-21-00-82) o.oo. coecccecccsssseeeeseesteseeentneeeeeee VS4956 1
10 | 120-33774-001 LINING ASSY., SEAT BOTTOM... VS4956 1
20 | 120-36838-001 _ LINING ASSY., SEAT BACKREST.............. VS4956 1
30 | 120-46443-001 . FOAM ASSY., SEAT BACKREST 0.0.0... VS4956 1
40 | 120-46439-001 .COMPLEMENT, BACKREST 0,-0.0: VS4956 1
50 | PEQ15051-1-PT SEAT BELT occccccccccccccescssseeseseseneeeesteneeeeee VS4956 1
ATTACHING PARTS
60 | AN960-416L © WASHER 2s cess scsssseseeeesveteeessesseneeeeneneesee 2
70 |MS21042L4 NUT cos cecsssseeessessieeessssteessesveneessevineeeesenneeseen 2
80 | PE64005-1 BUSHING ccc cccscsescesssssseeceesssteeeeenseneeenen 2
90 | AN4-22A BOLT oooeeccecccsessesseeesesttnsessstteeese","[""table_or_parts_list_text_cues""]",table_ocr_table_candidate_scan,False,False
165,t_p_120_1176_p000165,00000165.tif,local_data\organization\trace_net\ocr_route_scan_pack_tesseract_full\page_images\t_p_120_1176_p000165.tif,29667c646cf712356e91c00fe0695dba56e0ef0edc9b645e72bb42ba343c4d95,table,detailed_parts_list,medium,"[""part_number_present"", ""ipl_column_terms""]",,needs_review,,129,1089,7,"[""120-34691-001"", ""120-34891-001"", ""120-34891-003"", ""120-36833-005"", ""120-36839-001"", ""120-36844-001"", ""120-36844-002""]","€& emenncr

MAINTENANCE MANUAL WITH
ILLUSTRATED PARTS LIST
AIRLINE EFF | UNITS
FIG. ITEM| PARTNUMBER STOCK Maer EODE. FROM | PER
NUMBER TO ASSY
23 ATTACHING PARTS
-185 | 1002-C/6 . SUPPORT, FASTENER BUTTON MALE... 2
-186 | 1002-F . FASTENER BUTTON, MALE...............00000.. E075221 2
190 | AM03078-22 ~ ASHTRAY 00.0... cccccccccccc cee ceeeeeeee eee eeeeeeeeeeee E065846 1
200 | 120-36839-001 . LINING ASSY., ARMREST....................008 VS4956 2
210 | 120-36844-001 . COVER, TRIM, REAR-FIXED ARMREST. VS4956 1
-211 | 120-36844-002 . COVER, TRIM, REAR-FIXED ARMREST. VS4956 1
220 | 120-34891-001 . COVER, TRIM, FRONT ............0.... ee VS4956 1
-221 | 120-34891-003 . COVER, TRIM, FRONT ...............0 cece VS4956 1
230 | 120-34691-001 . COVER, LATCH, SNACK TABLE ASSY
(SEE FIGURE 25-21-00-110)........ VS4956 1
ATTACHING PARTS
240 | MS24693-S24 SCREW... cccccccccccccseseeeeeeeeeeeeeenseeeeeees i)

-ITEM NOT ILLUSTRATED

Single Passenger Seat (120-36833-005)

Figur","[""table_or_parts_list_text_cues""]",table_ocr_table_candidate_scan,False,False
166,t_p_120_1176_p000166,00000166.tif,local_data\organization\trace_net\ocr_route_scan_pack_tesseract_full\page_images\t_p_120_1176_p000166.tif,7323c0611c990698d63b61def4a6c209e6316cbe839627e1371eddb8830cd215,table,image_visual_diagram,medium,"[""figure_or_visual_label_signal"", ""limited_text_or_visual_route""]",,needs_review,,80,436,1,"[""120-36833-513""]","-< EMBRAER
MAINTENANCE MANUAL WITH
ILLUSTRATED PARTS LIST
50
50
hs 20
90 Oy
80 4 | _~ (D) 40
mo /| (A) 30
70 gn ‘Pre
80 \ NN
100
SE os
170 140 «2 / / (A)
VYs © Danese ©
J 130 0 y; a
( 110 . JS (C)
150 160
(B) 190
ase 200 230
210
180 a 200 | db
By ae ®
r Q :
230 ; 230 _A
120TP250037.MCE
Single Passenger Seat (120-36833-513)
Figure 24
Sheet 1
EFFECTIVITY: ALL 25-21 -00
Page 1123
T.P. 120/1176 Sep 30/98
","[""table_or_parts_list_text_cues""]",table_ocr_table_candidate_scan,False,False
167,t_p_120_1176_p000167,00000167.tif,local_data\organization\trace_net\ocr_route_scan_pack_tesseract_full\page_images\t_p_120_1176_p000167.tif,1fe871f081d3d8ded0859a13984b13665cf1e92e96dd55dd14e51fe46e736dc7,table,detailed_parts_list,high,"[""high_part_number_density"", ""detailed_parts_list_candidate""]",,needs_review,,209,1815,10,"[""120-29067-005"", ""120-33774-001"", ""120-36833-017"", ""120-36833-513"", ""120-36838-001"", ""120-36842-001"", ""120-38634-001"", ""120-41208-001"", ""120-46439-001"", ""120-46443-001""]","€& emenncr

MAINTENANCE MANUAL WITH

ILLUSTRATED PARTS LIST
AIRLINE EFF | UNITS
FIG. ITEM; PARTNUMBER | STOCK Maer EODE. FROM; PER
NUMBER TO ASSY
24 - | 120-36833-513 SINGLE PASSENGER SEAT ASSY ............ VS4956 A REF
1 | 120-29067-005 . STRUCTURE, ASSY. (SEE FIGURE
29-21-00-82) ooo. eee eeeeeneneeeereee VS4956 1
10 | 120-33774-001 LINING ASSY., SEAT BOTTOM................ VS4956 1
20 | 120-36838-001 _ LINING ASSY., SEAT BACKREST............. VS4956 1
30 | 120-46443-001 . FOAM ASSY., SEAT BACKREST .............. VS4956 1
40 | 120-46439-001 . COMPLEMENT, BACKREST .................5 VS4956 1
50 | PE915051-1-PT / SEAT BELLT...........0ccccceeeeeeeeeteeeeteeeesnreneeens VS4956 1
ATTACHING PARTS
60 | AN960-416L WASHER. |... ..eeecceceeeereeeseneeceerteeenereeeennneeees 2
70 |MS21042L4 NUT otter eineerereniteeserenas 2
80 | PE64005-1 BUSHING Qo... eeeeceeeeceeeeeeeeeeeeteeenenenetens 2
90 | AN4-22A SO) 1
100 | AN4-5A 1 1
110 | 120-36842-001 . STOWAGE ASSY., LIFE JACKE","[""table_or_parts_list_text_cues""]",table_ocr_table_candidate_scan,False,False
168,t_p_120_1176_p000168,00000168.tif,local_data\organization\trace_net\ocr_route_scan_pack_tesseract_full\page_images\t_p_120_1176_p000168.tif,c29b6e2170bdec78935d6c9ed552b6b8b3449198ac95f130534ec3c0548a3945,table,detailed_parts_list,medium,"[""part_number_present"", ""ipl_column_terms""]",,needs_review,,110,872,5,"[""120-36833-513"", ""120-37735-001"", ""120-40795-002"", ""120-40796-001"", ""120-40796-003""]","€& emenncr

MAINTENANCE MANUAL WITH
ILLUSTRATED PARTS LIST
AIRLINE EFF | UNITS
FIG. ITEM| PARTNUMBER STOCK vase EODE. FROM | PER
NUMBER TO ASSY
24 190 | AM03078-22 ASHTRAY 0... ccccccccccccccceececceceetseetsassaneeeaeees E065846 1
200 | 120-37735-001 . LINING ASSY., - ARMREST ............00::cceee VS4956 2
210 | 120-40795-002 . COVER, TRIM, REAR-FIXED ARMREST.. VS4956 1
-211 | 12040795-001 . COVER, TRIM, REAR-FIXED ARMREST.. VS4956 1
220 | 120-40796-003 . COVER, TRIM, FRONT...............c0c eee VS4956 1
-221 | 120-40796-001 . COVER, TRIM, FRONT...............0cceceeee VS4956 1
ATTACHING PARTS
230 | MS24693-S24 1 Old a | re 9
USAGE CODE LIST
A AIRCRAFT 120035 THRU 120048,
120052, 120056 AND 120059
-ITEM NOT ILLUSTRATED
Single Passenger Seat (120-36833-513)
Figure 24
Sheet 3
EFFECTIVITY: ALL 25-21 -00
Page 1125
T.P. 120/1176 Sep 30/98
","[""table_or_parts_list_text_cues""]",table_ocr_table_candidate_scan,False,False
169,t_p_120_1176_p000169,00000169.tif,local_data\organization\trace_net\ocr_route_scan_pack_tesseract_full\page_images\t_p_120_1176_p000169.tif,63c379373317e6c145c55d6eb756c6e4b5104d00341f8c2158950fa9a36dbd13,table,image_visual_diagram,medium,"[""figure_or_visual_label_signal"", ""limited_text_or_visual_route""]",,needs_review,,67,367,1,"[""120-36833-515""]","-< ENMIBRAER
MAINTENANCE MANUAL WITH
ILLUSTRATED PARTS LIST
|
60
60
a) 30
100 “bo
i 74 tT o (A) 80 ye 40
801) Pa
*° \ NN
sé 1B
150 (FE (A)
om PZ 4p eZ
Loe? « Be
exh <> On
170
IW (B) 00 ~S 90 ‘|
L aS 10— | Re (A)
oo 0 ~ 210 4
| 120TP250038A.MCE
Single Passenger Seat (120-36833-515)
‘Sheet 1
EFFECTIVITY: ALL 25-21 -00
T.P. 120/1176 Sep 30198
","[""table_or_parts_list_text_cues""]",table_ocr_table_candidate_scan,False,False
170,t_p_120_1176_p000170,00000170.tif,local_data\organization\trace_net\ocr_route_scan_pack_tesseract_full\page_images\t_p_120_1176_p000170.tif,fdf5d910cce2b4d20f11c1f283aa32d60f5af913d56d31a41d04b7310a02707d,table,detailed_parts_list,high,"[""high_part_number_density"", ""detailed_parts_list_candidate""]",,needs_review,,223,1775,11,"[""120-29067-015"", ""120-33774-001"", ""120-36833-015"", ""120-36833-017"", ""120-36833-515"", ""120-36838-001"", ""120-36842-001"", ""120-37313-001"", ""120-37735-001"", ""120-46439-001"", ""120-46443-001""]","€& emenncr

MAINTENANCE MANUAL WITH
ILLUSTRATED PARTS LIST
AIRLINE EFF | UNITS
FIG. ITEM PART NUMBER STOCK vase EODE. FROM PER
NUMBER TO ASSY
25 - | 120-36833-515 SINGLE PASSENGER SEAT ASSY ............ VS4956 A REF
1 | 120-36833-015 _ KIT, SNACK TABLE FOLDING, ASSY
(SEE FIGURE 25-21-00-111) ...... VS4956 1
10 | 120-29067-015 . STRUCTURE, ASSY. (SEE FIGURE
25-21-00-84) ooo. ccc cceeeeteeeeeeeeenees VS4956 1
20 | 120-33774-001 . LINING ASSY., SEAT BOTTOM................ VS4956 1
30 | 120-36838-001 . LINING ASSY., SEAT BACKREST............. VS4956 1
40 | 120-46443-001 . FOAM ASSY., SEAT BACKREST .............. VS4956 1
50 | 120-46439-001 . COMPLEMENT, BACKREST ...........0........ VS4956 1
60 | PE915051-1-PT SEAT BELT wu... ccc. ccc ccccceccccccecceeeccuseeueeeeees VS4956 1
ATTACHING PARTS
70 | AN960-416L ANS) |) 2
80 |MS21042L4 NO 2
90 | PE64005-1 BUSHING 2.0... occ cccccccceccceccecceeeceneeeceeeeanes 2
100 | AN4-22A 1 O) El ee 1
110 | AN4-5A SO) Al ee 1
120 | 12","[""table_or_parts_list_text_cues""]",table_ocr_table_candidate_scan,False,False
171,t_p_120_1176_p000171,00000171.tif,local_data\organization\trace_net\ocr_route_scan_pack_tesseract_full\page_images\t_p_120_1176_p000171.tif,41d195d1d3e3351f18ccd2a3aff077c13e778596d9077b6fd557c024ab5976fb,table,detailed_parts_list,medium,"[""part_number_present"", ""ipl_column_terms""]",,needs_review,,92,754,5,"[""120-36833-515"", ""120-40795-001"", ""120-40795-002"", ""120-40796-001"", ""120-40796-003""]","€& emenncr

MAINTENANCE MANUAL WITH
ILLUSTRATED PARTS LIST

AIRLINE EFF | UNITS
FIG. ITEM; PARTNUMBER | STOCK Maer EODE. FROM; PER
NUMBER TO ASSY

25 190 | 120-40795-001 . COVER, TRIM, REAR-FIXED ARMREST. VS4956 1

-191 | 120-40795-002 . COVER, TRIM, REAR-FIXED ARMREST. VS4956 1

200 | 120-40796-003 . COVER, TRIM, FRONT ............0:ceeeeee VS4956 1

-201 | 120-40796-001 . COVER, TRIM, FRONT .............::eeeee VS4956 1

ATTACHING PARTS

210 | MS24693-S24 SCREW... ceecceeceereeeeeereeeeetereeeeneeeennes 9g

USAGE CODE LIST

A AIRCRAFT 120034 THRU 120048 AND
120052

-ITEM NOT ILLUSTRATED

Single Passenger Seat (120-36833-515)
Figure 25
Sheet 3

EFFECTIVITY: ALL 25-21 -00
Page 1128

T.P. 120/1176 Sep 30/98

","[""table_or_parts_list_text_cues""]",table_ocr_table_candidate_scan,False,False
172,t_p_120_1176_p000172,00000172.tif,local_data\organization\trace_net\ocr_route_scan_pack_tesseract_full\page_images\t_p_120_1176_p000172.tif,d804e37029adc4455ebc93eb45e28a86f10182febd5e2855af223439c266d9ec,table,image_visual_diagram,medium,"[""figure_or_visual_label_signal"", ""limited_text_or_visual_route""]",,needs_review,,75,406,1,"[""120-36833-517""]","-< EMBRAER
MAINTENANCE MANUAL WITH
ILLUSTRATED PARTS LIST
50
50
aii. ©)
80 6045 ‘fe ® 40 SS
“0 \ la .
100
B
SF <
40 7 / (A)
120 Z, ass
on SZ
VY © i Ze
\ S/ 130 10 iS —
(/ 110 PR (C)
(B) 150
g 3 160
190 179 200
oS 180 | 1
ay oT ee
r
200 200 5
120TP250039.MCE
Single Passenger Seat (120-36833-517)
Figure 26
Sheet 1
EFFECTIVITY: ALL 25-21 -00
Page 1129
T.P. 120/1176 Sep 30/98
","[""table_or_parts_list_text_cues""]",table_ocr_table_candidate_scan,False,False
173,t_p_120_1176_p000173,00000173.tif,local_data\organization\trace_net\ocr_route_scan_pack_tesseract_full\page_images\t_p_120_1176_p000173.tif,d82b08484ec90ef598879c630ce77407b6eb4764ab326665481240619305fff3,table,detailed_parts_list,high,"[""high_part_number_density"", ""detailed_parts_list_candidate""]",,needs_review,,235,2096,15,"[""120-29067-017"", ""120-33774-001"", ""120-36833-017"", ""120-36833-517"", ""120-36838-001"", ""120-36842-001"", ""120-37735-001"", ""120-37775-003"", ""120-38634-001"", ""120-40795-002"", ""120-40796-001"", ""120-40796-003"", ""120-41208-001"", ""120-46439-001"", ""120-46443-001""]","€& emenncr

MAINTENANCE MANUAL WITH
ILLUSTRATED PARTS LIST
AIRLINE EFF | UNITS
FIG. ITEM| PARTNUMBER | STOCK Maer EODE. FROM| PER
NUMBER To | ASSY
26 - | 120-36833-517 SINGLE PASSENGER SEAT ASSY ............ vs4956| A REF
1 | 120-29067-017 . STRUCTURE, ASSY. (SEE FIGURE
25-21-00-85) ooo. cececccccceesssssteeecesseessseveneeee VS4956 1
10 | 120-33774-001 LINING ASSY., SEAT BOTTOM .........000.-- VS4956 1
20 | 120-36838-001 _ LINING ASSY., SEAT BACKREST............. VS4956 1
30 | 120-46443-001 . FOAM ASSY., SEAT BACKREST ...........--- VS4956 1
40 | 120-46439-001 .COMPLEMENT, BACKREST ...........000000 VS4956 1
50 | PE9Q15051-1-PT SEAT BELT cece cecscesccccssesteeseseenteeseseeeeen VS4956 1
ATTACHING PARTS
60 | AN960-416L WASHER 2.0. cssssssssessesseesesesssteesenestneesenseees 2
70 |MS21042L4 NUT occ cccsoseseessssssseeessesteseesessneesenveneesesesees 2
80 | PE64005-1 BUSHING 0.00... ccccscescesseseeeeeesessenteeeneeee 2
90 | AN4-22A 5) nn 1
100 | AN4-5A 5) 1
110 |","[""table_or_parts_list_text_cues""]",table_ocr_table_candidate_scan,False,False
174,t_p_120_1176_p000174,00000174.tif,local_data\organization\trace_net\ocr_route_scan_pack_tesseract_full\page_images\t_p_120_1176_p000174.tif,c93453817c26b0ba615a67241896827a56f569eee547b6a9c10a7e69b39d2f6f,table,detailed_parts_list,medium,"[""part_number_present"", ""ipl_column_terms""]",,needs_review,,66,458,1,"[""120-36833-517""]","€& emenncr

MAINTENANCE MANUAL WITH
ILLUSTRATED PARTS LIST
AIRLINE EFF | UNITS
FIG. ITEM| PARTNUMBER | STOCK vase EODE. FROM | PER
NUMBER TO ASSY
26 ATTACHING PARTS
200 | MS24693-S24 SCREW 2c cece eee eee ee teeeeeeeeeneees $s)

USAGE CODE LIST

A AIRCRAFT 120034 THRU 120048 AND
120052

-ITEM NOT ILLUSTRATED

Single Passenger Seat (120-36833-517)
Figure 26
Sheet 3

EFFECTIVITY: ALL 25-2 1 -00
Page 1131

T.P. 120/1176 Sep 30/98

","[""table_or_parts_list_text_cues""]",table_ocr_table_candidate_scan,False,False
175,t_p_120_1176_p000175,00000175.tif,local_data\organization\trace_net\ocr_route_scan_pack_tesseract_full\page_images\t_p_120_1176_p000175.tif,4195c825e7a2c1e70462402dd72465cb5ca7db223acf27f6157927661eda06bf,table,image_visual_diagram,medium,"[""figure_or_visual_label_signal"", ""limited_text_or_visual_route""]",,needs_review,,66,507,1,"[""120-36833-519""]","-< EMBRAER

MAINTENANCE MANUAL WITH

ILLUSTRATED PARTS LIST

60 «0

30

100

90 / ™~

80

80

)

0 OR

110

SZ

1B

130

oo 1500 y

aoa

O)

©

20

»y

Le

10

Sa

((

120

s,

160 170

200

210

220

240

X

A

230

240 ——_

a

~

>

\

a)

240

a

2

ad

=

120TP250040A.MCE

Single Passenger Seat (120-36833-519)

Figure 27

Sheet 1

EFFECTIVITY: ALL

25-21-00 Page 1132

T.P. 120/1176

Sep 30/98
","[""table_or_parts_list_text_cues""]",table_ocr_table_candidate_scan,False,False
176,t_p_120_1176_p000176,00000176.tif,local_data\organization\trace_net\ocr_route_scan_pack_tesseract_full\page_images\t_p_120_1176_p000176.tif,87b9983d1d2496368d7527fbffb22a0a5978ddebd92a14a3c79d1de50de2fd63,table,detailed_parts_list,high,"[""high_part_number_density"", ""detailed_parts_list_candidate""]",,needs_review,,206,1960,10,"[""120-29067-015"", ""120-33774-001"", ""120-36833-015"", ""120-36833-017"", ""120-36833-519"", ""120-36838-001"", ""120-36842-001"", ""120-36843-001"", ""120-46439-001"", ""120-46443-001""]","€& emenncr

MAINTENANCE MANUAL WITH

ILLUSTRATED PARTS LIST
AIRLINE EFF | UNITS
FIG. ITEM| PARTNUMBER | STOCK vase EODE. FROM| PER
NUMBER To | ASSY
27 - | 120-36833-519 SINGLE PASSENGER SEAT ASSY ............. vs4956| A REF
1 | 120-36833-015 _ KIT, SNACK TABLE FOLDING, ASSY
(SEE FIGURE 25-21-00-111) .....cccceccccceee VS4956 1
10 | 120-29067-015 . STRUCTURE, ASSY. (SEE FIGURE
25-21-00-84) ooo oeccceccccssceeeeeseestettesseneeeenee VS4956 1
20 | 120-33774-001 LINING ASSY., SEAT BOTTOM... VS4956 1
30 | 120-36838-001 _ LINING ASSY., SEAT BACKREST.............. VS4956 1
40 | 120-46443-001 . FOAM ASSY., SEAT BACKREST 0.0.0... VS4956 1
50 | 120-46439-001 .COMPLEMENT, BACKREST 0,-0.0: VS4956 1
60 | PE915051-1-PT SEAT BELT occccccccccccccescssseeseseseneeeesteneeeeee VS4956 1
ATTACHING PARTS
70 | AN960-416L © WASHER 2s cess scsssseseeeesveteeessesseneeeeneneesee 2
80 | MS21042L4 NUT cos cecsssseeessessieeessssteessesveneessevineeeesenneeseen 2
90 | PE64005-1 BUSHING ccc cc","[""table_or_parts_list_text_cues""]",table_ocr_table_candidate_scan,False,False
177,t_p_120_1176_p000177,00000177.tif,local_data\organization\trace_net\ocr_route_scan_pack_tesseract_full\page_images\t_p_120_1176_p000177.tif,d3ef4231ae925ac5d8ab35e1b630215913b79371364023de20c16aab0b0418fd,table,detailed_parts_list,medium,"[""part_number_present"", ""ipl_column_terms""]",,needs_review,,125,1072,6,"[""120-36833-519"", ""120-37735-001"", ""120-40795-001"", ""120-40795-002"", ""120-40796-001"", ""120-40796-003""]","€& emenncr

USAGE CODE LIST

A AIRCRAFT 120035 THRU 120048,
120052, 120056 AND 120059

MAINTENANCE MANUAL WITH
ILLUSTRATED PARTS LIST
AIRLINE EFF | UNITS
FIG. ITEM| PARTNUMBER | STOCK Maer EODE. FROM| PER
NUMBER To | ASSY
27 ATTACHING PARTS
-195 | 1002-C/6 . SUPPORT, FASTENER BUTTON MALE... 2
-196 | 1002-F . FASTENER BUTTON, MALE...0....-.ccccsece E075221 2
200 | AM03078-22 ASHTRAY 0cscocececsssssecesosseeteesestttessesenneee E065846 1
210 | 120-37735-001 _ LINING ASSY., - ARMREST ........sccccceee VS4956 2
220 | 120-40795-001 _ COVER, TRIM, REAR-FIXED ARMREST. VS4956 1
-221 | 120-40795-002 _COVER, TRIM, REAR-FIXED ARMREST. VS4956 1
230 | 120-40796-001 COVER, TRIM, FRONT 0.0...cccccccccccscseeeeeee VS4956 1
-231 | 120-40796-003 COVER, TRIM, FRONT o.....cccccccccccscceeeeeee VS4956 1
ATTACHING PARTS
240 | MS24693-S24 SCREW oo eeccscsssssssecssesseeesesseteeseseneeesvneeen 9

-ITEM NOT ILLUSTRATED

Single Passenger Seat (120-36833-519)

Figure 27
Sheet 3

E","[""table_or_parts_list_text_cues""]",table_ocr_table_candidate_scan,False,False
178,t_p_120_1176_p000178,00000178.tif,local_data\organization\trace_net\ocr_route_scan_pack_tesseract_full\page_images\t_p_120_1176_p000178.tif,75b69d09ad5aabd00edaf3dd4cc8e043373046140a3ddc8e97c67de7cd3cce8f,table,image_visual_diagram,medium,"[""figure_or_visual_label_signal"", ""limited_text_or_visual_route""]",,needs_review,,66,364,1,"[""120-36833-507""]","-< EMBRAER
MAINTENANCE MANUAL WITH
ILLUSTRATED PARTS LIST
50
50
rs 20
90
80 ote (D) ® 40 a
30
8° 140 NN
EE cB
40 | C/ y / (A)
120 A 4 EE
Se <> [OES
(B) ss \ 7
200 ZN 190 | he ds
aL 210 : Rj } (A)
a0 ~~) 210
120TP250041.MCE
Single Passenger Seat (120-36833-507)
Figure 28
Sheet 1
EFFECTIVITY: ALL 25-21 -00 rage 1196
T.P. 120/1176 Sep 30/98
","[""table_or_parts_list_text_cues""]",table_ocr_table_candidate_scan,False,False
179,t_p_120_1176_p000179,00000179.tif,local_data\organization\trace_net\ocr_route_scan_pack_tesseract_full\page_images\t_p_120_1176_p000179.tif,797f1fd7b3d68899bfd5b80c527975d7f1ebca33df9ab083e746f7a4389bb933,table,detailed_parts_list,high,"[""high_part_number_density"", ""detailed_parts_list_candidate""]",,needs_review,,238,2169,16,"[""120-29067-005"", ""120-29067-007"", ""120-33774-001"", ""120-36833-017"", ""120-36833-507"", ""120-36838-001"", ""120-36842-001"", ""120-36843-001"", ""120-37735-001"", ""120-37775-003"", ""120-38634-001"", ""120-40795-002"", ""120-40796-001"", ""120-40796-003"", ""120-46439-001"", ""120-46443-001""]","€& emenncr

MAINTENANCE MANUAL WITH

ILLUSTRATED PARTS LIST
AIRLINE EFF | UNITS
FIG. ITEM| PARTNUMBER | STOCK Maer EODE. FROM| PER
NUMBER To | ASSY
28 - | 120-36833-507 SINGLE PASSENGER SEAT ASSY ............ vs4956| A REF
1 | 120-29067-005 . STRUCTURE, ASSY. (SEE FIGURE
25-21-00-82) ooo. ccceecececessssesteeesesstenseesveneeee VS4956 1
-2 | 120-29067-007 . STRUCTURE, ASSY. (SEE FIGURE
25-21-00-86) ooo. cceecccceceessseteeesesteneeeeveneeee VS4956 1
10 | 120-33774-001 LINING ASSY., SEAT BOTTOM .........000.-- VS4956 1
20 | 120-36838-001 _ LINING ASSY., SEAT BACKREST............. VS4956 1
30 | 120-46443-001 . FOAM ASSY., SEAT BACKREST ...........--- VS4956 1
40 | 120-46439-001 .COMPLEMENT, BACKREST ...........000000 VS4956 1
50 | PE9Q15051-1-PT SEAT BELT cece cecscesccccssesteeseseenteeseseeeeen VS4956 1
ATTACHING PARTS
60 | AN960-416L WASHER 2.0. cssssssssessesseesesesssteesenestneesenseees 2
70 |MS21042L4 NUT occ cccsoseseessssssseeessesteseesessneesenveneesesesees","[""table_or_parts_list_text_cues""]",table_ocr_table_candidate_scan,False,False
180,t_p_120_1176_p000180,00000180.tif,local_data\organization\trace_net\ocr_route_scan_pack_tesseract_full\page_images\t_p_120_1176_p000180.tif,590c27273436bebed317b9a0291bb89d835a204f63fe09651652b3f4908ca92d,table,detailed_parts_list,medium,"[""part_number_present"", ""ipl_column_terms""]",,needs_review,,66,458,1,"[""120-36833-507""]","€& emenncr

MAINTENANCE MANUAL WITH
ILLUSTRATED PARTS LIST
AIRLINE EFF | UNITS
FIG. ITEM| PARTNUMBER | STOCK vase EODE. FROM | PER
NUMBER TO ASSY
28 ATTACHING PARTS
210 | MS24693-S24 SCREW 2c cece eee eee ee teeeeeeeeeneees $s)

USAGE CODE LIST

A AIRCRAFT 120034 THRU 120048 AND
120052

-ITEM NOT ILLUSTRATED

Single Passenger Seat (120-36833-507)
Figure 28
Sheet 3

EFFECTIVITY: ALL 25-2 1 -00
Page 1137

T.P. 120/1176 Sep 30/98

","[""table_or_parts_list_text_cues""]",table_ocr_table_candidate_scan,False,False
181,t_p_120_1176_p000181,00000181.tif,local_data\organization\trace_net\ocr_route_scan_pack_tesseract_full\page_images\t_p_120_1176_p000181.tif,b52337c51ea9864564237423c06d27dc1ac2435441ea1c580e3da204f39d4a03,table,image_visual_diagram,medium,"[""figure_or_visual_label_signal"", ""limited_text_or_visual_route""]",,needs_review,,105,806,1,"[""120-50648-001""]","-< EMBRAER

MAINTENANCE MANUAL WITH

ILLUSTRATED PARTS LIST

40

200

AS

SX

NN

\\

20

30

%

a

\

»\

20

280 199

190

We

30

70

iG)

——

EL

(nh) (B

(74)

}

<

50

QD

<>

(A) ®

220

10

SF

(<

QQ

260

O

il

230

aa

280.

280

QW

©) ©

SX

y

Z

REZ

©,

290

10

SS

170

aro

50

(D) . 160

120

115}|

80

80

110

80

OD

2290. «= 280

250

100

240

115

</

90% 90

<l

LF 115

90

280

115

100 100

Bb

®,

115

125

290

280

=

110

100 115

270?

120TP250042. MCE

Double Passenger Seat (120-50648-001)

Figure 29

Sheet 1

EFFECTIVITY: ALL

25-21-00 Page 1138

T.P. 120/1176

Sep 30/98
","[""table_or_parts_list_text_cues""]",table_ocr_table_candidate_scan,False,False
182,t_p_120_1176_p000182,00000182.tif,local_data\organization\trace_net\ocr_route_scan_pack_tesseract_full\page_images\t_p_120_1176_p000182.tif,c8a2ff2d062a72481f81f8f96e3299eae8c46e5f3c61405cefb4250f18e9c084,table,detailed_parts_list,high,"[""high_part_number_density"", ""detailed_parts_list_candidate""]",,needs_review,,202,1922,9,"[""120-29068-077"", ""120-33774-001"", ""120-36842-001"", ""120-37313-001"", ""120-42070-001"", ""120-42221-001"", ""120-42547-019"", ""120-45726-001"", ""120-50648-001""]","€& emenncr

MAINTENANCE MANUAL WITH

ILLUSTRATED PARTS LIST
AIRLINE EFF | UNITS
FIG. ITEM| PARTNUMBER | STOCK vase EODE. FROM| PER
NUMBER To | ASSY
29 - | 120-50648-001 DOUBLE PASSENGER SEAT ASSY............ vs4956| A 1
1 | 120-29068-077 . STRUCTURE, ASSY. (SEE FIGURE
25-21-00-90) ooo eeeccecccesesseesessesteetessstenseeeseeees VS4956 1
10 | 120-33774-001 LINING ASSY., SEAT BOTTOM... VS4956 2
20 | 120-42221-001 _ LINING ASSY., SEAT BACKREST.............. VS4956 2
30 | 120-42070-001 . FOAM ASSY., SEAT BACKREST 0.0.0... VS4956 2
40 | 120-45726-001 COVER, PLASTIC .......ccccccccscsc cece vs4956| 8B 2
50 | 120-36842-001 STOWAGE ASSY., LIFE JACKET... _ VS4956 2
ATTACHING PARTS
60 | 1002-F . FASTENER BUTTON, MALE ..0.....ccccccoce E075221 8
70 | 1002-C/6 . SUPPORT, FASTENER BUTTON MALE... 8
80 | PE915051-1-PT SEAT BELT occccccccccccccescssseeseseseneeeesteneeeeee VS4956 2
ATTACHING PARTS
90 |MS21042L4 NUT cos cecsssseeessessieeessssteessesveneessevineeeesenneeseen 3
100","[""table_or_parts_list_text_cues""]",table_ocr_table_candidate_scan,False,False
183,t_p_120_1176_p000183,00000183.tif,local_data\organization\trace_net\ocr_route_scan_pack_tesseract_full\page_images\t_p_120_1176_p000183.tif,14d7b19d9f6d56b283d3fc63d514ffd94ddda093758949d1202b656b62c228af,table,detailed_parts_list,high,"[""high_part_number_density"", ""detailed_parts_list_candidate""]",,needs_review,,194,1756,9,"[""120-40636-001"", ""120-41231-001"", ""120-41474-002"", ""120-41475-001"", ""120-41475-003"", ""120-42660-001"", ""120-47462-001"", ""120-50648-001"", ""120-61610-001""]","€& emenncr

MAINTENANCE MANUAL WITH
ILLUSTRATED PARTS LIST
AIRLINE EFF | UNITS
FIG. ITEM| PARTNUMBER | STOCK Maer EODE. FROM| PER
NUMBER To | ASSY
29 ATTACHING PARTS
-185 | 1002-F FASTENER BUTTON, MALE ..........0....0000 E075221 4
-186 |H14-04 NUT oooccccccsssssessssssseesessteeeesestnsesnsvenseesneenees 15653 4
-187 | AN960-3L WASHER 0... cssssssseesssossesesesstneetensvtneesenseens 4
-188 | MS24693-C5 SCREW, eesecscessssssecssssseseeeseteessstnsesevneeen 4
190 | 120-42660-001 _ TABLE, SNACK FOLDING, ASSY
(SEE FIGURE 25-21-00-112) .....ccccccee VS4956 2
200 | 120-47462-001 COVER, LATCH, SNACK TABLE ASSY
(SEE FIGURE 25-21-00-112) 0.0... VS4956 |278/315| 2
-201 | 120-61610-001 COVER, LATCH, SNACK TABLE ASSY
(SEE FIGURE 25-21-00-112) 0.2... VS4956 |316/999] 2
210 | AM03078-30 ASHTRAY 0cscocececsssssecesosseeteesestttessesenneee E065846 2
220 | 120-40636-001 LINING ASSY, - ARMREST ..0.......cccce- VS4956 3
230 | 120-41475-001 COVER, TRIM, FRONT 0.0...cccccccccccscseee","[""table_or_parts_list_text_cues""]",table_ocr_table_candidate_scan,False,False
184,t_p_120_1176_p000184,00000184.tif,local_data\organization\trace_net\ocr_route_scan_pack_tesseract_full\page_images\t_p_120_1176_p000184.tif,4bf79c92f1bdba9ebbc136f7462351824a8e0fa13b3d357c3dbe41264632680f,table,image_visual_diagram,medium,"[""figure_or_visual_label_signal"", ""limited_text_or_visual_route""]",,needs_review,,114,853,1,"[""120-61548-501""]","-< EMBRAER

MAINTENANCE MANUAL WITH

ILLUSTRATED PARTS LIST

40

220

SX

AS

NN

20

30

©

a

\

\

300 220

>

20

210

«©

70

30

oe

60

(a) B

<ONN

een

<S,

EL

a

CIE

50

SF

eC

QQ

aw

(A) 8)

240

10

<

280

Q

J

250

300

300

©) ©

QW

S

y

a

>

,

160

10

SS

ZO

310

170

190

al

180

120 ||

80

80

130

80

240

300

110

80

240

230 ings

270

100

Qa

120

<,

120

120

<,

90

300

iA

100

100

A

140

310 ——

150

419 120

300 —~*

100 120

290 ——*

120CMM251004.MCE

Double Passenger Seat (120-61548-501 and 120-50648-51 9/521)

Figure 29A

Sheet 1

EFFECTIVITY: ALL

25-21 -00 Page 1140A

T.P. 120/1176

Jan 15/01
","[""table_or_parts_list_text_cues""]",table_ocr_table_candidate_scan,False,False
185,t_p_120_1176_p000185,00000185.tif,local_data\organization\trace_net\ocr_route_scan_pack_tesseract_full\page_images\t_p_120_1176_p000185.tif,287f1064ab16621a073a019ba1cea740f917825fdaf7d0fffe98894628d2f743,table,detailed_parts_list,high,"[""high_part_number_density"", ""detailed_parts_list_candidate""]",,needs_review,,254,2327,17,"[""120-29068-077"", ""120-33774-001"", ""120-33774-505"", ""120-33774-537"", ""120-33774-539"", ""120-36842-001"", ""120-37314-001"", ""120-42070-001"", ""120-42221-001"", ""120-42221-511"", ""120-42221-535"", ""120-42221-537"", ""120-42547-019"", ""120-45726-001"", ""120-50648-519"", ""120-50648-532"", ""120-61548-501""]","€& emenncr

MAINTENANCE MANUAL WITH
ILLUSTRATED PARTS LIST
AIRLINE EFF | UNITS
FIG. ITEM| PARTNUMBER | STOCK Maer EODE. FROM| PER
NUMBER To | ASSY
29A - | 120-61548-501 DOUBLE PASSENGER SEAT ASSV............ vs4956 |302/999[ 1
- | 120-50648-519 DOUBLE PASSENGER SEAT ASSV............ VS4956 | 302/312] 1
- | 120-50648-532 DOUBLE PASSENGER SEAT ASSV............ VS4956 |313/999| 1
1 | 120-29068-077 . STRUCTURE, ASSY. (SEE FIGURE
25-21-00-90) o.oo cceccccsessesteeeeesetteeeseseneeeeneee VS4956 1
10 | 120-33774-001 LINING ASSY., SEAT BOTTOM .........000.-- VS4956 2
-11 | 120-33774-537 LINING ASSY., SEAT BOTTOM ..........00000-- VS4956 | 302/312] 2
-12 | 120-33774-539 LINING ASSY., SEAT BOTTOM ..........00000-- VS4956 | 302/312] 2
-13 | 120-33774-505 LINING ASSY., SEAT BOTTOM ..........00000-- VS4956 |313/999] 2
-14 | 120-37314-001 PLACARD ooo eesccsceesssssteessosttetseeeveneeeeessenteen VS4956 |302/999| 1
20 | 120-42221-001 _ LINING ASSY., SEAT BACKREST............. VS4956 ","[""table_or_parts_list_text_cues""]",table_ocr_table_candidate_scan,False,False
186,t_p_120_1176_p000186,00000186.tif,local_data\organization\trace_net\ocr_route_scan_pack_tesseract_full\page_images\t_p_120_1176_p000186.tif,830acb0183dff7e526735bdd589a19d06a8d298964ea276ba7beed687db11e9b,table,detailed_parts_list,high,"[""high_part_number_density"", ""detailed_parts_list_candidate""]",,needs_review,,229,2241,13,"[""120-37313-001"", ""120-37313-505"", ""120-37313-535"", ""120-37313-537"", ""120-37313-539"", ""120-40636-001"", ""120-41231-001"", ""120-41474-002"", ""120-41475-001"", ""120-41475-003"", ""120-42660-001"", ""120-47462-001"", ""120-61548-501""]","€& emenncr

MAINTENANCE MANUAL WITH

ILLUSTRATED PARTS LIST
AIRLINE EFF |UNITS
FIG. ITEM | PARTNUMBER | STOCK user eODE. FROM| PER
NUMBER To | ASSY
29A ATTACHING PARTS
170 |H14-04 NUT ooo ccccescsssesssnesssosnesssssseeeseenteteesnsneeetee 15653 3
180 | AN960-3L VAS) = 302/312] 3
190 | MS24693-C5 SCREW oooccceccesesssseseeessssseeeesssteeeesnsnneeatee 3
200 | 120-37313-001 HOLDER, MAGAZINE ......ccccccscesceeeeeeneeee VS4956 | 302/999] 2
-201 | 120-37313-535 /HOLDER, MAGAZINE ..0..-ccccccscescceeeeceneeee VS4956 | 302/312] 2
-202 | 120-37313-537 /HOLDER, MAGAZINE ..0..-ccccccscescceeeeceneeee VS4956 | 302/312] 2
-203 | 120-37313-505 /HOLDER, MAGAZINE ..0..-ccccccscescceeeeceneeee VS4956 | 313/999] 2
-204 | 120-37313-539 /HOLDER, MAGAZINE ..0..-ccccccscescceeeeceneeee VS4956 | 313/999] 2
ATTACHING PARTS
-205 | 1002-F FASTENER BUTTON, MALE .......ccccecce E075221 4
-206 |H14-04 NUT ooo ceccssccsssossseeessesnesssssteesessneseessnnesenee 15653 4
-207 | AN960-3L WASHER ","[""table_or_parts_list_text_cues""]",table_ocr_table_candidate_scan,False,False
187,t_p_120_1176_p000187,00000187.tif,local_data\organization\trace_net\ocr_route_scan_pack_tesseract_full\page_images\t_p_120_1176_p000187.tif,7048283bd1bb8c3ed93fe9796fad1b75acbdb201fb6de4c4081cd3adc28c411c,blank_candidate,blank_candidate,high,"[""empty_or_near_empty_ocr""]",,auto_suggested_review_recommended,,0,0,0,[],,"[""empty_ocr_low_ink""]",blank_candidate_confirmation_scan,False,False
188,t_p_120_1176_p000188,00000188.tif,local_data\organization\trace_net\ocr_route_scan_pack_tesseract_full\page_images\t_p_120_1176_p000188.tif,c62a0f115a9cea8989be46d7248e633226a64072543f909d55667449ebd0fdb5,table,image_visual_diagram,medium,"[""figure_or_visual_label_signal"", ""limited_text_or_visual_route""]",,needs_review,,100,697,1,"[""120-50648-003""]","-< EMBRAER

MAINTENANCE MANUAL WITH

ILLUSTRATED PARTS LIST

40

200

aN

20

SQ

30

20

e

SN

\\

“

A

Q

30

270 189

190

230

(a) B

(77)

1D

O)

LF

70

CIO

10

Ge

Q

IS

60 (C)

Je

ww

a

50

(C) SS

y

140

10

170

(C) 160

80

210

220 270

120

115]

80

80

24

250

110

80

Sa

100

115

<,

90 90

115

CL

115

90

270

100 100

280-—

270-——

11

125

260-—°

110

100 115

120TP250043. MCE

Double Passenger Seat (120-50648-003)

Figure 30

Sheet 1

EFFECTIVITY: ALL

25-21-00

T.P. 120/1176

Page 1141

Sep 30/98
","[""table_or_parts_list_text_cues""]",table_ocr_table_candidate_scan,False,False
189,t_p_120_1176_p000189,00000189.tif,local_data\organization\trace_net\ocr_route_scan_pack_tesseract_full\page_images\t_p_120_1176_p000189.tif,eb62786143d1cd0e9e5181e36c5a8ea519f5e6e154826ec6c3b635448b1709d4,table,detailed_parts_list,medium,"[""part_number_present"", ""ipl_column_terms""]",,needs_review,,213,1674,7,"[""120-33774-001"", ""120-36842-001"", ""120-42070-001"", ""120-42221-001"", ""120-42547-019"", ""120-45726-001"", ""120-50648-003""]","€& emenncr

MAINTENANCE MANUAL WITH

ILLUSTRATED PARTS LIST
AIRLINE EFF | UNITS
FIG. ITEM| PARTNUMBER STOCK Maer EODE. FROM | PER
NUMBER TO ASSY
30 - | 120-50648-003 DOUBLE PASSENGER SEAT ASSY............ VS4956 A REF
1 | 120-29068-07 1 . STRUCTURE, ASSY. (SEE FIGURE
25-21-00-94) ooo. eeeeeeee eee eeeeeeeeeeeeeeeeees VS4956 1
10 | 120-33774-001 . LINING ASSY., SEAT BOTTOM................. VS4956 2
20 | 120-42221-001 . LINING ASSY., SEAT BACKREST.............. VS4956 2
30 | 120-42070-001 . FOAM ASSY., SEAT BACKREST .............. VS4956 2
40 | 120-45726-001 . COVER, PLASTIC... cceeeeeeseeeeeeeees VS4956 B 2
50 | 120-36842-001 . STOWAGE ASSY., LIFE JACKET............... VS4956 2
ATTACHING PARTS
60 | 1002-F . FASTENER BUTTON, MALE.................00. E075221 8
70 | 1002-C/6 . SUPPORT, FASTENER BUTTON MALE... 8
80 | PE915051-1-PT / SEAT BELT... cccccccceeseesstssseeeseeeees VS4956 2
ATTACHING PARTS
90 |MS21042L4 NUT occ cece cece cence eeeeeee seat seeaaaa eee 3
100 |","[""table_or_parts_list_text_cues""]",table_ocr_table_candidate_scan,False,False
190,t_p_120_1176_p000190,00000190.tif,local_data\organization\trace_net\ocr_route_scan_pack_tesseract_full\page_images\t_p_120_1176_p000190.tif,dd0dfdba83502a50fb04390c95c864fd5019ff11436006006a0a33595908ab78,table,detailed_parts_list,high,"[""high_part_number_density"", ""detailed_parts_list_candidate""]",,needs_review,,205,1738,9,"[""120-37313-001"", ""120-40636-001"", ""120-41231-001"", ""120-41475-003"", ""120-41784-002"", ""120-42660-001"", ""120-47462-001"", ""120-50648-003"", ""120-61610-001""]","€& emenncr

MAINTENANCE MANUAL WITH
ILLUSTRATED PARTS LIST
AIRLINE EFF | UNITS
FIG. ITEM| PARTNUMBER STOCK vase EODE. FROM | PER
NUMBER TO ASSY
30 180 | 120-37313-001 . HOLDER, MAGAZINE................c cece VS4956 2
ATTACHING PARTS
-185 | 1002-F . FASTENER BUTTON, MALE.................02. E075221 4
-186 | H14-04 NUT cece ccc ce cece aeee nae seae cnt eeeeeeeseeeeeeees V15653 4
-187 | AN960-3L © WASHER 2... eee ccccececcceeetsnsssessaeeeeenees 4
-188 | MS24693-C5 SCREW. ........ ccc ccececceesceeeeeseeeeeeeeeeeeeeeneeeene 4
190 | 120-42660-001 . TABLE, SNACK FOLDING, ASSY
(SEE FIGURE 25-21-00-112) ......... ee. VS4956 2
200 | 120-47462-001 . COVER, LATCH, SNACK TABLE ASSY
(SEE FIGURE 25-21-00-112) «0.0... VS4956 | 278/315 2
-201 | 120-61610-001 . COVER, LATCH, SNACK TABLE ASSY
(SEE FIGURE 25-21-00-112) «0.0... VS4956 | 316/999 2
210 | AM03078-30 ASHTRAY uo. cccccccccccccccccceecceeetseetsassaneeaaeees E065846 2
220 | 120-40636-001 . LINING ASSY, - ARMREST ..........","[""table_or_parts_list_text_cues""]",table_ocr_table_candidate_scan,False,False
191,t_p_120_1176_p000191,00000191.tif,local_data\organization\trace_net\ocr_route_scan_pack_tesseract_full\page_images\t_p_120_1176_p000191.tif,2d536262569309e521b62924e103f03bdbf6e75e67491c49e2b9eeb0de448a7b,table,image_visual_diagram,medium,"[""figure_or_visual_label_signal"", ""limited_text_or_visual_route""]",,needs_review,,89,673,2,"[""120-50648-531"", ""120-61548-503""]","-< EMBRAER

MAINTENANCE MANUAL WITH

ILLUSTRATED PARTS LIST

40

20

30

20

30

aS

260

190

RN

220

(a) (8)

eS

SN

\

a

a

»\

Se

260 170

180

=)

<>

ae

10

<

QD

<Je

SS

S

130

10

<n

160

140

150

200 DB

210

260

230

240

50

SNe

50

50

50

260

C/

270 ——

60

<i

260 -——

250-—?

90

<

90

60

70

70

120

80

90

Si

110

70 90

120CMM251000.MCE

Double Passenger Seat (120-61548-503 and 120-50648-531/533)

Figure 30A

Sheet 1

EFFECTIVITY: ALL

25-21-00

T.P. 120/1176

Page 1144

Jan 15/01
","[""table_or_parts_list_text_cues""]",table_ocr_table_candidate_scan,False,False
192,t_p_120_1176_p000192,00000192.tif,local_data\organization\trace_net\ocr_route_scan_pack_tesseract_full\page_images\t_p_120_1176_p000192.tif,277ea9fae1eb1aa1d9369f4c0a6a39b14a6ac44654c393cd7c4164bf636605b9,table,detailed_parts_list,high,"[""high_part_number_density"", ""detailed_parts_list_candidate""]",,needs_review,,264,2275,14,"[""120-29068-071"", ""120-33774-501"", ""120-33774-537"", ""120-33774-539"", ""120-37314-001"", ""120-42070-001"", ""120-42221-001"", ""120-42221-511"", ""120-42221-535"", ""120-42547-019"", ""120-45726-001"", ""120-50648-531"", ""120-50648-533"", ""120-61548-503""]","€& emenncr

MAINTENANCE MANUAL WITH

ILLUSTRATED PARTS LIST
AIRLINE EFF | UNITS
FIG. ITEM| PARTNUMBER STOCK vase EODE. FROM | PER
NUMBER TO ASSY
30A - | 120-61548-503 DOUBLE PASSENGER SEAT ASSY........ VS4956 | 302/999} REF
- | 120-50648-531 DOUBLE PASSENGER SEAT ASSY....... VS4956 | 302/312} REF
- | 120-50648-533 DOUBLE PASSENGER SEAT ASSY....... VS4956 | 313/999} REF
1 | 120-29068-071 . STRUCTURE, ASSY. (SEE FIGURE
25-21-00-94) occ cece eee eeeeeeee VS4956 1
10 | 120-337 74-001 . LINING ASSY., SEAT BOTTOM............ VS4956 2
-11 | 120-33774-501 . LINING ASSY., SEAT BOTTOM............ VS4956 | 313/999 2
-12 | 120-33774-537 . LINING ASSY., SEAT BOTTOM............ VS$4956 | 302/312 2
-13 | 120-33774-539 . LINING ASSY., SEAT BOTTOM............ VS$4956 | 302/312 2
-14 | 120-37314-001 © PLACARD .........cccccceeeccceeseeeeeeeeeeeeeeeeeene es VS4956 | 302/312 1
-15 | 120-42070-001 . FOAM ASSY., SEAT BACKREST .......... VS4956 2
20 | 120-42221-001 . LINING ASSY., SEAT BAC","[""table_or_parts_list_text_cues""]",table_ocr_table_candidate_scan,False,False
193,t_p_120_1176_p000193,00000193.tif,local_data\organization\trace_net\ocr_route_scan_pack_tesseract_full\page_images\t_p_120_1176_p000193.tif,5cf30f8a2501d2b41423f4d3ca1356c3dc024c4e8f070aab6fd80782637c8ede,table,detailed_parts_list,high,"[""high_part_number_density"", ""detailed_parts_list_candidate""]",,needs_review,,191,1673,12,"[""120-37313-001"", ""120-37313-505"", ""120-37313-535"", ""120-37313-537"", ""120-40636-001"", ""120-41231-001"", ""120-41475-003"", ""120-41784-002"", ""120-42660-001"", ""120-47462-001"", ""120-50648-531"", ""120-61548-503""]","€& emenncr

MAINTENANCE MANUAL WITH

ILLUSTRATED PARTS LIST
AIRLINE EFF | UNITS
FIG. ITEM| PARTNUMBER STOCK Maer EODE. FROM | PER
NUMBER TO ASSY
30A 170 | 120-37313-001 . HOLDER, MAGAZINE...............ccccceeeeseeeees VS4956 2
-171 | 120-37313-535 . HOLDER, MAGAZINE...............ccccccceeeeeeees VS4956 | 302/312 2
-172 | 120-37313-505 . HOLDER, MAGAZINE...............ccccccceeeeeeees VS4956 | 313/999 2
-173 | 120-37313-537 . HOLDER, MAGAZINE...............ccccccceeeeeeees VS4956 | 302/312 2
ATTACHING PARTS
-174 | 1002-F . FASTENER BUTTON, MALE.................00. E075221 4
-175 | H14-04 SO ee V15653 4
-176 | AN960-3L A ANS) | = 9 re 4
-177 |MS24693-C5 1 Old || 4
180 | 120-42660-001 . TABLE, SNACK FOLDING, ASSY
(SEE FIGURE 25-21-00-112) 0... VS4956 2
190 | 120-47462-001 . COVER, LATCH, SNACK TABLE ASSY
(SEE FIGURE 25-21-00-112) ....00. VS4956 2
200 | AM03078-30 ASHTRAY 0... cccccccccccccecceececeestsstseasaeeeeeeeees E065846 2
210 | 120-40636-001 . LINING ASSY, -","[""table_or_parts_list_text_cues""]",table_ocr_table_candidate_scan,False,False
194,t_p_120_1176_p000194,00000194.tif,local_data\organization\trace_net\ocr_route_scan_pack_tesseract_full\page_images\t_p_120_1176_p000194.tif,eb83994b76ec91b5fb98a0a628655dacdf007922ee33eb34889255ea9f8aea89,table,image_visual_diagram,medium,"[""figure_or_visual_label_signal"", ""limited_text_or_visual_route""]",,needs_review,,119,633,1,"[""120-50648-007""]","-< EMBRAER
MAINTENANCE MANUAL WITH
ILLUSTRATED PARTS LIST
~ 40
Wh ~Sy \ \
Ww \
YY aa \\
Nw \\ \\
Ma > 20
180 >» 30
ye! 20
(C) <i
70 30
oe S
SO OF \
To (D CT @®
(/ 50 SF]
) LAST (A) B®
LA
190 10 ( a x<_
{ Q SF
240 a]
260 y (A)
210 \
| ‘Ss PIES PG Si 140
10 Sx
359-77 (D) 160
a0
115 80
120 80
200 |
aug 190, 260 y 80
220 \ 100 415/78, 4
| 90 ol, ,
| S37 90 eA] 115
| © is /T Si 7
260 |KK 100 100 “S07
Ee 130 VAR oy?
270 + 110 ?
260 — 100 115
250 —
120TP250044.MCE
Double Passenger Seat (120-50648-007)
Figure 31
Sheet 1
EFFECTIVITY: ALL 25-2 1 -00
| Page 1144C/D
T.P. 120/1176 Jan 15/01
","[""table_or_parts_list_text_cues""]",table_ocr_table_candidate_scan,False,False
195,t_p_120_1176_p000195,00000195.tif,local_data\organization\trace_net\ocr_route_scan_pack_tesseract_full\page_images\t_p_120_1176_p000195.tif,ae264a6e701d82abe9ee9d866bffb299dc666ff1c6f98e2ee4f8f41501840b90,blank_candidate,blank_candidate,high,"[""empty_or_near_empty_ocr""]",,auto_suggested_review_recommended,,0,0,0,[],,"[""empty_ocr_low_ink""]",blank_candidate_confirmation_scan,False,False
196,t_p_120_1176_p000196,00000196.tif,local_data\organization\trace_net\ocr_route_scan_pack_tesseract_full\page_images\t_p_120_1176_p000196.tif,8c7c2587c0c87c19c1fafe8cab1fcaa6aafd141d2d91f6b7aeb9d85762ed697a,table,detailed_parts_list,medium,"[""part_number_present"", ""ipl_column_terms""]",,needs_review,,216,1747,7,"[""120-29068-073"", ""120-36842-001"", ""120-42070-001"", ""120-42221-001"", ""120-42547-019"", ""120-45726-001"", ""120-50648-007""]","€& emenncr

MAINTENANCE MANUAL WITH

ILLUSTRATED PARTS LIST
AIRLINE EFF | UNITS
FIG. ITEM| PARTNUMBER STOCK vase EODE. FROM | PER
NUMBER TO ASSY
31 - | 120-50648-007 DOUBLE PASSENGER SEAT ASSY........... VS4956 A REF
1 | 120-29068-073 . STRUCTURE, ASSY. (SEE FIGURE
29-21-00-99) occ cece eee ee eee eteeeeees VS4956 1
10 | 120-337 74-001 . LINING ASSY, SEAT BOTTOM ................. VS4956 2
20 | 120-42221-001 . LINING ASSY., SEAT BACKREST.............. VS4956 2
30 | 120-42070-001 . FOAM ASSY., SEAT BACKREST ............... VS4956 2
40 | 120-45726-001 . COVER, PLASTIC... ceceeceeennees VS4956 B 2
50 | 120-36842-001 . STOWAGE ASSY., LIFE JACKET.............. VS4956 2
ATTACHING PARTS
60 | 1002-F . FASTENER BUTTON, MALE.................02. E075221 8
70 | 1002-C/6 . SUPPORT, FASTENER BUTTON MALE ... 8
80 | PE915051-1-PT / SEAT BELT... ccccccccensssneesseeeeeeeees VS4956 2
ATTACHING PARTS
90 | MS21042L4 A LO re 3
100 | PE64005-1 BUSHING 00. cece ccccccceenteeteaaseeeeeene","[""table_or_parts_list_text_cues""]",table_ocr_table_candidate_scan,False,False
197,t_p_120_1176_p000197,00000197.tif,local_data\organization\trace_net\ocr_route_scan_pack_tesseract_full\page_images\t_p_120_1176_p000197.tif,68e590ee1f0338efd14a894efe0bc8a977d82e01b257a3996d46ab893f0dd872,table,detailed_parts_list,medium,"[""part_number_present"", ""ipl_column_terms""]",,needs_review,,166,1399,7,"[""120-37313-001"", ""120-40636-001"", ""120-41231-001"", ""120-41474-002"", ""120-41475-001"", ""120-41475-003"", ""120-50648-007""]","€& emenncr

MAINTENANCE MANUAL WITH
ILLUSTRATED PARTS LIST
AIRLINE EFF | UNITS
FIG. ITEM| PARTNUMBER STOCK Maer EODE. FROM | PER
NUMBER TO ASSY
31 180 | 120-37313-001 . HOLDER, MAGAZINE...............ccccceeeeseeeees VS4956 2
ATTACHING PARTS
-185 | 1002-F . FASTENER BUTTON, MALE.................00. E075221 4
-186 | H14-04 A LO eres V15653 4
-187 | AN960-3L A ANS) | = 9 re 4
-188 | MS24693-C5 SCREW... cccccccecccsesttsseasseeeeeeeeeeneees 4
190 | 120-40636-001 . LINING ASSY, - ARMREST ...............00. VS4956 3
200 | AM03078-30 ASHTRAY 0... cccccccccccccecceececeestsstseasaeeeeeeeees E065846 2
210 | 120-41475-001 . COVER, TRIM, FRONT .............0:ccceeeeeeee VS4956 1
220 | 120-41475-003 . COVER, TRIM, FRONT .............0:ccceeeeeeee VS4956 2
230 | 120-41474-002 . COVER, TRIM, REAR-FIXED ARMREST. VS4956 1
240 | 120-41231-001 .COVER,TRIM,REAR-MOVABLEARMREST VS4956 2
ATTACHING PARTS
250 | PE17001-3PR . PLUG, NYLON 0.0 eee cceeeneseeeeeeeees 3
260 | MS24693-C26 SCRE","[""table_or_parts_list_text_cues""]",table_ocr_table_candidate_scan,False,False
198,t_p_120_1176_p000198,00000198.tif,local_data\organization\trace_net\ocr_route_scan_pack_tesseract_full\page_images\t_p_120_1176_p000198.tif,99a16f645fdd53fc6e9272e82b7c8012b347195c2f319b07cef71eb2ebcecc77,table,table_or_index,medium,"[""legacy_table_route_without_strong_detail_or_visual_signal""]",,needs_review,,129,655,2,"[""120-50648-549"", ""120-61548-507""]","-< EMBRAER
MAINTENANCE MANUAL WITH
ILLUSTRATED PARTS LIST
Son 40
S ~ ‘\ ‘
Na \\ \.
> \ 20
200 *.\ i 30
a 20
(C) eS
70 30
Xs Sy
5 _
\ee4 (D) CT AW
oS Lit (IE
IF T|(a) B)
<7
210 rae he. >
mR C SF
Ne ey on
260 (7 I.
230 ‘vs
290 —” Pa (C) (D) SPP ZS
| SGA -
EG FF Xx re 160
204 ° ~
190
280 170
370 UA? (D) 180
a0
120
29D 210 pap . 110 80
240 a \ 120’ Pe, J
' . 90 g D)
f | oe 90 HH» a7] 120
ea, OD | dS eg
280 < Z 100 100 be A]
C7 150 nig 140
110 ""
270-—
120CMM251003.MCE
Double Passenger Seat (120-61548-507 and 120-50648-549/551)
Figure 31A
Sheet 1
EFFECTIVITY: ALL
25 21 00 Page 1146A
T.P. 120/1176 Jan 15/01
","[""table_or_parts_list_text_cues""]",table_ocr_table_candidate_scan,False,False
199,t_p_120_1176_p000199,00000199.tif,local_data\organization\trace_net\ocr_route_scan_pack_tesseract_full\page_images\t_p_120_1176_p000199.tif,5c8d9b8cec099f2d13169fdc2c5f95146f062224d41991f64a8106b4070434c1,table,detailed_parts_list,high,"[""high_part_number_density"", ""detailed_parts_list_candidate""]",,needs_review,,255,2301,16,"[""120-29068-075"", ""120-33774-001"", ""120-33774-505"", ""120-33774-537"", ""120-33774-539"", ""120-36842-003"", ""120-37314-001"", ""120-42070-001"", ""120-42221-511"", ""120-42221-535"", ""120-42221-537"", ""120-42547-019"", ""120-45726-001"", ""120-50648-549"", ""120-50648-551"", ""120-61548-507""]","€& emenncr

MAINTENANCE MANUAL WITH
ILLUSTRATED PARTS LIST
AIRLINE EFF | UNITS
FIG. ITEM| PARTNUMBER STOCK Maer EODE. FROM | PER
NUMBER TO ASSY
31A - | 120-61548-507 DOUBLE PASSENGER SEAT ASSY............ VS4956 | 302/999} REF
- | 120-50648-549 DOUBLE PASSENGER SEAT ASSY............ VS4956 | 302/312} REF
- | 120-50648-551 DOUBLE PASSENGER SEAT ASSY............ VS4956 | 313/999} REF
1 | 120-29068-075 . STRUCTURE, ASSY. (SEE FIGURE
25-21-00-99) o.oo. ce eeeeeee eee eeeeeeeeeeeeeeeeees VS4956 1
10 | 120-33774-001 . LINING ASSY, SEAT BOTTOM.................. VS4956 2
-11 | 120-33774-537 . LINING ASSY, SEAT BOTTOM.................. VS4956 | 302/312 2
-12 | 120-33774-539 . LINING ASSY, SEAT BOTTOM.................. VS4956 | 302/312 2
-13 | 120-33774-505 . LINING ASSY, SEAT BOTTOM.................. VS4956 | 313/999 2
-14 | 120-42221-511 . LINING ASSY, SEAT BOTTOM.................. VS4956 | 313/999 2
-15 | 120-37314-001 A od OTN 4 D VS4956 1
20 | 120-42221-535 . LINING ASSY.,","[""table_or_parts_list_text_cues""]",table_ocr_table_candidate_scan,False,False
200,t_p_120_1176_p000200,00000200.tif,local_data\organization\trace_net\ocr_route_scan_pack_tesseract_full\page_images\t_p_120_1176_p000200.tif,7b53d49f336ae8b0f9a53cfcdcfdf198cfd06307df24d88c962f2e09c37871db,table,detailed_parts_list,high,"[""high_part_number_density"", ""detailed_parts_list_candidate""]",,needs_review,,200,2075,12,"[""120-37313-001"", ""120-37313-505"", ""120-37313-535"", ""120-37313-537"", ""120-37313-539"", ""120-40636-001"", ""120-41231-001"", ""120-41474-002"", ""120-41475-001"", ""120-41475-003"", ""120-50648-549"", ""120-61548-507""]","€& emenncr

MAINTENANCE MANUAL WITH

ILLUSTRATED PARTS LIST
AIRLINE EFF | UNITS
FIG. ITEM | PARTNUMBER | STOCK vase EODE. FROM| PER
NUMBER To | ASSY
31A ATTACHING PARTS
170 |H14-04 NUT oocccsccsssssssessesseseeesssseeesesvnessssventeessnes 15653 3
180 | AN960-3L WASHER 2... csssossecessssseeesessentesesetneeeesveneeee 3
190 | MS24693-C5 SCREW oeecccesecescssssssneesesenteseseeeeseesenneen 3
200 | 120-37313-001 /HOLDER, MAGAZINE .......cccccccccccsscseeeeeen VS4956 2
-201 | 120-37313-535 HOLDER, MAGAZINE ......0cccscccccccesceeeeeeeen VS4956 | 302/312] 2
-202 | 120-37313-505 HOLDER, MAGAZINE ......0cccscccccccesceeeeeeeen VS4956 | 313/999] 2
-203 | 120-37313-537 HOLDER, MAGAZINE ......0cccscccccccesceeeeeeeen VS4956 | 302/312] 2
-204 | 120-37313-539 HOLDER, MAGAZINE ......0cccscccccccesceeeeeeeen VS4956 | 313/999] 2
ATTACHING PARTS
-205 | 1002-F FASTENER BUTTON, MALE ..w.......cccceees E075221 4
-206 | H14-04 NUT oeccccccsessssseessssssesesesneeesessnetsesstnnesenseen","[""table_or_parts_list_text_cues""]",table_ocr_table_candidate_scan,False,False
201,t_p_120_1176_p000201,00000201.tif,local_data\organization\trace_net\ocr_route_scan_pack_tesseract_full\page_images\t_p_120_1176_p000201.tif,06af6d64332f4feaad7e7afd333eaada0e51cd141431eade51a8e2420dfcd3c1,blank_candidate,blank_candidate,high,"[""empty_or_near_empty_ocr""]",,auto_suggested_review_recommended,,0,0,0,[],,"[""empty_ocr_low_ink""]",blank_candidate_confirmation_scan,False,False
202,t_p_120_1176_p000202,00000202.tif,local_data\organization\trace_net\ocr_route_scan_pack_tesseract_full\page_images\t_p_120_1176_p000202.tif,f4410cfea5e43b5827499ba246ad1d0665262961da9da81a76e53b29f69a5a60,table,image_visual_diagram,medium,"[""figure_or_visual_label_signal"", ""limited_text_or_visual_route""]",,needs_review,,108,811,1,"[""120-50648-005""]","-< EMBRAER

MAINTENANCE MANUAL WITH

ILLUSTRATED PARTS LIST

40

200

aS

aN

20

%

Q

NN

\

»\

30

Cl

20

280 190

190

“©

70

30

<

Li

(a) (B

le

eS

EL

(FI

—_

50

SEZ

CIE

QD

DAD

(A) ®)

220

10

<s

QQ

260

280.

Oo

r/

230

280

(C) ©

QA

SY

y

REZ

140

ff,

10

290

50

SS

170

aro

(D) . 160

115 ||

120

80

80

110

80

oD

2090. =: 280

250

100

240

115

<,

LAP 115

90% 90

115

<

90

280

100 100

125

>

115

290

280°

110

100 115

270?

120TP250042.MCE

Double Passenger Seat (120-50648-005)

Figure 32

Sheet 1

EFFECTIVITY: ALL

25-21-00

T.P. 120/1176

Page 1147

Sep 30/98
","[""table_or_parts_list_text_cues""]",table_ocr_table_candidate_scan,False,False
203,t_p_120_1176_p000203,00000203.tif,local_data\organization\trace_net\ocr_route_scan_pack_tesseract_full\page_images\t_p_120_1176_p000203.tif,7af36e0e9c89f2383dbf70873ed78379c95bca0267e7c0eff657981a4ec0f578,table,detailed_parts_list,high,"[""high_part_number_density"", ""detailed_parts_list_candidate""]",,needs_review,,212,1678,8,"[""120-29068-079"", ""120-33774-001"", ""120-36842-001"", ""120-42070-001"", ""120-42221-001"", ""120-42547-019"", ""120-45726-001"", ""120-50648-005""]","€& emenncr

MAINTENANCE MANUAL WITH

ILLUSTRATED PARTS LIST
AIRLINE EFF | UNITS
FIG. ITEM| PARTNUMBER STOCK Maer EODE. FROM | PER
NUMBER TO ASSY
32 - | 120-50648-005 DOUBLE PASSENGER SEAT ................00. VS4956 A REF
1 | 120-29068-079 . STRUCTURE, ASSY. (SEE FIGURE
25-21-00-106)..... 0... eee cece eceeeeeeeeeeeeeeees VS4956 1
10 | 120-33774-001 . LINING ASSY., SEAT BOTTOM................. VS4956 2
20 | 120-42221-001 . LINING ASSY., SEAT BACKREST.............. VS4956 2
30 | 120-42070-001 . FOAM ASSY., SEAT BACKREST .............. VS4956 2
40 | 120-45726-001 . COVER, PLASTIC... cceeeeeeseeeeeeeees VS4956 B 2
50 | 120-36842-001 . STOWAGE ASSY., LIFE JACKET............... VS4956 2
ATTACHING PARTS
60 | 1002-F . FASTENER BUTTON, MALE.................00. E075221 8
70 | 1002-C/6 . SUPPORT, FASTENER BUTTON MALE... 8
80 | PE915051-1-PT / SEAT BELT... cccccccceeseesstssseeeseeeees VS4956 2
ATTACHING PARTS
90 |MS21042L4 NUT occ cece cece cence eeeeeee seat seeaaaa eee 3
1","[""table_or_parts_list_text_cues""]",table_ocr_table_candidate_scan,False,False
204,t_p_120_1176_p000204,00000204.tif,local_data\organization\trace_net\ocr_route_scan_pack_tesseract_full\page_images\t_p_120_1176_p000204.tif,05c90d57da4547eac75596b3b54548c1db4a268171d94c4d2d9294c040b71476,table,detailed_parts_list,high,"[""high_part_number_density"", ""detailed_parts_list_candidate""]",,needs_review,,205,1764,10,"[""120-37313-001"", ""120-40636-001"", ""120-41231-001"", ""120-41474-002"", ""120-41475-001"", ""120-41475-003"", ""120-42660-001"", ""120-47462-001"", ""120-50648-005"", ""120-61610-001""]","€& emenncr

MAINTENANCE MANUAL WITH
ILLUSTRATED PARTS LIST
AIRLINE EFF | UNITS
FIG. ITEM| PARTNUMBER STOCK vase EODE. FROM | PER
NUMBER TO ASSY
32 180 | 120-37313-001 . HOLDER, MAGAZINE................c cece VS4956 2
ATTACHING PARTS
-185 | 1002-F . FASTENER BUTTON, MALE.................02. E075221 4
-186 | H14-04 SC re V15653 4
-187 | AN960-3L © WASHER 2... eee ccccececcceeetsnsssessaeeeeenees 4
-188 | MS24693-C5 SCREW. ........ ccc ccececceesceeeeeseeeeeeeeeeeeeeeneeeene 4
190 | 120-42660-001 . TABLE, SNACK FOLDING, ASSY
(SEE FIGURE 25-21-00-112) ......... ee. VS4956 2
200 | 120-47462-001 . COVER, LATCH, SNACK TABLE ASSY
(SEE FIGURE 25-21-00-112) ......... ee VS4956 | 278/315 2
-201 | 120-61610-001 . COVER, LATCH, SNACK TABLE ASSY
(SEE FIGURE 25-21-00-112) ......... ee VS4956 | 316/999 2
210 | AM03078-30 ASHTRAY uo. cccccccccccccccccceecceeetseetsassaneeaaeees E065846 2
220 | 120-40636-001 . LINING ASSY, - ARMREST ............00::cee VS4956 3
230 | 120-41475-001 .","[""table_or_parts_list_text_cues""]",table_ocr_table_candidate_scan,False,False
205,t_p_120_1176_p000205,00000205.tif,local_data\organization\trace_net\ocr_route_scan_pack_tesseract_full\page_images\t_p_120_1176_p000205.tif,d0f8b1ad58b1cb54295fcb706454bb1a332724a3c1cec41a51aeb9e4a9a8c198,table,image_visual_diagram,medium,"[""figure_or_visual_label_signal"", ""limited_text_or_visual_route""]",,needs_review,,102,798,1,"[""120-50648-011""]","-< EMBRAER

MAINTENANCE MANUAL WITH

ILLUSTRATED PARTS LIST

50

210

RN

~~

SN

\\

30

40

e

a

\

N

300 190

30

80

200

“~) ©

40

<>

Jin

<N

go ~

O

Fil @) ©

((~—

60

V (AL

CIE

QQ

(A) 8)

220

20

(<

260

)

Fs]

240

300

300

©) ©

QW

REZ

£

y

150

10

290

180

170

28

ot

©)

90

115)

90

120

90

220 300

110

90

250

OD)

100

115

270 \

Qo

140 140

<,

115

SAN

115

140

300 IA

100 100

125

290

>

110

115

300—

115 100

280 —*

120TP250045.MCE

Double Passenger Seat (120-50648-011)

Figure 33

Sheet 1

EFFECTIVITY: ALL

25-21-00

T.P. 120/1176

Page 1150

Sep 30/98
","[""table_or_parts_list_text_cues""]",table_ocr_table_candidate_scan,False,False
206,t_p_120_1176_p000206,00000206.tif,local_data\organization\trace_net\ocr_route_scan_pack_tesseract_full\page_images\t_p_120_1176_p000206.tif,026e8ea9737c784b10cf74fea4cb1a6c1f398d9e6b86db4f7b4668e46c9a6dff,table,detailed_parts_list,high,"[""high_part_number_density"", ""detailed_parts_list_candidate""]",,needs_review,,225,1778,9,"[""120-29068-079"", ""120-36842-001"", ""120-42070-001"", ""120-42221-001"", ""120-42547-019"", ""120-45726-001"", ""120-50648-011"", ""120-61536-001"", ""120-61538-001""]","€& emenncr

MAINTENANCE MANUAL WITH

ILLUSTRATED PARTS LIST
AIRLINE EFF | UNITS
FIG. ITEM PART NUMBER STOCK vase EODE. FROM PER
NUMBER TO ASSY
33 - | 120-50648-011 DOUBLE PASSENGER SEAT ...................85 VS4956 A REF
1 | 120-29068-079 . STRUCTURE, ASSY. (SEE FIGURE
25-21-00-106)..0.. cece cccceeeeeteeeeeeeeeae es VS4956 1
10 | 120-61536-001 . LINING ASSY., SEAT BOTTOM................ VS4956 1
20 | 120-61538-001 . LINING ASSY., SEAT BOTTOM................ VS4956 1
30 | 120-42221-001 . LINING ASSY., SEAT BACKREST............. VS4956 2
40 | 120-42070-001 . FOAM ASSY., SEAT BACKREST .............. VS4956 2
50 | 120-45726-001 . COVER, PLASTIC... eens VS4956 B 2
60 | 120-36842-001 . STOWAGE ASSY., LIFE JACKET .......0...... VS4956 2
ATTACHING PARTS
70 | 1002-F . FASTENER BUTTON, MALE. .............000..... E075221 8
80 | 1002-C/6 . SUPPORT, FASTENER BUTTON MALE ... 8
90 | PE915051-1-PT SEAT BELT wu... ccc. ccc ccccceccccccecceeeccuseeueeeeees VS4956 2
ATTACHING PARTS","[""table_or_parts_list_text_cues""]",table_ocr_table_candidate_scan,False,False
207,t_p_120_1176_p000207,00000207.tif,local_data\organization\trace_net\ocr_route_scan_pack_tesseract_full\page_images\t_p_120_1176_p000207.tif,a16783ccafdb6eda63610b7ad8d26fb33bd0b205cfa652975c7c83bc7d26daee,table,detailed_parts_list,high,"[""high_part_number_density"", ""detailed_parts_list_candidate""]",,needs_review,,200,1598,10,"[""120-37313-001"", ""120-40636-001"", ""120-41231-001"", ""120-41474-002"", ""120-41475-001"", ""120-41475-003"", ""120-42660-001"", ""120-47462-001"", ""120-50648-011"", ""120-61610-001""]","€& emenncr

MAINTENANCE MANUAL WITH
ILLUSTRATED PARTS LIST
AIRLINE EFF | UNITS
FIG. ITEM| PARTNUMBER STOCK Maer EODE. FROM | PER
NUMBER TO ASSY
33 190 | 120-37313-001 . HOLDER, MAGAZINE...............ccccceeeeseeeees VS4956 2
ATTACHING PARTS
-195 | 1002-F FASTENER BUTTON, MALE.................... E075221 4
-196 | H14-04 SO ee V15653 4
-197 | AN960-3L VANS) ml Ore 4
-198 | MS24693-C5 1 Old || 4
200 | 120-42660-001 . TABLE, SNACK FOLDING, ASSY
(SEE FIGURE 25-21-00-112) 0... VS4956 2
210 | 120-47462-001 . COVER, LATCH, SNACK TABLE ASSY
(SEE FIGURE 25-21-00-112) ........ VS4956 | 278/315 2
-211 | 120-61610-001 . COVER, LATCH, SNACK TABLE ASSY
(SEE FIGURE 25-21-00-112) ........ VS4956 | 316/999 2
220 | 120-40636-001 . LINING ASSY, - ARMREST ...............00. VS4956 3
230 | AM03078-30 ASHTRAY 0... cccccccccccccecceececeestsstseasaeeeeeeeees E065846 2
240 | 120-41475-001 . COVER, TRIM, FRONT .............0:ccceeeeeeee VS4956 1
250 | 120-41475-003 . COVER, TRIM, FRONT ..","[""table_or_parts_list_text_cues""]",table_ocr_table_candidate_scan,False,False
208,t_p_120_1176_p000208,00000208.tif,local_data\organization\trace_net\ocr_route_scan_pack_tesseract_full\page_images\t_p_120_1176_p000208.tif,7a8f650a0dda1a3e4d59974326bc199a8425e9df989dda79ff73d1f1ba76609b,table,image_visual_diagram,medium,"[""figure_or_visual_label_signal"", ""limited_text_or_visual_route""]",,needs_review,,119,610,1,"[""120-50648-009""]","-< EMBRAER
MAINTENANCE MANUAL WITH
ILLUSTRATED PARTS LIST
a 40
wy TNS 4} \
Wal)
‘ PNY \\
ps *s 20
Qe \\ 30
180 . \ iN
~ 20
(C) iv
70 30
Sa
are il|(@a) ©
SAO
190 10. A <4
260 Jy (A)
210 ‘Sy
270 | RY (D) Je
| mC pele |
Ss 7 XQ re 140
20-4 . SS 170
! 150
aa Ut (D) 160
80
ral 80 .
“0° aug) 190 260 y0 80
220 230 \ 100 145 A
| 90 ol, 9
| Se7 90 He 67] 115
| © ws /TMa y
260 |S 100 100 / *¥56
&? | 130 KGL 125
oo 110 6
260 — 100 115
250 —
120TP250044.MCE
Double Passenger Seat (120-50648-009)
Figure 34
Sheet 1
EFFECTIVITY: ALL
25 21 00 Page 1153
T.P. 120/1176 Sep 30/98
","[""table_or_parts_list_text_cues""]",table_ocr_table_candidate_scan,False,False
209,t_p_120_1176_p000209,00000209.tif,local_data\organization\trace_net\ocr_route_scan_pack_tesseract_full\page_images\t_p_120_1176_p000209.tif,057e448769dafcb5d4e202fd15228c3953eccae41e940d5c098fd61e62694c2c,table,detailed_parts_list,high,"[""high_part_number_density"", ""detailed_parts_list_candidate""]",,needs_review,,211,1678,8,"[""120-29068-075"", ""120-33774-001"", ""120-36842-003"", ""120-42070-001"", ""120-42221-001"", ""120-42547-019"", ""120-45726-001"", ""120-50648-009""]","€& emenncr

MAINTENANCE MANUAL WITH

ILLUSTRATED PARTS LIST
AIRLINE EFF | UNITS
FIG. ITEM| PARTNUMBER STOCK Maer EODE. FROM | PER
NUMBER TO ASSY
34 - | 120-50648-009 DOUBLE PASSENGER SEAT ASSY............ VS4956 A REF
1 | 120-29068-075 . STRUCTURE, ASSY. (SEE FIGURE
25-21-00-100)..... 0... eeeeeecceeeceeeeeeeeeeeeeeees VS4956 1
10 | 120-33774-001 . LINING ASSY., SEAT BOTTOM................. VS4956 2
20 | 120-42221-001 . LINING ASSY., SEAT BACKREST.............. VS4956 2
30 | 120-42070-001 . FOAM ASSY., SEAT BACKREST .............. VS4956 2
40 | 120-45726-001 . COVER, PLASTIC... cceeeeeeseeeeeeeees VS4956 B 2
50 | 120-36842-003 . STOWAGE ASSY., LIFE JACKET............... VS4956 2
ATTACHING PARTS
60 | 1002-F . FASTENER BUTTON, MALE.................00. E075221 8
70 | 1002-C/6 . SUPPORT, FASTENER BUTTON MALE... 8
80 | PE915051-1-PT / SEAT BELT... cccccccceeseesstssseeeseeeees VS4956 A 2
ATTACHING PARTS
90 |MS21042L4 NUT occ cece cece cence eeeeeee seat seeaaaa eee 3
1","[""table_or_parts_list_text_cues""]",table_ocr_table_candidate_scan,False,False
210,t_p_120_1176_p000210,00000210.tif,local_data\organization\trace_net\ocr_route_scan_pack_tesseract_full\page_images\t_p_120_1176_p000210.tif,a77115a113c239d5b470a2d4e95bb4727db40f32a2f8b85f0458f49ac7db02e8,table,detailed_parts_list,medium,"[""part_number_present"", ""ipl_column_terms""]",,needs_review,,172,1476,7,"[""120-37313-001"", ""120-40636-001"", ""120-41231-001"", ""120-41474-002"", ""120-41475-001"", ""120-41475-003"", ""120-50648-009""]","€& emenncr

MAINTENANCE MANUAL WITH
ILLUSTRATED PARTS LIST
AIRLINE EFF | UNITS
FIG. ITEM| PARTNUMBER STOCK vase EODE. FROM | PER
NUMBER TO ASSY
34 180 | 120-37313-001 . HOLDER, MAGAZINE................c cece VS4956 2
ATTACHING PARTS
-185 | 1002-F . FASTENER BUTTON, MALE.................02. E075221 4
-186 | H14-04 NUT cece cee e eee e eee s eae enneeeeeeeeeeeeeeeees V15653 4
-187 | AN960-3L © WASHER 2... eee ccccececcceeetsnsssessaeeeeenees 4
-188 | MS24693-C5 SCREW ccc ccccccceeeceececeeeeeeseeetntsteaaeaees 4
190 | 120-40636-001 . LINING ASSY, - ARMREST ............00::cee VS4956 3
200 | AM03078-30 ASHTRAY uo. cccccccccccccccccceecceeetseetsassaneeaaeees E065846 2
210 | 120-41475-001 . COVER, TRIM, FRONT................cceeeeees VS4956 1
220 | 120-41475-003 . COVER, TRIM, FRONT................cceeeeees VS4956 2
230 | 120-41474-002 . COVER, TRIM, REAR-FIXED ARMREST.. VS4956 1
240 | 120-41231-001 .COVER,TRIM,REAR-MOVABLEARMREST VS4956 2
ATTACHING PARTS
250 | PE17001-","[""table_or_parts_list_text_cues""]",table_ocr_table_candidate_scan,False,False
211,t_p_120_1176_p000211,00000211.tif,local_data\organization\trace_net\ocr_route_scan_pack_tesseract_full\page_images\t_p_120_1176_p000211.tif,4ff2a8368e612150cab5c34710abff65067f32513ad6cfdf4affa35f5648a477,table,image_visual_diagram,medium,"[""figure_or_visual_label_signal"", ""limited_text_or_visual_route""]",,needs_review,,100,731,1,"[""120-61382-001""]","-< EMBRAER

MAINTENANCE MANUAL WITH

ILLUSTRATED PARTS LIST

40

200

SX

AS

SN

\

20

30

L

a

\

»

20

280 180

70

190

HO

30

<e

Le

<SN

r—

EL

(FU)

(x) ®)

50

CIE

QQ

<S

pa

(A) B)

210

10

<

QD

230

280

<9

220

280

QW

©) ©

SY

y

Ib

@

270

10

150

170

pee

(D) a

80 80

10

80

210

280

220

240 \

<i,

oh

90 90° /

<

110

90

280 |

100 100

Cl

130

110

Cf

120

100

v0 AC

200

120TP250046.MCE

Double Passenger Seat (120-61382-001)

Figure 35

Sheet 1

EFFECTIVITY: ALL

25-21-00

T.P. 120/1176

Page 1156

Sep 30/98
","[""table_or_parts_list_text_cues""]",table_ocr_table_candidate_scan,False,False
212,t_p_120_1176_p000212,00000212.tif,local_data\organization\trace_net\ocr_route_scan_pack_tesseract_full\page_images\t_p_120_1176_p000212.tif,b995b68fe05d092cb4154b8e6a7dc117858868b95a325d137234340fe2f71cd8,table,detailed_parts_list,high,"[""high_part_number_density"", ""detailed_parts_list_candidate""]",,needs_review,,196,1642,8,"[""120-29068-077"", ""120-36842-001"", ""120-37313-001"", ""120-42070-001"", ""120-42221-001"", ""120-42547-019"", ""120-45726-001"", ""120-61382-001""]","€& emenncr

MAINTENANCE MANUAL WITH

ILLUSTRATED PARTS LIST
AIRLINE EFF | UNITS
FIG. ITEM| PARTNUMBER STOCK vase EODE. FROM | PER
NUMBER TO ASSY
35 - | 120-61382-001 DOUBLE PASSENGER SEAT ASSY............ VS4956 | 304/999} REF
1 | 120-29068-077 . STRUCTURE, ASSY. (SEE FIGURE
25-21-00-90) oo cece eee eeeeeteeeeeeeee VS4956 1
10 | 120-337 74-001 . LINING ASSY., SEAT BOTTOM................ VS4956 2
20 | 120-42221-001 . LINING ASSY., SEAT BACKREST.............. VS4956 2
30 | 120-42070-001 . FOAM ASSY., SEAT BACKREST ............... VS4956 2
40 | 120-45726-001 . COVER, PLASTIC... ceceeceeennees VS4956 A 2
50 | 120-36842-001 . STOWAGE ASSY., LIFE JACKET.............. VS4956 2
ATTACHING PARTS
60 | 1002-F . FASTENER BUTTON, MALE.................02. E075221 8
70 | 1002-C/6 . SUPPORT, FASTENER BUTTON MALE ... 8
80 | PE915051-1-PT / SEAT BELT... ccccccccensssneesseeeeeeeees VS4956 2
ATTACHING PARTS
90 | MS21042L4 NC re 3
100 | PE64005-1 SS) OLS) a C 4
110 | NAS1149C0432R WA","[""table_or_parts_list_text_cues""]",table_ocr_table_candidate_scan,False,False
213,t_p_120_1176_p000213,00000213.tif,local_data\organization\trace_net\ocr_route_scan_pack_tesseract_full\page_images\t_p_120_1176_p000213.tif,6fd3fd8fecbffce367b29f20612d48979b86786a961464a7de7f304e41be18c1,table,detailed_parts_list,high,"[""high_part_number_density"", ""detailed_parts_list_candidate""]",,needs_review,,183,1531,8,"[""120-40636-001"", ""120-41231-001"", ""120-41474-002"", ""120-41475-001"", ""120-47462-001"", ""120-61382-001"", ""120-61410-001"", ""120-61610-001""]","€& emenncr

MAINTENANCE MANUAL WITH
ILLUSTRATED PARTS LIST
AIRLINE EFF | UNITS
FIG. ITEM PART NUMBER STOCK Maer EODE. FROM PER
NUMBER TO ASSY
35 ATTACHING PARTS
-185 | 1002-F . FASTENER BUTTON, MALE.............000.0... E075221 4
-186 | H14-04 Nh V15653 4
-187 | AN960-3L ~ WASHER... oo. c ccc cccccccccceccceceecceuceseceaseeaceeaes 4
-188 | MS24693-C5 SCREW. .0.....cccccccccccccccccccceccceuceueceneeuneeeceeaes 4
190 | 120-61410-001 . TABLE, SNACK FOLDING, ASSY
(SEE FIGURE 25-21-00-113)........... VS4956 2
200 | 120-47462-001 . COVER, LATCH, SNACK TABLE ASSY
(SEE FIGURE 25-21-00-113)........0. VS4956 | 304/315 2
-201 | 120-61610-001 . COVER, LATCH, SNACK TABLE ASSY
(SEE FIGURE 25-21-00-113)........0. VS4956 | 316/999 2
210 | 120-40636-001 . LINING ASSY, - ARMREST .........0.cc. VS4956 3
220 | 120-41475-001 . COVER, TRIM, FRONT ..0..... ee. VS4956 3
230 | 120-41474-002 . COVER, TRIM, REAR-FIXED ARMREST. VS4956 1
240 | 120-41231-001 .COVER,TRIM,REAR-MOVABLEARMREST VS","[""table_or_parts_list_text_cues""]",table_ocr_table_candidate_scan,False,False
214,t_p_120_1176_p000214,00000214.tif,local_data\organization\trace_net\ocr_route_scan_pack_tesseract_full\page_images\t_p_120_1176_p000214.tif,d70e140589bbfeaf7175753e5982d3ab34d6d97cc2df3b9f66b5fb828f8986c0,table,image_visual_diagram,medium,"[""figure_or_visual_label_signal"", ""limited_text_or_visual_route""]",,needs_review,,97,703,1,"[""120-61382-501""]","MAINTENANCE MANUAL WITH

-< EMBRAER

ILLUSTRATED PARTS LIST

20

160

SA

AN

30

20

ah

a

\\

CQ

N

30

240 4140

150

=,

Se

(a) (8

a

1D

SF;

170

Zs

(A) &)

190

10

Sa

180

240

<s

QD

SF

og].

240 —*

f

CT

SS

230

S

y

10

aot

110

130

120

40

80

170

240

70

40

180

200

60

SS

50 so /

<,

70

70

60 60

<,

50

240 | 6

C7

90

Cf

80

70

60

230

“—~ 220

210

120CMM251002.MCE

Double Passenger Seat (120-61382-501)

Figure 35A

Sheet 1

EFFECTIVITY: ALL

25-21-00

Page 1158A

T.P. 120/1176

Jan 15/01
","[""table_or_parts_list_text_cues""]",table_ocr_table_candidate_scan,False,False
215,t_p_120_1176_p000215,00000215.tif,local_data\organization\trace_net\ocr_route_scan_pack_tesseract_full\page_images\t_p_120_1176_p000215.tif,14d4edeb45e36eb1a8fadaab505453151e10ca6b227e5d7b559620b3737dd7fd,table,detailed_parts_list,high,"[""high_part_number_density"", ""detailed_parts_list_candidate""]",,needs_review,,203,1678,8,"[""120-29068-077"", ""120-37313-509"", ""120-37314-001"", ""120-42070-001"", ""120-49362-001"", ""120-61332-009"", ""120-61382-501"", ""120-62399-001""]","€& emenncr

MAINTENANCE MANUAL WITH

ILLUSTRATED PARTS LIST
AIRLINE EFF | UNITS
FIG. ITEM| PARTNUMBER STOCK Maer EODE. FROM | PER
NUMBER TO ASSY
35A - | 120-61382-501 DOUBLE PASSENGER SEAT ASSY............ VS4956 | 339/999} REF
1 | 120-29068-077 . STRUCTURE, ASSY. (SEE FIGURE
25-21-00-90) ..... oe eeeeeeeeeeeeeeeeeeeeeeeeeeeees VS4956 1
10 | 120-49362-001 . LINING ASSY., SEAT BOTTOM................. VS4956 2
-11 | 120-37314-001 Ad BOT 34 D ee VS4956 1
20 | 120-62399-001 . LINING ASSY., SEAT BACKREST.............. VS4956 2
30 | 120-42070-001 . FOAM ASSY., SEAT BACKREST .............. VS4956 2
ATTACHING PARTS
40 | PE915051-1-PT SEAT BELLT...........0cccccccessseeeecceeceeeeeeenteeeeaes VS4956 2
50 |MS21042L4 NUT oo c cece eee e cece eeeeeeeeeeeeeaesaeaaaaeeeeee 3
60 | PE64005-1 BUSHING 2... cc cece ccestetteeeeeeeeeeeeees VS4956 4
70 | AN960-416L VANS) | =] Ore 6
80 | AN4-5A BOLT oo... cccccccccccccceccceecesseceeseeeeeeeeeeeeeeeeeaaas 2
90 | AN4-24A BOLT oo. ceccccc","[""table_or_parts_list_text_cues""]",table_ocr_table_candidate_scan,False,False
216,t_p_120_1176_p000216,00000216.tif,local_data\organization\trace_net\ocr_route_scan_pack_tesseract_full\page_images\t_p_120_1176_p000216.tif,2ad8567025bc3d1778753d5c57a12ee9ed79187e326353292893e3c269017149,table,detailed_parts_list,medium,"[""part_number_present"", ""ipl_column_terms""]",,needs_review,,127,1132,7,"[""120-40636-001"", ""120-41231-001"", ""120-41474-002"", ""120-41475-001"", ""120-61382-501"", ""120-61410-001"", ""120-61610-001""]","€& emenncr

MAINTENANCE MANUAL WITH
ILLUSTRATED PARTS LIST
AIRLINE EFF | UNITS
FIG. ITEM| PARTNUMBER | STOCK vase EODE. FROM| PER
NUMBER To | ASSY
35A 150 | 120-61410-001 _ TABLE, SNACK FOLDING, ASSY
(SEE FIGURE 25-21-00-113) .....0ccceccccee VS4956 2
160 | 120-61610-001 COVER, LATCH, SNACK TABLE ASSY
(SEE FIGURE 25-21-00-113) .....0ccceccccee VS4956 2
170 | 120-40636-001 LINING ASSY, - ARMREST ..0.......cccccce VS4956 3
180 | 120-41475-001 COVER, TRIM, FRONT.......ccccccccccceeecne VS4956 3
190 | 120-41474-002 _ COVER, TRIM, REAR-FIXED ARMREST.. VS4956 1
200 | 120-41231-001 _COVER, TRIM, REAR - MOVABLE
ARMREST ooo. ccessossssessosseeseesestteeeretenteeeeeee VS4956 2
ATTACHING PARTS
210 | PE17001-3PR PLUG, NYLON oo ..ccccccccscccessssssteeeeseteneeenee VS4956 3
220 | NAS1096-1-8 SCREW oievcccccssseesessssssseessesteeeteesventesensveneere 3
230 | AN960-8 NS) 5 3
240 | MS24693-C26 SCREW ooocccccccecccessssseeesssseteeeseseeesennnneeesee 16

-ITEM NOT ILLUSTRATED

","[""table_or_parts_list_text_cues""]",table_ocr_table_candidate_scan,False,False
217,t_p_120_1176_p000217,00000217.tif,local_data\organization\trace_net\ocr_route_scan_pack_tesseract_full\page_images\t_p_120_1176_p000217.tif,6036499f2b01be19d87d5fa920cb8c3c49e42e31ca701de5410255e45def6526,blank_candidate,blank_candidate,high,"[""empty_or_near_empty_ocr""]",,auto_suggested_review_recommended,,0,0,0,[],,"[""empty_ocr_low_ink""]",blank_candidate_confirmation_scan,False,False
218,t_p_120_1176_p000218,00000218.tif,local_data\organization\trace_net\ocr_route_scan_pack_tesseract_full\page_images\t_p_120_1176_p000218.tif,25dc97ecb4efd9eed46331336f530e7d4429bb40f3191454839b56f67d5bb1b6,table,image_visual_diagram,medium,"[""figure_or_visual_label_signal"", ""limited_text_or_visual_route""]",,needs_review,,89,452,1,"[""120-61382-003""]","-< EMBRAER
MAINTENANCE MANUAL WITH
ILLUSTRATED PARTS LIST
40
Wha
200 SN 0 . iy
a IN mo .
230 () (B) ~
Ce SF o
S
<n 10 » <i <_”
Ce ES |
</ 60 ey, onal (A)
lane © PRI
ia Sao
10 SX
150 170
(C) a
120 | 89 80
220 280 Se H0 80
10 240 \ 100 ' ai
aan ae 90 90 / a dF) 10
a | | ” (B) 110 | Le 90\ |
ole 0 100 36 ""I Ch 120
250-—°
Double Passenger Seat (120-61382-003)
Figure 36
Sheet 1
EFFECTIVITY: ALL 25-21 -00 age 1159
Sep 30/98
","[""table_or_parts_list_text_cues""]",table_ocr_table_candidate_scan,False,False
219,t_p_120_1176_p000219,00000219.tif,local_data\organization\trace_net\ocr_route_scan_pack_tesseract_full\page_images\t_p_120_1176_p000219.tif,1cb0087ad96f72245a9faf4138d38b020ebaa9883ba47e9809af22b3e76ad1bc,table,detailed_parts_list,high,"[""high_part_number_density"", ""detailed_parts_list_candidate""]",,needs_review,,185,1751,9,"[""120-29068-071"", ""120-33774-001"", ""120-36842-001"", ""120-37313-001"", ""120-42070-001"", ""120-42221-001"", ""120-42547-019"", ""120-45726-001"", ""120-61382-003""]","€& emenncr

MAINTENANCE MANUAL WITH

ILLUSTRATED PARTS LIST
AIRLINE EFF | UNITS
FIG. ITEM| PARTNUMBER | STOCK Maer EODE. FROM| PER
NUMBER To | ASSY
36 - | 120-61382-003 DOUBLE PASSENGER SEAT ASSV............ VS4956 |304/999| REF
1 | 120-29068-071 . STRUCTURE, ASSY. (SEE FIGURE
25-21-00-94) ooo ocecccceceessssteeesesstenseeeseneeee VS4956 1
10 | 120-33774-001 LINING ASSY., SEAT BOTTOM .........000.-- VS4956 2
20 | 120-42221-001 _ LINING ASSY., SEAT BACKREST............. VS4956 2
30 | 120-42070-001 . FOAM ASSY., SEAT BACKREST ...........--- VS4956 2
40 | 120-45726-001 COVER, PLASTIC ......0ccccccccssseeseeceneeeeen vs4956| A 2
50 | 120-36842-001 . STOWAGE ASSY., LIFE JACKET...........-. VS4956 2
ATTACHING PARTS
60 | 1002-F . FASTENER BUTTON, MALE... E075221 8
70 | 1002-C/6 . SUPPORT, FASTENER BUTTON MALE... 8
80 | PE915051-1-PT SEAT BELT cece cecscesccccssesteeseseenteeseseeeeen VS4956 2
ATTACHING PARTS
90 |MS21042L4 NUT occ cccsoseseessssssseeessesteseesessneesenven","[""table_or_parts_list_text_cues""]",table_ocr_table_candidate_scan,False,False
220,t_p_120_1176_p000220,00000220.tif,local_data\organization\trace_net\ocr_route_scan_pack_tesseract_full\page_images\t_p_120_1176_p000220.tif,ecc5249eb737982b757943c931bc3640a7af45856429938c65282c83b94436e7,table,detailed_parts_list,high,"[""high_part_number_density"", ""detailed_parts_list_candidate""]",,needs_review,,186,1517,8,"[""120-40636-001"", ""120-41231-001"", ""120-41475-001"", ""120-41784-002"", ""120-47462-001"", ""120-61382-003"", ""120-61410-001"", ""120-61610-001""]","€& emenncr

MAINTENANCE MANUAL WITH
ILLUSTRATED PARTS LIST
AIRLINE EFF | UNITS
FIG. ITEM| PARTNUMBER STOCK vase EODE. FROM | PER
NUMBER TO ASSY
36 ATTACHING PARTS
-185 | 1002-F . FASTENER BUTTON, MALE.................02. E075221 4
-186 | H14-04 NUT cece ccc ce cece aeee nae seae cnt eeeeeeeseeeeeeees V15653 4
-187 | AN960-3L © WASHER 2... eee ccccececcceeetsnsssessaeeeeenees 4
-188 | MS24693-C5 SCREW ooo. cccccccceecsseaeeeeeeeeeeeeeeeeeeeeeeene 4
190 | 120-61410-001 . TABLE, SNACK FOLDING, ASSY
(SEE FIGURE 25-21-00-113) 0.0... VS4956 2
200 | 120-47462-001 . COVER, LATCH, SNACK TABLE ASSY
(SEE FIGURE 25-21-00-113) 0.0... VS4956 | 304/315 2
-201 | 120-61610-001 . COVER, LATCH, SNACK TABLE ASSY
(SEE FIGURE 25-21-00-113) 0.0... VS4956 | 316/999 2
210 | 120-41475-001 . COVER, TRIM, FRONT................cceeeeees VS4956 2
220 | 120-40636-001 . LINING ASSY, - ARMREST ............00::cee VS4956 2
230 | 120-41784-002 . COVER, TRIM, LATERAL .................0ce VS4956 1
240","[""table_or_parts_list_text_cues""]",table_ocr_table_candidate_scan,False,False
221,t_p_120_1176_p000221,00000221.tif,local_data\organization\trace_net\ocr_route_scan_pack_tesseract_full\page_images\t_p_120_1176_p000221.tif,cc49947cec797189774703c1c1a1a0e23192a7b6bd1cc250f39899a45e3688cd,table,image_visual_diagram,medium,"[""figure_or_visual_label_signal"", ""limited_text_or_visual_route""]",,needs_review,,109,817,1,"[""120-61382-007""]","-< EMBRAER

MAINTENANCE MANUAL WITH

ILLUSTRATED PARTS LIST

40

SN NON

WAN ~

[Ls ~7\

\\

\\

WW

\\

~eQN ‘|

\\ \

Saad NS

a

20

180

Vy

A

30

20

30

70

<

<>

60

G

Al (~) ©

<ENN

SOM”

<>

fA

(A

CIE

50

QQ

Jy

(A) ©)

(FL

190

10

Sa

<F

220

YQ

240

cai

200

240

©) ©

SX

y

7

Si

SY

140

10

260

150

170

250

230

(D) «0 160

80

120

80

110

190

240

80

200

100

220 \

A

QO

90 90° /

110

GL

90

240 |

100 100

Sy,

130

J]

120

260

110

100

250 —

230—

120TP250048.MCE

Double Passenger Seat (120-61382-007)

Figure 37

Sheet 1

EFFECTIVITY: ALL

25-21-00 Page 1162

Sep 30/98
","[""table_or_parts_list_text_cues""]",table_ocr_table_candidate_scan,False,False
222,t_p_120_1176_p000222,00000222.tif,local_data\organization\trace_net\ocr_route_scan_pack_tesseract_full\page_images\t_p_120_1176_p000222.tif,5df3754700f4517e183ccaa36c18584a70ed026b99117ea2490c25f4e190fdba,table,detailed_parts_list,high,"[""high_part_number_density"", ""detailed_parts_list_candidate""]",,needs_review,,196,1630,8,"[""120-29068-073"", ""120-36842-001"", ""120-37313-001"", ""120-42070-001"", ""120-42221-001"", ""120-42547-019"", ""120-45726-001"", ""120-61382-007""]","€& emenncr

MAINTENANCE MANUAL WITH

ILLUSTRATED PARTS LIST
AIRLINE EFF | UNITS
FIG. ITEM| PARTNUMBER STOCK vase EODE. FROM | PER
NUMBER TO ASSY
37 - | 120-61382-007 DOUBLE PASSENGER SEAT ................06. VS4956 | 304/999} REF
1 | 120-29068-073 . STRUCTURE, ASSY. (SEE FIGURE
29-21-00-99) occ cece eee ee eee eteeeeees VS4956 1
10 | 120-337 74-001 . LINING ASSY., SEAT BOTTOM................ VS4956 2
20 | 120-42221-001 . LINING ASSY., SEAT BACKREST.............. VS4956 2
30 | 120-42070-001 . FOAM ASSY., SEAT BACKREST ............... VS4956 2
40 | 120-45726-001 . COVER, PLASTIC... ceceeceeennees VS4956 A 2
50 | 120-36842-001 . STOWAGE ASSY., LIFE JACKET.............. VS4956 2
ATTACHING PARTS
60 | 1002-F . FASTENER BUTTON, MALE.................02. E075221 8
70 | 1002-C/6 . SUPPORT, FASTENER BUTTON MALE ... 8
80 | PE915051-1-PT / SEAT BELT... ccccccccensssneesseeeeeeeees VS4956 2
ATTACHING PARTS
90 | MS21042L4 NC re 3
100 | PE64005-1 SS) OLS) a C 4
110 | NAS1149C043","[""table_or_parts_list_text_cues""]",table_ocr_table_candidate_scan,False,False
223,t_p_120_1176_p000223,00000223.tif,local_data\organization\trace_net\ocr_route_scan_pack_tesseract_full\page_images\t_p_120_1176_p000223.tif,1b23a56d3babd87bfefc6e0e1810202f5448b441d365b6a99465d889991fb162,table,detailed_parts_list,medium,"[""part_number_present"", ""ipl_column_terms""]",,needs_review,,131,1264,5,"[""120-40636-001"", ""120-41231-001"", ""120-41474-002"", ""120-41475-001"", ""120-61382-007""]","€& emenncr

MAINTENANCE MANUAL WITH
ILLUSTRATED PARTS LIST
AIRLINE EFF | UNITS
FIG. ITEM| PARTNUMBER | STOCK Maer EODE. FROM| PER
NUMBER To | ASSY
37 ATTACHING PARTS
-185 | 1002-F . FASTENER BUTTON, MALE...0....-.ccccsece E075221 4
-186 |H14-04 NUT osccsssesesesssseseessestvnssestneesestentesenetneeee 15653 4
-187 | AN960-3L WASHER. esssesscesssssseeeseseetteeestnteeeveteee 4
-188 | MS24693-C5 SCREW oeeccccceescessesssessessseseneeesstineeesvenseen 4
190 | 120-40636-001 LINING ASSY, - ARMREST ..0.......cccce- VS4956 3
200 | 120-41475-001 COVER, TRIM, FRONT 0.0...cccccccccccscseeeeeee VS4956 3
210 | 120-41474-002 _ COVER, TRIM, REAR-FIXED ARMREST. VS4956 1
220 | 120-41231-001 COVER, TRIM,REAR-MOVABLEARMREST \VS4956 2
ATTACHING PARTS
230 | PE17001-3PR PLUG, NYLON 0oocccccccccsscetesseeesetteeseeeeeeen 3
240 | MS24693-C26 SCREW oeececccceccessseessessesessestnseesssinsseesenseen 10
250 | NAS1096-1-8 SCREW oeecccccecssssscssseseseessstessesstneeesvenneee 3
260 | AN960C8","[""table_or_parts_list_text_cues""]",table_ocr_table_candidate_scan,False,False
224,t_p_120_1176_p000224,00000224.tif,local_data\organization\trace_net\ocr_route_scan_pack_tesseract_full\page_images\t_p_120_1176_p000224.tif,ecaec499e34cca3ca6309f0db6c730c17870d17a4fcb4585881235fe3a2d4e89,table,image_visual_diagram,medium,"[""figure_or_visual_label_signal"", ""limited_text_or_visual_route""]",,needs_review,,100,715,1,"[""120-61382-005""]","-< EMBRAER

MAINTENANCE MANUAL WITH

ILLUSTRATED PARTS LIST

50

210

AN

SX

30

2

a

‘N)

\\

N

40

290 190

\

30

200

A) ©

80

40

d/\,

o;

<N

a+

ae

(ZL)

CIE

60

SF

QD

<JIP

(A) 8)

220

10

240

Q

1S.

230

290

is

290

©) ©

QQ

SY

Lf

p

280

20

SS

180

170

26

eal

(D) a

90 9

220 290

90

230

250 \

Cl

OS

140

110

140

110

100 100

290 |

SY

7

130

120

280

270 —

110

100

260-—*

120TP250049.MCE

Double Passenger Seat (120-61382-005)

Figure 38

Sheet 1

EFFECTIVITY: ALL

25-21-00

Page 1165

Sep 30/98
","[""table_or_parts_list_text_cues""]",table_ocr_table_candidate_scan,False,False
225,t_p_120_1176_p000225,00000225.tif,local_data\organization\trace_net\ocr_route_scan_pack_tesseract_full\page_images\t_p_120_1176_p000225.tif,a7ff96f3a29a3680ac397ae11bc18f7fe0e72b5c212b24db94c04df8eaca73c7,table,detailed_parts_list,high,"[""high_part_number_density"", ""detailed_parts_list_candidate""]",,needs_review,,193,1779,10,"[""120-29068-079"", ""120-36842-001"", ""120-37313-001"", ""120-42070-001"", ""120-42221-001"", ""120-42547-019"", ""120-45726-001"", ""120-61382-005"", ""120-61536-001"", ""120-61538-001""]","€& emenncr

MAINTENANCE MANUAL WITH

ILLUSTRATED PARTS LIST
AIRLINE EFF | UNITS
FIG. ITEM| PARTNUMBER | STOCK Maer EODE. FROM| PER
NUMBER To | ASSY
38 - | 120-61382-005 DOUBLE PASSENGER SEAT ASSV............ vS4956 | 304/999| REF
1 | 120-29068-079 . STRUCTURE, ASSY. (SEE FIGURE
25-21-00-106).....cecececcccescseteeesesteesseeeneeen VS4956 1
10 | 120-61536-001 LINING ASSY., SEAT BOTTOM .........000.-- VS4956 1
20 | 120-61538-001 LINING ASSY., SEAT BOTTOM .........000.-- VS4956 1
30 | 120-42221-001 _ LINING ASSY., SEAT BACKREST............. VS4956 2
40 | 120-42070-001 . FOAM ASSY., SEAT BACKREST ...........--- VS4956 2
50 | 120-45726-001 COVER, PLASTIC ......0ccccccccssseeseeceneeeeen vs4956| A 2
60 | 120-36842-001 . STOWAGE ASSY., LIFE JACKET...........-. VS4956 2
ATTACHING PARTS
70 | 1002-F . FASTENER BUTTON, MALE... E075221 8
80 | 1002-C/6 . SUPPORT, FASTENER BUTTON MALE... 8
90 | PE915051-1-PT SEAT BELT cece cecscesccccssesteeseseenteeseseeeeen VS4956 2
ATTACHING ","[""table_or_parts_list_text_cues""]",table_ocr_table_candidate_scan,False,False
226,t_p_120_1176_p000226,00000226.tif,local_data\organization\trace_net\ocr_route_scan_pack_tesseract_full\page_images\t_p_120_1176_p000226.tif,e866b881cb09826fbd7a9f08895730df29181d23629415fbd9a6320c3cd520bd,table,detailed_parts_list,high,"[""high_part_number_density"", ""detailed_parts_list_candidate""]",,needs_review,,187,1473,8,"[""120-40636-001"", ""120-41231-001"", ""120-41474-002"", ""120-41475-001"", ""120-47462-001"", ""120-61382-005"", ""120-61410-001"", ""120-61610-001""]","€& emenncr

MAINTENANCE MANUAL WITH
ILLUSTRATED PARTS LIST
AIRLINE EFF | UNITS
FIG. ITEM| PARTNUMBER STOCK vase EODE. FROM | PER
NUMBER TO ASSY
38 ATTACHING PARTS
-185 | 1002-F . FASTENER BUTTON, MALE.................02. E075221 4
-186 | H14-04 NUT cece ccc ce cece aeee nae seae cnt eeeeeeeseeeeeeees V15653 4
-187 | AN960-3L © WASHER 2... cece cccecccceeeeeeeceescnttteasanaees 4
-188 | MS24693-C5 1 Od at || ee 4
200 | 120-61410-001 . TABLE, SNACK FOLDING, ASSY
(SEE FIGURE 25-21-00-113) 0.0... VS4956 2
210 | 120-47462-001 . COVER, LATCH, SNACK TABLE ASSY
(SEE FIGURE 25-21-00-113) 0.0... VS4956 | 304/315 2
-211 | 120-61610-001 . COVER, LATCH, SNACK TABLE ASSY
(SEE FIGURE 25-21-00-113) 0.0... VS4956 | 316/999 2
220 | 120-40636-001 . LINING ASSY, - ARMREST ............00::cee VS4956 3
230 | 120-41475-001 . COVER, TRIM, FRONT................cceeeeees VS4956 3
240 | 120-41474-002 . COVER, TRIM, REAR-FIXED ARMREST.. VS4956 1
250 | 120-41231-001 .COVER,TRIM,REAR-MOVABLEARM","[""table_or_parts_list_text_cues""]",table_ocr_table_candidate_scan,False,False
227,t_p_120_1176_p000227,00000227.tif,local_data\organization\trace_net\ocr_route_scan_pack_tesseract_full\page_images\t_p_120_1176_p000227.tif,908b9a488560f7f15262ae1fb526415962f68ce269ab88fd8fa3391d6dcea498,table,image_visual_diagram,medium,"[""figure_or_visual_label_signal"", ""limited_text_or_visual_route""]",,needs_review,,95,703,1,"[""120-42548-001""]","MAINTENANCE MANUAL WITH

-< EMBRAER

ILLUSTRATED PARTS LIST

40

200

SX

a

WN

\

20

30

2

a

\

N

20

310 180

IO

70

190

30

oe

Li

<>

Ei, ® ©

(74)

((

50

<>

220

gS

260

<

QQ

t]

230

300

O

300

(C) ©

SJ

REZ

©,

y

140

10

290

150

170

zo

(D) o

80 9809

120

OD

220 300

10

80

240

100

250 \,

90 90° /

4

<L

110

300

100 100

90

C7

130

A

120

29

110

100

280

270-°

120TP250050.MCE

Double Passenger Seat (120-42548-001/501)

Figure 39

Sheet 1

EFFECTIVITY: ALL

25-21-00 Page 1168

Sep 30/98
","[""table_or_parts_list_text_cues""]",table_ocr_table_candidate_scan,False,False
228,t_p_120_1176_p000228,00000228.tif,local_data\organization\trace_net\ocr_route_scan_pack_tesseract_full\page_images\t_p_120_1176_p000228.tif,6b1c333ea97d974d69aced4736a6ea2451bac442dda7df25fc6b103cafaa4608,table,detailed_parts_list,high,"[""high_part_number_density"", ""detailed_parts_list_candidate""]",,needs_review,,206,2000,10,"[""120-29068-017"", ""120-29068-039"", ""120-33774-001"", ""120-36842-001"", ""120-42070-001"", ""120-42221-001"", ""120-42547-019"", ""120-42548-001"", ""120-42548-501"", ""120-45726-001""]","€& emenncr

MAINTENANCE MANUAL WITH

ILLUSTRATED PARTS LIST
AIRLINE EFF | UNITS
FIG. ITEM| PARTNUMBER | STOCK vase EODE. FROM| PER
NUMBER To | ASSY
39 - | 120-42548-001 DOUBLE PASSENGER SEAT ASSY........... vs4956| A REF
- | 120-42548-501 DOUBLE PASSENGER SEAT ASSY............ VS4956 | 172/999] REF
1 | 120-29068-017 . STRUCTURE, ASSY. (SEE FIGURE
25-21-00-88) ooo. eecccecccssececsseeesetetteentneeeenee vs4956| A 1
-2 | 120-29068-039 . STRUCTURE, ASSY. (SEE FIGURE
25-21-00-88) ooo. ceeccecccsssceteeesestetteeeeneeeenee vS4956 | 172/999] 1
10 | 120-33774-001 LINING ASSY., SEAT BOTTOM... VS4956 2
20 | 120-42221-001 _ LINING ASSY., SEAT BACKREST.............. VS4956 2
30 | 120-42070-001 . FOAM ASSY., SEAT BACKREST 0.0.0... VS4956 2
40 | 120-45726-001 COVER, PLASTIC .......ccccccccscsc cece vs4956| 8B 2
50 | 120-36842-001 . STOWAGE ASSY,, LIFE JACKET... VS4956 2
ATTACHING PARTS
60 | 1002-F . FASTENER BUTTON, MALE ..0.....ccccccoce E075221 8
70 | 1002-C/6 . SUPPORT, FAST","[""table_or_parts_list_text_cues""]",table_ocr_table_candidate_scan,False,False
229,t_p_120_1176_p000229,00000229.tif,local_data\organization\trace_net\ocr_route_scan_pack_tesseract_full\page_images\t_p_120_1176_p000229.tif,b08c6378782d973a518e1a7e7b55a9788f97c27900360e74371f7e39d039cf7f,table,detailed_parts_list,high,"[""high_part_number_density"", ""detailed_parts_list_candidate""]",,needs_review,,244,2199,12,"[""120-36843-001"", ""120-40636-001"", ""120-41208-001"", ""120-41231-001"", ""120-41474-001"", ""120-41474-002"", ""120-41475-001"", ""120-41475-003"", ""120-42548-001"", ""120-42660-001"", ""120-47462-001"", ""120-61610-001""]","€& emenncr

MAINTENANCE MANUAL WITH
ILLUSTRATED PARTS LIST
AIRLINE EFF | UNITS
FIG. ITEM; PARTNUMBER | STOCK Maer EODE. FROM; PER
NUMBER TO ASSY
39 180 | 120-36843-001 . HOLDER, MAGAZINE...........0::ceeeeetteeee VS4956 2
ATTACHING PARTS
-185 | 1002-F FASTENER BUTTON, MALE................06. E0/75221 4
-186 | H14-04 NUT eee ee eneeeeeeeentieeeeetentieerereeas V15653 4
-187 | AN960-3L WASHER. ..... 0... ceccceeeeeceeeeenteceereteeenereeeeseneeees 4
-188 | MS24693-C5 SCREW... ceccccceeeceeeeeereeeeereteeentieeeeseees 4
|
|
190 | 120-42660-001 . TABLE, SNACK FOLDING, ASSY
(SEE FIGURE 25-21-00-112) 0 VS4956
200 | 120-41208-001 . COVER, LATCH, SNACK TABLE ASSY
(SEE FIGURE 25-21-00-112) 0 VS4956 Cc 1
-201 | 120-47462-001 . COVER, LATCH, SNACK TABLE ASSY
(SEE FIGURE 25-21-00-112) 0 VS4956 | 119/315 2
-202 | 120-61610-001 . COVER, LATCH, SNACK TABLE ASSY
(SEE FIGURE 25-21-00-112) 0 VS4956 | 316/999 2
210 | AM03078-30 ASHTRAY 000... cceeereceeeereeettteeeenreeeenneeeenes ","[""table_or_parts_list_text_cues""]",table_ocr_table_candidate_scan,False,False
230,t_p_120_1176_p000230,00000230.tif,local_data\organization\trace_net\ocr_route_scan_pack_tesseract_full\page_images\t_p_120_1176_p000230.tif,bb16d1bf5bf2b4eb250170c6f3174ff3e7e777ca2d50b66b846e657f0e4b4f18,table,image_visual_diagram,medium,"[""figure_or_visual_label_signal"", ""limited_text_or_visual_route""]",,needs_review,,94,485,1,"[""120-42548-003""]","-< EMBRAER
MAINTENANCE MANUAL WITH
ILLUSTRATED PARTS LIST
40
“aS 20 40 \
ANN 20
300 180 >, vs 7 se 30
230 Q (B) ~~
Sa SFI p
70 <a) F (A) (B)
ey 10 , ( <_”
VY © | oF |
/ 60 (Tat (®)
an 6 PRI
SGA
' FF ww ‘ 60
° SS ie
150
(C) ao
120 | 80 80
210 <p tbo 290 Sey | 80
240 250 \ 7
Y i ae © 90 90° / 9 "" F100
| 110 <a
ody me 100 130 Cf 120
370 OO
260-——°
Double Passenger Seat (120-42548-003/503)
Figure 40
Sheet 1
EFFECTIVITY: ALL 25-21 -00 age 1177
Sep 30/98
","[""table_or_parts_list_text_cues""]",table_ocr_table_candidate_scan,False,False
231,t_p_120_1176_p000231,00000231.tif,local_data\organization\trace_net\ocr_route_scan_pack_tesseract_full\page_images\t_p_120_1176_p000231.tif,9f7cef531fa413c592b27005537341f797a61c050ed4f990500dc2829be06702,table,detailed_parts_list,high,"[""high_part_number_density"", ""detailed_parts_list_candidate""]",,needs_review,,194,1990,10,"[""120-29068-019"", ""120-29068-041"", ""120-33774-001"", ""120-36842-001"", ""120-42070-001"", ""120-42221-001"", ""120-42547-019"", ""120-42548-003"", ""120-42548-503"", ""120-45726-001""]","€& emenncr

MAINTENANCE MANUAL WITH

ILLUSTRATED PARTS LIST
AIRLINE EFF | UNITS
FIG. ITEM | PARTNUMBER | STOCK aaa EODE. FROM| PER
NUMBER To | ASSY
40 - | 120-42548-003 DOUBLE PASSENGER SEAT ASSY............ vs4956| A REF
- | 120-42548-503 DOUBLE PASSENGER SEAT ASSV........... VS4956 | 172/999] REF
1 | 120-29068-019 . STRUCTURE, ASSY. (SEE FIGURE
25-21-00-92) eee ceccceccecsesssseessessseessesssvesseeee vs4956] A 1
-2 | 120-29068-041 . STRUCTURE, ASSY. (SEE FIGURE
25-21-00-93) eeceeccccceessecssesssessvesseesseesseeen vS4956 | 172/999] 1
10 | 120-33774-001 _ LINING ASSY, SEAT BOTTOM ..........cc000+- VS4956 2
20 | 120-42221-001 _ LINING ASSY., SEAT BACKREST............ VS4956 2
30 | 120-42070-001 _ FOAM ASSY, SEAT BACKREST .......-...+- VS4956 2
40 | 120-45726-001 / COVER, PLASTIC o..cccccccscesssesseesssesseeesseeee vs4956] B 2
50 | 120-36842-001 . STOWAGE ASSY., LIFE JACKET...........-.. VS4956 2
ATTACHING PARTS
60 | 1002-F . FASTENER BUTTON, MALE.......cccccccscc","[""table_or_parts_list_text_cues""]",table_ocr_table_candidate_scan,False,False
232,t_p_120_1176_p000232,00000232.tif,local_data\organization\trace_net\ocr_route_scan_pack_tesseract_full\page_images\t_p_120_1176_p000232.tif,f40e712684a4f906e18821262c2243b96416bd87a90a2295f28b63b9761ab576,table,detailed_parts_list,high,"[""high_part_number_density"", ""detailed_parts_list_candidate""]",,needs_review,,217,1885,11,"[""120-36843-001"", ""120-40636-001"", ""120-41208-001"", ""120-41231-001"", ""120-41474-001"", ""120-41475-003"", ""120-41784-002"", ""120-42548-003"", ""120-42660-001"", ""120-47462-001"", ""120-61610-001""]","€& emenncr

MAINTENANCE MANUAL WITH
ILLUSTRATED PARTS LIST
AIRLINE EFF | UNITS
FIG. ITEM| PARTNUMBER STOCK vase EODE. FROM | PER
NUMBER TO ASSY
40 180 | 120-36843-001 . HOLDER, MAGAZINE................c cece VS4956 2
190 | 120-42660-001 . TABLE, SNACK FOLDING, ASSY
(SEE FIGURE 25-21-00-112) ......... ee. VS4956 2
200 | 120-41208-001 . COVER, LATCH, SNACK TABLE ASSY
(SEE FIGURE 25-21-00-112) ......... ee. VS4956 C 1
-201 | 120-47462-001 . COVER, LATCH, SNACK TABLE ASSY
(SEE FIGURE 25-21-00-112) ......... ee VS4956 | 119/315 2
-202 | 120-61610-001 . COVER, LATCH, SNACK TABLE ASSY
(SEE FIGURE 25-21-00-112) ......... ee VS4956 | 316/999 2
210 | AM03078-30 ASHTRAY 0... ccccccccccccccceceeeeceeetseetttsaeesnanees E065846 | 060/999 2
-211 | AM03078-22 ASHTRAY uu... ccccccccccccccceececccceeseeesttseneeaneees E065846| 057/058 2
220 | 120-40636-001 . LINING ASSY, - ARMREST ............00::cee VS4956 2
230 | 120-41784-002 . COVER, TRIM, LATERAL .................0ce VS4956 1
2","[""table_or_parts_list_text_cues""]",table_ocr_table_candidate_scan,False,False
233,t_p_120_1176_p000233,00000233.tif,local_data\organization\trace_net\ocr_route_scan_pack_tesseract_full\page_images\t_p_120_1176_p000233.tif,154fed381b5e1b9bfe68a50c4505500a08c6eed3a854ddb287596dff99b7ab9b,table,image_visual_diagram,medium,"[""figure_or_visual_label_signal"", ""limited_text_or_visual_route""]",,needs_review,,112,818,1,"[""120-42548-005""]","-< EMBRAER

MAINTENANCE MANUAL WITH

ILLUSTRATED PARTS LIST

40

fran N

~wN

Iss sa N

ww

\\

NN

\

\\

~ NS

~ ON

we

WN

20

180

hy

LN

30

<Q

I

20

30

70

<~

60

EL|

(n) ®)

Je

BA

/

50

CIE

oo

Q

LF

ky

(A) 8)

(PL

220

10

190

Q

fl

280

230

280

Sc)

C) ©

y

N77

S¥

SY

270

10

260

50

170

250

(D) » 160

80

120

80

110

220

280

80

240

OD

100

200 \

A

oN

90 90° /

110

110

Cl

90

280

100 100

SY

130

<]

120

270

110

100

260 —

250-°

120TP250052.MCE

Double Passenger Seat (120-42548-005/009/505/509)

Figure 41

Sheet 1

EFFECTIVITY: ALL

25-21-00 Page 1174

Sep 30/98
","[""table_or_parts_list_text_cues""]",table_ocr_table_candidate_scan,False,False
234,t_p_120_1176_p000234,00000234.tif,local_data\organization\trace_net\ocr_route_scan_pack_tesseract_full\page_images\t_p_120_1176_p000234.tif,7b7e8478e99719ae14ca49c5a8b1c6caf3baf658aa2356a2ca18786a3fd09a15,table,detailed_parts_list,high,"[""high_part_number_density"", ""detailed_parts_list_candidate""]",,needs_review,,221,2099,14,"[""120-29068-023"", ""120-29068-027"", ""120-29068-045"", ""120-29068-051"", ""120-33774-001"", ""120-36842-001"", ""120-42070-001"", ""120-42221-001"", ""120-42547-019"", ""120-42548-005"", ""120-42548-009"", ""120-42548-505"", ""120-42548-509"", ""120-45726-001""]","€& emenncr

MAINTENANCE MANUAL WITH
ILLUSTRATED PARTS LIST
AIRLINE EFF | UNITS
FIG. ITEM| PARTNUMBER | STOCK vase EODE. FROM| PER
NUMBER To | ASSY
41 - | 120-42548-005 DOUBLE PASSENGER SEAT ASSy .......... vs4956| A REF
- | 120-42548-009 DOUBLE PASSENGER SEAT ASSyY .......... vs4956| A REF
- | 120-42548-505 DOUBLE PASSENGER SEAT ASSyY ......... VS4956 | 172/999] REF
- | 120-42548-509 DOUBLE PASSENGER SEAT ASSyY ......... VS4956 | 172/999] REF
1 | 120-29068-023 . STRUCTURE, ASSY. (SEE FIGURE
25-21-00-96) ooo eeeccececescssseeeeeesteteeetenteenee . vs4956]} A 1
-2 | 120-29068-027 . STRUCTURE, ASSY. (SEE FIGURE
25-21-00-102) oooeecceccecscscesessesteteeeteeteenee . vs4956]} A 1
-3 | 120-29068-045 . STRUCTURE, ASSY. (SEE FIGURE
25-21-00-104) ooo eeccecccecccceesseeteeseetneeeeeee . VS4956 | 172/999] 1
-4 | 120-29068-051 . STRUCTURE, ASSY. (SEE FIGURE
25-21-00-98) ooo eecccecccsece cesses teesseeeeeeeeeee . VS4956 | 172/999] 1
10 | 120-33774-001 LINING ASSY., SEAT BOTTOM.","[""table_or_parts_list_text_cues""]",table_ocr_table_candidate_scan,False,False
235,t_p_120_1176_p000235,00000235.tif,local_data\organization\trace_net\ocr_route_scan_pack_tesseract_full\page_images\t_p_120_1176_p000235.tif,bf21c85a938629963fbc345895f03e14a5e7985456fabb93435a3dd6c3b7103e,table,detailed_parts_list,high,"[""high_part_number_density"", ""detailed_parts_list_candidate""]",,needs_review,,198,1974,8,"[""120-36843-001"", ""120-40636-001"", ""120-41231-001"", ""120-41474-001"", ""120-41474-002"", ""120-41475-001"", ""120-41475-003"", ""120-42548-005""]","€& emenncr

MAINTENANCE MANUAL WITH

USAGE CODE LIST

A AIRCRAFT 120057,120058 AND 120060
THRU 120171

B AIRCRAFT 120104 THRU 120308 AND

120310

ILLUSTRATED PARTS LIST
AIRLINE EFF | UNITS
FIG. ITEM| PARTNUMBER | STOCK Maer EODE. FROM| PER
NUMBER To | ASSY
A ATTACHING PARTS
150 |H14-04 NUT eccccccsscssseesssssseesssssnsesssstineeenetmteeseeeeees 15653 3
160 | AN960-4L WASHER ooo eeccesccsssosseessseseeseesseneesensenees 3
170 | MS24693-C3 SCREW ooeeccccccssssssecsssssesesesseteesesenseeeveneeen 3
180 | 120-36843-001 HOLDER, MAGAZINE ......ccsccccccssceeeeeen VS4956 2
ATTACHING PARTS
-185 | 1002-F . FASTENER BUTTON, MALE ..0......c0cccc0- E075221 4
-186 |H14-04 NUT ecccccesscssseeessssseesssevnseessstteeserevtneseneeess 15653 4
-187 | AN960-3L WASHER ooo ecccccsessesseesssvestesesesstnessereteeeeen 4
-188 | MS24693-C5 SCREW ooeeccccccsssssseesssssesssesvtteessstnseeevnneee 4
190 | 120-41474-001 _COVER, TRIM, REAR-FIXED ARMREST VS4956 1
-191 | 120-41474-002 _C","[""table_or_parts_list_text_cues""]",table_ocr_table_candidate_scan,False,False
236,t_p_120_1176_p000236,00000236.tif,local_data\organization\trace_net\ocr_route_scan_pack_tesseract_full\page_images\t_p_120_1176_p000236.tif,858ddedbd512acc64956ccbc658ca09227751f870ff251310ec43e889eec9fbd,table,image_visual_diagram,medium,"[""figure_or_visual_label_signal"", ""limited_text_or_visual_route""]",,needs_review,,104,745,1,"[""120-42548-007""]","-< EMBRAER

MAINTENANCE MANUAL WITH

ILLUSTRATED PARTS LIST

40

200

aS

XY

20

2

2

“N

\

\

30

iQ

20

310 180

190

©

70

30

ee

Ys

EX

(a) ®)

oY

A!

CE

a

50

<F

a

OQ

<Iy

(A) 8)

220

10

260

QD

O

t/

230

300

i

300

QW

C) ©

P

,

140

290

10

170

zo

150

(D) wo

120

80 980

10

OD

220 300

100

80

240

250 \

“

<L

SN

90 90° /

<

110

90

300

100 100

Se,

130

110

A

120

29

100

280

270-°

120TP250050.MCE

Double Passenger Seat (120-42548-007/507)

Figure 42

Sheet 1

EFFECTIVITY: ALL

25-21-00

Page 1177

Sep 30/98
","[""table_or_parts_list_text_cues""]",table_ocr_table_candidate_scan,False,False
237,t_p_120_1176_p000237,00000237.tif,local_data\organization\trace_net\ocr_route_scan_pack_tesseract_full\page_images\t_p_120_1176_p000237.tif,8e700b48ed2bc7c19e6fe7c4e0b627e7ee8a08ed4ccc7bb532d02d5552d89b76,table,detailed_parts_list,high,"[""high_part_number_density"", ""detailed_parts_list_candidate""]",,needs_review,,201,1894,10,"[""120-29068-025"", ""120-29068-043"", ""120-33774-001"", ""120-36842-001"", ""120-42070-001"", ""120-42221-001"", ""120-42547-019"", ""120-42548-007"", ""120-42548-507"", ""120-45726-001""]","€& emenncr

MAINTENANCE MANUAL WITH

ILLUSTRATED PARTS LIST
AIRLINE EFF | UNITS
FIG. ITEM| PARTNUMBER | STOCK Maer EODE. FROM| PER
NUMBER To | ASSY
42 - | 120-42548-007 DOUBLE PASSENGER SEAT ASSy .......... vs4956| A REF
- | 120-42548-507 DOUBLE PASSENGER SEAT ASSyY .......... VS4956 | 172/999] REF
1 | 120-29068-025 . STRUCTURE, ASSY. (SEE FIGURE
25-21-00-102) ooo eecccececcecceseeeeeeteneeeseeeeee _ VS4956} A 1
-2 | 120-29068-043 . STRUCTURE, ASSY. (SEE FIGURE
25-21-00-104) ooo eeeccccccceccetseeeeseteeteeeeeeeen . VS4956 | 172/999] 1
10 | 120-33774-001 LINING ASSY., SEAT BOTTOM .......000..-. VS4956 2
20 | 120-42221-001 _ LINING ASSY., SEAT BACKREST ........... VS4956 2
30 | 120-42070-001 . FOAM ASSY., SEAT BACKREST 0.0... VS4956 2
40 | 120-45726-001 COVER, PLASTIC .o...ccccccccccsscseeessesteeeeeen vs4956| 8B 2
50 | 120-36842-001 . STOWAGE ASSY., LIFE JACKET ............. VS4956 2
ATTACHING PARTS
60 | 1002-F . FASTENER BUTTON, MALE ..0......c0cccc0- E075221 8
70","[""table_or_parts_list_text_cues""]",table_ocr_table_candidate_scan,False,False
238,t_p_120_1176_p000238,00000238.tif,local_data\organization\trace_net\ocr_route_scan_pack_tesseract_full\page_images\t_p_120_1176_p000238.tif,76eba35ea3de978e8c7d36932e453389e6d7c9a37568457e96a1884c1b92d767,table,detailed_parts_list,high,"[""high_part_number_density"", ""detailed_parts_list_candidate""]",,needs_review,,260,1929,12,"[""120-36843-001"", ""120-40636-001"", ""120-41208-001"", ""120-41231-001"", ""120-41474-001"", ""120-41474-002"", ""120-41475-001"", ""120-41475-003"", ""120-42548-007"", ""120-42660-001"", ""120-47462-001"", ""120-61610-001""]","€& emenncr

MAINTENANCE MANUAL WITH
ILLUSTRATED PARTS LIST
AIRLINE EFF | UNITS
FIG. ITEM} PARTNUMBER STOCK vase EODE. FROM} PER
NUMBER TO ASSY
42 180 | 120-36843-001 . HOLDER, MAGAZINE ......00.. ce VS4956 2
ATTACHING PARTS
-185 | 1002-F . FASTENER BUTTON, MALE .................... E075221 4
-186 | H14-04 Na V15653 4
-187 | AN960-3L A AY ANS) | ml 4
-188 | MS24693-C5 O10) ad moh | 4
190 | 120-42660-001 . TABLE, SNACK FOLDING, ASSY
(SEE FIGURE 25-21-00-112) 0.0... VS4956 2
200 | 120-41208-001 . COVER, LATCH, SNACK TABLE ASSY
(SEE FIGURE 25-21-00-112) ooo.ccccee vs4956]} C 1
-201 | 120-47462-001 . COVER, LATCH, SNACK TABLE ASSY
(SEE FIGURE 25-21-00-112) ..... VS4956 | 119/315 2
-202 | 120-61610-001 . COVER, LATCH, SNACK TABLE ASSY
(SEE FIGURE 25-21-00-112) ..... VS4956 | 326/999 2
210 | AM03078-30 NS) mB 0.) Gr E065846 | 060/999 2
-211 | AM03078-22 NS) oO 0) E065846 | 057/058 2
220 | 120-40636-001 . LINING ASSY, - ARMREST ........000000000.. VS4956 3
230 | 120-414","[""table_or_parts_list_text_cues""]",table_ocr_table_candidate_scan,False,False
239,t_p_120_1176_p000239,00000239.tif,local_data\organization\trace_net\ocr_route_scan_pack_tesseract_full\page_images\t_p_120_1176_p000239.tif,604e72bdf7ffd1cc5d92df8b6470b9ce43f4e376a62674618c2864d2c0ef4b45,table,image_visual_diagram,medium,"[""figure_or_visual_label_signal"", ""limited_text_or_visual_route""]",,needs_review,,105,765,1,"[""120-45851-001""]","-< EMBRAER

MAINTENANCE MANUAL WITH

ILLUSTRATED PARTS LIST

40

200

aN

SX

20

2

NN

\\

30

2

a

20

300 180

190

Ae

70

30

oes

60

C7?

Fl (@) ©

<N

oo~

ae

(74)

(so

CIE

QQ

<>

(A) ®)

220

10

260

<s

Q

230

300

JS

300

NY

C) ©

QW

S

y

140

®,

10

290

150

170

e707

(D) » 160

120

80 g0

220 300

110

80

240

210 S

100

250 \

ae

<

110

90 90° /

110

SL

90

300 |

100 100

130

(77)

120

Oi,

110

280

290

100

270-°

120TP250053.MCE

Double Passenger Seat (120-45851-001/501)

Figure 43

Sheet 1

EFFECTIVITY: ALL

25-21-00 Page 1180

Sep 30/98
","[""table_or_parts_list_text_cues""]",table_ocr_table_candidate_scan,False,False
240,t_p_120_1176_p000240,00000240.tif,local_data\organization\trace_net\ocr_route_scan_pack_tesseract_full\page_images\t_p_120_1176_p000240.tif,80e975dc31f1a340ba8d548e77b9df4d2334535241e54f115be01d3dd75968f5,table,detailed_parts_list,high,"[""high_part_number_density"", ""detailed_parts_list_candidate""]",,needs_review,,212,1826,10,"[""120-29068-031"", ""120-29068-053"", ""120-36842-003"", ""120-42070-001"", ""120-42547-019"", ""120-45726-001"", ""120-45847-001"", ""120-45848-001"", ""120-45851-001"", ""120-45851-501""]","€& emenncr

MAINTENANCE MANUAL WITH

ILLUSTRATED PARTS LIST
AIRLINE EFF | UNITS
FIG. ITEM| PARTNUMBER STOCK vase EODE. FROM | PER
NUMBER TO ASSY
43 - | 120-45851-001 DOUBLE PASSENGER SEAT ASSY ......... VS4956 | 071/171} REF
- | 120-45851-501 DOUBLE PASSENGER SEAT ASSY ......... VS4956 | 172/999} REF
1 | 120-29068-031 . STRUCTURE, ASSY. (SEE FIGURE
25-21-00-89) occ cece eee ee ee eeeteeeee VS4956 | 071/171 1
-2 | 120-29068-053 . STRUCTURE, ASSY. (SEE FIGURE
25-21-00-89) occ cece eee ee ee eeeteeeee VS4956 | 172/999 1
10 | 120-45847-001 . LINING ASSY., SEAT BOTTOM .............. VS4956 2
20 | 120-45848-001 . LINING ASSY., SEAT BACKREST ........... VS4956 2
30 | 120-42070-001 . FOAM ASSY., SEAT BACKREST ............ VS4956 2
40 | 120-45726-001 . COVER, PLASTIC oo. VS4956 A 2
50 | 120-36842-003 . STOWAGE ASSY., LIFE JACKET ............ VS4956 2
ATTACHING PARTS
60 | 1002-F . FASTENER BUTTON, MALLE ................... E075221 8
70 | 1002-C/6 . SUPPORT, FASTENER BUTTON M","[""table_or_parts_list_text_cues""]",table_ocr_table_candidate_scan,False,False
241,t_p_120_1176_p000241,00000241.tif,local_data\organization\trace_net\ocr_route_scan_pack_tesseract_full\page_images\t_p_120_1176_p000241.tif,dd21978b27f10661f0350a88cfac1fae0da55cc4baf1db17ae1f0fc124061176,table,detailed_parts_list,high,"[""high_part_number_density"", ""detailed_parts_list_candidate""]",,needs_review,,218,1959,12,"[""120-37313-001"", ""120-40636-001"", ""120-41208-001"", ""120-41231-001"", ""120-41474-001"", ""120-41474-002"", ""120-41475-001"", ""120-41475-003"", ""120-42660-001"", ""120-45851-001"", ""120-47462-001"", ""120-61610-001""]","€& emenncr

MAINTENANCE MANUAL WITH
ILLUSTRATED PARTS LIST
AIRLINE EFF | UNIT
FIG. ITEM| PARTNUMBER | STOCK Maer EODE. FROM PER
NUMBER To | ASSY
43-180 | 120-37313-001 -HOLDER, MAGAZINE «0... VS4956 2
ATTACHING PARTS
-185 | 1002-F FASTENER BUTTON, MALE ©0000... E075221 4
-186 |H14-04 NUT ecccccesscssseeessssseesssevnseessstteeserevtneseneeess 15653 4
-187 | AN960-3L WASHER ooo. cssssssssssossseesesesteessesseneeeenvenees 4
-188 | MS24693-C5 SCREW ooeeccccccsssssseesssssesssesvtteessstnseeevnneee 4
190 | 120-42660-001 _ TABLE, SNACK FOLDING, ASSY
(SEE FIGURE 25-21-00-112) ...cccecscccee VS4956 3
200 | 120-41208-001 COVER, LATCH, SNACK TABLE ASSY
(SEE FIGURE 25-21-00-112) o.oo VS4956 | 071/118] 5
-201 | 120-47462-001 COVER, LATCH, SNACK TABLE ASSY
(SEE FIGURE 25-21-00-112) oo... VS$4956 | 119/315] 5
-202 | 120-61610-001 COVER, LATCH, SNACK TABLE ASSY
(SEE FIGURE 25-21-00-112) oo... VS$4956 | 316/999] 5
210 | AM03078-30 ASHTRAY oo cecccccsssssssseesessseesesesttnteses","[""table_or_parts_list_text_cues""]",table_ocr_table_candidate_scan,False,False
242,t_p_120_1176_p000242,00000242.tif,local_data\organization\trace_net\ocr_route_scan_pack_tesseract_full\page_images\t_p_120_1176_p000242.tif,ad48d6e3020530d763e2ab55df2ee532550d9c18d292bab23c45e0749c33d0e0,table,image_visual_diagram,medium,"[""figure_or_visual_label_signal"", ""limited_text_or_visual_route""]",,needs_review,,92,668,1,"[""120-45851-003""]","-< EMBRAER

MAINTENANCE MANUAL WITH

ILLUSTRATED PARTS LIST

40

200

SX

AN

20

30

NN

.

Q

)

\

»

N

20

290 180

30

190

=,

-

230

(74)

/@®e

70

LFA

is

<

YQ

J

O

t/

Je

ln

50

XX

S

y

REZ

10

SS

50

170

(C) ao

80 89

120

man <o)

10

80

240

250

100

4

ae

90 90° /

C,

LF) 110

90

110

100 100

<

290 oS

130

120

270 —S

280 ——

110

100

260 ——2

120TP250054.MCE

Double Passenger Seat (120-45851-003/503)

Figure 44

Sheet 1

EFFECTIVITY: ALL

25-21-00

Page 1183

Sep 30/98
","[""table_or_parts_list_text_cues""]",table_ocr_table_candidate_scan,False,False
243,t_p_120_1176_p000243,00000243.tif,local_data\organization\trace_net\ocr_route_scan_pack_tesseract_full\page_images\t_p_120_1176_p000243.tif,2d69fafee22235c1c69fea2d4feae8d5058a6ccbf3dfd5c7146840348bd44915,table,detailed_parts_list,high,"[""high_part_number_density"", ""detailed_parts_list_candidate""]",,needs_review,,200,1953,10,"[""120-29068-033"", ""120-29068-055"", ""120-36842-003"", ""120-42070-001"", ""120-42547-019"", ""120-45726-001"", ""120-45847-001"", ""120-45848-001"", ""120-45851-003"", ""120-45851-503""]","€& emenncr

MAINTENANCE MANUAL WITH

ILLUSTRATED PARTS LIST
AIRLINE | NOMENCLATURE VENDOR] EFF | UNITS
FIG. ITEM| PARTNUMBER | STOCK | 1234567 CODE | FROM| PER
NUMBER To | ASSY
44 - | 120-45851-003 DOUBLE PASSENGER SEAT ASSyY ......... VS4956 |071/171| REF
- | 120-45851-503 DOUBLE PASSENGER SEAT ASSY .......... VS4956 | 172/999] REF
1 | 120-29068-033 . STRUCTURE, ASSY. (SEE FIGURE
25-21-00-92) ooo.cccecscssseesssssseeesesseeseseserenseee vs4956 |071/171| 1
-2 | 120-29068-055 . STRUCTURE, ASSY. (SEE FIGURE
25-21-00-93).....cccccsssssseessssseeeeseeseeessesssenteee vs4956 | 172/999] 1
10 | 120-45847-001 LINING ASSY., SEAT BOTTOM .......c0..0. VS4956 2
20 | 120-45848-001 _ LINING ASSY., SEAT BACKREST ........... VS4956 2
30 | 120-42070-001 FOAM ASSY., SEAT BACKREST 0.0... VS4956 2
40 | 120-45726-001 COVER, PLASTIC oo.cccccccsscessssseeessssseeeeeen vs4956| A 2
50 | 120-36842-003 . STOWAGE ASSY., LIFE JACKET .............. VS4956 2
ATTACHING PARTS
60 | 1002-F . FASTENER","[""table_or_parts_list_text_cues""]",table_ocr_table_candidate_scan,False,False
244,t_p_120_1176_p000244,00000244.tif,local_data\organization\trace_net\ocr_route_scan_pack_tesseract_full\page_images\t_p_120_1176_p000244.tif,2c344d1a4626ee1a83c5bbfd0887a6043cac5f4758abebd363296790685138dc,table,detailed_parts_list,high,"[""high_part_number_density"", ""detailed_parts_list_candidate""]",,needs_review,,218,1789,11,"[""120-37313-001"", ""120-40636-001"", ""120-41208-001"", ""120-41231-001"", ""120-41474-001"", ""120-41475-003"", ""120-41784-002"", ""120-42660-001"", ""120-45851-003"", ""120-47462-001"", ""120-61610-001""]","€& emenncr

MAINTENANCE MANUAL WITH
ILLUSTRATED PARTS LIST
AIRLINE EFF | UNITS
FIG. ITEM| PARTNUMBER STOCK vase EODE. FROM | PER
NUMBER TO ASSY
44 180 | 120-37313-001 . HOLDER, MAGAZINE ........ cece VS4956 2
ATTACHING PARTS
-185 | 1002-F . FASTENER BUTTON, MALE ................00. E075221 4
-186 | H14-04 NUT occ tetttetettteeeceeeeeeeeeeeeeeeeeees V15653 4
-187 | AN960-3L ~ WASHER oo... ccccccccecceeettestsesseeeeeeeees 4
-188 | MS24693-C5 SCREW oo... ccccccceceeeeceeeeeeeeeeeneeneneenees 4
190 | 120-42660-001 . TABLE, SNACK FOLDING, ASSY
(SEE FIGURE 25-21-00-112) oo... VS4956 2
200 | 120-41208-001 . COVER, LATCH, SNACK TABLE ASSY
(SEE FIGURE 25-21-00-112) oo... VS4956 | 071/118 2
-201 | 120-47462-001 . COVER, LATCH, SNACK TABLE ASSY
(SEE FIGURE 25-21-00-112) «0.0... VS4956 | 119/315 2
-202 | 120-61610-001 . COVER, LATCH, SNACK TABLE ASSY
(SEE FIGURE 25-21-00-112) oo... VS4956 | 316/999 2
210 | AM03078-30 ASHTRAY uo. ccccccccccccccccececceeeetstetsassaneeaneees E0","[""table_or_parts_list_text_cues""]",table_ocr_table_candidate_scan,False,False
245,t_p_120_1176_p000245,00000245.tif,local_data\organization\trace_net\ocr_route_scan_pack_tesseract_full\page_images\t_p_120_1176_p000245.tif,244cc597a1a4730bbd5ba454475e853d9bc9e424741a81fdd1a110fa824566cb,table,image_visual_diagram,medium,"[""figure_or_visual_label_signal"", ""limited_text_or_visual_route""]",,needs_review,,113,840,1,"[""120-45851-007""]","-< EMBRAER

MAINTENANCE MANUAL WITH

ILLUSTRATED PARTS LIST

40

4 yaw

NN ~

Is NS ~7N

ww we

WN

~S N

~ \)

WW

\

=

~~

a ONS

\'s

a

<

~~

20

30

180

2

ly

Pa

20

70

30

<>

L/,

<N

&

C?

(a) (B®

ae

(7)

50

CIE

<>

ky,

(A) 8)

Sea

(PP

220

10

190

QD

t/

280

230

280

NY

©) ©

y

:

N77

SY

p

10

260

270

150

170

250

(D) a

120

80 g09

110

220

280

80

240

OD

200

100

<,

ON

Q\

90 99

110

90

110

<

280

100 100

p

130

</

120

270

110

100

260

=

250—*

120TP250055.MCE

Double Passenger Seat (120-45851-007/507)

Figure 45

Sheet 1

EFFECTIVITY: ALL

25-21-00 Page 1186

Sep 30/98
","[""table_or_parts_list_text_cues""]",table_ocr_table_candidate_scan,False,False
246,t_p_120_1176_p000246,00000246.tif,local_data\organization\trace_net\ocr_route_scan_pack_tesseract_full\page_images\t_p_120_1176_p000246.tif,2af00211b6a8e3a079cfe92d71d6ddb60fa5b1a3541618d4d17c8b2b4e3768cb,table,detailed_parts_list,high,"[""high_part_number_density"", ""detailed_parts_list_candidate""]",,needs_review,,222,1713,10,"[""120-29068-029"", ""120-29068-047"", ""120-36842-003"", ""120-42070-001"", ""120-42547-019"", ""120-45726-001"", ""120-45847-001"", ""120-45848-001"", ""120-45851-007"", ""120-45851-507""]","€& emenncr

MAINTENANCE MANUAL WITH

ILLUSTRATED PARTS LIST
AIRLINE EFF | UNITS
FIG. ITEM| PARTNUMBER STOCK vase EODE. FROM | PER
NUMBER TO ASSY
45 - | 120-45851-007 DOUBLE PASSENGER SEAT ASSY ......... VS4956 | 071/171} REF
- | 120-45851-507 DOUBLE PASSENGER SEAT ASSY ......... VS4956 | 172/999} REF
1 | 120-29068-029 . STRUCTURE, ASSY. (SEE FIGURE
29-21-00-97) occ ccc ceeeeee ates eee e eee VS4956 | 071/171 1
-2 | 120-29068-047 . STRUCTURE, ASSY. (SEE FIGURE
29-21-00-97) occ ccc ceeeeee ates eee e eee VS4956 | 172/999 1
10 | 120-45847-001 . LINING ASSY., SEAT BOTTOM .............. VS4956 2
20 | 120-45848-001 . LINING ASSY., SEAT BACKREST ........... VS4956 2
30 | 120-42070-001 . FOAM ASSY., SEAT BACKREST ............ VS4956 2
40 | 120-45726-001 . COVER, PLASTIC oo. VS4956 A 2
50 | 120-36842-003 . STOWAGE ASSY., LIFE JACKET ............. VS4956 2
ATTACHING PARTS
60 | 1002-F . FASTENER BUTTON, MALE ................00. E075221 8
70 | 1002-C/6 . SUPPORT, FASTENER BUTT","[""table_or_parts_list_text_cues""]",table_ocr_table_candidate_scan,False,False
247,t_p_120_1176_p000247,00000247.tif,local_data\organization\trace_net\ocr_route_scan_pack_tesseract_full\page_images\t_p_120_1176_p000247.tif,0ab66f2acd78470cbe2e0a2086707388495bf3ffa5573aeefc20177158e75d54,table,detailed_parts_list,high,"[""high_part_number_density"", ""detailed_parts_list_candidate""]",,needs_review,,165,1538,8,"[""120-37313-001"", ""120-40636-001"", ""120-41231-001"", ""120-41474-001"", ""120-41474-002"", ""120-41475-001"", ""120-41475-003"", ""120-45851-007""]","€& emenncr

MAINTENANCE MANUAL WITH
ILLUSTRATED PARTS LIST
AIRLINE EFF | UNITS
FIG. ITEM| PARTNUMBER | STOCK Maer EODE. FROM| PER
NUMBER To | ASSY
45. 180 | 120-37313-001 -HOLDER, MAGAZINE «0... VS4956 2
ATTACHING PARTS
-185 | 1002-F . FASTENER BUTTON, MALE ..0......c0cccc0- E075221 4
-186 |H14-04 NUT ecccccesscssseeessssseesssevnseessstteeserevtneseneeess 15653 4
-187 | AN960-3L WASHER ooo ecccccsessesseesssvestesesesstnessereteeeeen 4
-188 | MS24693-C5 SCREW ooeeccccccsssssseesssssesssesvtteessstnseeevnneee 4
190 | 120-41474-001 _COVER, TRIM, REAR-FIXED ARMREST VS4956 1
-191 | 120-41474-002 _COVER, TRIM, REAR-FIXED ARMREST VS4956 1
200 | 120-41231-001 COVER, TRIM,REAR-MOVABLEARMREST VS4956 1
210 | AM03078-30 ASHTRAY oo cecccccsssssssseesessseesesesttntesesveneeeee E065846 2
220 | 120-40636-001 COVER ASSY, ARMREST 0.0... cee VS4956 3
230 | 120-41475-003 COVER, TRIM FRONT oo...cccscccccsscseeeceee VS4956 2
240 | 120-41475-001 COVER, TRIM, FRONT o...ccccccccccssceecee","[""table_or_parts_list_text_cues""]",table_ocr_table_candidate_scan,False,False
248,t_p_120_1176_p000248,00000248.tif,local_data\organization\trace_net\ocr_route_scan_pack_tesseract_full\page_images\t_p_120_1176_p000248.tif,fc01e0a16e01494ff40f642bc43440d27d90d65f0af7cf6dfcefd931d3962c8f,table,image_visual_diagram,medium,"[""figure_or_visual_label_signal"", ""limited_text_or_visual_route""]",,needs_review,,103,759,1,"[""120-45851-005""]","MAINTENANCE MANUAL WITH

-< EMBRAER

ILLUSTRATED PARTS LIST

40

200

i

BN

ANI

\\

20

30

2

a

»

N

20

300 180

IO

70

190

30

Aral

60

O

=) (a) ®

<N

ra

fA

(4)

(so

<>

Sa

Lao

220

10

<

260

Q

£]

230

300

<Ig

300

Ss

Cc) ©

SX

SY

ie

290

10

NN

=

150

170

e707

(D) «0 160

120

80 90

110

210 ws

220 300

100

80

240

250 \

<,

ae

90 90° /

ol

90

110

100 100

300 | 6

C7

130

120

290

110

100

280-~*

270-°

120TP250053.MCE

Double Passenger Seat (120-45851-005/505)

Figure 46

Sheet 1

EFFECTIVITY: ALL

25-21-00

Page 1189

Sep 30/98
","[""table_or_parts_list_text_cues""]",table_ocr_table_candidate_scan,False,False
249,t_p_120_1176_p000249,00000249.tif,local_data\organization\trace_net\ocr_route_scan_pack_tesseract_full\page_images\t_p_120_1176_p000249.tif,380489e1e1d5311e180e761976833a796d3d48b9207671e16e96e60eaaf1a5c2,table,detailed_parts_list,high,"[""high_part_number_density"", ""detailed_parts_list_candidate""]",,needs_review,,198,1888,10,"[""120-29068-035"", ""120-29068-057"", ""120-36842-003"", ""120-42070-001"", ""120-42547-019"", ""120-45726-001"", ""120-45847-001"", ""120-45848-001"", ""120-45851-005"", ""120-45851-505""]","€& emenncr

MAINTENANCE MANUAL WITH

ILLUSTRATED PARTS LIST
AIRLINE EFF | UNITS
FIG. ITEM| PARTNUMBER | STOCK Maer EODE. FROM| PER
NUMBER To | ASSY
46 - | 120-45851-005 DOUBLE PASSENGER SEAT ASSyY .......... VS4956 |071/171| REF
- | 120-45851-505 DOUBLE PASSENGER SEAT ASSY ......... VS4956 | 172/999] REF
1 | 120-29068-035 . STRUCTURE, ASSY. (SEE FIGURE
25-21-00-103) ooo eeeeccccccecceseeeeeeteeeseeneeen vs4956 |071/171| 1
-2 | 120-29068-057 . STRUCTURE, ASSY. (SEE FIGURE
25-21-00-103) ooo eeecccccccecceseseeesttteeseeeeeen vs4956 | 172/999] 1
10 | 120-45847-001 LINING ASSY., SEAT BOTTOM ........0..-. VS4956 2
20 | 120-45848-001 _ LINING ASSY., SEAT BACKREST ........... VS4956 2
30 | 120-42070-001 . FOAM ASSY., SEAT BACKREST ............ VS4956 2
40 | 120-45726-001 COVER, PLASTIC o..cccccccccccsesccteseeeeee vs4956| A 2
50 | 120-36842-003 . STOWAGE ASSY., LIFE JACKET ............ VS4956 2
ATTACHING PARTS
60 | 1002-F _ FASTENER BUTTON, MALE o........cccccc: E075221 8","[""table_or_parts_list_text_cues""]",table_ocr_table_candidate_scan,False,False
250,t_p_120_1176_p000250,00000250.tif,local_data\organization\trace_net\ocr_route_scan_pack_tesseract_full\page_images\t_p_120_1176_p000250.tif,d011aea5970d29595c276a76ca76f5c885e651d766ed140a0fd99dc7f9a6b21c,table,detailed_parts_list,high,"[""high_part_number_density"", ""detailed_parts_list_candidate""]",,needs_review,,228,1845,12,"[""120-37313-001"", ""120-40636-001"", ""120-41208-001"", ""120-41231-001"", ""120-41474-001"", ""120-41474-002"", ""120-41475-001"", ""120-41475-003"", ""120-42660-001"", ""120-45851-005"", ""120-47462-001"", ""120-61610-001""]","€& emenncr

MAINTENANCE MANUAL WITH
ILLUSTRATED PARTS LIST
AIRLINE EFF | UNITS
FIG. ITEM PART NUMBER STOCK vase EODE. FROM PER
NUMBER TO ASSY
46 180 | 120-37313-001 . HOLDER, MAGAZINE ou... ee VS4956 2
ATTACHING PARTS
-185 | 1002-F . FASTENER BUTTON, MALE .........00000.000.. E075221 4
-186 | H14-04 NO V15653 4
-187 | AN960-3L ~ WASHER oo... c cece ceccecccccunccucececeusscuseeueeeeees 4
-188 | MS24693-C5 SCREW ooo cecccccccccccccccuccecccuccecccutceuceuseeneeanes 4
190 | 120-42660-001 . TABLE, SNACK FOLDING, ASSY
(SEE FIGURE 25-21-00-112) ...... VS4956 2
200 | 120-41208-001 . COVER, LATCH, SNACK TABLE ASS
(SEE FIGURE 25-21-00-112) 0.0... VS4956 | 071/118 2
-201 | 120-47462-001 . COVER, LATCH, SNACK TABLE ASSY
(SEE FIGURE 25-21-00-112) oe. VS4956 | 119/315 2
-202 | 120-61610-001 . COVER, LATCH, SNACK TABLE ASSY
(SEE FIGURE 25-21-00-112) 0.0... VS4956 | 316/999 2
210 | AM03078-30 ASHTRAY. ooo. cccccccceccccccccenecusecuseussenseeuveneees E065846 2
220 | 120-40636-0","[""table_or_parts_list_text_cues""]",table_ocr_table_candidate_scan,False,False
251,t_p_120_1176_p000251,00000251.tif,local_data\organization\trace_net\ocr_route_scan_pack_tesseract_full\page_images\t_p_120_1176_p000251.tif,a33fe79b9e9026ff159306429921bca0e1af2be494dd299baf301881cc02e381,table,image_visual_diagram,medium,"[""figure_or_visual_label_signal"", ""limited_text_or_visual_route""]",,needs_review,,102,516,1,"[""120-41825-001""]","-< EMBRAER
MAINTENANCE MANUAL WITH
ILLUSTRATED PARTS LIST
40
200 QLD
By SQ 20
280 180 bo <> (C) gD
70 30
ena 9
r~~HO Eqoe J
Cr SP me: GE
(/ 50 ( LF
ILS Ti|(A) B)
220 ae Ga <b
10
280 » (A)
230 ye
280 | << WN ] EA
ae WN Sar
290 10 ~
ot 160 170
270 (D) .
ral 80 .
210 110
240 & “280 \, 100 14575 4 i
i ST (® 90"" 90 * 6.4 A 0
280 EX oo 100 a
290 —_| 110 ®
380] 100 115
270—0
120TP250056.MCE
Double Passenger Seat (120-41825-001)
Figure 47
Sheet 1
EFFECTIVITY: ALL 25-21 -00
‘Sep 2088
","[""table_or_parts_list_text_cues""]",table_ocr_table_candidate_scan,False,False
252,t_p_120_1176_p000252,00000252.tif,local_data\organization\trace_net\ocr_route_scan_pack_tesseract_full\page_images\t_p_120_1176_p000252.tif,92d02a927fd6f69d868ccadfeddd58290e1ad9a0eb51667a52f00c7616ad3b5b,table,detailed_parts_list,high,"[""high_part_number_density"", ""detailed_parts_list_candidate""]",,needs_review,,189,1834,8,"[""120-29068-017"", ""120-33774-001"", ""120-36842-001"", ""120-41825-001"", ""120-42070-001"", ""120-42221-001"", ""120-42547-019"", ""120-45726-001""]","€& emenncr

MAINTENANCE MANUAL WITH

ILLUSTRATED PARTS LIST
AIRLINE EFF | UNITS
FIG. ITEM| PARTNUMBER | STOCK vase EODE. FROM| PER
NUMBER To | ASSY
47 - | 120-41825-001 DOUBLE PASSENGER SEAT ASSy .......... vs4956| A REF
1 | 120-29068-017 . STRUCTURE, ASSY. (SEE FIGURE
25-21-00-88) ooo. oeeccecccssscecsesssestetteeetneeeeeee VS4956 1
10 | 120-33774-001 LINING ASSY., SEAT BOTTOM... VS4956 2
20 | 120-42221-001 _ LINING ASSY., SEAT BACKREST ........... VS4956 2
30 | 120-42070-001 . FOAM ASSY., SEAT BACKREST ............ VS4956 2
40 | 120-45726-001 COVER, PLASTIC oo.cccccccccssceceescetteeeseee vs4956| 8B 2
50 | 120-36842-001 . STOWAGE ASSY., LIFE JACKET ............ VS4956 2
ATTACHING PARTS
60 | 1002-F . FASTENER BUTTON, MALE 0... ccc E075221 8
70 | 1002-C/6 . SUPPORT, FASTENER BUTTON MALE .. 8
80 | PE915051-1-PT SEAT BELT ooocccccceccsssseseecsssesteeesessteeeeenee VS4956 2
ATTACHING PARTS
90 |MS21042L4 NUT ooccescssecsssossenesssssneeesestneesesventessesseneeen 3
1","[""table_or_parts_list_text_cues""]",table_ocr_table_candidate_scan,False,False
253,t_p_120_1176_p000253,00000253.tif,local_data\organization\trace_net\ocr_route_scan_pack_tesseract_full\page_images\t_p_120_1176_p000253.tif,e711e79c7e9f5bae7eb63f9a0819f6d5c285f6c71305992373bde7895f9517aa,table,detailed_parts_list,high,"[""high_part_number_density"", ""detailed_parts_list_candidate""]",,needs_review,,230,2036,11,"[""120-37313-001"", ""120-40636-001"", ""120-41208-001"", ""120-41231-001"", ""120-41474-001"", ""120-41474-002"", ""120-41475-001"", ""120-41475-003"", ""120-41825-001"", ""120-42660-001"", ""120-47462-001""]","€& emenncr

USAGE CODE LIST

A AIRCRAFT 120049 THRU 120051 AND
120053 THRU 120171

B AIRCRAFT 120104 THRU 120308 AND
120310

C AIRCRAFT 120049 THRU 120051 AND
120053 THRU 120118

D AIRCRAFT 120050 AND 120060 THRU
120171

E AIRCRAFT 120049 AND 120051

MAINTENANCE MANUAL WITH
ILLUSTRATED PARTS LIST
AIRLINE EFF | UNITS
FIG. ITEM| PARTNUMBER | STOCK Maer EODE. FROM| PER
NUMBER TO | ASSY
47: 180 | 120-37313-001 ~HOLDER, MAGAZINE... cccccccccsscccscceseeeee VS4956 2
ATTACHING PARTS
-185 | 1002-F _ FASTENER BUTTON, MALE os. cescceseeeeee E075221 4
-186 | H14-04 NUT cccccccsecsssesssesseeserecssessvsssvessresereceseesseeeees 15653 4
-187 | MS24693-C5 SCREW ooeccceccccscsssesssecssessseessessvesseessseeseeen 4
190 | 120-42660-001 _ TABLE, SNACK FONDING, ASSY
(SEE FIGURE 25-21-00-112) oo.cceccccceeee. VS4956 2
200 | 120-41208-001 _ COVER, LATCH, SNACK TABLE ASSY
(SEE FIGURE 25-21-00-112) oocecccceeee. VS4956] C 2
-201 | 120-47462-001 _ COVER, LATCH, SNACK TABLE AS","[""table_or_parts_list_text_cues""]",table_ocr_table_candidate_scan,False,False
254,t_p_120_1176_p000254,00000254.tif,local_data\organization\trace_net\ocr_route_scan_pack_tesseract_full\page_images\t_p_120_1176_p000254.tif,ff9a743fa7df0477a877d42c00245933c6d9a7a9c15748304d5c286698e4d759,table,image_visual_diagram,medium,"[""figure_or_visual_label_signal"", ""limited_text_or_visual_route""]",,needs_review,,96,737,1,"[""120-41825-501""]","-< EMBRAER

MAINTENANCE MANUAL WITH

ILLUSTRATED PARTS LIST

40

170

a

AN

20

L

q

\

‘N)

\

N

30

»

20

250 150

160

IO

70

30

&

60

C7

Fl @) ©

roy

mae

(4

50

Q

<>

190

PAS

10

<

220

QQ

200

250

(Toe

250

©) ©

Sv

SY

y

=,

10

Ca.

250—4

240°

©) ,

115)

80

120

80

190 250

110

80

210

OD

100

230 \

oN

115

90 90

<

115

115

<

90

250 |

CT

100 100

(77)

120

130/415

250 ~

115 100

240 —e

120TP250057.MCE

Double Passenger Seat (120-41825-501)

Figure 48

Sheet 1

EFFECTIVITY: ALL

25-21-00

Page 1195

Sep 30/98
","[""table_or_parts_list_text_cues""]",table_ocr_table_candidate_scan,False,False
255,t_p_120_1176_p000255,00000255.tif,local_data\organization\trace_net\ocr_route_scan_pack_tesseract_full\page_images\t_p_120_1176_p000255.tif,9faed56daef5b98321ded6c629bd3408c603df5cba0ea728c3a1325537f50e9d,table,detailed_parts_list,high,"[""high_part_number_density"", ""detailed_parts_list_candidate""]",,needs_review,,195,1835,9,"[""120-29068-039"", ""120-33774-001"", ""120-36842-001"", ""120-37313-001"", ""120-41825-501"", ""120-42070-001"", ""120-42221-001"", ""120-42547-019"", ""120-45726-001""]","€& emenncr

MAINTENANCE MANUAL WITH

ILLUSTRATED PARTS LIST
AIRLINE EFF | UNITS
FIG. ITEM| PARTNUMBER | STOCK Maer EODE. FROM| PER
NUMBER To | ASSY
48 - | 120-41825-501 DOUBLE PASSENGER SEAT ASSy ......... VS4956 | 172/999| REF
1 | 120-29068-039 . STRUCTURE, ASSY. (SEE FIGURE
25-21-00-88) oo... cecccceccceescestetecestttesseeeneeen vs4956 | 172/999] 1
10 | 120-33774-001 LINING ASSY., SEAT BOTTOM .......000..-. VS4956 2
20 | 120-42221-001 _ LINING ASSY., SEAT BACKREST ........... VS4956 2
30 | 120-42070-001 . FOAM ASSY., SEAT BACKREST 0.0... VS4956 2
40 | 120-45726-001 COVER, PLASTIC .o...ccccccccccsscseeessesteeeeeen vs4956| A 2
50 | 120-36842-001 . STOWAGE ASSY., LIFE JACKET ............. VS4956 2
ATTACHING PARTS
60 | 1002-F . FASTENER BUTTON, MALE ..0......c0cccc0- E075221 8
70 | 1002-C/6 . SUPPORT, FASTENER BUTTON MALE .. 8
80 | PE915051-1-PT SEAT BELT oo cccccccccsecscesessestecesssssenteeevenneee VS4956 2
ATTACHING PARTS
90 |MS21042L4 NUT occccccsssssssssssssn","[""table_or_parts_list_text_cues""]",table_ocr_table_candidate_scan,False,False
256,t_p_120_1176_p000256,00000256.tif,local_data\organization\trace_net\ocr_route_scan_pack_tesseract_full\page_images\t_p_120_1176_p000256.tif,d0893a4f99450bae243826a0a95a85a5c1cf29e8caa71969cfced4669b87931a,table,detailed_parts_list,high,"[""high_part_number_density"", ""detailed_parts_list_candidate""]",,needs_review,,165,1278,10,"[""120-40636-001"", ""120-41231-001"", ""120-41474-001"", ""120-41474-002"", ""120-41475-001"", ""120-41475-003"", ""120-41825-501"", ""120-42660-001"", ""120-47462-001"", ""120-61610-001""]","€& emenncr

MAINTENANCE MANUAL WITH
ILLUSTRATED PARTS LIST
AIRLINE EFF | UNITS
FIG. ITEM| PARTNUMBER STOCK vase EODE. FROM | PER
NUMBER TO ASSY
48 160 | 120-42660-001 _ TABLE, SNACK FONDING, ASSY
(SEE FIGURE 25-21-00-112) «0.0... VS4956 2
170 | 120-47462-001 . COVER, LATCH, SNACK TABLE ASSY
(SEE FIGURE 25-21-00-112) «0.0... VS4956 | 172/315 2
-171 | 120-61610-001 . COVER, LATCH, SNACK TABLE ASSY
(SEE FIGURE 25-21-00-112) «0.0... VS4956 | 316/999 2
180 | AM03078-30 ASHTRAY uo. ccccccccccccccccececceeeetstetsassaneeaneees E065846 2
190 | 120-40636-001 . LINING ASSY, - ARMREST ............0:ceee VS4956 3
200 | 120-41475-001 . COVER, TRIM, FRONT ..............c ccc eeeee VS4956 1
210 | 120-41475-003 . COVER, TRIM, FRONT ..............c ccc eeeee VS4956 2
220 | 120-41474-002 . COVER, TRIM, REAR-FIXED ARMREST. VS4956 1
-221 | 120-41474-001 . COVER, TRIM, REAR-FIXED ARMREST. VS4956 1
230 | 120-41231-001 .COVER,TRIM,REAR-MOVABLEARMREST VS4956 2
ATTACHING PARTS
240 | PE1700","[""table_or_parts_list_text_cues""]",table_ocr_table_candidate_scan,False,False
257,t_p_120_1176_p000257,00000257.tif,local_data\organization\trace_net\ocr_route_scan_pack_tesseract_full\page_images\t_p_120_1176_p000257.tif,0753ec3748b03f15557c5ba2e8de050a33a58259c57e5d04000298af44737bb2,table,image_visual_diagram,medium,"[""figure_or_visual_label_signal"", ""limited_text_or_visual_route""]",,needs_review,,98,743,1,"[""120-41825-009""]","-< EMBRAER

MAINTENANCE MANUAL WITH

ILLUSTRATED PARTS LIST

40

170

o-~

AN

20

?

Q

‘N)

\

N

30

“

20

250 150

160

IO

70

30

&>

60

C?

im ®

lee,

mae

(2D

50

QD

<>

190

DAD

10

220

Sa

200

250

(Tos

250

<)

©) ©

Sv

SY

y

é

C7

10

Ca.

250—4

240°

©) ,

115)

80

120

80

190 250

110

80

210

OD

100

230 \

oN

115

90 90

<i

115

115

Sl

90

250 |

El

100 100

(77

120

130/415

250 ~

115 100

240 —e

120TP250057.MCE

Double Passenger Seat (120-41825-009/509)

Figure 49

Sheet 1

EFFECTIVITY: ALL

25-21-00 Page 1198

Sep 30/98
","[""table_or_parts_list_text_cues""]",table_ocr_table_candidate_scan,False,False
258,t_p_120_1176_p000258,00000258.tif,local_data\organization\trace_net\ocr_route_scan_pack_tesseract_full\page_images\t_p_120_1176_p000258.tif,15fb32654ef317c490bc68832d910e95d949c863aeed91eae3436bf5fec69b36,table,detailed_parts_list,high,"[""high_part_number_density"", ""detailed_parts_list_candidate""]",,needs_review,,238,1896,11,"[""120-29068-037"", ""120-29068-059"", ""120-33774-001"", ""120-36842-001"", ""120-37313-001"", ""120-41825-009"", ""120-41825-509"", ""120-42070-001"", ""120-42221-001"", ""120-42547-019"", ""120-45726-001""]","€& emenncr

MAINTENANCE MANUAL WITH

ILLUSTRATED PARTS LIST
AIRLINE EFF UNITS
FIG. ITEM PART NUMBER STOCK vase EODE. FROM PER
NUMBER TO ASSY
49 - | 120-41825-009 DOUBLE PASSENGER SEAT ASSY .......... VS4956 | 154/171| REF
- | 120-41825-509 DOUBLE PASSENGER SEAT ASSY .......... VS4956 | 172/999) REF
1 | 120-29068-037 . STRUCTURE, ASSY. (SEE FIGURE
25-21-00-88) oo... c ccc eee etn eeeeeee naan VS4956 | 154/999 1
-2 | 120-29068-059 . STRUCTURE, ASSY. (SEE FIGURE
25-21-00-88) oo... c ccc eee etn eeeeeee naan VS4956 | 172/999 1
10 | 120-33774-001 . LINING ASSY., SEAT BOTTOM ............... VS4956 2
20 | 120-42221-001 . LINING ASSY., SEAT BACKREST ............ VS4956 2
30 | 120-42070-001 . FOAM ASSY., SEAT BACKREST. .............. VS4956 2
40 | 120-45726-001 . COVER, PLASTIC oo... eee VS4956 A 2
50 | 120-36842-001 . STOWAGE ASSY., LIFE JACKET ......0...... VS4956 2
ATTACHING PARTS
60 | 1002-F . FASTENER BUTTON, MALE .........00000.000.. E075221 8
70 | 1002-C/6 . SUPPORT,","[""table_or_parts_list_text_cues""]",table_ocr_table_candidate_scan,False,False
259,t_p_120_1176_p000259,00000259.tif,local_data\organization\trace_net\ocr_route_scan_pack_tesseract_full\page_images\t_p_120_1176_p000259.tif,ab2999d17b57267c952e910d440f541cc4e0e190dc4defe1eaa77b006bbfb42c,table,detailed_parts_list,high,"[""high_part_number_density"", ""detailed_parts_list_candidate""]",,needs_review,,149,1290,9,"[""120-40636-001"", ""120-41231-001"", ""120-41474-002"", ""120-41475-001"", ""120-41475-003"", ""120-41825-009"", ""120-42660-001"", ""120-47462-001"", ""120-61610-001""]","€& emenncr

MAINTENANCE MANUAL WITH
ILLUSTRATED PARTS LIST
AIRLINE EFF | UNITS
FIG. ITEM| PARTNUMBER | STOCK Maer EODE. FROM| PER
NUMBER To | ASSY
49-160 | 120-42660-001 _ TABLE, SNACK FONDING, ASSY
(SEE FIGURE 25-21-00-112) o...cccecccccee VS4956 2
170 | 120-47462-001 COVER, LATCH, SNACK TABLE ASSY
(SEE FIGURE 25-21-00-112) oo... VS4956 | 119/315] 2
-171 | 120-61610-001 COVER, LATCH, SNACK TABLE ASSY

(SEE FIGURE 25-21-00-112) oo... VS4956 |316/999] 2

180 | AMO3078-30 ASHTRAY oo cecccccsssssssseesessseesesesttntesesveneeeee E065846 2

190 | 120-40636-001 LINING ASSY, - ARMREST o.......-.cccc VS4956 3

200 | 120-41475-001 COVER, TRIM, FRONT o...cccccccccseceeecee VS4956 1

210 | 120-41475-003 COVER, TRIM, FRONT o...cccccccccseceeecee VS4956 2

220 | 120-41474-002 _COVER, TRIM, REAR-FIXED ARMREST VS4956 1

230 | 120-41231-001 COVER, TRIM,REAR-MOVABLEARMREST VS4956 2

ATTACHING PARTS
240 | PE17001-3PR PLUG, NYLON oo.ecccccccscesctccsssssteeeseseteeeeen 3
250","[""table_or_parts_list_text_cues""]",table_ocr_table_candidate_scan,False,False
260,t_p_120_1176_p000260,00000260.tif,local_data\organization\trace_net\ocr_route_scan_pack_tesseract_full\page_images\t_p_120_1176_p000260.tif,a772dc51118b91ff80ad3c15e334abf31b276cc76e23dc0f34f40e69ef0da0f3,table,image_visual_diagram,medium,"[""figure_or_visual_label_signal"", ""limited_text_or_visual_route""]",,needs_review,,95,703,1,"[""120-41825-003""]","-< EMBRAER

MAINTENANCE MANUAL WITH

ILLUSTRATED PARTS LIST

40

200

SQ

aS

20

30

N

\

\

20

2

a

>

\

Q

270 180

30

190

=, )\

270

230

(n) ®B)

(LE

1D

70

Q

<>

pa

(A) ®)

10

—

Q

J

O

L/

se

(a

50

©)

y

REZ

10

140

50

170

(C) oo

120

115

80

80

110

80

OD

220 2/0

250

100

240

Qa

115

90 90

Gf

115

115

<.

90

100

125

270

Cl

100 439 15

270-—

10018

260 —-2

120TP250058.MCE

Double Passenger Seat (120-41825-003/503)

Figure 50

Sheet 1

EFFECTIVITY: ALL

25-21-00

Page 1201

Sep 30/98
","[""table_or_parts_list_text_cues""]",table_ocr_table_candidate_scan,False,False
261,t_p_120_1176_p000261,00000261.tif,local_data\organization\trace_net\ocr_route_scan_pack_tesseract_full\page_images\t_p_120_1176_p000261.tif,f3a79489721798bb44af2781d6806bc0c70337377d145c0d3295b81ece45a4ed,table,detailed_parts_list,high,"[""high_part_number_density"", ""detailed_parts_list_candidate""]",,needs_review,,223,1908,10,"[""120-29068-019"", ""120-29068-041"", ""120-33774-001"", ""120-36842-001"", ""120-41825-003"", ""120-41825-503"", ""120-42070-001"", ""120-42221-001"", ""120-42547-019"", ""120-45726-001""]","€& emenncr

MAINTENANCE MANUAL WITH

ILLUSTRATED PARTS LIST
AIRLINE EFF | UNITS
FIG. ITEM; PARTNUMBER | STOCK Maer EODE. FROM; PER
NUMBER TO ASSY
50 - | 120-41825-003 DOUBLE PASSENGER SEAT ASSY ......... VS4956 A REF
- | 120-41825-503 DOUBLE PASSENGER SEAT ASSY ......... VS4956 | 172/999} REF
1 | 120-29068-019 . STRUCTURE, ASSY. (SEE FIGURE
25-21-00-92) ooo. cece eee eet teen eneeeey VS4956 A 1
-2 | 120-29068-041 . STRUCTURE, ASSY. (SEE FIGURE
25-21-00-93) ooo... eee eeeeeeeeeenteneeeeeeee VS4956 | 172/999 1
10 | 120-33774-001 _ LINING ASSY., SEAT BOTTOM .............. VS4956 2
20 | 120-42221-001 . LINING ASSY., SEAT BACKREST ........... VS4956 2
30 | 120-42070-001 . FOAM ASSY., SEAT BACKREST ............ VS4956 2
40 | 120-45726-001 . COVER, PLASTIC 000... ee eerecttereeee VS4956 B 2
50 | 120-36842-001 . STOWAGE ASSY., LIFE JACKET ............ VS4956 2
ATTACHING PARTS
60 | 1002-F . FASTENER BUTTON, MALE .................. E0/75221 8
70 | 1002-C/6 . SUPPORT, FASTENE","[""table_or_parts_list_text_cues""]",table_ocr_table_candidate_scan,False,False
262,t_p_120_1176_p000262,00000262.tif,local_data\organization\trace_net\ocr_route_scan_pack_tesseract_full\page_images\t_p_120_1176_p000262.tif,63d1f24c236b36686da81b4d6d4a9795d408dbb8aa6b00448309047fc5983d19,table,detailed_parts_list,high,"[""high_part_number_density"", ""detailed_parts_list_candidate""]",,needs_review,,240,1848,11,"[""120-37313-001"", ""120-40636-001"", ""120-41208-001"", ""120-41231-001"", ""120-41474-001"", ""120-41475-003"", ""120-41784-002"", ""120-41825-003"", ""120-42660-001"", ""120-47462-001"", ""120-61610-001""]","€& emenncr

MAINTENANCE MANUAL WITH
ILLUSTRATED PARTS LIST
AIRLINE EFF | UNITS
FIG. ITEM| PARTNUMBER STOCK vase EODE. FROM | PER
NUMBER TO ASSY
50 180 | 120-37313-001 . HOLDER, MAGAZINE ........ cece VS4956 2
ATTACHING PARTS
-185 | 1002-F . FASTENER BUTTON, MALE ................00. E075221 4
-186 | H14-04 As | Oe V15653 4
-187 |MS24693-C5 SCREW oo... ccccccceceeeeceeeeeeeeeeeneeneneenees 4
190 | 120-42660-001 . TABLE, SNACK FONDING, ASSY
(SEE FIGURE 25-21-00-112) «0.0... VS4956 A 2
200 | 120-41208-001 . COVER, LATCH, SNACK TABLE ASSY
(SEE FIGURE 25-21-00-112 0... VS4956 C 2
-201 | 120-47462-001 . COVER, LATCH, SNACK TABLE ASSY
(SEE FIGURE 25-21-00-112 «0.0.0... VS4956 | 119/315 2
-202 | 120-61610-001 . COVER, LATCH, SNACK TABLE ASSY
(SEE FIGURE 25-21-00-112 «00.0... VS4956 | 316/999 2
210 | AM03078-30 ASHTRAY uo. ccccccccccccccccececceeeetstetsassaneeaneees E065846 D 2
-211 | AM03078-22 ASHTRAY ooo ccccccccccccccceececcceeessestsassaeeeaneees E065846 E 2
220 | 120","[""table_or_parts_list_text_cues""]",table_ocr_table_candidate_scan,False,False
263,t_p_120_1176_p000263,00000263.tif,local_data\organization\trace_net\ocr_route_scan_pack_tesseract_full\page_images\t_p_120_1176_p000263.tif,6a12dbb4a46d3c1a8b6b45b42abc1f95dc0b0b14f3acf9dd1796dba27244c177,table,image_visual_diagram,medium,"[""figure_or_visual_label_signal"", ""limited_text_or_visual_route""]",,needs_review,,119,868,1,"[""120-41825-007""]","-< EMBRAER

MAINTENANCE MANUAL WITH

ILLUSTRATED PARTS LIST

40

LPNS

aN ~

Is SN ~7\

We

nS N

Nv \

\\

WN

K |

he \\ in

\

\\

~ WW

\N

20

180

>

A

30

Q

Y

hy

20

30

70

<

a

<=

60

(a) B

KS

EL|

(74)

CIE

ia

50

<—F

Jy

(A) &)

220

Sa

(FL

10

QD

190

J

260

230

260

©) ©

ww

y

wi

©,

ET]

270

10

WJ

aa

Ais

260

150 160

170

250

80

115)

80

80

80

100

aso

220 960

115

240

200 \

<L

115

CN

AN

90 90

90

115

260

125

\&,

400 100 ec ye

270

115 tHo

260 ——

250 —¢

120TP250059.MCE

Double Passenger Seat (120-41825-007/017)

Figure 51

Sheet 1

EFFECTIVITY: ALL

25-21-00

Page 1204

T.P. 120/1176

Jan 15/01
","[""table_or_parts_list_text_cues""]",table_ocr_table_candidate_scan,False,False
264,t_p_120_1176_p000264,00000264.tif,local_data\organization\trace_net\ocr_route_scan_pack_tesseract_full\page_images\t_p_120_1176_p000264.tif,83bc0eae2bb82ea4bd4bda4ad3c2e15e7e2b566e754d2bda9d377d87ce9a9acf,table,detailed_parts_list,high,"[""high_part_number_density"", ""detailed_parts_list_candidate""]",,needs_review,,246,1965,11,"[""120-29068-021"", ""120-29068-023"", ""120-33774-001"", ""120-36842-001"", ""120-36842-003"", ""120-41825-007"", ""120-41825-017"", ""120-42070-001"", ""120-42221-001"", ""120-42547-019"", ""120-45726-001""]","€& emenncr

MAINTENANCE MANUAL WITH

ILLUSTRATED PARTS LIST
AIRLINE EFF | UNITS
FIG. ITEM PART NUMBER STOCK eater CODE FROM PER
NUMBER TO ASSY
51 - | 120-41825-007 DOUBLE PASSENGER SEAT ASSY .......... VS4956 A REF
- | 120-41825-017 DOUBLE PASSENGER SEAT ASSY .......... VS4956 | 172/999) REF
1 | 120-29068-021 . STRUCTURE, ASSY. (SEE FIGURE
25-21-00-96) oo... ccccceeeeeteeeeeeeeenees VS4956 A 1
-2 | 120-29068-023 . STRUCTURE, ASSY. (SEE FIGURE
25-21-00-96) 0... cccccc ccc eee eet eeeeeee nee es VS4956 | 172/999 1
10 | 120-33774-001 . LINING ASSY., SEAT BOTTOM ............... VS4956 2
20 | 120-42221-001 . LINING ASSY., SEAT BACKREST ............ VS4956 2
30 | 120-42070-001 . FOAM ASSY., SEAT BACKREST. .............. VS4956 2
40 | 120-45726-001 . COVER, PLASTIC oo... eee VS4956 B 2
50 | 120-36842-001 . STOWAGE ASSY., LIFE JACKET ......0...... VS4956 A 2
-51 | 120-36842-003 . STOWAGE ASSY., LIFE JACKET 0.0.0.0... VS4956 | 172/999 2
ATTACHING PARTS
60 | 1002-F . FASTENE","[""table_or_parts_list_text_cues""]",table_ocr_table_candidate_scan,False,False
265,t_p_120_1176_p000265,00000265.tif,local_data\organization\trace_net\ocr_route_scan_pack_tesseract_full\page_images\t_p_120_1176_p000265.tif,a6a6958cf16c5bbc67fc1a0d07de57f7714890173e18b4f57d65b11f03e133f6,table,detailed_parts_list,high,"[""high_part_number_density"", ""detailed_parts_list_candidate""]",,needs_review,,187,1579,8,"[""120-37313-001"", ""120-40636-001"", ""120-41231-001"", ""120-41474-001"", ""120-41474-002"", ""120-41475-001"", ""120-41475-003"", ""120-41825-007""]","€& emenncr

MAINTENANCE MANUAL WITH
ILLUSTRATED PARTS LIST
AIRLINE EFF | UNITS
FIG. ITEM| PARTNUMBER STOCK Maer EODE. FROM | PER
NUMBER TO ASSY
51 180 | 120-37313-001 . HOLDER, MAGAZINE .............0ccccceseeeeeeees VS4956 2
ATTACHING PARTS
-185 | 1002-F . FASTENER BUTTON, MALE .................. E075221 4
-186 | H14-04 A LO eee V15653 4
-187 | MS24693-C5 SCREW ooo... cccccccccccccscsttsseassseeeaeeeeeeeees 4
190 | 120-41474-001 . COVER, TRIM, REAR - FIXED ARMREST VS4956 1
-191 | 120-41474-002 . COVER, TRIM, REAR - FIXEDARMREST VS4956 1
200 | 120-41231-001 . COVER, TRIM, REAR - MOVABLE
ARMREST. .........cccccccsscccceeecceesceesstsseueeeeneees VS4956 1
210 | AM03078-30 WASHTRAY oo cccccccccccccenccenttttaeeeeeeeeeeeeees E065846 C 2
-211 | AM03078-22 WASHTRAY oo cccccccccccccenccenttttaeeeeeeeeeeeeees E065846 A 2
220 | 120-40636-001 . LINING ASSY,- ARMREST ............cee VS4956 3
230 | 120-41475-001 . COVER, TRIM, FRONT. ........... cece VS4956 1
240 | 120-41475-00","[""table_or_parts_list_text_cues""]",table_ocr_table_candidate_scan,False,False
266,t_p_120_1176_p000266,00000266.tif,local_data\organization\trace_net\ocr_route_scan_pack_tesseract_full\page_images\t_p_120_1176_p000266.tif,5b729081324f3b8fad01d8739f932bc950960535af655ee180e9d3b79f8556fd,table,image_visual_diagram,medium,"[""figure_or_visual_label_signal"", ""limited_text_or_visual_route""]",,needs_review,,117,581,1,"[""120-41825-507""]","-< EMBRAER
MAINTENANCE MANUAL WITH
ILLUSTRATED PARTS LIST
ce~ 40
Wess \
we \\
Ye \ N
150 <2. 1 30
& 20
(C) is
30
70
Sr 3
VF Fi @ © y
y~ » OD ST] ®
(/ 50 (K SF
wT si||(a) ®
ey 4
10
200 | SI SF
230 Jy (A)
180 ys y
230 | Pa (C) (D) WN ee ZA
SL 140
4 10 aN
230-—*
220 —f (D)
80
wil? 80 9
1D} 170 230 sai 110 80
190 210 \ 100 Ly
| a (B) 90% 90 | “ee a7 115
ay ) 100 100 4130 Pind 125
230 —4 10 18 7 \°
— 100 115
220 —o
120TP250060A.MCE
Double Passenger Seat (120-41825-507/517)
Figure 52
Sheet 1
EFFECTIVITY: ALL
25-21 -00 Page 1207
Sep 30/98
","[""table_or_parts_list_text_cues""]",table_ocr_table_candidate_scan,False,False
267,t_p_120_1176_p000267,00000267.tif,local_data\organization\trace_net\ocr_route_scan_pack_tesseract_full\page_images\t_p_120_1176_p000267.tif,642e2f4696f900430a205f33fdb4eb78ab8f18bd71fc58ace8912896ee6c37a1,table,detailed_parts_list,high,"[""high_part_number_density"", ""detailed_parts_list_candidate""]",,needs_review,,238,2064,12,"[""120-29068-049"", ""120-29068-051"", ""120-33774-001"", ""120-36842-001"", ""120-36842-003"", ""120-37313-001"", ""120-41825-507"", ""120-41825-517"", ""120-42070-001"", ""120-42221-001"", ""120-42547-019"", ""120-45726-001""]","€& emenncr

MAINTENANCE MANUAL WITH

ILLUSTRATED PARTS LIST
AIRLINE EFF | UNITS
FIG. ITEM; PARTNUMBER | STOCK Maer EODE. FROM; PER
NUMBER TO ASSY
52 - | 120-41825-507 DOUBLE PASSENGER SEAT ASSY .......... VS4956 | 172/999} REF
- | 120-41825-517 DOUBLE PASSENGER SEAT ASSY .......... VS4956 | 172/999} REF
1 | 120-29068-049 . STRUCTURE, ASSY. (SEE FIGURE
295-21-00-95) ooo... eect eereenenereereees VS4956 | 172/999 1
-2 | 120-29068-051 . STRUCTURE, ASSY. (SEE FIGURE
25-21-00-98) ooo... eee ee reenenereereees VS4956 | 172/999 1
10 | 120-33774-001 LINING ASSY., SEAT BOTTOM ............... VS4956 2
20 | 120-42221-001 _ LINING ASSY., SEAT BACKREST ............ VS4956 2
30 | 120-42070-001 . FOAM ASSY., SEAT BACKREST ............. VS4956 2
40 | 120-45726-001 . COVER, PLASTIC 200... eeeterereenees VS4956 A 2
50 | 120-36842-001 . STOWAGE ASSY., LIFE JACKET ............. VS4956 2
-51 | 120-36842-003 . STOWAGE ASSY., LIFE JACKET ............. VS4956 2
ATTACHING PARTS
60 | 1002-F","[""table_or_parts_list_text_cues""]",table_ocr_table_candidate_scan,False,False
268,t_p_120_1176_p000268,00000268.tif,local_data\organization\trace_net\ocr_route_scan_pack_tesseract_full\page_images\t_p_120_1176_p000268.tif,909dbd33be0ea804ba369da76b46119a8f27d70e166cfca56b29f0fafd7423cb,table,detailed_parts_list,medium,"[""part_number_present"", ""ipl_column_terms""]",,needs_review,,121,1071,7,"[""120-40636-001"", ""120-41231-001"", ""120-41474-001"", ""120-41474-002"", ""120-41475-001"", ""120-41475-003"", ""120-41825-507""]","€& emenncr

MAINTENANCE MANUAL WITH
ILLUSTRATED PARTS LIST
AIRLINE EFF | UNITS
FIG. ITEM| PARTNUMBER | STOCK vase EODE. FROM| PER
NUMBER To | ASSY
52 160 | AM03078-30 ASHTRAY ooocccccccccscssssesseesesevtteessineensee F065846 2
170 | 120-40636-001 LINING ASSY, - ARMREST .........ccccc VS4956 3
180 | 120-41475-001 COVER, TRIM, FRONT oo.....cccccccscceeecne VS4956 1
190 | 120-41475-003 COVER, TRIM, FRONT oo.....cccccccscceeecne VS4956 2
200 | 120-41474-001 _COVER, TRIM, REAR-FIXED ARMREST. VS4956 1
-201 | 120-41474-002 COVER, TRIM, REAR-FIXED ARMREST. VS4956 1
210 | 120-41231-001 _COVER, TRIM, REAR - MOVABLE
ARMREST ooo ccccssosscsessossesessesesseteseretenteesenee VS4956 2
ATTACHING PARTS
220 | PE17001-3PR PLUG, NYLON oo.ecccccccccccessesssteeeessteneeesee 3
230 | MS24693-C26 SCREW ooccccccceccessseseesssssteeesseveneeeeseeeseen 16

USAGE CODE LIST

A AIRCRAFT 120104 THRU 120308 AND
120310

-ITEM NOT ILLUSTRATED

Double Passenger Seat (120-41825-507/517)
Figur","[""table_or_parts_list_text_cues""]",table_ocr_table_candidate_scan,False,False
269,t_p_120_1176_p000269,00000269.tif,local_data\organization\trace_net\ocr_route_scan_pack_tesseract_full\page_images\t_p_120_1176_p000269.tif,aac93d7e253b6c0d4c6c2355bd95151d33d897162b0d4c3878daae7c35012879,table,image_visual_diagram,medium,"[""figure_or_visual_label_signal"", ""limited_text_or_visual_route""]",,needs_review,,99,514,1,"[""120-41825-005""]","-< EMBRAER
MAINTENANCE MANUAL WITH
ILLUSTRATED PARTS LIST
40
200 QLD
By SQ 20
280 180 bo <> (C) <>
70 30
ena 9
r~~HO Eqoe J
Cr SP me: GE
(/ 50 ( LF
ULF 7|(A) B)
280 <9 (A)
230 \
280 | << WN ] EA
ae WN Sar
290 =} ° a 170
280 ~~“
_#F 160
270 (D) *
ral 80 i
210 110
240 & “280 \, 100 14575 4 i
i ST (® 90"" 90 * 6.4 A 0
280 AA M5 de ed, 4
290 —_| 110 @
2801 100 115
270 —e
120TP250056.MCE
Double Passenger Seat (120-41825-005)
Figure 53
Sheet 1
EFFECTIVITY: ALL 25-21 -00
‘Sep 30/98
","[""table_or_parts_list_text_cues""]",table_ocr_table_candidate_scan,False,False
270,t_p_120_1176_p000270,00000270.tif,local_data\organization\trace_net\ocr_route_scan_pack_tesseract_full\page_images\t_p_120_1176_p000270.tif,2ad312aa3acb3b9197121c7f606949d80a6928c95d1b93f5cf753a772ffef980,table,detailed_parts_list,high,"[""high_part_number_density"", ""detailed_parts_list_candidate""]",,needs_review,,196,1911,9,"[""120-29068-025"", ""120-33774-001"", ""120-36842-001"", ""120-37313-001"", ""120-41825-005"", ""120-42070-001"", ""120-42221-001"", ""120-42547-019"", ""120-45726-001""]","€& emenncr

MAINTENANCE MANUAL WITH

ILLUSTRATED PARTS LIST
AIRLINE EFF | UNITS
FIG. ITEM| PARTNUMBER | STOCK vase EODE. FROM| PER
NUMBER To | ASSY
53 - | 120-41825-005 DOUBLE PASSENGER SEAT ASSy .......... vs4956| A REF
1 | 120-29068-025 . STRUCTURE, ASSY. (SEE FIGURE
25-21-00-102) oooeecceccecscscesessesteteeeteeteenee _ VS4956 1
10 | 120-33774-001 LINING ASSY., SEAT BOTTOM... VS4956 2
20 | 120-42221-001 LINING ASSY., SEAT BACKREST ........... VS4956 2
30 | 120-42070-001 . FOAM ASSY., SEAT BACKREST ............ VS4956 2
40 | 120-45726-001 COVER, PLASTIC .o..cccccccccsssectessse tees VS4956 | 104/171] 2
50 | 120-36842-001 . STOWAGE ASSY., LIFE JACKET ............ VS4956 2
ATTACHING PARTS
60 | 1002-F . FASTENER BUTTON, MALE 0... ccc E075221 8
70 | 1002-C/6 . SUPPORT, FASTENER BUTTON MALE .. 8
80 | PE915051-1-PT SEAT BELT ooocccccceccsssseseecsssesteeesessteeeeenee VS4956 2
ATTACHING PARTS
90 |MS21042L4 NUT ooccescssecsssossenesssssneeesestneesesventessesseneeen 3
","[""table_or_parts_list_text_cues""]",table_ocr_table_candidate_scan,False,False
271,t_p_120_1176_p000271,00000271.tif,local_data\organization\trace_net\ocr_route_scan_pack_tesseract_full\page_images\t_p_120_1176_p000271.tif,b858a2ddccac000874013a3423e7d7bf6f120b629d7c5056568a35a53facbeeb,table,detailed_parts_list,high,"[""high_part_number_density"", ""detailed_parts_list_candidate""]",,needs_review,,219,1892,10,"[""120-40636-001"", ""120-41208-001"", ""120-41231-001"", ""120-41474-001"", ""120-41474-002"", ""120-41475-001"", ""120-41475-003"", ""120-41825-005"", ""120-42660-001"", ""120-47462-001""]","€& emenncr

MAINTENANCE MANUAL WITH
ILLUSTRATED PARTS LIST
AIRLINE EFF | UNITS
FIG. ITEM| PARTNUMBER | STOCK Maer EODE. FROM| PER
NUMBER To | ASSY
53 ATTACHING PARTS
-185 | 1002-F FASTENER BUTTON, MALE ©0000... E075221 4
-186 |H14-04 NUT ecccccesscssseeessssseesssevnseessstteeserevtneseneeess 15653 4
-187 |MS24693-C5 SCREW ooeeccccccsssssseesssssesssesvtteessstnseeevnneee 4
190 | 120-42660-001 _ TABLE, SNACK FOLDING, ASSY (SEE
FIGURE 25-21-00-112) ooo..ccccsecccceeeeeeee VS4956 2
200 | 120-41208-001 COVER, LATCH, SNACK TABLE ASSY
(SEE FIGURE 25-21-00-112) oo... vs4956| 8B 2
-201 | 120-47462-001 COVER, LATCH, SNACK TABLE ASSY
(SEE FIGURE 25-21-00-112) oo... vs4956 | 119/171] 2
210 | AM03078-30 ASHTRAY oo cecccccsssssssseesessseesesesttntesesveneeeee E065846; C 2
-211 | AM03078-22 ASHTRAY oo cecccccsssssssseesessseesesesttntesesveneeeee F065846| D 2
220 | 120-40636-001 LINING ASSY, - ARMREST o.......-.cccc VS4956 3
230 | 120-41475-001 COVER, TRIM, FRONT o...cccccccccs","[""table_or_parts_list_text_cues""]",table_ocr_table_candidate_scan,False,False
272,t_p_120_1176_p000272,00000272.tif,local_data\organization\trace_net\ocr_route_scan_pack_tesseract_full\page_images\t_p_120_1176_p000272.tif,a731dd54e89e3eea9b5452cbcba2f50eedea5e75f72277863185dddf6b9c4978,table,image_visual_diagram,medium,"[""figure_or_visual_label_signal"", ""limited_text_or_visual_route""]",,needs_review,,96,737,1,"[""120-41825-505""]","-< EMBRAER

MAINTENANCE MANUAL WITH

ILLUSTRATED PARTS LIST

40

170

a

AN

20

L

q

\

‘N)

\

N

30

»

20

250 150

160

IO

70

30

&

60

C7

Fl @) ©

roy

mae

(4

50

Q

<>

190

PAS

10

<

220

QQ

200

250

(Toe

250

©) ©

Sv

SY

y

=,

10

Ca.

250—4

240°

©) ,

115)

80

120

80

190 250

110

80

210

OD

100

230 \

oN

115

90 90

<

115

115

<

90

250 |

CT

100 100

(77)

120

130/415

250 ~

115 100

240 —e

120TP250057.MCE

Double Passenger Seat (120-41825-505)

Figure 54

Sheet 1

EFFECTIVITY: ALL

25-21-00

Page 1213

Sep 30/98
","[""table_or_parts_list_text_cues""]",table_ocr_table_candidate_scan,False,False
273,t_p_120_1176_p000273,00000273.tif,local_data\organization\trace_net\ocr_route_scan_pack_tesseract_full\page_images\t_p_120_1176_p000273.tif,97e626c23c86ed07413659bc5ccb699ce7ed41133d3f6fdda12eda82530acfc9,table,detailed_parts_list,high,"[""high_part_number_density"", ""detailed_parts_list_candidate""]",,needs_review,,202,1850,9,"[""120-29068-043"", ""120-33774-001"", ""120-36842-001"", ""120-37313-001"", ""120-41825-505"", ""120-42070-001"", ""120-42221-001"", ""120-42547-019"", ""120-45726-001""]","€& emenncr

MAINTENANCE MANUAL WITH

ILLUSTRATED PARTS LIST
AIRLINE EFF | UNITS
FIG. ITEM| PARTNUMBER | STOCK Maer EODE. FROM| PER
NUMBER To | ASSY
54 - | 120-41825-505 DOUBLE PASSENGER SEAT ASSy .......... vS4956 | 172/999] REF
1 | 120-29068-043 . STRUCTURE, ASSY. (SEE FIGURE
25-21-00-104) ooo eecccecccsecce cesses teeeeeseneeee _ VS4956 1
10 | 120-33774-001 LINING ASSY., SEAT BOTTOM .......000..-. VS4956 2
20 | 120-42221-001 LINING ASSY., SEAT BACKREST............. VS4956 2
30 | 120-42070-001 . FOAM ASSY., SEAT BACKREST 0.0... VS4956 2
40 | 120-45726-001 COVER, PLASTIC .o...ccccccccccsscseeessesteeeeeen vs4956| C 2
50 | 120-36842-001 . STOWAGE ASSY., LIFE JACKET ............. VS4956 2
ATTACHING PARTS
60 | 1002-F . FASTENER BUTTON, MALE ..0......c0cccc0- E075221 8
70 | 1002-C/6 . SUPPORT, FASTENER BUTTON MALE .. 8
80 | PE915051-1-PT SEAT BELT oo cccccccccsecscesessestecesssssenteeevenneee VS4956 2
ATTACHING PARTS
90 |MS21042L4 NUT occccccsssssssssssssnsssrsteesese","[""table_or_parts_list_text_cues""]",table_ocr_table_candidate_scan,False,False
274,t_p_120_1176_p000274,00000274.tif,local_data\organization\trace_net\ocr_route_scan_pack_tesseract_full\page_images\t_p_120_1176_p000274.tif,1c1bc00a2a97e37a872207631f1ff37b233b37963faeeceeef823d3bf81b23bd,table,detailed_parts_list,high,"[""high_part_number_density"", ""detailed_parts_list_candidate""]",,needs_review,,182,1401,10,"[""120-40636-001"", ""120-41231-001"", ""120-41474-001"", ""120-41474-002"", ""120-41475-001"", ""120-41475-003"", ""120-41825-505"", ""120-42660-001"", ""120-47462-001"", ""120-61610-001""]","€& emenncr

MAINTENANCE MANUAL WITH
ILLUSTRATED PARTS LIST
AIRLINE EFF | UNITS
FIG. ITEM PART NUMBER STOCK vase EODE. FROM PER
NUMBER TO ASSY
54 160 | 120-42660-001 . TABLE, SNACK FOLDING, ASSY
(SEE FIGURE 25-21-00-112) 0.0... VS4956 2
170 | 120-47462-001 . COVER, LATCH, SNACK TABLE ASSY
(SEE FIGURE 25-21-00-112) ..... VS4956 | 119/315 2
-171 | 120-61610-001 . COVER, LATCH, SNACK TABLE ASSY
(SEE FIGURE 25-21-00-112) ..... VS4956 | 316/999 2
180 | AM03078-30 ASHTRAY. ooo. cccccccceccccccccenecusecuseussenseeuveneees E065846 2
190 | 120-40636-001 . LINING ASSY, - ARMREST .............000.2. VS4956 3
200 | 120-41475-001 . COVER, TRIM, FRONT .....0... ee VS4956 1
210 | 120-41475-003 . COVER, TRIM, FRONT .....0... ee VS4956 2
220 | 120-41474-001 . COVER, TRIM, REAR-FIXED ARMREST. VS4956 1
-221 | 120-41474-002 . COVER, TRIM, REAR-FIXED ARMREST. VS4956 1
230 | 120-41231-001 .COVER,TRIM,REAR-MOVABLEARMREST VS4956 2
ATTACHING PARTS
240 | PE17001-3PR . PLUG, NYLON ooo eeee r","[""table_or_parts_list_text_cues""]",table_ocr_table_candidate_scan,False,False
275,t_p_120_1176_p000275,00000275.tif,local_data\organization\trace_net\ocr_route_scan_pack_tesseract_full\page_images\t_p_120_1176_p000275.tif,01e379081e48eef3536ba4a046b172edde07b2440e8691d522332119e0c5cf20,table,image_visual_diagram,medium,"[""figure_or_visual_label_signal"", ""limited_text_or_visual_route""]",,needs_review,,98,743,1,"[""120-41825-519""]","-< EMBRAER

MAINTENANCE MANUAL WITH

ILLUSTRATED PARTS LIST

40

170

o-~

AN

20

?

Q

‘N)

\

N

30

“

20

250 150

160

IO

70

30

&>

60

C?

im ®

lee,

mae

(2D

50

QD

<>

190

DAD

10

220

Sa

200

250

(Tos

250

<)

©) ©

Sv

SY

y

é

C7

10

Ca.

250—4

240°

©) ,

115)

80

120

80

190 250

110

80

210

OD

100

230 \

oN

115

90 90

<i

115

115

Sl

90

250 |

El

100 100

(77

120

130/415

250 ~

115 100

240 —e

120TP250057.MCE

Double Passenger Seat (120-41825-519/521)

Figure 55

Sheet 1

EFFECTIVITY: ALL

25-21-00 Page 1216

Sep 30/98
","[""table_or_parts_list_text_cues""]",table_ocr_table_candidate_scan,False,False
276,t_p_120_1176_p000276,00000276.tif,local_data\organization\trace_net\ocr_route_scan_pack_tesseract_full\page_images\t_p_120_1176_p000276.tif,2944bd789add1b735372daa35c82e65ba690abf83f291f0c40d8f7e37d8055b4,table,detailed_parts_list,high,"[""high_part_number_density"", ""detailed_parts_list_candidate""]",,needs_review,,248,2447,14,"[""120-29068-061"", ""120-29068-063"", ""120-33774-001"", ""120-36842-001"", ""120-37313-001"", ""120-41825-519"", ""120-41825-521"", ""120-42070-001"", ""120-42221-001"", ""120-42547-019"", ""120-42660-001"", ""120-45726-001"", ""120-47462-001"", ""120-61610-001""]","€& emenncr

MAINTENANCE MANUAL WITH

ILLUSTRATED PARTS LIST
AIRLINE EFF | UNITS
FIG. ITEM] PARTNUMBER | STOCK vase EODE. FROM| PER
NUMBER TO | ASSY
55 - | 120-41825-519 DOUBLE PASSENGER SEAT ASSyY .......... VS4956 | 159/171| REF
- | 120-41825-521 DOUBLE PASSENGER SEAT ASSY .......... vs4956] A REF
1 | 120-29068-061 . STRUCTURE, ASSY. (SEE FIGURE 25- 159/171] 1
21-00-105) ooeeeccecceesssesssessressressseestesseveeseesseee VS4956
-2 | 120-29068-063 . STRUCTURE, ASSY. (SEE FIGURE 25- A 1
21-00-105) ooececcecccesssesseessressressreessesseveeseeseeee VS4956
10 | 120-33774-001 LINING ASSY., SEAT BOTTOM ...........-. VS4956 2
20 | 120-42221-001 _ LINING ASSY., SEAT BACKREST ............ VS4956 2
30 | 120-42070-001 . FOAM ASSY., SEAT BACKREST 0.0.0... VS4956 2
40 | 120-45726-001 COVER, PLASTIC oo.ccecccessssssssssssestseseesees vs4956] B 2
50 | 120-36842-001 . STOWAGE ASSY., LIFE JACKET 0... VS4956 2
ATTACHING PARTS
60 | 1002-F . FASTENER BUTTON, MALE ........cccsceeseees ","[""table_or_parts_list_text_cues""]",table_ocr_table_candidate_scan,False,False
277,t_p_120_1176_p000277,00000277.tif,local_data\organization\trace_net\ocr_route_scan_pack_tesseract_full\page_images\t_p_120_1176_p000277.tif,219b5d294a32664cf8ece4539c8e01ea4880691c5accc05844438bbc2d48bd29,table,detailed_parts_list,medium,"[""part_number_present"", ""ipl_column_terms""]",,needs_review,,128,961,6,"[""120-40636-001"", ""120-41231-001"", ""120-41474-002"", ""120-41475-001"", ""120-41475-003"", ""120-41825-519""]","€& emenncr

MAINTENANCE MANUAL WITH
ILLUSTRATED PARTS LIST
AIRLINE EFF | UNITS
FIG. ITEM| PARTNUMBER STOCK Maer EODE. FROM | PER
NUMBER TO ASSY
55 190 | 120-40636-001 . LINING ASSY, - ARMREST ..............0000.. VS4956 3
200 | 120-41475-001 . COVER, TRIM, FRONT ............00.c cee VS4956 1
210 | 120-41475-003 . COVER, TRIM, FRONT ............00.c cee VS4956 2
220 | 120-41474-002 . COVER, TRIM, REAR-FIXED ARMREST  VS4956 1
230 | 120-41231-001 .COVER,TRIM,REAR-MOVABLEARMREST VS4956 2
ATTACHING PARTS
240 | PE17001-3PR ~ PLUG, NYLON 00.0... oo c cc cccceeeeeeeeeeeeeeeeeeeee 3
250 | MS24693-C26 SCREW o.oo. ccccccccccccceceeeeeee eee eeee seen 20
260 | H14-04 AO V15653 3

USAGE CODE: LIST

A AIRCRAFT 120172 THRU 120200 AND
120202 THRU 120999

B AIRCRAFT 120104 THRU 120308 AND
120310

-ITEM NOT ILLUSTRATED

Double Passenger Seat (120-41825-519/521)
Figure 55
Sheet 3

EFFECTIVITY: ALL 25-2 1 -00
Page 1218

Sep 30/98

","[""table_or_parts_list_text_cues""]",table_ocr_table_candidate_scan,False,False
278,t_p_120_1176_p000278,00000278.tif,local_data\organization\trace_net\ocr_route_scan_pack_tesseract_full\page_images\t_p_120_1176_p000278.tif,010bfb45fd69b51f2e2dbbe5429eaf0425f0c421823b7783673d9264e0b5ebed,table,image_visual_diagram,medium,"[""figure_or_visual_label_signal"", ""limited_text_or_visual_route""]",,needs_review,,108,769,1,"[""120-36834-001""]","MAINTENANCE MANUAL WITH

-< EMBRAER

ILLUSTRATED PARTS LIST

AS

260

SX

20

?

NY

\\

40

30

q

\

Q

20

270 4180

190

©

A

70

30

ara

=

SF

A

ay

</%c

ELI

(n) ®)

40

Je

fA

(FL

CIE

a

50

SE,

Q)

Le

(A) 8)

210

Y)

SF

240

270

<I

220

<<

270

Ww

©) ©

y

Ie

C7

10

50

SS

170

270 A

(D) a

120

80 go

210 270

110

80

230

200 DB

100

250 \

CN

<,

110

90 90° /

CL

90

270 |

k 7

100 100

130

Cf

120

110

100

270 A

120TP250061A.MCE

Double Passenger Seat (120-36834-001)

Figure 56

Sheet 1

EFFECTIVITY: ALL

25-21-00

Page 1219

Sep 30/98
","[""table_or_parts_list_text_cues""]",table_ocr_table_candidate_scan,False,False
279,t_p_120_1176_p000279,00000279.tif,local_data\organization\trace_net\ocr_route_scan_pack_tesseract_full\page_images\t_p_120_1176_p000279.tif,02f3676db5b658c30c617d02a9235a36a33d57b5d0a771b67fec49a4052fa63f,table,detailed_parts_list,high,"[""high_part_number_density"", ""detailed_parts_list_candidate""]",,needs_review,,186,1745,9,"[""120-29068-001"", ""120-33774-001"", ""120-36833-017"", ""120-36834-001"", ""120-36838-001"", ""120-36842-001"", ""120-36843-001"", ""120-46439-001"", ""120-46443-001""]","€& emenncr

MAINTENANCE MANUAL WITH

ILLUSTRATED PARTS LIST
AIRLINE EFF | UNITS
FIG. ITEM| PARTNUMBER | STOCK Maer EODE. FROM| PER
NUMBER To | ASSY
56 - | 120-36834-001 DOUBLE PASSENGER SEAT ASSy ......... VS4956 | 028/034] REF
1 | 120-29068-001 . STRUCTURE, ASSY. (SEE FIGURE
25-21-00-87) ooo cccecccceessssstttessssteeteesveneeee VS4956 1
10 | 120-33774-001 LINING ASSY., SEAT BOTTOM .......000..-. VS4956 2
20 | 120-46443-001 . FOAM ASSY., SEAT BACKREST 0.0... VS4956 2
30 | 120-36838-001 _ LINING ASSY., SEAT BACKREST ........... VS4956 2
40 | 120-46439-001 . COMPLEMENT, BACKREST ..........-c0c0000 VS4956 2
50 | 120-36842-001 . STOWAGE ASSY., LIFE JACKET ............. VS4956 2
ATTACHING PARTS
60 | 1002-F . FASTENER BUTTON, MALE ..0......c0cccc0- E075221 8
70 | 1002-C/6 . SUPPORT, FASTENER BUTTON MALE .. 8
80 | PE915051-1-PT SEAT BELT oo cccccccccsecscesessestecesssssenteeevenneee VS4956 2
ATTACHING PARTS
90 |MS21042L4 NUT occccccsssssssssssssnsssrsteeseseseeesessente","[""table_or_parts_list_text_cues""]",table_ocr_table_candidate_scan,False,False
280,t_p_120_1176_p000280,00000280.tif,local_data\organization\trace_net\ocr_route_scan_pack_tesseract_full\page_images\t_p_120_1176_p000280.tif,a1403c685007ddd64281427941dd6e14aa890ad78089527cdc63b3aa1d562ab0,table,detailed_parts_list,high,"[""high_part_number_density"", ""detailed_parts_list_candidate""]",,needs_review,,160,1272,10,"[""120-29072-001"", ""120-34691-001"", ""120-34891-001"", ""120-34891-003"", ""120-36834-001"", ""120-36839-001"", ""120-36839-003"", ""120-36844-001"", ""120-36844-002"", ""120-36868-001""]","€& emenncr

MAINTENANCE MANUAL WITH
ILLUSTRATED PARTS LIST
AIRLINE EFF | UNITS
FIG. ITEM| PARTNUMBER STOCK vase EODE. FROM | PER
NUMBER TO ASSY
56 ATTACHING PARTS
-185 | 1002-F . FASTENER BUTTON, MALE ................00. E075221 4
-186 | 1002-C/6 . SUPPORT, FASTENER BUTTON MALE .. 4
190 | 120-29072-001 . TABLE, SNACK FOLDING, ASSY (SEE
FIGURE 25-21-00-110) o.oo... cceeeeeeeeeeeeees VS4956 2
200 | AM03078-22 ASHTRAY uo. ccccccccccccccccececceeeetstetsassaneeaneees E065846 2
210 | 120-36839-001 . LINING ASSY, - ARMREST ............0:ceee VS4956 2
-211 | 120-36839-003 . LINING ASSY, - ARMREST ..............ceee VS4956 1
220 | 120-34891-001 . COVER, TRIM, FRONT ..............c ccc eeeee VS4956 1
230 | 120-34891-003 . COVER, TRIM, FRONT ..............c ccc eeeee VS4956 2
240 | 120-36844-001 . COVER, TRIM, REAR-FIXED ARMREST. VS4956 1
-241 | 120-36844-002 . COVER, TRIM, REAR-FIXED ARMREST. VS4956 1
250 | 120-36868-001 .COVER,TRIM,REAR-MOVABLEARMREST VS4956 1
260 | 120-346","[""table_or_parts_list_text_cues""]",table_ocr_table_candidate_scan,False,False
281,t_p_120_1176_p000281,00000281.tif,local_data\organization\trace_net\ocr_route_scan_pack_tesseract_full\page_images\t_p_120_1176_p000281.tif,130618d33ae8308959c13db8c96e88f90bf98d7279c79cebe896bf29fc0881a5,table,image_visual_diagram,medium,"[""figure_or_visual_label_signal"", ""limited_text_or_visual_route""]",,needs_review,,111,753,0,[],"-< EMBRAER

MAINTENANCE MANUAL WITH

ILLUSTRATED PARTS LIST

aN

170

SN

20

H

2

N\

40

30

a

me

20

250

“©

A

70

180

30

ea

A

an

L/\, (D)

OS

(a) (8)

40

<n

ee Aan

fA

BA

CIE

50

QQ

SF

Lao

(A) ®)

200

10

230

<

Q

250

C7

r]

210

250

Sc)

(C) ©

x

SY

y

iA

REZ

10

250 A

160

(D) 50

80 go

120

SD

200 250

10

80

220

240

ON

QY

vy 2 ""

C,

110

90

100 100

250 |

@,

7

130

Sf

120

110

100

250 A

120TP250062A.MCE

Double Passenger Seat (120-36834-50 1/509)

Figure 57

Sheet 1

EFFECTIVITY: ALL

25-21-00 Page 1222

Sep 30/98
","[""table_or_parts_list_text_cues""]",table_ocr_table_candidate_scan,False,False
282,t_p_120_1176_p000282,00000282.tif,local_data\organization\trace_net\ocr_route_scan_pack_tesseract_full\page_images\t_p_120_1176_p000282.tif,181df6441fad59e8fe9525477c127f6cdfec890f77c7a4e89c73650a454d9329,table,detailed_parts_list,high,"[""high_part_number_density"", ""detailed_parts_list_candidate""]",,needs_review,,180,1721,9,"[""120-29068-001"", ""120-33774-001"", ""120-36833-017"", ""120-36834-501"", ""120-36834-509"", ""120-36838-001"", ""120-36842-001"", ""120-46439-001"", ""120-46443-001""]","€& emenncr

MAINTENANCE MANUAL WITH

ILLUSTRATED PARTS LIST
AIRLINE EFF | UNITS
FIG. ITEM| PARTNUMBER | STOCK vase EODE. FROM| PER
NUMBER To | ASSY
57 - | 120-36834-501 DOUBLE PASSENGER SEAT ASSyY .......... VS4956 | 034/035] REF
- | 120-36834-509 DOUBLE PASSENGER SEAT ASSY .......... vs4956| A REF
1 | 120-29068-001 . STRUCTURE, ASSY. (SEE FIGURE
25-21-00-87) ooo ccecccecccsssssesessestesteesseneeeeeee VS4956 1
10 | 120-33774-001 LINING ASSY., SEAT BOTTOM... VS4956 2
20 | 120-46443-001 . FOAM ASSY., SEAT BACKREST ............ VS4956 2
30 | 120-36838-001 _ LIMING ASSY., SEAT BACKREST. .......... VS4956 2
40 | 120-46439-001 . COMPLEMENT, BACKREST ....cc0cc-00 VS4956 2
50 | 120-36842-001 . STOWAGE ASSY., LIFE JACKET ............ VS4956 2
ATTACHING PARTS
60 | 1002-F . FASTENER BUTTON, MALE 0... ccc E075221 8
70 | 1002-C/6 . SUPPORT, FASTENER BUTTON MALE .. 8
80 | PE915051-1-PT SEAT BELT ooocccccceccsssseseecsssesteeesessteeeeenee VS4956 2
ATTACHING PARTS
90 |MS21042L4","[""table_or_parts_list_text_cues""]",table_ocr_table_candidate_scan,False,False
283,t_p_120_1176_p000283,00000283.tif,local_data\organization\trace_net\ocr_route_scan_pack_tesseract_full\page_images\t_p_120_1176_p000283.tif,b9f538d646d114139f180b10179493de1f3ab0df348cb4e2844b0ed7ddcb3cb0,table,detailed_parts_list,high,"[""high_part_number_density"", ""detailed_parts_list_candidate""]",,needs_review,,160,1362,9,"[""120-36833-015"", ""120-36843-001"", ""120-37313-001"", ""120-37735-001"", ""120-40795-001"", ""120-40795-002"", ""120-40796-001"", ""120-40796-003"", ""120-40888-001""]","€& emenncr

MAINTENANCE MANUAL WITH
ILLUSTRATED PARTS LIST
AIRLINE EFF | UNITS
FIG. ITEM| PARTNUMBER | STOCK Maer EODE. FROM| PER
NUMBER To | ASSY
57 170 | 120-36833-015 _ KIT, SNACK FOLDING TABLE, ASSY
(SEE FIGURE 25-21-00-110) oo. VS4956 2
180 | 120-36843-001 HOLDER, MAGAZINE ......ccceccccccceseeeeeeen VS4956 | 034/035] 2
-181 | 120-37313-001 HOLDER, MAGAZINE .....cccccccccceeeceeeeeeee vs4956| A 2
ATTACHING PARTS
-185 | 1002-F . FASTENER BUTTON, MALE ..0......c0cccc0- E075221 4
-186 | 1002-C/6 . SUPPORT, FASTENER BUTTON MALE .. 4
190 | AM03078-22 ASHTRAY oo ceccccccssssssseessosseeeesesvtneeeesveneeeee E065846 2
200 | 120-37735-001 LINING ASSY, - ARMREST o.......-.cccc VS4956 3
210 | 120-40796-001 COVER, TRIM, FRONT o...cccccccccseceeecee VS4956 1
220 | 120-40796-003 COVER, TRIM, FRONT o...cccccccccseceeecee VS4956 2
230 | 120-40795-001 _COVER, TRIM, REAR-FIXED ARMREST VS4956 1
-231 | 120-40795-002 _COVER, TRIM, REAR-FIXED ARMREST VS4956 1
240 | 120-40888-001 CO","[""table_or_parts_list_text_cues""]",table_ocr_table_candidate_scan,False,False
284,t_p_120_1176_p000284,00000284.tif,local_data\organization\trace_net\ocr_route_scan_pack_tesseract_full\page_images\t_p_120_1176_p000284.tif,06d71b95e7c1b78833040c1d453db957fb825b6825ee0da7e5ef55d42530ac53,table,image_visual_diagram,medium,"[""figure_or_visual_label_signal"", ""limited_text_or_visual_route""]",,needs_review,,99,712,1,"[""120-36834-003""]","-< EMBRAER

MAINTENANCE MANUAL WITH

ILLUSTRATED PARTS LIST

250

aN

20

SX

40

30

%

2

\

‘N'

\

N

20

260 180

\

A

190

>)

30

260

230

an

40

if

(a) B

A

(Tae

70

<>

ID

ae

(A) 8)

>

10

ae

<

QD

SH

d/

60

ast]

se

oo

50

SX

SX

y

10

SS

150

170

(C) ms

80 g0

120

200 SB

210 260

110

80

220

240

100

SNe

AN

90 90° /

<L

110

90

100 499

260

=,

130

120

260 —4

110

100

120TP250063.MCE

Double Passenger Seat (120-36834-003)

Figure 58

Sheet 1

EFFECTIVITY: ALL

25-21-00

Page 1225

Sep 30/98
","[""table_or_parts_list_text_cues""]",table_ocr_table_candidate_scan,False,False
285,t_p_120_1176_p000285,00000285.tif,local_data\organization\trace_net\ocr_route_scan_pack_tesseract_full\page_images\t_p_120_1176_p000285.tif,9f2d950235ef9517c02e29aa1933534c344c8fb4a61f6289aac917e0c2d58236,table,detailed_parts_list,high,"[""high_part_number_density"", ""detailed_parts_list_candidate""]",,needs_review,,186,1747,9,"[""120-29068-003"", ""120-33774-001"", ""120-36833-017"", ""120-36834-003"", ""120-36838-001"", ""120-36842-001"", ""120-36843-001"", ""120-46439-001"", ""120-46443-001""]","€& emenncr

MAINTENANCE MANUAL WITH

ILLUSTRATED PARTS LIST
AIRLINE EFF | UNITS
FIG. ITEM| PARTNUMBER | STOCK Maer EODE. FROM| PER
NUMBER To | ASSY
58 - | 120-36834-003 DOUBLE PASSENGER SEAT ASSy ......... VS4956 | 028/034] REF
1 | 120-29068-003 . STRUCTURE, ASSY. (SEE FIGURE
25-21-00-91) o.oo cccecccceceessessteeecestneteesveneeee VS4956 1
10 | 120-33774-001 LINING ASSY., SEAT BOTTOM .......000..-. VS4956 2
20 | 120-46443-001 . FOAM ASSY., SEAT BACKREST 0.0... VS4956 2
30 | 120-36838-001 _ LINING ASSY., SEAT BACKREST ........... VS4956 2
40 | 120-46439-001 . COMPLEMENT, BACKREST ..........-c0c0000 VS4956 2
50 | 120-36842-001 . STOWAGE ASSY., LIFE JACKET ............. VS4956 2
ATTACHING PARTS
60 | 1002-F . FASTENER BUTTON, MALE ..0......c0cccc0- E075221 8
70 | 1002-C/6 . SUPPORT, FASTENER BUTTON MALE .. 8
80 | PE915051-1-PT SEAT BELT oo cccccccccsecscesessestecesssssenteeevenneee VS4956 2
ATTACHING PARTS
90 |MS21042L4 NUT occccccsssssssssssssnsssrsteeseseseeesessen","[""table_or_parts_list_text_cues""]",table_ocr_table_candidate_scan,False,False
286,t_p_120_1176_p000286,00000286.tif,local_data\organization\trace_net\ocr_route_scan_pack_tesseract_full\page_images\t_p_120_1176_p000286.tif,c4998f85ea88fda8790f3dfe23d3bb0753946aab2e96e82f21b0cd9802f1aeb0,table,detailed_parts_list,high,"[""high_part_number_density"", ""detailed_parts_list_candidate""]",,needs_review,,137,1150,8,"[""120-29072-001"", ""120-34691-001"", ""120-34859-001"", ""120-34891-003"", ""120-36834-003"", ""120-36839-003"", ""120-36844-001"", ""120-36868-001""]","€& emenncr

MAINTENANCE MANUAL WITH
ILLUSTRATED PARTS LIST
AIRLINE EFF | UNITS
FIG. ITEM| PARTNUMBER | STOCK vase EODE. FROM| PER
NUMBER To | ASSY
58 ATTACHING PARTS
-185 | 1002-F . FASTENER BUTTON, MALE 0... ccc E075221 4
-186 | 1002-C/6 . SUPPORT, FASTENER BUTTON MALE .. 4
190 | 120-29072-001 _ TABLE, SNACK FOLDING, ASSY
(SEE FIGURE 25-21-00-110) oo. ceeecccceen VS4956 2
200 | AM03078-22 ASHTRAY ooccccccccssssseesesssseeesesteeeeensnnsensee E065846 2
210 | 120-36839-003 LINING ASSY, - ARMREST .........ccccc VS4956 1
220 | 120-34891-003 COVER, TRIM, FRONT oo.....cccccccscceeecne VS4956 2
230 | 120-34859-001 COVER, TRIM, LATERAL ......ccccccccccese VS4956 1
240 | 120-36868-001 COVER,TRIM,REAR-MOVABLEARMREST VS4956 1
-241 | 120-36844-001 _ COVER, TRIM, REAR-FIXED ARMREST. VS4956 1
250 | 120-34691-001 COVER, LATCH, SNACK TABLE ASSY
(SEE FIGURE 25-21-00-110) .....ccccecccccee VS4956 2
ATTACHING PARTS
260 | MS24693-C24 SCREW ooccccccceccessseseesssssteeesseveneeeeseees","[""table_or_parts_list_text_cues""]",table_ocr_table_candidate_scan,False,False
287,t_p_120_1176_p000287,00000287.tif,local_data\organization\trace_net\ocr_route_scan_pack_tesseract_full\page_images\t_p_120_1176_p000287.tif,3a1e4c124f4e73cfbe9079d8a90b9b7d0e3d50e8e35b81bfedc0480b140fd19d,table,image_visual_diagram,medium,"[""figure_or_visual_label_signal"", ""limited_text_or_visual_route""]",,needs_review,,92,674,1,"[""120-36834-503""]","-< EMBRAER

MAINTENANCE MANUAL WITH

ILLUSTRATED PARTS LIST

LYS

20

Wp

he

40

30

°°

a

N

20

220 150

\

\

160

=)

30

=

200

A

an

40

1 @®

70

Se

SE,

1D

SL,

SD

(A) &)

<

10

al

Se

=

&

Q

KF

\4

60 (C

af]

7e

o>

50

S&

S

y

(iP

10

80

120

80 980

OD

180 220

10

80

190

210

100

wae

NY

90

“

90

110

90

100 100

220

130

120

209 —~4

110

100

120TP250064.MCE

Double Passenger Seat (120-36834-503)

Figure 59

Sheet 1

EFFECTIVITY: ALL

25-21-00 Page 1228

Sep 30/98
","[""table_or_parts_list_text_cues""]",table_ocr_table_candidate_scan,False,False
288,t_p_120_1176_p000288,00000288.tif,local_data\organization\trace_net\ocr_route_scan_pack_tesseract_full\page_images\t_p_120_1176_p000288.tif,fccda01b868517afc6454f77ccdf0ac335788ca08cb193c1a331e6b195bc2c99,table,detailed_parts_list,high,"[""high_part_number_density"", ""detailed_parts_list_candidate""]",,needs_review,,214,1739,9,"[""120-29068-003"", ""120-36833-015"", ""120-36833-017"", ""120-36834-503"", ""120-36838-001"", ""120-36842-001"", ""120-37313-001"", ""120-46439-001"", ""120-46443-001""]","€& emenncr

MAINTENANCE MANUAL WITH
ILLUSTRATED PARTS LIST
AIRLINE EFF | UNITS
FIG. ITEM| PARTNUMBER STOCK vase EODE. FROM | PER
NUMBER TO ASSY
59 - | 120-36834-503 DOUBLE PASSENGER SEAT ASSY .......... VS4956 A REF
1 | 120-29068-003 . STRUCTURE, ASSY. (SEE FIGURE
25-21-00-91) occ ccc eeee eee e eee e eens VS4956 1
10 | 120-337 74-001 . LINING ASSY., SEAT BOTTOM ............... VS4956 2
20 | 120-46443-001 . FOAM ASSY., SEAT BACKREST ............. VS4956 2
30 | 120-36838-001 . LINING ASSY., SEAT BACKREST ............ VS4956 2
40 | 120-46439-001 . COMPLEMENT, BACKREST ................00. VS4956 2
50 | 120-36842-001 . STOWAGE ASSY., LIFE JACKET ............. VS4956 2
ATTACHING PARTS
60 | 1002-F . FASTENER BUTTON, MALE ................00. E075221 8
70 | 1002-C/6 . SUPPORT, FASTENER BUTTON MALE .. 8
80 | PE915051-1-PT RS) tN Dl VS4956 2
ATTACHING PARTS
90 | MS21042L4 ee 3
100 | PE64005-1 © BUSHING oo cccecccccenssenaeeeeeeeeeees 4
110 | AN960-416L © WASHER on... cece c","[""table_or_parts_list_text_cues""]",table_ocr_table_candidate_scan,False,False
289,t_p_120_1176_p000289,00000289.tif,local_data\organization\trace_net\ocr_route_scan_pack_tesseract_full\page_images\t_p_120_1176_p000289.tif,c6cfc988dd39f34bf6c0e12f12f586ba2910717d84b2896da19e5435149a22cc,table,detailed_parts_list,medium,"[""part_number_present"", ""ipl_column_terms""]",,needs_review,,98,779,6,"[""120-36834-503"", ""120-37735-001"", ""120-40310-002"", ""120-40795-002"", ""120-40796-003"", ""120-40888-001""]","€& emenncr

MAINTENANCE MANUAL WITH
ILLUSTRATED PARTS LIST
AIRLINE EFF | UNITS
FIG. ITEM; PARTNUMBER | STOCK Maer EODE. FROM; PER
NUMBER TO ASSY
59 180 | 120-37735-001 LINING ASSY, - ARMREST. .............:6: VS4956 2
190 | 120-40796-003 . COVER, TRIM, FRONT .......... eee VS4956 2
200 | 120-40310-002 . COVER, TRIM, LATERAL ......... ee VS4956 1
-211 | 120-40795-002 . COVER, TRIM, REAR-FIXED ARMREST  VS4956 1
210 | 120-40888-001 .COVER,TRIM,REAR-MOVABLEARMREST VS4956 1
ATTACHING PARTS
220 | MS24693-C24 SCREW 0... ceeccecceereeeeereeeeeteeeeesneeeeen 10

USAGE CODE LIST

A AIRCRAFT 120034 THRU 120048 AND
120052

-ITEM NOT ILLUSTRATED
Double Passenger Seat (120-36834-503)

Figure 59
Sheet 3

EFFECTIVITY: ALL 25-21 -00
Page 1230

Sep 30/98

","[""table_or_parts_list_text_cues""]",table_ocr_table_candidate_scan,False,False
290,t_p_120_1176_p000290,00000290.tif,local_data\organization\trace_net\ocr_route_scan_pack_tesseract_full\page_images\t_p_120_1176_p000290.tif,c37e2e2827c0c5e545581846156e530d15b90ba6fcd14ec2a09838ba75f3b824,table,image_visual_diagram,medium,"[""figure_or_visual_label_signal"", ""limited_text_or_visual_route""]",,needs_review,,101,752,1,"[""120-36834-511""]","-< EMBRAER

MAINTENANCE MANUAL WITH

ILLUSTRATED PARTS LIST

AN

20

190

SQ

mH

40

30

°°

\N

\

20

a

<<

A

250

=,

30

180

250

230

S

an

4

(a) (BY

(72D)

1D

SF;

70

Q

Ls

(A) &)

Koy

10

ae

>

<

&

60 (C)

O

t/

Nes.

se

(

50

Sx

SY

y

REE

Sr

10

150

SS

170

160

©

80

120

80 980

210

250

80

220

200 DB

240

100

ON

90

90

<,

AZ] N10

110

90

250 &7

100 4099

130

120

110

100

250 _

120TP250065A.MCE

Double Passenger Seat (120-36834-511)

Figure 60

Sheet 1

EFFECTIVITY: ALL

25-21-00

Page 1231

T.P. 120/1176

Sep 30/98
","[""table_or_parts_list_text_cues""]",table_ocr_table_candidate_scan,False,False
291,t_p_120_1176_p000291,00000291.tif,local_data\organization\trace_net\ocr_route_scan_pack_tesseract_full\page_images\t_p_120_1176_p000291.tif,d183839c18e0008c73121ef17c8dead7196bb905d5ae25e6cfee91864b632ca9,table,detailed_parts_list,high,"[""high_part_number_density"", ""detailed_parts_list_candidate""]",,needs_review,,202,1610,9,"[""120-29068-003"", ""120-33774-001"", ""120-36833-017"", ""120-36834-511"", ""120-36838-001"", ""120-36842-001"", ""120-36843-001"", ""120-46439-001"", ""120-46443-001""]","€& emenncr

MAINTENANCE MANUAL WITH

ILLUSTRATED PARTS LIST
AIRLINE EFF | UNITS
FIG. ITEM| PARTNUMBER STOCK Maer EODE. FROM | PER
NUMBER TO ASSY
60 - | 120-36834-511 DOUBLE PASSENGER SEAT ASSY .......... VS4956 A REF
1 | 120-29068-003 . STRUCTURE, ASSY. (SEE FIGURE
25-21-00-91) oo... eeeeeeee eee eeeeeeeeeeeeeeeeees VS4956 1
10 | 120-33774-001 . LINING ASSY., SEAT BOTTOM ............... VS4956 2
20 | 120-46443-001 . FOAM ASSY., SEAT BACKREST ............. VS4956 2
30 | 120-36838-001 . LINING ASSY., SEAT BACKREST............. VS4956 2
40 | 120-46439-001 . COMPLEMENT, BACKREST .................... VS4956 2
50 | 120-36842-001 . STOWAGE ASSY., LIFE JACKET ............. VS4956 2
ATTACHING PARTS
60 | 1002-F . FASTENER BUTTON, MALE .................. E075221 8
70 | 1002-C/6 . SUPPORT, FASTENER BUTTON MALE .. 8
80 | PE915051-1-PT / SEAT BELT oo... cece ccseessseeseeeeeeeeees VS4956 2
ATTACHING PARTS
90 |MS21042L4 A LO eee 3
100 | PE64005-1 ~ BUSHING ooo cece ccc testeeeee","[""table_or_parts_list_text_cues""]",table_ocr_table_candidate_scan,False,False
292,t_p_120_1176_p000292,00000292.tif,local_data\organization\trace_net\ocr_route_scan_pack_tesseract_full\page_images\t_p_120_1176_p000292.tif,381bc0496c36bb75f913e7f6e9967b3a416bf7040398699da53c6f3c1ef612eb,table,detailed_parts_list,high,"[""multiple_part_numbers"", ""ipl_column_terms""]",,needs_review,,149,1180,7,"[""120-36833-015"", ""120-36834-511"", ""120-37735-001"", ""120-40310-002"", ""120-40795-002"", ""120-40796-003"", ""120-40888-001""]","€& emenncr

MAINTENANCE MANUAL WITH
ILLUSTRATED PARTS LIST
AIRLINE EFF | UNITS
FIG. ITEM PART NUMBER STOCK vase EODE. FROM PER
NUMBER TO ASSY
60 ATTACHING PARTS
-185 | 1002-F . FASTENER BUTTON, MALE .........00000.000.. E075221 4
-186 | 1002-C/6 . SUPPORT, FASTENER BUTTON MALE .. 4
190 | 120-36833-015 _ KIT, SNACK FOLDING TABLE, ASSY
(SEE FIGURE 25-21-00-111) o.oo. VS4956 2
200 | AM03078-22 ASHTRAY. ooo. cccccccceccccccccenecusecuseussenseeuveneees E065846 2
210 | 120-37735-001 . LINING ASSY, - ARMREST .............000.2. VS4956 2
220 | 120-40796-003 . COVER, TRIM, FRONT .....0... ee VS4956 2
230 | 120-40310-002 . COVER, TRIM, LATERAL .........c VS4956 1
240 | 120-40888-001 .COVER,TRIM,REAR-MOVABLEARMREST VS4956 1
-241 | 120-40795-002 . COVER, TRIM, REAR-FIXED ARMREST. VS4956 1
ATTACHING PARTS
250 | MS24693-C24 SCREW ooo cccccccccccccccccuccccccuccecccutceuceuseeneeunes 10
USAGE CODE LIST
A AIRCRAFT 120034 THRU 120048 AND
120052
B AIRCRAFT 120035 THRU 120048,
12","[""table_or_parts_list_text_cues""]",table_ocr_table_candidate_scan,False,False
293,t_p_120_1176_p000293,00000293.tif,local_data\organization\trace_net\ocr_route_scan_pack_tesseract_full\page_images\t_p_120_1176_p000293.tif,bc0758df653a948c67c184857bdea8a52eafb89e87ad8588d4ed8914d3fe6321,table,table_or_index,medium,"[""legacy_table_route_without_strong_detail_or_visual_signal""]",,needs_review,,129,638,1,"[""120-36834-005""]","-< EMBRAER
MAINTENANCE MANUAL WITH
ILLUSTRATED PARTS LIST
7 oe 7
ee
i aN SN
! LSS SN. 7N
VS. “soy N \
\\\ WES \ 4
190 eee \ \ 20
WS NN
| en 30
~*~ \ 40
1 i A 20
260 180 a (C) RS
70 30
ort
VLZo Eao///~
/ 60 (? (A) 40
IST) ©
We,
210 Rea pe) =
10
240 Wd Fe t/
260 Jy (A)
220 \y
“7 FO ONE
ey FIR Pt 140
10 SX
oo 150 \ 170
OF
120 60 i
200 110
WF 210 260 A 80
250 | A
230 | io 90 96 ime i)”
| ~ to
| 8) 100 bo iva A
260 SF 130 | 4 120
aa 10. /™~
100
260 —4
| 120TP250066.MCE
Double Passenger Seat (120-36834-005/515)
Figure 61
Sheet 1
EFFECTIVITY: ALL
25 21 00 Page 1234
T.P. 120/1176 Sep 30/98
","[""table_or_parts_list_text_cues""]",table_ocr_table_candidate_scan,False,False
294,t_p_120_1176_p000294,00000294.tif,local_data\organization\trace_net\ocr_route_scan_pack_tesseract_full\page_images\t_p_120_1176_p000294.tif,651729b3804f0e47fea463155b1456f0cbb86c89042f7e92922858054db47bc7,table,detailed_parts_list,high,"[""high_part_number_density"", ""detailed_parts_list_candidate""]",,needs_review,,220,1802,9,"[""120-29068-005"", ""120-29068-013"", ""120-36833-017"", ""120-36834-005"", ""120-36834-515"", ""120-36838-001"", ""120-36842-001"", ""120-46439-001"", ""120-46443-001""]","€& emenncr

MAINTENANCE MANUAL WITH

ILLUSTRATED PARTS LIST
AIRLINE EFF | UNITS
FIG. ITEM| PARTNUMBER STOCK vase EODE. FROM | PER
NUMBER TO ASSY
61 - | 120-36834-005 DOUBLE PASSENGER SEAT ASSY .......... VS4956 | 028/033} REF
- | 120-36834-515 DOUBLE PASSENGER SEAT ASSY .......... VS4956 | 028/034) REF
1 | 120-29068-005 . STRUCTURE, ASSY. (SEE FIGURE
29-21-00-95) ooo cece cee ee ates eee e eee VS4956 | 028/033 1
-2 | 120-29068-013 . STRUCTURE, ASSY. (SEE FIGURE
29-21-00-98) oo cece este ete VS4956 | 028/034 1
10 | 120-337 74-001 . LINING ASSY., SEAT BOTTOM ............... VS4956 2
20 | 120-46443-001 . FOAM ASSY., SEAT BACKREST ............. VS4956 2
30 | 120-36838-001 . LINING ASSY., SEAT BACKREST ............ VS4956 2
40 | 120-46439-001 . COMPLEMENT. BACKREST ................00. VS4956 2
50 | 120-36842-001 . STOWAGE ASSY., LIFE JACKET ............. VS4956 2
ATTACHING PARTS
60 | 1002-F . FASTENER BUTTON, MALE ................00. E075221 8
70 | 1002-C/6 . SUPPORT, F","[""table_or_parts_list_text_cues""]",table_ocr_table_candidate_scan,False,False
295,t_p_120_1176_p000295,00000295.tif,local_data\organization\trace_net\ocr_route_scan_pack_tesseract_full\page_images\t_p_120_1176_p000295.tif,abcc1c1e4045e49d4130b75821eae6eeceb63479607668e5a952e44647c7f00b,table,detailed_parts_list,high,"[""high_part_number_density"", ""detailed_parts_list_candidate""]",,needs_review,,150,1224,10,"[""120-34691-001"", ""120-34891-001"", ""120-34891-003"", ""120-36834-005"", ""120-36839-001"", ""120-36839-003"", ""120-36843-001"", ""120-36844-001"", ""120-36844-002"", ""120-36868-001""]","€& emenncr

MAINTENANCE MANUAL WITH
ILLUSTRATED PARTS LIST
AIRLINE EFF | UNITS
FIG. ITEM| PARTNUMBER | STOCK Maer EODE. FROM | PER
NUMBER TO ASSY
61 180 | 120-36843-001 . HOLDER, MAGAZINE ...00..... eee VS4956 2

ATTACHING PARTS

-185 | 1002-F . FASTENER BUTTON, MALE ..............05 E0/75221 3
-186 | 1002-C/6 . SUPPORT, FASTENER BUTTON MALE .. 3
190 | 120-34691-001 . COVER, LATCH, SNACK TABLE ASSY

(SEE FIGURE 25-21-00-110) ...... ee. VS4956 2
200 | AM03078-22 ASHTRAY 0... iccccecececeeeteeenereeeseneeeeernerenees E065846 2
210 | 120-36839-001 LINING ASSY, - ARMREST. .............:6: VS4956 2
-211 | 120-36839-003 LINING ASSY, - ARMREST. .............:6: VS4956 1
220 | 120-34891-001 . COVER, TRIM, FRONT ......... eee VS4956 1
230 | 120-34891-003 . COVER, TRIM, FRONT ......... eee VS4956 2
240 | 120-36844-001 . COVER, TRIM, REAR-FIXED ARMREST  VS4956 1
-241 | 120-36844-002 . COVER, TRIM, REAR-FIXED ARMREST  VS4956 1
250 | 120-36868-001 .COVER,TRIM,REAR-MOVABLEARMR","[""table_or_parts_list_text_cues""]",table_ocr_table_candidate_scan,False,False
296,t_p_120_1176_p000296,00000296.tif,local_data\organization\trace_net\ocr_route_scan_pack_tesseract_full\page_images\t_p_120_1176_p000296.tif,2281368efe40ae4656adea095e18ee5678538f68e3b17adfeb1632ee84fa2754,table,table_or_index,medium,"[""legacy_table_route_without_strong_detail_or_visual_signal""]",,needs_review,,121,874,1,"[""120-36834-505""]","-< EMBRAER

MAINTENANCE MANUAL WITH

ILLUSTRATED PARTS LIST

4~™

re

SSNS

~ ~“

Lyn SAN

~N

220

\\

VON eNO NN

>

\\

\\7

\ \

20

a~\\

\N\

~ LN

NA

NN

N\\

NN

NN

30

\\

40

20

hy

Uy

230 150

>""

14

x

70

30

>

60

A

ay

(a) ®

40

<ENN

EX

(FL)

CIE

50

Q

ky

(A) 8)

(FL

170

10

Sa

QQ

LF

200

af]

230

180

230

NY

QW

(C) ©

SS

y

7

C/

Cae.

10

oot

(D) 80

80 89

120

110

170

230

80

“DB

100

190

210 \

A

110

90 90° /

Ai

90

230

100 100

120

gl

130

Cf

110

100

230 A

120TP250067.MCE

Double Passenger Seat (120-36834-505)

Figure 62

Sheet 1

EFFECTIVITY: ALL

25-21-00

Page 1237

T.P. 120/1176

Sep 30/98
","[""table_or_parts_list_text_cues""]",table_ocr_table_candidate_scan,False,False
297,t_p_120_1176_p000297,00000297.tif,local_data\organization\trace_net\ocr_route_scan_pack_tesseract_full\page_images\t_p_120_1176_p000297.tif,2e053058093b8c85d8d0cabfd708523ac518210f6f63297362ee3cf5e0bc65db,table,detailed_parts_list,high,"[""high_part_number_density"", ""detailed_parts_list_candidate""]",,needs_review,,274,2131,17,"[""120-29068-005"", ""120-33774-001"", ""120-36833-017"", ""120-36834-505"", ""120-36838-001"", ""120-36842-001"", ""120-37313-001"", ""120-37735-001"", ""120-38634-001"", ""120-40795-001"", ""120-40795-002"", ""120-40796-001"", ""120-40796-003"", ""120-40888-001"", ""120-41208-001"", ""120-46439-001"", ""120-46443-001""]","€& emenncr

MAINTENANCE MANUAL WITH
ILLUSTRATED PARTS LIST
AIRLINE EFF | UNITS
FIG. ITEM PART NUMBER STOCK Maer EODE. FROM PER
NUMBER TO ASSY
62 - | 120-36834-505 DOUBLE PASSENGER SEAT ASSY .......... VS4956 A REF
1 | 120-29068-005 . STRUCTURE, ASSY. (SEE FIGURE
25-21-00-95) ooo. c cece cen ceeeceeeeeeeeeeeees VS4956 1
10 | 120-33774-001 . LINING ASSY., SEAT BOTTOM ........00..... VS4956 2
20 | 120-46443-001 . FOAM ASSY., SEAT BACKREST ............. VS4956 2
30 | 120-36838-001 . LINING ASSY., SEAT BACKREST ............ VS4956 2
40 | 120-46439-001 . COMPLEMENT, BACKREST. .................... VS4956 2
50 | 120-36842-001 . STOWAGE ASSY., LIFE JACKET .......0..... VS4956 2
ATTACHING PARTS
60 | 1002-F . FASTENER BUTTON, MALE ........0...00000. E075221 8
70 | 1002-C/6 . SUPPORT, FASTENER BUTTON MALE .. 8
80 | PE915051-1-PT . SEAT BELT wooo. eeeeceeeeeeeeeaeees VS4956 2
ATTACHING PARTS
90 |MS21042L4 Ok 3
100 | PE64005-1 . BUSHING ooo cece cec eee seseeeeceeaae ees 4
110 ","[""table_or_parts_list_text_cues""]",table_ocr_table_candidate_scan,False,False
298,t_p_120_1176_p000298,00000298.tif,local_data\organization\trace_net\ocr_route_scan_pack_tesseract_full\page_images\t_p_120_1176_p000298.tif,6ccde234f40e5babac19b605971b1eccd3c150b9fb72d3625c95de0a1f5d95b2,table,detailed_parts_list,medium,"[""part_number_present"", ""ipl_column_terms""]",,needs_review,,75,529,1,"[""120-36834-505""]","€& emenncr

MAINTENANCE MANUAL WITH
ILLUSTRATED PARTS LIST
AIRLINE EFF | UNITS
FIG. ITEM| PARTNUMBER | STOCK vase EODE. FROM | PER
NUMBER TO ASSY
62 ATTACHING PARTS
230 | MS24693-C24 SCREW ooo eee cee eeeeeeeeeeeeneees 12

USAGE CODE LIST

A AIRCRAFT 120034 THRU 120048 AND
120052

B AIRCRAFT 120034 THRU 120037

C AIRCRAFT 120038 THRU 120048 AND
120052

-ITEM NOT ILLUSTRATED

Double Passenger Seat (120-36834-505)
Figure 62
Sheet 3

EFFECTIVITY: ALL 25-21 -00
Page 1239

T.P. 120/1176 Sep 30/98

","[""table_or_parts_list_text_cues""]",table_ocr_table_candidate_scan,False,False
299,t_p_120_1176_p000299,00000299.tif,local_data\organization\trace_net\ocr_route_scan_pack_tesseract_full\page_images\t_p_120_1176_p000299.tif,60bc392290be4cec28d3fd72800b554812f640f5fcc7e0e82c7a3da75ba36b9a,table,table_or_index,medium,"[""legacy_table_route_without_strong_detail_or_visual_signal""]",,needs_review,,135,946,1,"[""120-36834-513""]","-< EMBRAER

MAINTENANCE MANUAL WITH

ILLUSTRATED PARTS LIST

Sox

7>>

~SoN TN

~N ~

NWN AS

SAN

NY

180

\eS

ANON

xs

Na

“~

20

Ny

“yy

~ oN

\ \

N\A

NA

NN

a

\ ~~

SN

N\

NA

SN

SN

40

30

SA NN

SQ y

“\

Vy

20

250

|

A

NAL ve

70

30

<>

A

ay

40

/\, (DY

<>

o;

(n) 8

aoe

ae

a

50

B=

CIE

ky

(A) 8)

(Ff

200

10

Sea

SF

QD)

230

ast]

250

210

250

we!

>

C) ©

ZB

A

ISN

Ci

10

S35

160

250

150

(D) » 170

120

80 go

110

80

190 mays

200 250

100

220

240

C

RY

90 so /

a oo

250

100 100

130

|

120

S¢

110

100

250 A

120TP250068.MCE

Double Passenger Seat (120-36834-513)

Figure 63

Sheet 1

EFFECTIVITY: ALL

25-21-00

Page 1240

T.P. 120/1176

Sep 30/98
","[""table_or_parts_list_text_cues""]",table_ocr_table_candidate_scan,False,False
300,t_p_120_1176_p000300,00000300.tif,local_data\organization\trace_net\ocr_route_scan_pack_tesseract_full\page_images\t_p_120_1176_p000300.tif,0e236389915dbe950f4e589000d20a514aa9e27830f69197263a5d737ef9abf3,table,detailed_parts_list,high,"[""high_part_number_density"", ""detailed_parts_list_candidate""]",,needs_review,,221,1784,10,"[""120-29068-015"", ""120-33774-001"", ""120-36833-017"", ""120-36834-513"", ""120-36838-001"", ""120-36842-001"", ""120-38634-001"", ""120-41208-001"", ""120-46439-001"", ""120-46443-001""]","€& emenncr

MAINTENANCE MANUAL WITH

ILLUSTRATED PARTS LIST
AIRLINE EFF | UNITS
FIG. ITEM PART NUMBER STOCK vase EODE. FROM PER
NUMBER TO ASSY
63 - | 120-36834-513 DOUBLE PASSENGER SEAT ASSY .......... VS4956 A REF
1 | 120-29068-015 . STRUCTURE, ASSY. (SEE FIGURE
25-21-00-101) ooo. cccceeetteeeeeeeenae es VS4956 A 1
10 | 120-33774-001 . LINING ASSY., SEAT BOTTOM ............... VS4956 2
20 | 120-46443-001 . FOAM ASSY., SEAT BACKREST. .............. VS4956 2
30 | 120-36838-001 . LINING ASSY., SEAT BACKREST ............ VS4956 2
40 | 120-46439-001 . COMPLEMENT, BACKREST .................... VS4956 2
50 | 120-36842-001 . STOWAGE ASSY., LIFE JACKET ......0...... VS4956 2
ATTACHING PARTS
60 | 1002-F . FASTENER BUTTON, MALE .........00000.000.. E075221 8
70 | 1002-C/6 . SUPPORT, FASTENER BUTTON MALE .. 8
80 | PE915051-1-PT SEAT BELT 0... oc cc cecccecceccceccccecececceuceeeeeeees VS4956 2
ATTACHING PARTS
90 |MS21042L4 NO 3
100 | PE64005-1 © BUSHING ooo. ceeccccccecceccc","[""table_or_parts_list_text_cues""]",table_ocr_table_candidate_scan,False,False
301,t_p_120_1176_p000301,00000301.tif,local_data\organization\trace_net\ocr_route_scan_pack_tesseract_full\page_images\t_p_120_1176_p000301.tif,d53c4bc9383e992863cdb426599e2a2efb8b8c89b9542a4aa33135d6c09e393f,table,detailed_parts_list,medium,"[""part_number_present"", ""ipl_column_terms""]",,needs_review,,130,1070,7,"[""120-36834-513"", ""120-37735-001"", ""120-40795-001"", ""120-40795-002"", ""120-40796-001"", ""120-40796-003"", ""120-40888-001""]","€& emenncr

MAINTENANCE MANUAL WITH
ILLUSTRATED PARTS LIST
AIRLINE EFF | UNITS
FIG. ITEM| PARTNUMBER | STOCK Maer EODE. FROM| PER
NUMBER To | ASSY
63. 190 |AM03078-22 ASHTRAY ooseccccccccceesssssesesseesesstttvesvnneeee F065846 2
200 | 120-37735-001 LINING ASSY, - ARMREST oo... VS4956 3
210 | 120-40796-001 COVER, TRIM, FRONT o...ccccccccccssceeceen VS4956 1
220 | 120-40796-003 COVER, TRIM, FRONT o...ccccccccccssceeceen VS4956 2
230 | 120-40795-001 _COVER, TRIM, REAR-FIXED ARMREST VS4956 1
-231 | 120-40795-002 _COVER, TRIM, REAR-FIXED ARMREST VS4956 1
240 | 120-40888-001 COVER, TRIM,REAR-MOVABLEARMREST VS4956 1
ATTACHING PARTS
250 | MS24693-C24 SCREW ooeccccccescessecsssessesssestetesesstinseeennseen 12

USAGE CODE LIST

A AIRCRAFT 120035 THRU 120048,
120052, 120056 AND 120059

B AIRCRAFT 120035 THRU 120037,
120056, 120059

C AIRCRAFT 120038 THRU 120048,
120052, 120056, 120059

-ITEM NOT ILLUSTRATED
Double Passenger Seat (120-36834-513)

Figure 63
Sheet 3","[""table_or_parts_list_text_cues""]",table_ocr_table_candidate_scan,False,False
302,t_p_120_1176_p000302,00000302.tif,local_data\organization\trace_net\ocr_route_scan_pack_tesseract_full\page_images\t_p_120_1176_p000302.tif,a7d9ffb62225bbac8d0279fda81e10683738c7ff91895acba94fdd2cd3686818,table,table_or_index,medium,"[""legacy_table_route_without_strong_detail_or_visual_signal""]",,needs_review,,137,662,1,"[""120-36834-517""]","-< EMBRAER
MAINTENANCE MANUAL WITH
ILLUSTRATED PARTS LIST
7 oe 7
a
i a SAN
fo TSS SN
VS. ~< Sy \ \
\\\ NED \ 4
190 MS u- an \ \ 20
WS NAN
NN 30
\ 40
1 i A 20
260 180 a (C) <a
70 30
Ba 5
YEO EA (~~ © a
f. CETL 40
‘aa aa Ge
50 G SF
IFT |®) ®
<7
210 rae ihe. <
nk (C SF
240 LVF
Tag
260 y (A)
220 ‘yo
ie OMOR.| 4
Se SMS
~Z£ SX
| 10 Ss
veo 150 +50 170
OF
120 80 i
200 110
WF 210 260 80
230 250 m LA}
| _ 0 0/ | 110
| SX / i. i 90
8) 00 to i, iY]
260 | “te
& | 130 he
| 100
260 -—
| 120TP250066.MCE
Double Passenger Seat (120-36834-517)
Figure 64
Sheet 1
EFFECTIVITY: ALL
25 21 00 Page 1243
T.P. 120/1176 Sep 30/98
","[""table_or_parts_list_text_cues""]",table_ocr_table_candidate_scan,False,False
303,t_p_120_1176_p000303,00000303.tif,local_data\organization\trace_net\ocr_route_scan_pack_tesseract_full\page_images\t_p_120_1176_p000303.tif,6e49411d7fbf260c868ed28600cd9365f750076c221ccc4c9442756fb3845747,table,detailed_parts_list,high,"[""high_part_number_density"", ""detailed_parts_list_candidate""]",,needs_review,,211,1794,10,"[""120-29068-013"", ""120-33774-001"", ""120-36833-017"", ""120-36834-517"", ""120-36838-001"", ""120-36842-001"", ""120-36843-001"", ""120-41208-001"", ""120-46439-001"", ""120-46443-001""]","€& emenncr

MAINTENANCE MANUAL WITH

ILLUSTRATED PARTS LIST
AIRLINE EFF | UNITS
FIG. ITEM PART NUMBER STOCK Maer EODE. FROM PER
NUMBER TO ASSY
64 - | 120-36834-517 DOUBLE PASSENGER SEAT ASSY .......... VS4956 A REF
1 | 120-29068-013 . STRUCTURE, ASSY. (SEE FIGURE
25-21-00-98) ooo... c cece ceeccceeeeeeeeeeees VS4956 1
10 | 120-33774-001 . LINING ASSY., SEAT BOTTOM ............... VS4956 2
20 | 120-46443-001 . FOAM ASSY., SEAT BACKREST ............. VS4956 2
30 | 120-36838-001 . LINING ASSY., SEAT BACKREST ............ VS4956 2
40 | 120-46439-001 . COMPLEMENT, BACKREST. .................... VS4956 2
50 | 120-36842-001 . STOWAGE ASSY., LIFE JACKET ............. VS4956 2
ATTACHING PARTS
60 | 1002-F . FASTENER BUTTON, MALE ........0...00000. E075221 8
70 | 1002-C/6 . SUPPORT, FASTENER BUTTON MALE .. 8
80 | PE915051-1-PT SEAT BELT ........cccceccccccecccuccucceucececcseeaceeaes VS4956 2
ATTACHING PARTS
90 |MS21042L4 Nk 3
100 | PE64005-1 BUSHING ooo... ecccccccecccccccc","[""table_or_parts_list_text_cues""]",table_ocr_table_candidate_scan,False,False
304,t_p_120_1176_p000304,00000304.tif,local_data\organization\trace_net\ocr_route_scan_pack_tesseract_full\page_images\t_p_120_1176_p000304.tif,05ced5cf19b79399de1908cfa6eef19d2bbac04a622d0f2cf04d59a67b821a14,table,detailed_parts_list,high,"[""high_part_number_density"", ""detailed_parts_list_candidate""]",,needs_review,,136,1029,8,"[""120-36834-517"", ""120-37735-001"", ""120-38634-001"", ""120-40795-001"", ""120-40795-002"", ""120-40796-001"", ""120-40796-003"", ""120-40888-001""]","€& emenncr

MAINTENANCE MANUAL WITH
ILLUSTRATED PARTS LIST
AIRLINE EFF | UNITS
FIG. ITEM| PARTNUMBER STOCK vase EODE. FROM | PER
NUMBER TO ASSY
64 -191 | 120-38634-001 . COVER, LATCH, SNACK TABLE ASSY
(SEE FIGURE 25-21-00-111) oo... VS4956 2
200 | AM03078-22 ASHTRAY uo. ccccccccccccccccececceeeetstetsassaneeaneees E065846 2
210 | 120-37735-001 . COVER ASSY., ARMREST .............00ceceeeee VS4956 3
220 | 120-40796-001 . COVER, TRIM, FRONT ..............c ccc eeeee VS4956 1
230 | 120-40796-003 . COVER, TRIM, FRONT ..............c ccc eeeee VS4956 2
240 | 120-40795-001 . COVER, TRIM, REAR - FIXED ARMREST VS4956 1
-241 | 120-40795-002 . COVER, TRIM, REAR - FIXED ARMREST VS4956 1
250 | 120-40888-001 .COVER,TRIM,REAR-MOVABLEARMREST VS4956 1
ATTACHING PARTS
260 | MS24693-C24 1 Old at || 12
USAGE CODE LIST
A AIRCRAFT 120034 THRU 120048 AND
120052
-ITEM NOT ILLUSTRATED
Double Passenger Seat (120-36834-517)
Figure 64
Sheet 3
EFFECTIVITY: ALL 25 2 1 00
= =
Page 1245
","[""table_or_parts_list_text_cues""]",table_ocr_table_candidate_scan,False,False
305,t_p_120_1176_p000305,00000305.tif,local_data\organization\trace_net\ocr_route_scan_pack_tesseract_full\page_images\t_p_120_1176_p000305.tif,67a6b7af3696f0fa0bd42446bf62f14dc11b62ef3b574a38597d482f209b1b30,table,image_visual_diagram,medium,"[""figure_or_visual_label_signal"", ""limited_text_or_visual_route""]",,needs_review,,112,768,1,"[""120-36834-519""]","MAINTENANCE MANUAL WITH

-< EMBRAER

ILLUSTRATED PARTS LIST

170

SN

aN

20

H

N\

40

30

2

a

20

250

me

A

180

“©

30

70

ea

OS

(a) (8)

A

an

40

L/\, (D)

fA

<n

ee Aan

BA

SF

CIE

50

QQ

Lao

(A) ®)

200

10

230

<

Q

C7

r]

210

250

250

Sc)

(C) ©

x

SY

y

REZ

iA

10

250 A

160

(D) 50

80 go

120

10

SD

200 250

80

220

240

C,

ON

QY

vy 2 ""

110

90

100 100

250 |

@,

7

130

Sf

120

110

100

250 A

120TP250062A.MCE

Double Passenger Seat (120-36834-519)

Figure 65

Sheet 1

EFFECTIVITY: ALL

25-21-00

Page 1246

T.P. 120/1176

Sep 30/98
","[""table_or_parts_list_text_cues""]",table_ocr_table_candidate_scan,False,False
306,t_p_120_1176_p000306,00000306.tif,local_data\organization\trace_net\ocr_route_scan_pack_tesseract_full\page_images\t_p_120_1176_p000306.tif,5422a89fd5f3ba9d51fd04b40a8aca45de203acbee5e3ad86a568633bc34d3ef,table,detailed_parts_list,high,"[""high_part_number_density"", ""detailed_parts_list_candidate""]",,needs_review,,206,1702,9,"[""120-29068-015"", ""120-36833-015"", ""120-36833-017"", ""120-36834-519"", ""120-36838-001"", ""120-36842-001"", ""120-36843-001"", ""120-46439-001"", ""120-46443-001""]","€& emenncr

MAINTENANCE MANUAL WITH

ILLUSTRATED PARTS LIST
AIRLINE EFF | UNITS
FIG. ITEM| PARTNUMBER STOCK vase EODE. FROM | PER
NUMBER TO ASSY
65 - | 120-36834-519 DOUBLE PASSENGER SEAT ASSY .......... VS4956 A REF
1 | 120-29068-015 . STRUCTURE, ASSY. (SEE FIGURE
25-21-00-101) occ cece cee eeeeeeeeeees VS4956 1
10 | 120-337 74-001 . LINING ASSY., SEAT BOTTOM ............... VS4956 2
20 | 120-46443-001 . FOAM ASSY., SEAT BACKREST ............. VS4956 2
30 | 120-36838-001 . LINING ASSY., SEAT BACKREST ............ VS4956 2
40 | 120-46439-001 . COMPLEMENT, BACKREST ................00. VS4956 2
50 | 120-36842-001 . STOWAGE ASSY., LIFE JACKET ............. VS4956 2
ATTACHING PARTS
60 | 1002-F . FASTENER BUTTON, MALE ................00. E075221 8
70 | 1002-C/6 . SUPPORT, FASTENER BUTTON MALE .. 8
80 | PE915051-1-PT RS) tN Dl VS4956 2
ATTACHING PARTS
90 | MS21042L4 A LO nee 3
100 | PE64005-1 © BUSHING oo cccecccccenssenaeeeeeeeeeees 4
110 | AN960-416L ~ WASHER ou... c","[""table_or_parts_list_text_cues""]",table_ocr_table_candidate_scan,False,False
307,t_p_120_1176_p000307,00000307.tif,local_data\organization\trace_net\ocr_route_scan_pack_tesseract_full\page_images\t_p_120_1176_p000307.tif,b0a90b6a87b794d6a27d652a70344b952813858a9028869811ca51fc9c0630c3,table,detailed_parts_list,high,"[""multiple_part_numbers"", ""ipl_column_terms""]",,needs_review,,135,1072,7,"[""120-36834-519"", ""120-37735-001"", ""120-40795-001"", ""120-40795-002"", ""120-40796-001"", ""120-40796-003"", ""120-40888-001""]","€& emenncr

MAINTENANCE MANUAL WITH
ILLUSTRATED PARTS LIST
AIRLINE EFF | UNITS
FIG. ITEM PART NUMBER STOCK Maer EODE. FROM PER
NUMBER TO ASSY
65 ATTACHING PARTS
-185 | 1002-F . FASTENER BUTTON, MALE ........0...00000. E075221 4
-186 | 1002-C/6 . SUPPORT, FASTENER BUTTON MALE .. 4
190 | AM03078-22 ASHTRAY 0... cccccccceccccccecceuccecceucccteeucceseeaces E065846 2
200 | 120-37735-001 . LINING ASSY, - ARMREST .......00..02.. VS4956 3
210 | 120-40796-001 . COVER, TRIM, FRONT 0.0... VS4956 1
220 | 120-40796-003 . COVER, TRIM, FRONT 0.0... VS4956 2
230 | 120-40795-001 . COVER, TRIM, REAR-FIXED ARMREST VS4956 1
-231 | 120-40795-002 . COVER, TRIM, REAR-FIXED ARMREST VS4956 1
240 | 120-40888-001 .COVER,TRIM,REAR-MOVABLEARMREST VS4956 1
ATTACHING PARTS
250 |MS24693-C24 SCREW ooo oo cccccccccccccccceecccceccccucceeceuceuneeeceness 12
USAGE CODE LIST
A AIRCRAFT 120034 THRU 120048 AND
120052
-ITEM NOT ILLUSTRATED
Double Passenger Seat (120-36834-519)
Figure 65
Sheet 3
EFF","[""table_or_parts_list_text_cues""]",table_ocr_table_candidate_scan,False,False
308,t_p_120_1176_p000308,00000308.tif,local_data\organization\trace_net\ocr_route_scan_pack_tesseract_full\page_images\t_p_120_1176_p000308.tif,44aba819cb5b9e713430e640113f29879e6f51f0124f4e89d96ce1859c28c7ef,table,image_visual_diagram,medium,"[""figure_or_visual_label_signal"", ""limited_text_or_visual_route""]",,needs_review,,106,767,1,"[""120-36834-523""]","-< EMBRAER

MAINTENANCE MANUAL WITH

ILLUSTRATED PARTS LIST

160

AS

SX

20

aN

2

a

\N

\

40

30

230

<<

20

150

<<) ©

A

70

30

aa

S

ay

60

al

(a) ®

40

CA

aw

V (4

CIE

50

QD

SE,

Ls

(A) 8)

180

10

Sa

210

<

Sa

SF

230

<I

190

230

Sc)

Cc) ©

Sv

XS

y

>

Le

Z

@

10

o90-*

(D) 80

80 980

OD

180 230

10

80

200

220

SAN

‘

90 90 /

<i

110

100 100

<

90

230 | K

cL

130

Gf

120

110

100

230-4

120TP250069A.MCE

Double Passenger Seat (120-36834-523)

Figure 66

Sheet 1

EFFECTIVITY: ALL

25-21-00

Page 1249

T.P. 120/1176

Sep 30/98
","[""table_or_parts_list_text_cues""]",table_ocr_table_candidate_scan,False,False
309,t_p_120_1176_p000309,00000309.tif,local_data\organization\trace_net\ocr_route_scan_pack_tesseract_full\page_images\t_p_120_1176_p000309.tif,5fd533ac995dbeaed0bd9c35a7dee920760404b5322fd6509025a0a777943a89,table,detailed_parts_list,high,"[""high_part_number_density"", ""detailed_parts_list_candidate""]",,needs_review,,215,1821,10,"[""120-29068-015"", ""120-33774-001"", ""120-36833-015"", ""120-36833-017"", ""120-36834-523"", ""120-36838-001"", ""120-36842-001"", ""120-37313-001"", ""120-46439-001"", ""120-46443-001""]","€& emenncr

MAINTENANCE MANUAL WITH
ILLUSTRATED PARTS LIST
AIRLINE EFF | UNITS
FIG. ITEM| PARTNUMBER STOCK Maer EODE. FROM | PER
NUMBER TO ASSY
66 - | 120-36834-523 DOUBLE PASSENGER SEAT ASSY .......... VS4956 A REF
1 | 120-29068-015 . STRUCTURE, ASSY. (SEE FIGURE
25-21-00-101) 2... eee eee eeeeeeeeeeeeeeeeeees VS4956 1
10 | 120-33774-001 . LINING ASSY., SEAT BOTTOM ............... VS4956 2
20 | 120-46443-001 . FOAM ASSY., SEAT BACKREST ............. VS4956 2
30 | 120-36838-001 . LINING ASSY., SEAT BACKREST ............. VS4956 2
40 | 120-46439-001 . COMPLEMENT, BACKREST .................... VS4956 2
50 | 120-36842-001 . STOWAGE ASSY., LIFE JACKET ............. VS4956 2
ATTACHING PARTS
60 | 1002-F . FASTENER BUTTON, MALE .................. E075221 8
70 | 1002-C/6 . SUPPORT, FASTENER BUTTON MALE .. 8
80 | PE915051-1-PT / SEAT BELT oo... cece ccseessseeseeeeeeeeees VS4956 2
ATTACHING PARTS
90 |MS21042L4 SC ee 3
100 | PE64005-1 ~ BUSHING ooo cece ccc testeeeeeeeeeeeee","[""table_or_parts_list_text_cues""]",table_ocr_table_candidate_scan,False,False
310,t_p_120_1176_p000310,00000310.tif,local_data\organization\trace_net\ocr_route_scan_pack_tesseract_full\page_images\t_p_120_1176_p000310.tif,8eaa637e797679c55e5971847b167d63c6d0bda643cc267dfac64e90776f54a6,table,detailed_parts_list,medium,"[""part_number_present"", ""ipl_column_terms""]",,needs_review,,112,876,7,"[""120-36834-523"", ""120-37735-001"", ""120-40795-001"", ""120-40795-002"", ""120-40796-001"", ""120-40796-003"", ""120-40888-001""]","€& emenncr

MAINTENANCE MANUAL WITH
ILLUSTRATED PARTS LIST
AIRLINE EFF | UNITS
FIG. ITEM| PARTNUMBER STOCK vase EODE. FROM | PER
NUMBER TO ASSY
66 180 | 120-37735-001 . LINING ASSY, - ARMREST ............0:ceee VS4956 3
190 | 120-40796-001 . COVER, TRIM, FRONT ..............c ccc eeeee VS4956 1
200 | 120-40796-003 . COVER, TRIM, FRONT ..............c ccc eeeee VS4956 2
210 | 120-40795-001 . COVER, TRIM, REAR-FIXED ARMREST. VS4956 1
-211 | 120-40795-002 . COVER, TRIM, REAR-FIXED ARMREST. VS4956 1
220 | 120-40888-001 .COVER,TRIM,REAR-MOVABLEARMREST VS4956 1
ATTACHING PARTS
230 | MS24693-C24 SCREW ooo cccccccccccccccccscesncssnsssseesaeeeeeeees 12
USAGE CODE LIST
A AIRCRAFT 120036 THRU 120048 AND
120052
-ITEM NOT ILLUSTRATED
Double Passenger Seat (120-36834-523)
Figure 66
Sheet 3
EFFECTIVITY: ALL 25-21 -00
Page 1251

T.P. 120/1176 Sep 30/98
","[""table_or_parts_list_text_cues""]",table_ocr_table_candidate_scan,False,False
311,t_p_120_1176_p000311,00000311.tif,local_data\organization\trace_net\ocr_route_scan_pack_tesseract_full\page_images\t_p_120_1176_p000311.tif,fa7d6219f2838ed07be3103e6065aca00deac2a6e06aa723c820e41f53b551c0,table,image_visual_diagram,medium,"[""figure_or_visual_label_signal"", ""limited_text_or_visual_route""]",,needs_review,,80,438,1,"[""120-50645-003""]","-< EMBRAER
MAINTENANCE MANUAL WITH
ILLUSTRATED PARTS LIST
4
YD
SF}
EE
G SF
oe ee
SF
yf FT)
20 >
10 2
70 —, 4 [|Z \
100 —— | >
CE- ie. /
Ly 7 Sl / ‘
) | 100
90 re
NR SS ew J
“S10 Sy ff)
(B) SA a v/ ff
. s— RT Soa
! Ne. a
~ / / / “NO
~S ! / f |
— toy 7 80
~N a Z a
120TP250070.MCE
Double Passenger Seat (120-50645-003/013/035)
Figure 67
Sheet 1
EFFECTIVITY: ALL
25 21 00 Page 1252
T.P. 120/1176 Sep 30/98
","[""table_or_parts_list_text_cues""]",table_ocr_table_candidate_scan,False,False
312,t_p_120_1176_p000312,00000312.tif,local_data\organization\trace_net\ocr_route_scan_pack_tesseract_full\page_images\t_p_120_1176_p000312.tif,b17b3cece504b29f19016b543fa5e6695f078fa6236422cf5ffc50d4104c0d49,table,detailed_parts_list,high,"[""high_part_number_density"", ""detailed_parts_list_candidate""]",,needs_review,,216,1808,14,"[""120-29083-001"", ""120-29574-001"", ""120-41225-003"", ""120-41231-003"", ""120-41825-001"", ""120-41825-009"", ""120-41825-501"", ""120-50645-003"", ""120-50645-013"", ""120-50645-035"", ""120-50674-001"", ""120-50675-001"", ""120-50675-003"", ""120-50676-001""]","€& emenncr

MAINTENANCE MANUAL WITH
ILLUSTRATED PARTS LIST
AIRLINE EFF | UNITS
FIG. ITEM PART NUMBER STOCK ase eODE. FROM; PER
NUMBER TO ASSY
67 - | 120-50645-003 DOUBLE PASSENGER SEAT ASSY .......... VS4956 A REF
- | 120-50645-013 DOUBLE PASSENGER SEAT ASSY .......... VS4956 A REF
- | 120-50645-035 DOUBLE PASSENGER SEAT ASSY .......... VS4956 B REF
1 | 120-41825-501 . DOUBLE PASSENGER SEAT ASSY.
(SEE FIGURE 25-21-00-48) ..... VS4956 A 1
-2 | 120-41825-001 . DOUBLE PASSENGER SEAT ASSY.
(SEE FIGURE 25-21-00-47) 0... VS4956 A 1
-3 | 120-41825-009 . DOUBLE PASSENGER SEAT ASSY.
(SEE FIGURE 25-21-00-49) 00... VS4956 B 1
10 | 120-41225-003 . STRUCTURE, ARMREST ...............cee VS4956 1
20 | 120-41231-003 .COVER,TRIM,REAR-MOVABLEARMREST VS4956 1
ATTACHING PARTS
30 | NAS4704-5 SCREW ooo. ccccccccccccencestttstsessseeeeaneees 1
-35 | NAS4704-6 SCREW ooo. cccccccccccccencessttstsesseeeeeeneees 1
40 | 120-29083-001 © BUSHING ooo. ccceee tees eeeeeeeeeeeeeeees VS4956 2
50 |","[""table_or_parts_list_text_cues""]",table_ocr_table_candidate_scan,False,False
313,t_p_120_1176_p000313,00000313.tif,local_data\organization\trace_net\ocr_route_scan_pack_tesseract_full\page_images\t_p_120_1176_p000313.tif,c1bc8e33e874d5f8240c0f1531b77730ee4c7c14b944b46cbaee0c3008c365c2,table,image_visual_diagram,medium,"[""figure_or_visual_label_signal"", ""limited_text_or_visual_route""]",,needs_review,,82,436,1,"[""120-50645-023""]","-< EMBRAER
MAINTENANCE MANUAL WITH
ILLUSTRATED PARTS LIST
4
YQ
SF}
EE
G SF
oe ee
LTS
~~ PAD (A)
aye LB)
iS)
20
10 67
70 —, 4 [|Z \
100 —— | >
CE- 7 ™e /
jel
| 100
90 L ;
NR SS ew J
“S10 Sy ff)
(B) SA a v/ ff
. s— RT Soa
! i, a
< / | i 9
~S ! / f |
— toy 7 80
7 J a ®
120TP250070.MCE
Double Passenger Seat (120-50645-023)
Figure 68
Sheet 1
EFFECTIVITY: ALL
25 21 00 Page 1254
T.P. 120/1176 Sep 30/98
","[""table_or_parts_list_text_cues""]",table_ocr_table_candidate_scan,False,False
314,t_p_120_1176_p000314,00000314.tif,local_data\organization\trace_net\ocr_route_scan_pack_tesseract_full\page_images\t_p_120_1176_p000314.tif,442c3518a41dee8e0921283dfe12da1af73cb16fe069ad4d3ff6e68bfb2e7f92,table,detailed_parts_list,high,"[""high_part_number_density"", ""detailed_parts_list_candidate""]",,needs_review,,160,1299,10,"[""120-29083-001"", ""120-29574-001"", ""120-36060-003"", ""120-36834-501"", ""120-41231-003"", ""120-50645-023"", ""120-50674-001"", ""120-50675-001"", ""120-50675-003"", ""120-50676-001""]","€& emenncr

MAINTENANCE MANUAL WITH

ILLUSTRATED PARTS LIST
AIRLINE EFF | UNITS
FIG. ITEM| PARTNUMBER STOCK vase EODE. FROM | PER
NUMBER TO ASSY
68 - | 120-50645-023 DOUBLE PASSENGER SEAT ASSY .......... VS4956 A REF
1 | 120-36834-501 . DOUBLE PASSENGER SEAT ASSY.
(SEE FIGURE 25-21-00-57) ........ VS4956 1
10 | 120-36060-003 . STRUCTURE, ARMREST. ..............00:ceceeeee VS4956 1
20 | 120-41231-003 .COVER,TRIM,REAR-MOVABLEARMREST VS4956 1
ATTACHING PARTS
30 | NAS4704-5 1 Old at || 1
-35 | NAS4704-6 1 Old at || 1
40 | 120-29083-001 © BUSHING ooo ccccccecccesttsteeaseeeeeenees VS4956 2
50 | AN960-416 © WASHER on... cceccccceeeceeeeeesentttesaaeaees 2
-55 | 120-29574-001 AAS) | lp VS4956 1
60 |MS21042L4 ee 2
70 | 120-50675-003 ad | re VS4956 1
80 | 120-50675-001 LOCK 0... cceecccceeeteeseeeeeeeeeeeeeeeeeeneeenntenaaes VS4956 1
90 | 120-50674-001 SPRING ooo cc cccccccceceeceeeeseeestsstaeeseaeees VS4956 1
ATTACHING PARTS
100 | 120-50676-001 . WASHER, DIMPLED ......","[""table_or_parts_list_text_cues""]",table_ocr_table_candidate_scan,False,False
315,t_p_120_1176_p000315,00000315.tif,local_data\organization\trace_net\ocr_route_scan_pack_tesseract_full\page_images\t_p_120_1176_p000315.tif,8a301a8d72b0df781ef6f882bb7fbe111a0f9b391450278458a5749094078c01,image_visual,image_visual_diagram,high,"[""figure_or_visual_label_signal"", ""limited_text_or_visual_route""]",,auto_suggested_review_recommended,,80,418,1,"[""120-50645-005""]","-< EMBRAER
MAINTENANCE MANUAL WITH
ILLUSTRATED PARTS LIST
1
YD
SF}
EE
(EC SF
DPF.
S,
yf FT)
iS)
20
10 67
70 —, 4 [|Z \
100 —— | >
a f ~_ /
jf 7 |
) | 100
90 re
NR SS ew J
“S10 Sy ff)
(B) SA a v/ ff
. s— RT Soa
/ vo Ne ~s
a / i i P
ee ere
~N a Z a
120TP250070.MCE
Double Passenger Seat (120-50645-005/015)
Figure 69
Sheet 1
EFFECTIVITY: ALL
25 21 00 Page 1256
T.P. 120/1176 Sep 30/98
","[""visual_keywords_with_limited_text""]",image_visual_ocr_and_vision_queue_scan,False,False
316,t_p_120_1176_p000316,00000316.tif,local_data\organization\trace_net\ocr_route_scan_pack_tesseract_full\page_images\t_p_120_1176_p000316.tif,869760775403fbc14b61bc38c6b0500600637662ec029f37baa297e6f0012c13,table,detailed_parts_list,high,"[""high_part_number_density"", ""detailed_parts_list_candidate""]",,needs_review,,190,1551,12,"[""120-29083-001"", ""120-29574-001"", ""120-41225-003"", ""120-41231-003"", ""120-41825-003"", ""120-41825-503"", ""120-50645-005"", ""120-50645-015"", ""120-50674-001"", ""120-50675-001"", ""120-50675-003"", ""120-50676-001""]","€& emenncr

MAINTENANCE MANUAL WITH
ILLUSTRATED PARTS LIST
AIRLINE EFF | UNITS
FIG. ITEM| PARTNUMBER STOCK vase EODE. FROM | PER
NUMBER TO ASSY
69 - | 120-50645-005 DOUBLE PASSENGER SEAT ASSY .......... VS4956 A REF
- | 120-50645-015 DOUBLE PASSENGER SEAT ASSY .......... VS4956 B REF
1 | 120-41825-503 . DOUBLE PASSENGER SEAT ASSY.
(SEE FIGURE 25-21-00-50) «0.0... VS4956 A 1
-2 | 120-41825-003 . DOUBLE PASSENGER SEAT ASSY.
(SEE FIGURE 25-21-00-50) «0.0... VS4956 B 1
10 | 120-41225-003 . STRUCTURE, ARMREST. ..............00:ceceeeee VS4956 1
20 | 120-41231-003 .COVER,TRIM,REAR-MOVABLEARMREST VS4956 1
ATTACHING PARTS
30 | NAS4704-5 1 Old at || 1
-35 | NAS4704-6 1 Old at || 1
40 | 120-29083-001 © BUSHING ooo ccccccecccesttsteeaseeeeeenees VS4956 2
50 | AN960-416 © WASHER on... cceccccceeeceeeeeesentttesaaeaees 2
-55 | 120-29574-001 AAS) | lp VS4956 1
60 |MS21042L4 ee 2
70 | 120-50675-003 ad | re VS4956 1
80 | 120-50675-001 LOCK 0... cceecccceeeteeseeeeeeeeeeeeeeeeeen","[""table_or_parts_list_text_cues""]",table_ocr_table_candidate_scan,False,False
317,t_p_120_1176_p000317,00000317.tif,local_data\organization\trace_net\ocr_route_scan_pack_tesseract_full\page_images\t_p_120_1176_p000317.tif,a3e77a51e63fe31067238df549e565dbb59ecd06f284eb6ca23a9124e4152698,table,image_visual_diagram,medium,"[""figure_or_visual_label_signal"", ""limited_text_or_visual_route""]",,needs_review,,82,436,1,"[""120-50645-025""]","-< EMBRAER
MAINTENANCE MANUAL WITH
ILLUSTRATED PARTS LIST
4
YD
SF}
EE
G SF
oe ee
LTS
~~ PAD (A)
aye LB)
iS)
20
10 67
70 —, 4 [|Z \
100 —— | >
CE- 7 ™e /
jf 7 |
) | 100
90 re
NR SS ew J
“S10 Sy ff)
(B) SA a v/ ff
. s— RT Soa
! i, a
< ae:
~S ! / f |
— toy 7 80
7 J a ®
120TP250070.MCE
Double Passenger Seat (120-50645-025)
Figure 70
Sheet 1
EFFECTIVITY: ALL
25 21 00 Page 1258
T.P. 120/1176 Sep 30/98
","[""table_or_parts_list_text_cues""]",table_ocr_table_candidate_scan,False,False
318,t_p_120_1176_p000318,00000318.tif,local_data\organization\trace_net\ocr_route_scan_pack_tesseract_full\page_images\t_p_120_1176_p000318.tif,0ed5217fc3ce4bdeb3daaee6065ffbc6544e4ee497cb3eb0b5e1767259f45507,table,detailed_parts_list,high,"[""high_part_number_density"", ""detailed_parts_list_candidate""]",,needs_review,,162,1455,10,"[""120-29083-001"", ""120-29574-001"", ""120-36060-003"", ""120-36834-503"", ""120-41231-003"", ""120-50645-025"", ""120-50674-001"", ""120-50675-001"", ""120-50675-003"", ""120-50676-001""]","€& emenncr

MAINTENANCE MANUAL WITH

ILLUSTRATED PARTS LIST
AIRLINE EFF | UNITS
FIG. ITEM PART NUMBER STOCK vase EODE. FROM PER
NUMBER TO ASSY
70 - | 120-50645-025 DOUBLE PASSENGER SEAT ASSY .......... VS4956 A REF
1 | 120-36834-503 . DOUBLE PASSENGER SEAT ASSY.
(SEE FIGURE 25-21-00-59) «0.0... VS4956 1
10 | 120-36060-003 . STRUCTURE, ARMREST .......... ce VS4956 1
20 | 120-41231-003 .COVER,TRIM,REAR-MOVABLEARMREST VS4956 1
ATTACHING PARTS
30 | NAS4704-5 SCREW oooc ccc cccccccccccccccccucccuccuseeuscuteeuceeeeeanes 1
-35 | NAS4704-6 SCREW oooc ccc cccccccccccccccccecccuccucecuccuteeuseeeeeanes 1
40 | 120-29083-001 ~ BUSHING ooo. cece cceccccccecccccecececceeseuseeaeeeeees VS4956 2
50 | AN960-416 ~ WASHER. ooo... c cece cecceccceccuuccucceuccecccuseeuteeeces 2
-55 | 120-29574-001 AEN) | al VS4956 1
60 | MS21042L4 NO 2
70 | 120-50675-003 PIN .oo.cccccccccecceccecceccececceccuucecuccecevereeuucaeeenens VS4956 1
80 | 120-50675-001 LOCK ooo ceccceccccccecccecceececccecc","[""table_or_parts_list_text_cues""]",table_ocr_table_candidate_scan,False,False
319,t_p_120_1176_p000319,00000319.tif,local_data\organization\trace_net\ocr_route_scan_pack_tesseract_full\page_images\t_p_120_1176_p000319.tif,b1fc66e78a87ceb3925005eae7101cf82058e00d096626ef90a6fb5b4dedaf79,table,image_visual_diagram,medium,"[""figure_or_visual_label_signal"", ""limited_text_or_visual_route""]",,needs_review,,87,455,1,"[""120-50645-009""]","-< EMBRAER
MAINTENANCE MANUAL WITH
ILLUSTRATED PARTS LIST
1
Q
SF}
EE
(EC SF
DPF.
LIS
~~ PAD (A)
oS gy SFY
Wp CL TB)
S)
20
10 6
70 —, 4 [|Z \
100 —— | >
CE- 7 ™e /
yo” |
) | 100
90 L ;
NR SS ew J
“S10 Sy ff)
(B) SA a v/ ff
. s— RT Soa
! i, a
< jf i 9
~S ! / f |
— toy 7 80
~N a Z a
120TP250070.MCE
Double Passenger Seat (120-50645-009/019)
Figure 71
Sheet 1
EFFECTIVITY: ALL
25 21 00 Page 1260
T.P. 120/1176 Sep 30/98
","[""table_or_parts_list_text_cues""]",table_ocr_table_candidate_scan,False,False
320,t_p_120_1176_p000320,00000320.tif,local_data\organization\trace_net\ocr_route_scan_pack_tesseract_full\page_images\t_p_120_1176_p000320.tif,37a06ae39fcb58de06549af0fb8b76ab82697e7b486960a52aa174718e3da4cd,table,detailed_parts_list,high,"[""high_part_number_density"", ""detailed_parts_list_candidate""]",,needs_review,,196,1714,12,"[""120-29083-001"", ""120-29574-001"", ""120-41225-003"", ""120-41231-003"", ""120-41825-007"", ""120-41825-507"", ""120-50645-009"", ""120-50645-019"", ""120-50674-001"", ""120-50675-001"", ""120-50675-003"", ""120-50676-001""]","€& emenncr

MAINTENANCE MANUAL WITH
ILLUSTRATED PARTS LIST
AIRLINE EFF | UNITS
FIG. ITEM PART NUMBER STOCK vase EODE. FROM PER
NUMBER TO ASSY
71 - | 120-50645-009 DOUBLE PASSENGER SEAT ASSY .......... VS4956 A REF
- | 120-50645-019 DOUBLE PASSENGER SEAT ASSY .......... VS4956 B REF
1 | 120-41825-507 . DOUBLE PASSENGER SEAT ASSY.
(SEE FIGURE 25-21-00-52) 0.0.0. VS4956 1
-2 |120-41825-007 . DOUBLE PASSENGER SEAT ASSY.
(SEE FIGURE 25-21-00-51) ...... VS4956 1
10 | 120-41225-003 . STRUCTURE, ARMREST .......... ce VS4956 1
20 | 120-41231-003 .COVER,TRIM,REAR-MOVABLEARMREST VS4956 1
ATTACHING PARTS
30 | NAS4704-5 SCREW oooc ccc cccccccccccccccccucccuccuseeuscuteeuceeeeeanes 1
-35 | NAS4704-6 SCREW oooc ccc cccccccccccccccccecccuccucecuccuteeuseeeeeanes 1
40 | 120-29083-001 ~ BUSHING ooo. cece cceccccccecccccecececceeseuseeaeeeeees VS4956 2
50 | AN960-416 ~ WASHER. ooo... c cece cecceccceccuuccucceuccecccuseeuteeeces 2
-55 | 120-29574-001 AEN) | al VS4956 1
60 | MS21042L4","[""table_or_parts_list_text_cues""]",table_ocr_table_candidate_scan,False,False
321,t_p_120_1176_p000321,00000321.tif,local_data\organization\trace_net\ocr_route_scan_pack_tesseract_full\page_images\t_p_120_1176_p000321.tif,8f2e042c38994c683e6f5a9198e931e6b696b4dfad1d2b5e7d8b00d82c17f2a2,table,image_visual_diagram,medium,"[""figure_or_visual_label_signal"", ""limited_text_or_visual_route""]",,needs_review,,82,436,1,"[""120-50645-029""]","-< EMBRAER
MAINTENANCE MANUAL WITH
ILLUSTRATED PARTS LIST
4
YD
SF}
EE
G SF
oe ee
LTS
~~ PAD (A)
aye LB)
iS)
20
10 67
70 —, 4 [|Z \
100 —— | >
CE- 7 ™e /
jf 7 |
) | 100
90 re
NR SS ew J
“S10 Sy ff)
(B) SA a v/ ff
. s— RT Soa
! i, a
< ae:
~S ! / f |
— toy 7 80
7 J a ®
120TP250070.MCE
Double Passenger Seat (120-50645-029)
Figure 72
Sheet 1
EFFECTIVITY: ALL
25 21 00 Page 1262
T.P. 120/1176 Sep 30/98
","[""table_or_parts_list_text_cues""]",table_ocr_table_candidate_scan,False,False
322,t_p_120_1176_p000322,00000322.tif,local_data\organization\trace_net\ocr_route_scan_pack_tesseract_full\page_images\t_p_120_1176_p000322.tif,6602d9d76a7a94a96f759309f2af68761a3d88ac82497618a3a025deb55c65fb,table,detailed_parts_list,high,"[""high_part_number_density"", ""detailed_parts_list_candidate""]",,needs_review,,160,1295,10,"[""120-29083-001"", ""120-29574-001"", ""120-36060-003"", ""120-36834-505"", ""120-41231-003"", ""120-50645-029"", ""120-50674-001"", ""120-50675-001"", ""120-50675-003"", ""120-50676-001""]","€& emenncr

MAINTENANCE MANUAL WITH

ILLUSTRATED PARTS LIST
AIRLINE EFF | UNITS
FIG. ITEM| PARTNUMBER STOCK vase EODE. FROM | PER
NUMBER TO ASSY
72 - | 120-50645-029 DOUBLE PASSENGER SEAT ASSY .......... VS4956 A REF
1 | 120-36834-505 . DOUBLE PASSENGER SEAT ASSY.
(SEE FIGURE 25-21-00-62) «0.0... VS4956 1
10 | 120-36060-003 . STRUCTURE, ARMREST. ..............00:ceceeeee VS4956 1
20 | 120-41231-003 .COVER,TRIM,REAR-MOVABLEARMREST VS4956 1
ATTACHING PARTS
30 | NAS4704-5 1 Old at || 1
-35 | NAS4704-6 1 Old at || 1
40 | 120-29083-001 © BUSHING ooo ccccccecccesttsteeaseeeeeenees VS4956 2
50 | AN960-416 © WASHER on... cceccccceeeceeeeeesentttesaaeaees 2
-55 | 120-29574-001 AAS) | lp VS4956 1
60 |MS21042L4 ee 2
70 | 120-50675-003 ad | re VS4956 1
80 | 120-50675-001 LOCK 0... cceecccceeeteeseeeeeeeeeeeeeeeeeeneeenntenaaes VS4956 1
90 | 120-50674-001 SPRING ooo cc cccccccceceeceeeeseeestsstaeeseaeees VS4956 1
ATTACHING PARTS
100 | 120-50676-001 . WASHER, DIMPLED .......","[""table_or_parts_list_text_cues""]",table_ocr_table_candidate_scan,False,False
323,t_p_120_1176_p000323,00000323.tif,local_data\organization\trace_net\ocr_route_scan_pack_tesseract_full\page_images\t_p_120_1176_p000323.tif,27581b257d34a4b05cbef50e0b78a6aa9b9247cb1f427867f48f40490423ae75,table,image_visual_diagram,medium,"[""figure_or_visual_label_signal"", ""limited_text_or_visual_route""]",,needs_review,,82,484,1,"[""120-50645-007""]","-< EMBRAER
MAINTENANCE MANUAL WITH
ILLUSTRATED PARTS LIST
1
<F
ail
(EC SF
DPF.
<S
yf FT)
S)
20
10 6
70 —, 4 [|Z \
100 —— | p>
a f ~_"" /
Ly Se fi
J Sy!
jf! | |
) | 100
90 c |
80 ‘A “Sts. 59 —__* /
NR oS QO! /
(BY ~. 10. OS: tL
sy / / f
. s— EIS,
f Yo ! & ~
~ / / / ro)
~S ! / f |
— toy 7 80
7 J a ®
120TP250070.MCE
Double Passenger Seat (120-50645-007/017/037/039/043)
Figure 73
Sheet 1
EFFECTIVITY: ALL
25 21 00 Page 1264
T.P. 120/1176 Sep 30/98
","[""table_or_parts_list_text_cues""]",table_ocr_table_candidate_scan,False,False
324,t_p_120_1176_p000324,00000324.tif,local_data\organization\trace_net\ocr_route_scan_pack_tesseract_full\page_images\t_p_120_1176_p000324.tif,a04ee2330bc61740bc6ea770ce1efae0d013217395675d7b1a3818c513103da8,table,detailed_parts_list,high,"[""high_part_number_density"", ""detailed_parts_list_candidate""]",,needs_review,,256,2075,18,"[""120-29083-001"", ""120-29574-001"", ""120-41225-003"", ""120-41231-003"", ""120-41825-005"", ""120-41825-505"", ""120-41825-519"", ""120-41825-521"", ""120-45851-005"", ""120-50645-007"", ""120-50645-017"", ""120-50645-037"", ""120-50645-039"", ""120-50645-043"", ""120-50674-001"", ""120-50675-001"", ""120-50675-003"", ""120-50676-001""]","€& emenncr

MAINTENANCE MANUAL WITH
ILLUSTRATED PARTS LIST
AIRLINE EFF | UNITS
FIG. ITEM| PARTNUMBER STOCK eater CODE FROM | PER
NUMBER TO ASSY
73 - | 120-50645-007 DOUBLE PASSENGER SEAT ASSY .......... VS4956 A REF
- | 120-50645-017 DOUBLE PASSENGER SEAT ASSY .......... VS4956 B REF
- | 120-50645-037 DOUBLE PASSENGER SEAT ASSY .......... VS4956 B REF
- | 120-50645-039 DOUBLE PASSENGER SEAT ASSY .......... VS4956 B REF
- | 120-50645-043 DOUBLE PASSENGER SEAT ASSY .......... VS4956 999 REF
1 | 120-41825-505 . DOUBLE PASSENGER SEAT ASSY.
(SEE FIGURE 25-21-00-54).....0..... ee VS4956 A 1
-2 | 120-41825-005 . DOUBLE PASSENGER SEAT ASSY.
(SEE FIGRE 25-21-00-53) 0... VS4956 B 1
-3 | 120-41825-519 . DOUBLE PASSENGER SEAT ASSY.
(SEE FIGURE 25-21-00-55) «0.0... VS4956 B 1
-4 | 120-41825-521 . DOUBLE PASSENGER SEAT ASSY.
(SEE FIGURE 25-21-00-55) «0.0... VS4956 B 1
-5 | 120-45851-005 . DOUBLE PASSENGER SEAT ASSY.
(SEE FIGURE 25-21-00-46) .......... ee VS4956 999 1
10 | 120-4","[""table_or_parts_list_text_cues""]",table_ocr_table_candidate_scan,False,False
325,t_p_120_1176_p000325,00000325.tif,local_data\organization\trace_net\ocr_route_scan_pack_tesseract_full\page_images\t_p_120_1176_p000325.tif,1c9b3eea409f1a0cb521539f2784511c3bf72134f942e9a454cd75bb0f9655df,table,image_visual_diagram,medium,"[""figure_or_visual_label_signal"", ""limited_text_or_visual_route""]",,needs_review,,83,440,1,"[""120-50645-027""]","-< EMBRAER
MAINTENANCE MANUAL WITH
ILLUSTRATED PARTS LIST
4
YD
SF}
EE
G SF
oe ee
LTS
~~ IS (PO? (A)
aye LB)
iS)
20
10 67
70 —, 4 [|Z \
100 —— | >
CE- 7 ™e /
jf 7 |
) | 100
90 re
NR SS ew J
“S10 Sy ff)
(B) SA a v/ ff
. s— RT Soa
! i, a
< ae:
~S ! / f |
— toy 7 80
7 J a ®
120TP250070.MCE
Double Passenger Seat (120-50645-027)
Figure 74
Sheet 1
EFFECTIVITY: ALL
25 21 00 Page 1266
T.P. 120/1176 Sep 30/98
","[""table_or_parts_list_text_cues""]",table_ocr_table_candidate_scan,False,False
326,t_p_120_1176_p000326,00000326.tif,local_data\organization\trace_net\ocr_route_scan_pack_tesseract_full\page_images\t_p_120_1176_p000326.tif,b2e1babd85de44152204d890064988bd76b63f84054714616f20b34adbc95a31,table,detailed_parts_list,high,"[""high_part_number_density"", ""detailed_parts_list_candidate""]",,needs_review,,163,1459,10,"[""120-29083-001"", ""120-29574-001"", ""120-36060-003"", ""120-36834-523"", ""120-41231-003"", ""120-50645-027"", ""120-50674-001"", ""120-50675-001"", ""120-50675-003"", ""120-50676-001""]","€& emenncr

MAINTENANCE MANUAL WITH

ILLUSTRATED PARTS LIST
AIRLINE EFF | UNITS
FIG. ITEM PART NUMBER STOCK vase EODE. FROM PER
NUMBER TO ASSY
74 - | 120-50645-027 DOUBLE PASSENGER SEAT ASSY .......... VS4956 A REF
1 | 120-36834-523 . DOUBLE PASSENGER SEAT ASSY.
(SEE FIGURE 25-21-00-66) ......00. VS4956 1
10 | 120-36060-003 . STRUCTURE, ARMREST .......... ce VS4956 1
20 | 120-41231-003 .COVER,TRIM,REAR-MOVABLEARMREST VS4956 1
ATTACHING PARTS
30 | NAS4704-5 SCREW oooc ccc cccccccccccccccccucccuccuseeuscuteeuceeeeeanes 1
-35 | NAS4704-6 SCREW oooc ccc cccccccccccccccccecccuccucecuccuteeuseeeeeanes 1
40 | 120-29083-001 ~ BUSHING ooo. cece cceccccccecccccecececceeseuseeaeeeeees VS4956 2
50 | AN960-416 ~ WASHER. ooo... c cece cecceccceccuuccucceuccecccuseeuteeeces 2
-55 | 120-29574-001 AEN) | al VS4956 1
60 | MS21042L4 NO 2
70 | 120-50675-003 PIN .oo.cccccccccecceccecceccececceccuucecuccecevereeuucaeeenens VS4956 1
80 | 120-50675-001 LOCK ooo ceccceccccccecccecceececcce","[""table_or_parts_list_text_cues""]",table_ocr_table_candidate_scan,False,False
327,t_p_120_1176_p000327,00000327.tif,local_data\organization\trace_net\ocr_route_scan_pack_tesseract_full\page_images\t_p_120_1176_p000327.tif,f05329f717e4facc4406b53e2a7881383d24efb5d1bc653067c6822cd2bcee48,image_visual,image_visual_diagram,high,"[""figure_or_visual_label_signal"", ""limited_text_or_visual_route""]",,auto_suggested_review_recommended,,80,418,1,"[""120-50645-011""]","-< EMBRAER
MAINTENANCE MANUAL WITH
ILLUSTRATED PARTS LIST
1
YD
SF}
EE
(EC SF
DPF.
S,
yf FT)
iS)
20
10 67
70 —, 4 [|Z \
100 —— | >
a f ~_ /
jf 7 |
) | 100
90 re
NR SS ew J
“S10 Sy ff)
(B) SA a v/ ff
. s— RT Soa
/ vo Ne ~s
a / i i P
ee ere
~N a Z a
120TP250070.MCE
Double Passenger Seat (120-50645-011/021)
Figure 75
Sheet 1
EFFECTIVITY: ALL
25 21 00 Page 1268
T.P. 120/1176 Sep 30/98
","[""visual_keywords_with_limited_text""]",image_visual_ocr_and_vision_queue_scan,False,False
328,t_p_120_1176_p000328,00000328.tif,local_data\organization\trace_net\ocr_route_scan_pack_tesseract_full\page_images\t_p_120_1176_p000328.tif,ab12bc29d8be7a732e00fe897ed3bf1d742d07626f2187cb13495e89fdce8ef9,table,detailed_parts_list,high,"[""high_part_number_density"", ""detailed_parts_list_candidate""]",,needs_review,,188,1556,12,"[""120-29083-001"", ""120-29574-001"", ""120-41225-003"", ""120-41231-003"", ""120-41825-017"", ""120-41825-517"", ""120-50645-011"", ""120-50645-021"", ""120-50674-001"", ""120-50675-001"", ""120-50675-003"", ""120-50676-001""]","€& emenncr

MAINTENANCE MANUAL WITH
ILLUSTRATED PARTS LIST
AIRLINE EFF | UNITS
FIG. ITEM| PARTNUMBER STOCK vase EODE. FROM | PER
NUMBER TO ASSY
75 - | 120-50645-011 DOUBLE PASSENGER SEAT ASSY .......... VS4956 A REF
- | 120-50645-021 DOUBLE PASSENGER SEAT ASSY .......... VS4956 B REF
1 | 120-41825-517 . DOUBLE PASSENGER SEAT ASSY.
(SEE FIGURE 25-21-00-52) ......... ee VS4956 1
-2 | 120-41825-017 . DOUBLE PASSENGER SEAT ASSY.
(SEE FIGURE 25-21-00-51) ........ ee VS4956 1
10 | 120-41225-003 . STRUCTURE, ARMREST. ..............00:ceceeeee VS4956 1
20 | 120-41231-003 .COVER,TRIM,REAR-MOVABLEARMREST VS4956 1
ATTACHING PARTS
30 | NAS4704-5 1 Old at || 1
-35 | NAS4704-6 1 Old at || 1
40 | 120-29083-001 © BUSHING ooo ccccccecccesttsteeaseeeeeenees VS4956 2
50 | AN960-416 © WASHER on... cceccccceeeceeeeeesentttesaaeaees 2
-55 | 120-29574-001 AAS) | lp VS4956 1
60 |MS21042L4 ee 2
70 | 120-50675-003 ad | re VS4956 1
80 | 120-50675-001 LOCK 0... cceecccceeeteeseeeeeeeeeeeeee","[""table_or_parts_list_text_cues""]",table_ocr_table_candidate_scan,False,False
329,t_p_120_1176_p000329,00000329.tif,local_data\organization\trace_net\ocr_route_scan_pack_tesseract_full\page_images\t_p_120_1176_p000329.tif,c2a838817d73a5447285851fbee34bc634764d3ec0af1c0be0134134ef6ab90a,normal_text,image_visual_diagram,medium,"[""figure_or_visual_label_signal"", ""limited_text_or_visual_route""]",,needs_review,,64,373,1,"[""120-41826-001""]","-< EMBRAER
MAINTENANCE MANUAL WITH
ILLUSTRATED PARTS LIST
ara 40
<> }
<n a <->
3 i] ~S >
Ly
(SF (B) “7 30
= we, SS 7
10 Sk (A) A NN
: sans | Y
x eS
6 A > ——
| u
(C)
Ly 120 (B)
2
—e, 7 | 180 |
1307 ; J | 220 —— (A)
op ad
i390"" - 4
120TP250071.MCE
Triple Passenger Seat (120-41826-001/501)
‘Sheet
EFFECTIVITY: ALL 25-21 -00
T.P. 120/1176 “Sep 3098
","[""normal_text_ocr_density""]",normal_text_ocr_summary_scan,False,False
330,t_p_120_1176_p000330,00000330.tif,local_data\organization\trace_net\ocr_route_scan_pack_tesseract_full\page_images\t_p_120_1176_p000330.tif,8b5042e44ed195877ca69a6947320be2c131b068ca710eab17d0897279e78e7d,table,detailed_parts_list,high,"[""high_part_number_density"", ""detailed_parts_list_candidate""]",,needs_review,,251,1904,13,"[""120-29069-007"", ""120-29069-009"", ""120-33774-001"", ""120-36842-001"", ""120-40636-001"", ""120-41231-001"", ""120-41474-002"", ""120-41475-003"", ""120-41826-001"", ""120-41826-501"", ""120-42070-001"", ""120-42221-001"", ""120-45726-001""]","€& emenncr

MAINTENANCE MANUAL WITH

ILLUSTRATED PARTS LIST
AIRLINE EFF | UNITS
FIG. ITEM| PARTNUMBER STOCK vase EODE. FROM | PER
NUMBER TO ASSY
76 - | 120-41826-001 TRIPLE PASSENGER SEAT ASSY ............ VS4956 A REF
- | 120-41826-501 TRIPLE PASSENGER SEAT ASSY ............ VS4956 | 172/999} REF
1 | 120-29069-007 . STRUCTURE, ASSY. (SEE FIGURE
25-21-00-107) 0... eee cccceeeeeteeeeeeeenne es VS4956 A 1
-2 | 120-29069-009 . STRUCTURE, ASSY. (SEE FIGURE
25-21-00-107) 0... cecccce cece eneeeeeee nee es VS4956 | 172/999 1
10 | 120-33774-001 . LINING ASSY., SEAT BOTTOM ............... VS4956 3
20 | 120-42221-001 . LINING ASSY., SEAT BACKREST ............ VS4956 3
30 | 120-42070-001 . FOAM ASSY., SEAT BACKREST ............. VS4956 3
40 | 120-45726-001 . COVER, PLASTIC .0....ce ees VS4956 B 3
50 | 120-36842-001 . STOWAGE ASSY., LIFE JACKET ............. VS4956 3
ATTACHING PARTS
60 | 1002-F . FASTENER BUTTON, MALE .................... E075221 12
70 | 1002-C/6 . SUPPORT, F","[""table_or_parts_list_text_cues""]",table_ocr_table_candidate_scan,False,False
331,t_p_120_1176_p000331,00000331.tif,local_data\organization\trace_net\ocr_route_scan_pack_tesseract_full\page_images\t_p_120_1176_p000331.tif,613483316d6adec8d7096704d169853fd756845a0b7a9afb7a2f2c6e379b2c38,table,detailed_parts_list,medium,"[""part_number_present"", ""ipl_column_terms""]",,needs_review,,99,761,1,"[""120-41826-001""]","€& emenncr

MAINTENANCE MANUAL WITH
ILLUSTRATED PARTS LIST
AIRLINE EFF | UNITS
FIG. ITEM; PARTNUMBER | STOCK Maer EODE. FROM; PER
NUMBER TO ASSY
16 ATTACHING PARTS
210 | PE1/001-3PR PLUG, NYLON 0... eeeceeeetteetereterenees 3
220 | MS24693-C26 SCREW 0... ccececcceereeeesereeeeneeeeeeeeeeenes 9g
230 | AN960-8 ~ WASHER ec ceecceeeeereeeeeeeeneteeeteretenenees 3

USAGE CODE LIST

A AIRCRAFT 120049 THRU 120051 AND
120053 THRU 120171

B AIRCRAFT 120104 THRU 120308 AND
120310

C AIRCRAFT 120049, 120051, 120053
THRU 120059, 120172 AND ON

D AIRCRAFT 120050, 120060 THRU
120171

-ITEM NOT ILLUSTRATED
Triple Passenger Seat (120-41826-001/501)

Figure 76
Sheet 3

EFFECTIVITY: ALL 25-21 -00
Page 1272

T.P. 120/1176 Sep 30/98

","[""table_or_parts_list_text_cues""]",table_ocr_table_candidate_scan,False,False
332,t_p_120_1176_p000332,00000332.tif,local_data\organization\trace_net\ocr_route_scan_pack_tesseract_full\page_images\t_p_120_1176_p000332.tif,c51b59f529ef8a0d36beee69446f307f2020bece10f70e92731295c87f4e8bba,table,table_or_index,medium,"[""legacy_table_route_without_strong_detail_or_visual_signal""]",,needs_review,,125,643,2,"[""120-41826-521"", ""120-61549-501""]","-< EMBRAER
MAINTENANCE MANUAL WITH
ILLUSTRATED PARTS LIST
60 20
. 30
Nae (C) 190 220 SS 20
( 50 iy 30
(ANS oN SS 20
Sy, 200 / /220
SEY (B) ee / ~ 30
6 On jaa SS
a cL 200 | /220
~\_
IK
0 —— ty yy (A) f y
(4 Le
\ S
~~ Bos] _@
© OO fe
10 el Oo
Po Q
——
Oa;
Wk
,
1 30 120 i (B) 160
l ~S
1
140 ys 130 ; 0 170
150 —e, .7 | 80 180 |
a 1507 4% ii / 299 -—— | (A)
130-—<}y9 130
130 ""ye 60 |
409.~—C(C0 io’ » (Sy ,
130 140 230 ——
a an ny a4
130 210
120CMM251005.MCE
Triple Passenger Seat (120-61549-501/503 and 120-41826-521/535)
Figure 76A
Sheet 1
EFFECTIVITY: ALL
25 21 00 Page 1272A
T.P. 120/1176 Jan 15/01
","[""table_or_parts_list_text_cues""]",table_ocr_table_candidate_scan,False,False
333,t_p_120_1176_p000333,00000333.tif,local_data\organization\trace_net\ocr_route_scan_pack_tesseract_full\page_images\t_p_120_1176_p000333.tif,a925009d83be8b2d41ba19dd85fdc711e98c602a922d7746f496c863177ad3b9,table,detailed_parts_list,high,"[""high_part_number_density"", ""detailed_parts_list_candidate""]",,needs_review,,256,2285,14,"[""120-29069-009"", ""120-33774-001"", ""120-33774-539"", ""120-36842-001"", ""120-37314-001"", ""120-41826-521"", ""120-41826-535"", ""120-42070-001"", ""120-42221-505"", ""120-42221-535"", ""120-42221-537"", ""120-45726-001"", ""120-61549-501"", ""120-61549-503""]","€& emenncr

MAINTENANCE MANUAL WITH

ILLUSTRATED PARTS LIST
AIRLINE EFF | UNITS
FIG. ITEM| PARTNUMBER STOCK Maer EODE. FROM | PER
NUMBER TO ASSY
76A - | 120-61549-501 TRIPLE PASSENGER SEAT ASSY ............ VS4956 | 302/312} REF
- | 120-61549-503 TRIPLE PASSENGER SEAT ASSY ............ VS4956 | 313/999} REF
- | 120-41826-535 TRIPLE PASSENGER SEAT ASSY ............ VS4956 | 302/312} REF
- | 120-41826-521 TRIPLE PASSENGER SEAT ASSY ............ VS4956 | 313/999} REF
1 | 120-29069-009 . STRUCTURE, ASSY. (SEE FIGURE
25-21-00-109) 2.0... cece cceceeeeeeeeeeeeeeeeees VS4956 1
10 | 120-33774-001 . LINING ASSY., SEAT BOTTOM ............... VS4956 3
-11 | 120-33774-539 . LINING ASSY., SEAT BOTTOM ............... VS4956 | 302/312 3
-12 | 120-37314-001 © PLACARD. oo cccccccccccecccesseetsseeeeaeeees 1
20 | 120-42221-535 . LINING ASSY., SEAT BACKREST ............. VS4956 | 302/312 3
-21 | 120-42221-537 . LINING ASSY., SEAT BACKREST ............ VS4956 | 302/312
-22 | 120-42221-5","[""table_or_parts_list_text_cues""]",table_ocr_table_candidate_scan,False,False
334,t_p_120_1176_p000334,00000334.tif,local_data\organization\trace_net\ocr_route_scan_pack_tesseract_full\page_images\t_p_120_1176_p000334.tif,6d159bb5c0242a6cfd4cd8a582e5944723e4288af9728baf7dc52d9deb6d6ecf,table,detailed_parts_list,medium,"[""part_number_present"", ""ipl_column_terms""]",,needs_review,,105,925,6,"[""120-40636-001"", ""120-41231-001"", ""120-41474-002"", ""120-41475-003"", ""120-41826-521"", ""120-61549-501""]","€& emenncr

MAINTENANCE MANUAL WITH
ILLUSTRATED PARTS LIST

AIRLINE EFF | UNITS
FIG. ITEM| PARTNUMBER STOCK vase EODE. FROM | PER
NUMBER TO ASSY

76A ~~ 170 | 120-40636-001 . LINING ASSY, - ARMREST ............0.:ceee VS4956 3

180 | 120-41475-003 . COVER, TRIM, FRONT ..............c ccc eeeee VS4956 3

190 | 120-41474-002 . COVER, TRIM, REAR-FIXED ARMREST. VS4956 1

200 | 120-41231-001 . COVER, TRIM, REAR - MOVABLE VS4956 2

ARMREST. o........cccccccesesseeeeeeeeeceeecssssteseeeeees
ATTACHING PARTS

210 | PE17001-3PR PLUG, NYLON ooo. cece ceeteteeeeeenees VS4956 3

220 | MS24693-C26 SCREW, 20. ccccccccccccccccscesscsstsseeesaeeeeeeees 9

230 | AN960-8 ~ WASHER ou... ccccccccccccecccceestettseaeaeeeeeeees 3

-ITEM NOT ILLUSTRATED
Triple Passenger Seat (120-61549-501/503 and 120-41826-521/535)
Figure 76A
Sheet 3
EFFECTIVITY: ALL 25-2 1 -() 0
Page 1272C/D

T.P. 120/1176 Jan 15/01
","[""table_or_parts_list_text_cues""]",table_ocr_table_candidate_scan,False,False
335,t_p_120_1176_p000335,00000335.tif,local_data\organization\trace_net\ocr_route_scan_pack_tesseract_full\page_images\t_p_120_1176_p000335.tif,b96db1c40b1543b3522833ff33c109bf80dd3902a8e533910b60ae7d6ce75cc6,blank_candidate,blank_candidate,high,"[""empty_or_near_empty_ocr""]",,auto_suggested_review_recommended,,0,0,0,[],,"[""empty_ocr_low_ink""]",blank_candidate_confirmation_scan,False,False
336,t_p_120_1176_p000336,00000336.tif,local_data\organization\trace_net\ocr_route_scan_pack_tesseract_full\page_images\t_p_120_1176_p000336.tif,c8a2916733ceb404d645b379cf19a94eeed09efe929528a0bad2c7a74d5312a2,table,image_visual_diagram,medium,"[""figure_or_visual_label_signal"", ""limited_text_or_visual_route""]",,needs_review,,107,564,1,"[""120-36835-001""]","-< EMBRAER
MAINTENANCE MANUAL WITH
ILLUSTRATED PARTS LIST
80 40 20
Se 50
o ~“S 2 x
| // 70 (C) 180 200 \ 40 20
(/ 60 (A) NN YZ 30
ae XC"" 40 20
S 190 / /200
> 50
EF ® UY es
~ (A) RX,
+0 (Z ZL 190 bod NY s
OS ZK
\ =
SQ Oe, sy) ©
<> 1
Pe
Na)
oe —
7
We
MP
NWA
0 5 (C)
fel /e\( » ‘
140\  \439 ; 90 OB 160
140 —, | 90 170 |
120 130 i 130 | 200 — : (A)
wo |
ew , 140 100
120—*y
110 oa, 200 4
120TP250072.MCE
| Triple Passenger Seat (120-36835-001/501)
Figure 77
Sheet 1
EFFECTIVITY: ALL
25-21-00 Page 1273
T.P. 120/1176 Jan 15/01
","[""table_or_parts_list_text_cues""]",table_ocr_table_candidate_scan,False,False
337,t_p_120_1176_p000337,00000337.tif,local_data\organization\trace_net\ocr_route_scan_pack_tesseract_full\page_images\t_p_120_1176_p000337.tif,c52e6f011cb006811334a67c7355146b078a05b2a1541a8150a852ad15647c40,table,detailed_parts_list,high,"[""high_part_number_density"", ""detailed_parts_list_candidate""]",,needs_review,,252,2228,16,"[""120-29069-001"", ""120-29069-005"", ""120-33774-001"", ""120-36835-001"", ""120-36835-501"", ""120-36838-001"", ""120-36842-001"", ""120-36847-001"", ""120-37735-001"", ""120-38634-001"", ""120-40795-001"", ""120-40796-003"", ""120-40888-001"", ""120-41208-001"", ""120-46439-001"", ""120-46443-001""]","€& emenncr

MAINTENANCE MANUAL WITH
ILLUSTRATED PARTS LIST
AIRLINE EFF | UNITS
FIG. ITEM| PARTNUMBER STOCK Maer EODE. FROM | PER
NUMBER TO ASSY
77 - | 120-36835-001 TRIPLE PASSENGER SEAT ASSY ............ VS4956 | 034/035} REF
- | 120-36835-501 TRIPLE PASSENGER SEAT ASSY ............ VS4956 A REF
1 | 120-29069-001 . STRUCTURE, ASSY. (SEE FIGURE
25-21-00-108) 00... eee ccc eececeeeeeeeeeeeeees VS4956 | 034/035 1
-2 | 120-29069-005 . STRUCTURE, ASSY. (SEE FIGURE
25-21-00-109) 2.0... cece cceceeeeeeeeeeeeeeeeees VS4956 A 1
10 | 120-33774-001 . LINING, ASSY., SEAT BOTTOM ............... VS4956 3
20 | 120-36838-001 . LINING ASSY., SEAT BACKREST ............. VS4956 3
30 | 120-36847-001 . FOAM ASSY., SEAT BACKREST ............. VS4956 3
-31 | 120-46443-001 . FOAM ASSY., SEAT BACKREST ............. VS4956 3
40 | 120-46439-001 . COMPLEMENT, BACKREST .................... VS4956 3
50 | 120-41208-001 COVER oo. ..ecccccccceceettceeseeeeeeceeeeeeseesttteaees VS4956 B 3
-51 | 120-","[""table_or_parts_list_text_cues""]",table_ocr_table_candidate_scan,False,False
338,t_p_120_1176_p000338,00000338.tif,local_data\organization\trace_net\ocr_route_scan_pack_tesseract_full\page_images\t_p_120_1176_p000338.tif,c9b2f95e8aa2e3e4790565753fff324323c1e510376bccc39196aac718dcbb92,table,detailed_parts_list,medium,"[""part_number_present"", ""ipl_column_terms""]",,needs_review,,71,520,1,"[""120-36835-001""]","€& emenncr

MAINTENANCE MANUAL WITH
ILLUSTRATED PARTS LIST
AIRLINE EFF | UNITS
FIG. ITEM| PARTNUMBER | STOCK vase EODE. FROM | PER
NUMBER TO ASSY
77 ATTACHING PARTS
200 | MS24693-S24 SCREW ooo. ceeeeeeeeeeeeeeeeeeeeeenes $s)

USAGE CODE LIST

A AIRCRAFT 120036 THRU 120048 AND
120052

B AIRCRAFT 120038 THRU 120048
C AIRCRAFT 120034 THRU 120037

-ITEM NOT ILLUSTRATED
Triple Passenger Seat (120-36835-001/501)

Figure 77
Sheet 3

EFFECTIVITY: ALL 25-21 -00
Page 1275

T.P. 120/1176 Jan 15/01
","[""table_or_parts_list_text_cues""]",table_ocr_table_candidate_scan,False,False
339,t_p_120_1176_p000339,00000339.tif,local_data\organization\trace_net\ocr_route_scan_pack_tesseract_full\page_images\t_p_120_1176_p000339.tif,485ba45fb3d9ae821f430edb9eefc7315fb6209a0c4ba224b5ce1bc97e39c4ae,table,image_visual_diagram,medium,"[""figure_or_visual_label_signal"", ""limited_text_or_visual_route""]",,needs_review,,94,480,1,"[""120-46137-001""]","-< EMBRAER
MAINTENANCE MANUAL WITH
ILLUSTRATED PARTS LIST
70 20
Nee (C) 170 200 SS 20
"" (AS NN SS 30
JF 180 20 =
am o (A) 7 oN SS 4
(@ i 180 / /200 *
10 C TS y/ (A) ()
\ S
SS ones |
10 VY Ke Zz:
ZA =
ez Q
oe SS
7
We
,
\ \120 ; 30 F150
a. 80 160 LPP
ve 90 | o a
120 s o 200 —— | (A)
110 lz
we 120. a 90
120 190
120TP250073.MCE
Triple Passenger Seat (120-46137-001/501)
Figure 78
Sheet 1
EFFECTIVITY: ALL 25-21 -00
Page 1276
T.P. 120/1176 Jan 15/01
","[""table_or_parts_list_text_cues""]",table_ocr_table_candidate_scan,False,False
340,t_p_120_1176_p000340,00000340.tif,local_data\organization\trace_net\ocr_route_scan_pack_tesseract_full\page_images\t_p_120_1176_p000340.tif,3e3aa25759fd0c5745b13af886752a9a9a564308c76930fef25a1950c1d5998e,table,detailed_parts_list,high,"[""high_part_number_density"", ""detailed_parts_list_candidate""]",,needs_review,,210,2021,13,"[""120-29069-007"", ""120-29069-009"", ""120-36842-001"", ""120-40636-001"", ""120-41231-001"", ""120-41474-002"", ""120-41475-003"", ""120-42070-001"", ""120-45726-001"", ""120-45847-001"", ""120-45848-001"", ""120-46137-001"", ""120-46137-501""]","€& emenncr

MAINTENANCE MANUAL WITH
ILLUSTRATED PARTS LIST
AIRLINE EFF | UNITS
FIG. ITEM| PARTNUMBER | STOCK vase EODE. FROM| PER
NUMBER To | ASSY
78 - | 120-46137-001 TRIPLE PASSENGER SEAT ASSyY ............ vs4956 |071/171| REF
- | 120-46137-501 TRIPLE PASSENGER SEAT ASSY ............ VS4956 | 172/999] REF
1 | 120-29069-007 .STRUCTURE, ASSY. (SEE FIGURE
25-21-00-107) oooeececccccssseeteseesetetteeeereeeenee vs4e56 [071/171] 1
-2 | 120-29069-009 _ STRUCTURE, ASSY. (SEE FIGURE
25-21-00-107) oooeecccccccseseteseesetteseeeentetenee vs4956 |172/999| 1
10 | 120-45847-001 LINING ASSY., SEAT BOTTOM... VS4956 3
20 | 120-45848-001 _ LINING ASSY., SEAT BACKREST ........... VS4956 3
30 | 120-42070-001 . FOAM ASSY., SEAT BACKREST ............ VS4956 3
40 | 120-45726-001 COVER, PLASTIC oo.cccccccccssceceescetteeeseee vs4956 | A 3
50 | 120-36842-001 . STOWAGE ASSY., LIFE JACKET ............ VS4956 3
ATTACHING PARTS
60 | 1002-F . FASTENER BUTTON, MALE 0... ccc E075221 12
70 | 100","[""table_or_parts_list_text_cues""]",table_ocr_table_candidate_scan,False,False
341,t_p_120_1176_p000341,00000341.tif,local_data\organization\trace_net\ocr_route_scan_pack_tesseract_full\page_images\t_p_120_1176_p000341.tif,9e077d62325c3aa34cd99ebd67e4d1a32bb923418d241f1fad81eeb212c6d06b,table,detailed_parts_list,medium,"[""part_number_present"", ""ipl_column_terms""]",,needs_review,,72,555,1,"[""120-46137-001""]","€& emenncr

USAGE CODE LIST

A AIRCRAFT 120104 THRU 120308 AND
120310

MAINTENANCE MANUAL WITH
ILLUSTRATED PARTS LIST
AIRLINE EFF | UNITS
FIG. ITEM; PARTNUMBER | STOCK Maer EODE. FROM; PER
NUMBER TO ASSY
18 ATTACHING PARTS
190 | PE1/7001-3PR PLUG, NYLON 0... eeeceeeetteetereterenees 3
200 | MS24693-C28 SO 9g
210 | AN960-8 ~ WASHER ec ceecceeeeereeeeeeeeneteeeteretenenees 3

-ITEM NOT ILLUSTRATED

Triple Passenger Seat (120-46137-001/501)
Figure 78
Sheet 3

EFFECTIVITY: ALL

25-21 -00 Page 1278

T.P. 120/1176

Sep 30/98
","[""table_or_parts_list_text_cues""]",table_ocr_table_candidate_scan,False,False
342,t_p_120_1176_p000342,00000342.tif,local_data\organization\trace_net\ocr_route_scan_pack_tesseract_full\page_images\t_p_120_1176_p000342.tif,e4a86647dfa46b551a02909a28f987170a2765a0f7d90415f35f2bf55701ae88,table,image_visual_diagram,medium,"[""figure_or_visual_label_signal"", ""limited_text_or_visual_route""]",,needs_review,,81,442,1,"[""120-29067-001""]","< EMBRAER
MAINTENANCE MANUAL WITH
ILLUSTRATED PARTS LIST
80 (}
180 A Lyd: 130
eB
160 110 120 400 (A)
5 x S 6
| SS /——-170 Fe
o NG A . i =e
we ~~ ‘JT —— 150 LP \
S LA / Be
CLE 30 a | \
ON :
40
“
a 50
90 (D) on
70
@
190 210,
Be 10 —&
120 7 L
: ee ee
Sal N6f 140
J . oe
120TP250074.MCE
Single Passenger Seat Structure (120-29067-001)
Figure 79
Sheet 1
EFFECTIVITY: ALL
25-21-00 Page 1279
T.P. 120/1176 Sep 30/98
","[""table_or_parts_list_text_cues""]",table_ocr_table_candidate_scan,False,False
343,t_p_120_1176_p000343,00000343.tif,local_data\organization\trace_net\ocr_route_scan_pack_tesseract_full\page_images\t_p_120_1176_p000343.tif,203c3d8ab9741c517ba0527da601cf614889e4b5529ee79135c0244aa571fcd5,table,detailed_parts_list,high,"[""high_part_number_density"", ""detailed_parts_list_candidate""]",,needs_review,,220,1882,10,"[""120-20970-001"", ""120-29067-001"", ""120-29067-011"", ""120-29073-001"", ""120-29076-001"", ""120-29093-001"", ""120-31565-002"", ""120-34291-001"", ""120-34293-001"", ""120-36060-001""]","€ emenncn

MAINTENANCE MANUAL WITH

ILLUSTRATED PARTS LIST
AIRLINE EFF | UNITS
FIG. ITEM | PARTNUMBER STOCK vase EODE. FROM | PER
NUMBER TO ASSY
79 - | 120-29067-001 STRUCTURE ASSY ......cccccccceceeeeeeeeeeeeees VS4956 A REF
1 | 120-29073-001 . STRUCTURE, LATERAL LEG. ................. VS4956 1
ATTACHING PARTS
10 | PE21052-2 W PIN, ATTACH............ccccceccseceeeeeeeeeeeeeseeennees 1
20 | 42952-10 / FITTING, ATTACH 0... ec cccecceeenteennees 1
-21 |42975-12 OCREW ccc cceneesetseeeeeeeeeeeeeeeennaes 1
-22 | 43392-10 OPRING Lo. cccccceeeeeteseeeeeeeeeeeeeeeenaes 1
30 | MS21042L5 NUT oo ccceeceeeeeeeesssesseeseeeseeseeeeeeeeeeeeees es 2
40 | AN960-516 Ae) | lp ee 2
50 | AN960-516L WASHER LL... cece cece eeeeeeeeeeeeeneeeenaes 2
60 | AN5-16A ial = | ©) Et ne 1
70 | 120-34291-001 . PROTECTOR, LUGGAGE............000000008 VS4956 1
80 | 120-29067-011 » FBACKREST .............0ccccccseceeeeceeeeeeeenteennees VS4956 1
90 | 120-29076-001 SEAT oc cccccccccescneetsssseeeeeee","[""table_or_parts_list_text_cues""]",table_ocr_table_candidate_scan,False,False
344,t_p_120_1176_p000344,00000344.tif,local_data\organization\trace_net\ocr_route_scan_pack_tesseract_full\page_images\t_p_120_1176_p000344.tif,f98a298d87c2f5a918251241c649754c2e490f23473301d84e66d7d998e82ea6,table,detailed_parts_list,high,"[""multiple_part_numbers"", ""ipl_column_terms""]",,needs_review,,101,806,3,"[""120-20970-003"", ""120-29067-001"", ""120-36060-003""]","-<€ EMBRAER

MAINTENANCE MANUAL WITH

ILLUSTRATED PARTS LIST

AIRLINE

NOMENCLATURE

VENDOR

EFF

UNITS

FIG. ITEM

PART NUMBER

STOCK

1234567

CODE

FROM

PER

NUMBER

TO

ASSY

19

ATTACHING PARTS

190

120-20970-003

ee

VS4956

028

STRUCTURE, ARMREST

-191

120-36060-003

STRUCTURE, ARMREST

ee

VS4956

B

200

MS51957-45

SCREW

210

MS21061L08

NUT

eee Cece eee eee ee ee ee ee ee ey

KK

USAGE CODE LIST

A AIRCRAFT 120028, 120034 THRU

120048, 120052, 120056 AND 120059

B AIRCRAFT 120034 THRU 120048,

120052, 120056 AND 120059

-ITEM NOT ILLUSTRATED

Single Passenger Seat Structure (120-29067-001)

Figure 79

Sheet 3

EFFECTIVITY: ALL

25-21-00

Page 1281

T.P. 120/1176

Apr 10/06
","[""table_or_parts_list_text_cues""]",table_ocr_table_candidate_scan,False,False
345,t_p_120_1176_p000345,00000345.tif,local_data\organization\trace_net\ocr_route_scan_pack_tesseract_full\page_images\t_p_120_1176_p000345.tif,1b64ec464bd788df7ced22c1085d6ba7796e8b50c2ca1fc44b0c1eb397b59779,table,image_visual_diagram,medium,"[""figure_or_visual_label_signal"", ""limited_text_or_visual_route""]",,needs_review,,80,463,1,"[""120-29067-019""]","< EMBRAER
MAINTENANCE MANUAL WITH
ILLUSTRATED PARTS LIST
80
Sy ; /) =
190 (\\ _ 140
st QI
70 120 130 Ho (A)
a
G ~ ©
/_ —— 180 Se
SEF WA _ 60
we ~ i 160 LP \
QE [Pe
mK \ (B) ~
a
8 50
100 (D) oc
70 |
@
200 oo
__g
Qty =
180 ~~ VU
} 8 aa
EAS XK oo (D)
SSA SG 155
SNE
I 210 &S3
\ 150
120TP250075.MCE
Single Passenger Seat Structure (120-29067-019/029)
Figure 80
Sheet 1
EFFECTIVITY: ALL
25-21 -00 Page 1282
T.P. 120/1176 Sep 30/98
","[""table_or_parts_list_text_cues""]",table_ocr_table_candidate_scan,False,False
346,t_p_120_1176_p000346,00000346.tif,local_data\organization\trace_net\ocr_route_scan_pack_tesseract_full\page_images\t_p_120_1176_p000346.tif,8dffe9dfc0a70ffa55b76d4a4157e51d6d3635cfc3d0eff4d34d9ccb2027c9a8,table,detailed_parts_list,high,"[""high_part_number_density"", ""detailed_parts_list_candidate""]",,needs_review,,248,2339,12,"[""120-29067-019"", ""120-29067-029"", ""120-29073-001"", ""120-29073-005"", ""120-29075-031"", ""120-29076-001"", ""120-34291-001"", ""120-40849-001"", ""120-40851-001"", ""120-48023-001"", ""120-48024-001"", ""120-61546-001""]","€ emenncn

MAINTENANCE MANUAL WITH

ILLUSTRATED PARTS LIST
AIRLINE EFF | UNITS
FIG. ITEM | PARTNUMBER STOCK vase EODE. FROM; PER
NUMBER TO ASSY
80 - | 120-29067-019 STRUCTURE ASSY ......cccccceeeeeeeeeeeeeeeeees VS4956 A REF
- | 120-29067-029 STRUCTURE ASSY ......cccccceeeeeeeeeeeeeeeeees VS4956 | 172/999] REF
1 | 120-29073-001 . STRUCTURE, LATERAL LEG ................ VS4956 A 1
-2 | 120-29073-005 . STRUCTURE, LATERAL LEG ...........0...... VS4956 | 172/999 1
ATTACHING PARTS
10 | PE21052-2 / PIN, ATTACH... ccccccceeetettteneeeeeeeees 049/301 1
-11 | 120-48023-001 / PIN, ATTACH... ccccccccenecseaeaeeeeeeeeeees VS4956 | 302/999 1
-15 | 120-61546-001 NC) ere VS4956 | 302/999 1
20 | 42952-10 ~ FITTING, ATTACH... ceceeeceeeeeeeeeeeeeees 1
-21 | 42975-12 OCREW. 2... ccccccccceeccececentttsseessaeeeeeeeeees 1
-22 | 43392-10 ARS) od 3d | C 1
30 |MS21042L5 NUT oo. cececeeeeeeesssssesseeeeeeseeseeeseeeeeeeeeeees 2
40 | AN960-516 AVN) | =] 5 Ore 2
50 | AN960-516L AVN) | =] 5","[""table_or_parts_list_text_cues""]",table_ocr_table_candidate_scan,False,False
347,t_p_120_1176_p000347,00000347.tif,local_data\organization\trace_net\ocr_route_scan_pack_tesseract_full\page_images\t_p_120_1176_p000347.tif,5273feda6f51cbef873028fce5bb82b30b3258f3e79764b9ec839324d67f92eb,table,detailed_parts_list,high,"[""multiple_part_numbers"", ""ipl_column_terms""]",,needs_review,,174,1303,7,"[""120-29067-019"", ""120-29093-001"", ""120-31565-001"", ""120-31565-002"", ""120-34293-001"", ""120-34293-003"", ""120-41225-001""]","-<€ EMBRAER

MAINTENANCE MANUAL WITH

ILLUSTRATED PARTS LIST

AIRLINE

NOMENCLATURE

VENDOR

EFF

UNITS

FIG. ITEM

PART NUMBER

STOCK

FROM

PER

NUMBER

1234567

CODE

TO

ASSY

80

KK

160

120-29093-001

ee ee ee ee

VS4956

. SUPPORT, ATTACH

170

120-34293-003

. SUPPORT, ATTACH

ee ee ee ee

VS4956

-171

120-34293-001

SUPPORT, ATTACH

ee ee ee ee

VS4956

A

1

180

120-31565-002

A

1

PLATE, ATTACH

ee ee ee ee ee

VS4956

-181

120-31565-001

ee ee ee ee ee

VS4956

172/999

1

PLATE, ATTACH

190

120-41225-001

STRUCTURE, ARMREST

ee ee ee ey

VS4956

200

120-41225-001

STRUCTURE, ARMREST

ee ee ee ey

VS4956

ATTACHING PARTS

210

MS51957-45

SCREW

220

MS21061L08

NUT

eee eee eee ee ee ee ee ee ee ee

KK

USAGE CODE LIST

A AIRCRAFT 120049 THRU 120051,

120053 THRU 120055, 120057 AND

120058, 120060 THRU 120171

B AIRCRAFT","[""table_or_parts_list_text_cues""]",table_ocr_table_candidate_scan,False,False
348,t_p_120_1176_p000348,00000348.tif,local_data\organization\trace_net\ocr_route_scan_pack_tesseract_full\page_images\t_p_120_1176_p000348.tif,5a7877c3e0cf221455b2136d39144a6a776210d1fe229cd09b9538152e255e53,table,image_visual_diagram,medium,"[""figure_or_visual_label_signal"", ""limited_text_or_visual_route""]",,needs_review,,87,468,1,"[""120-29067-003""]","< EMBRAER
MAINTENANCE MANUAL WITH
ILLUSTRATED PARTS LIST
80
1 \\\ 140
E Br
70 120 130 = 110 (A)
=a
@ SQ ®
/+--—— 180 an 50
\
4 él
we ""i 160 LP \
AL at
K (A) 20 og
<T<\~e
40
a
8 50
100 (D) on
70 |
@
190 10 —_§
SQ oY
4 . 120 L
Ly a _~ LO )
YO SQN NAL
| SS a 155
200 (S3
N 150
G o
_ 120TP250076.MCE
Single Passenger Seat Structure (120-29067-003/021/031)
Figure 81
Sheet 1
EFFECTIVITY: ALL
25 21 00 Page 1285
T.P. 120/1176 Jan 15/01
","[""table_or_parts_list_text_cues""]",table_ocr_table_candidate_scan,False,False
349,t_p_120_1176_p000349,00000349.tif,local_data\organization\trace_net\ocr_route_scan_pack_tesseract_full\page_images\t_p_120_1176_p000349.tif,11cfde31bc0dcd5b7c9a44fbc66a10de79d383d50d75723269b9d23714c8e9eb,table,detailed_parts_list,high,"[""high_part_number_density"", ""detailed_parts_list_candidate""]",,needs_review,,259,2250,13,"[""120-29067-003"", ""120-29067-011"", ""120-29067-021"", ""120-29067-031"", ""120-29073-001"", ""120-29073-005"", ""120-29075-031"", ""120-29076-001"", ""120-34291-001"", ""120-40849-001"", ""120-40851-001"", ""120-48023-001"", ""120-61546-001""]","€ emenncn

MAINTENANCE MANUAL WITH

ILLUSTRATED PARTS LIST
FIG. ITEM PART NUMBER ‘STOCK vase EODE. FROM PER
NUMBER TO ASSY
81 - | 120-29067-003 STRUCTURE ASSY .........ccccccceeeeeeeeeeeeeas VS4956 A REF
- | 120-29067-021 STRUCTURE ASSY .........ccccccceeeeeeeeeeeeeas VS4956 B REF
- | 120-29067-031 STRUCTURE ASSY .........ccccccceeeeeeeeeeeeeas VS4956 | 172/999} REF
1 | 120-29073-001 . STRUCTURE, LATERAL LEG................ VS4956 C 1
-2 | 120-29073-005 . STRUCTURE, LATERAL LEG ................... VS4956 | 172/999 1
ATTACHING PARTS
10 | PE21052-2 PIN, ATTACH... ccc ccccceceeee eee eeeeeeeeeeeees D 1
-11 | 120-48023-001 PIN, ATTACH... cece ccccccceeeeeeaeeeneeaes VS4956 | 302/999 1
-15 | 120-61546-001 NC VS4956 | 302/999} 1
20 | 42952-10 ~ FITTING, ATTACH ..... 0... .cccc cece ee ee ee eeeaeees 1
-21 | 42975-12 SCREW... .cccccecessseeseesceeseesseeseeeeeeeeeeees 1
-22 | 43392-10 SPRING 2... .ccc cece ecec ee ececeeeeeaeeeeeeeeeeseaeees 1
30 | MS21042L5 NO 2
40 | AN96","[""table_or_parts_list_text_cues""]",table_ocr_table_candidate_scan,False,False
350,t_p_120_1176_p000350,00000350.tif,local_data\organization\trace_net\ocr_route_scan_pack_tesseract_full\page_images\t_p_120_1176_p000350.tif,5d96dc579503715a13039b0ddf275b23bc69d2f51332e2ff3bb7aea998785b7b,table,detailed_parts_list,high,"[""high_part_number_density"", ""detailed_parts_list_candidate""]",,needs_review,,234,1764,10,"[""120-20970-003"", ""120-29067-003"", ""120-29093-001"", ""120-31565-001"", ""120-31565-002"", ""120-34293-001"", ""120-34293-003"", ""120-36060-003"", ""120-41225-001"", ""120-48024-001""]","-<€ EMBRAER

MAINTENANCE MANUAL WITH

ILLUSTRATED PARTS LIST

AIRLINE

NOMENCLATURE

VENDOR

EFF

UNITS

FIG. ITEM

PART NUMBER

STOCK

FROM

PER

NUMBER

1234567

CODE

TO

ASSY

81

-151

PE21052-2

. PIN, ATTACH

ee ee ee ee ee ee ee

VS4956

Cc

1

155

120-48024-001

. RING, LOCKING

ee ee ee

VS4956

172/999

1

KK

120-29093-001

VS4956

160

. SUPPORT, ATTACH

eee ee ee ee ee

120-34293-003

eee ee ee ee ee

VS4956

E

1

170

. SUPPORT, ATTACH

-171

120-34293-001

. SUPPORT, ATTACH

eee ee ee ee ee

VS4956

Cc

1

180

120-31565-002

. PLATE, ATTACH

ee ee ee ee

VS4956

Cc

1

-181

120-31565-001

. PLATE, ATTACH

ee ee ee ee

VS4956

172/999

1

190

120-20970-003

. STRUCTURE, ARMREST

ee

VS4956

A

1

-191

120-36060-003

. STRUCTURE, ARMREST

ee

VS4956

Cc

1

-192

120-41225-001

. STRUCTURE, ARMREST

e","[""table_or_parts_list_text_cues""]",table_ocr_table_candidate_scan,False,False
351,t_p_120_1176_p000351,00000351.tif,local_data\organization\trace_net\ocr_route_scan_pack_tesseract_full\page_images\t_p_120_1176_p000351.tif,b0291488f7c3021b9c08450ebe375c0cc26c639a8907d08b462dad14d370e0ac,table,image_visual_diagram,medium,"[""figure_or_visual_label_signal"", ""limited_text_or_visual_route""]",,needs_review,,84,445,1,"[""120-29067-005""]","< EMBRAER
MAINTENANCE MANUAL WITH
ILLUSTRATED PARTS LIST
70 (i)
170 f \ ly d 120
re
+50 100 110 90 (A)
=a
G ~ ©
/——160 Bo
F NG Sl 50 ; ne
we — fi 140 FAP vg \
Za ip
E © :
[F7” ON 8)
40
a
& — 50
80 (D) on
@
180 Uo :
7 0—é
110 Zoe
H ® a aoa
AS OK oo (D)
Sa lS 130
190 a
120TP250077.MCE
Single Passenger Seat Structure (120-29067-005)
Figure 82
Sheet 1
EFFECTIVITY: ALL
25-21 -00 Page 1288
T.P. 120/1176 Sep 30/98
","[""table_or_parts_list_text_cues""]",table_ocr_table_candidate_scan,False,False
352,t_p_120_1176_p000352,00000352.tif,local_data\organization\trace_net\ocr_route_scan_pack_tesseract_full\page_images\t_p_120_1176_p000352.tif,f57395f3d4b3da8c2a6d158dfbe2fa11097633d421a1b47534de15d3c291e980,table,detailed_parts_list,high,"[""high_part_number_density"", ""detailed_parts_list_candidate""]",,needs_review,,218,1997,10,"[""120-20970-001"", ""120-29067-005"", ""120-29067-011"", ""120-29067-013"", ""120-29073-001"", ""120-29076-001"", ""120-29093-001"", ""120-31565-002"", ""120-34293-001"", ""120-36060-001""]","€ emenncn

MAINTENANCE MANUAL WITH

ILLUSTRATED PARTS LIST
AIRLINE EFF | UNITS
FIG. ITEM | PARTNUMBER STOCK vase EODE. FROM; PER
NUMBER TO ASSY
82 - | 120-29067-005 STRUCTURE ASSY ......cccccceeeeeeeeeeeeeeeeees VS4956 A REF
1 | 120-29073-001 . STRUCTURE, LATERAL LEG ................ VS4956 1
ATTACHING PARTS
10 | PE21052-2 / PIN, ATTACH... cccccccccceentstttstseeeeeeeees 1
20 | 42952-10 . FITTING, ATTACH ....... cc. ccceeeecceeeeeeeeeeeeees 1
-21 | 42975-12 OCREW. 2... ccccccccceeccececentttsseessaeeeeeeeeees 1
-22 | 43392-10 ARS) od 3d | C 1
30 | MS21042L5 NUT oo. cececeeeeeeesssssesseeeeeeseeseeeseeeeeeeeeeees 2
40 | AN960-516 AVN) | =] 5 Ore 2
50 | AN960-516L AVN) | =] 5 2
60 | AN5-16A BOLT 000... ccccccccccsseceeeeceeeeceeeeeesssstsasssaueeeeeees 1
70 | 120-29067-011 . FBACKREST 1.0... cccccceeeteeenteeeeeeeeeees VS4956 028 1
-71 | 120-29067-013 . FBACKREST ..... on ccccccceeeeeeneteeeeeeeeeees VS4956 B 1
80 | 120-29076-001 SEAT wooo ceeccccccccccccceccceenstet","[""table_or_parts_list_text_cues""]",table_ocr_table_candidate_scan,False,False
353,t_p_120_1176_p000353,00000353.tif,local_data\organization\trace_net\ocr_route_scan_pack_tesseract_full\page_images\t_p_120_1176_p000353.tif,c3884dea650b2652e97406a93eeeb95b4ff19add725ae2c64ab5d5bf634a0227,table,detailed_parts_list,high,"[""multiple_part_numbers"", ""ipl_column_terms""]",,needs_review,,107,826,3,"[""120-20970-003"", ""120-29067-005"", ""120-36060-003""]","-<€ EMBRAER

MAINTENANCE MANUAL WITH

ILLUSTRATED PARTS LIST

AIRLINE

NOMENCLATURE

VENDOR

EFF

UNITS

FIG. ITEM

PART NUMBER

STOCK

1234567

CODE

FROM

PER

NUMBER

TO

ASSY

82

180

120-20970-003

. STRUCTURE, ARMREST

ee ee ee ey

VS4956

028

-181

120-36060-003

. STRUCTURE, ARMREST

ee ee ee ey

VS4956

B

ATTACHING PARTS

190

MS51957-45

SCREW

200

MS21061L08

NUT

eee eee eee ee ee ee ee ee ee ee

KK

USAGE CODE LIST

A AIRCRAFT 120028, 120034 THRU

120048, 120052, 120056 AND 120059

B AIRCRAFT 120034 THRU 120048,

120052, 120056 AND 120059

-ITEM NOT ILLUSTRATED

Single Passenger Seat Structure (120-29067-005)

Figure 82

Sheet 3

EFFECTIVITY: ALL

25-21-00

Page 1290

T.P. 120/1176

Apr 10/06
","[""table_or_parts_list_text_cues""]",table_ocr_table_candidate_scan,False,False
354,t_p_120_1176_p000354,00000354.tif,local_data\organization\trace_net\ocr_route_scan_pack_tesseract_full\page_images\t_p_120_1176_p000354.tif,1896677d180ea1c38b0c2730f1b38204aedf14876150372a8b463a41a674db82,table,image_visual_diagram,medium,"[""figure_or_visual_label_signal"", ""limited_text_or_visual_route""]",,needs_review,,81,456,1,"[""120-29067-023""]","< EMBRAER
MAINTENANCE MANUAL WITH
ILLUSTRATED PARTS LIST
80
Ny ; WA =
190 | \\ 140
BP
70 120 130 A (A)
ae
@ SQ ®
/_-——- 180 Se
SEF Wa _ 60
we ~ a 160 AP \
y CZ hai
re \ (B) 40
a
@& — 50
100 (D) on
70 |
@
=
10 —&
SQ > Y
130 77 v
AS OK oo (D)
SSA Ser 155
a ee
I 210 ee)
\ 150
120TP250075.MCE
Single Passenger Seat Structure (120-29067-023/033)
Figure 83
Sheet 1
EFFECTIVITY: ALL
25 21 00 Page 1291
T.P. 120/1176 Sep 30/98
","[""table_or_parts_list_text_cues""]",table_ocr_table_candidate_scan,False,False
355,t_p_120_1176_p000355,00000355.tif,local_data\organization\trace_net\ocr_route_scan_pack_tesseract_full\page_images\t_p_120_1176_p000355.tif,ff773b54c549a6db61ec2a63d0050ffb3375daa8155305ff9119fdb6f6f7f611,table,detailed_parts_list,high,"[""high_part_number_density"", ""detailed_parts_list_candidate""]",,needs_review,,238,2407,12,"[""120-29067-011"", ""120-29067-013"", ""120-29067-023"", ""120-29067-033"", ""120-29073-001"", ""120-29073-005"", ""120-29075-017"", ""120-29076-001"", ""120-34291-001"", ""120-40849-001"", ""120-40851-009"", ""120-48023-001""]","€ emenncn

MAINTENANCE MANUAL WITH

ILLUSTRATED PARTS LIST
AIRLINE EFF | UNITS
FIG. ITEM | PARTNUMBER STOCK vase EODE. FROM | PER
NUMBER TO ASSY
83 - | 120-29067-023 STRUCTURE ASSY ......cccccccceceeeeeeeeeeeeees VS4956 A REF
- | 120-29067-033 STRUCTURE ASSY ......cccccccceceeeeeeeeeeeeees VS4956 | 172/999] REF
1 | 120-29073-001 . STRUCTURE, LATERAL LEG............0064 VS4956 A 1
-2 | 120-29073-005 . STRUCTURE, LATERAL LEG ................... VS4956 | 172/999 1
ATTACHING PARTS
10 | PE21052-2 W PIN, ATTACH............ccccceccseceeeeeeeeeeeeeseeennees 1
20 | 42952-10 / FITTING, ATTACH 0... ec cccecceeenteennees 1
-21 |42975-12 OCREW ccc cceneesetseeeeeeeeeeeeeeeennaes 1
-22 | 43392-10 OPRING Lo. cccccceeeeeteseeeeeeeeeeeeeeeenaes 1
30 | MS21042L5 NUT uo. cccecceceeesesesttteeseesseeseeeeeeeeeeeeeee es 2
40 | AN960-516 Ae) | lp ee 2
50 | AN960-516L WASHER LL... cece cece eeeeeeeeeeeeeneeeenaes 2
60 | AN5-16A BOLT oo. cccccccccccccceececcecesstsseeaeeeeeeeeeeeeeeeeeaaas","[""table_or_parts_list_text_cues""]",table_ocr_table_candidate_scan,False,False
356,t_p_120_1176_p000356,00000356.tif,local_data\organization\trace_net\ocr_route_scan_pack_tesseract_full\page_images\t_p_120_1176_p000356.tif,b01a2b25fe34959b2ec160b743bd6dcd4784a8658721fe716319125d5c3339fc,table,detailed_parts_list,high,"[""high_part_number_density"", ""detailed_parts_list_candidate""]",,needs_review,,190,1486,10,"[""120-29067-023"", ""120-29093-001"", ""120-31565-001"", ""120-31565-002"", ""120-34293-001"", ""120-34293-003"", ""120-36060-001"", ""120-36060-003"", ""120-41225-001"", ""120-48024-001""]","-<€ EMBRAER

MAINTENANCE MANUAL WITH

ILLUSTRATED PARTS LIST

AIRLINE

NOMENCLATURE

VENDOR

EFF

UNITS

FIG. ITEM

PART NUMBER

STOCK

FROM

PER

NUMBER

1234567

CODE

TO

ASSY

83

-151

PE21052-2

. PIN, ATTACH

A

1

155

120-48024-001

. RING, LOCKING

ee ee ee ee ed

VS4956

172/999

1

BRK

160

120-29093-001

. SUPPORT, ATTACH

ee ee ee ee

VS4956

170

120-34293-003

. SUPPORT, ATTACH

ee ee ee ee

VS4956

-171

120-34293-001

. SUPPORT, ATTACH

ee ee ee ee

VS4956

A

180

120-31565-002

A

. PLATE, ATTACH

ee ee ee ee

VS4956

-181

120-31565-001

ee ee ee ee

VS4956

172/999

. PLATE, ATTACH

190

120-36060-001

ee ee ee

VS4956

A

. STRUCTURE, ARMREST

- 191

120-41225-001

. STRUCTURE, ARMREST

ee ee ee

VS4956

200

120-36060-003

. STRUCTURE, ARMREST

ee ee ee

VS4956

-201

120-41225-001

. STRUCTURE, ARMREST

e","[""table_or_parts_list_text_cues""]",table_ocr_table_candidate_scan,False,False
357,t_p_120_1176_p000357,00000357.tif,local_data\organization\trace_net\ocr_route_scan_pack_tesseract_full\page_images\t_p_120_1176_p000357.tif,cc3db61264719d62b165d00f2f80b7bfa35081992d8ebded48a0843c5e3f2ae0,table,image_visual_diagram,medium,"[""figure_or_visual_label_signal"", ""limited_text_or_visual_route""]",,needs_review,,82,589,1,"[""120-29067-015""]","< EMBRAER

MAINTENANCE MANUAL WITH

ILLUSTRATED PARTS LIST

80

90

190

140

lA

170

120 130

110

f

Sik

SS 7 180

60

| ~

40 59

160

""oe \

<~e

30

| |S

20

30

cE

40

a 50

100 om

(C) 70

LA

220

200

0——s

120

250 ——

130

ik

a oO

~™MN

NN ONS

i

~™N

+r

155

230 —&

210

Se

240 — §

150

“2

120TP250078.MCE

Single Passenger Seat Structure (120-29067-015/025/035)

Figure 84

Sheet 1

EFFECTIVITY: ALL

25-21-00

Page 1294

T.P. 120/1176

Sep 30/98
","[""table_or_parts_list_text_cues""]",table_ocr_table_candidate_scan,False,False
358,t_p_120_1176_p000358,00000358.tif,local_data\organization\trace_net\ocr_route_scan_pack_tesseract_full\page_images\t_p_120_1176_p000358.tif,5045f3b1697df049dca6838e7b7e52c37c1b7e4b09cf97af8915c02f43d3966c,table,detailed_parts_list,high,"[""high_part_number_density"", ""detailed_parts_list_candidate""]",,needs_review,,275,2581,16,"[""120-29067-011"", ""120-29067-015"", ""120-29067-025"", ""120-29067-035"", ""120-29073-001"", ""120-29073-005"", ""120-29075-031"", ""120-29076-001"", ""120-29093-001"", ""120-34291-001"", ""120-34293-003"", ""120-40849-001"", ""120-40851-001"", ""120-48023-001"", ""120-48024-001"", ""120-61546-001""]","€ emenncn

MAINTENANCE MANUAL WITH

ILLUSTRATED PARTS LIST
AIRLINE EFF | UNITS
FIG. ITEM| PARTNUMBER | STOCK Meuse eODE. FROM | PER
NUMBER TO ASSY
84 - | 120-29067-015 STRUCTURE ASSY ...0....eececcecerteeetereteees VS4956 A REF
- | 120-29067-025 STRUCTURE ASSY ...0....eececcecerteeetereteees VS4956 B REF
- | 120-29067-035 STRUCTURE ASSY ...00...eccceerreeretrerttees VS4956 | 172/999} REF
1 | 120-29073-001 . STRUCTURE, LATERAL LEG... VS4956 | 035/171 1
-2 | 120-29073-005 . STRUCTURE, LATERAL LEG... VS4956 | 172/999 1
ATTACHING PARTS
10 | PE21052-2 ~ PIN, ATTACH... 2. ececcececteeeeeeeeeseereenereeneees 035/301 1
-11 | 120-48023-001 / PIN, ATTACH... eee eeceeereeeeeereeceerterentreeenees VS4956 | 302/999 1
-15 | 120-61546-001 A | Oe VS4956 | 302/999 1
20 | 42952-10 -FIITTING, ATTACH 0... eeeceeeeeteeetentrerenes 1
-21 | 42975-12 OCREW. 2... eecccceeecceeeeeeeeseeeesnetetentterenees 1
-22 | 43392-10 OPRING 0. eccceeereeeeeeteeeneteeeetteeenneeeeens 1
30 |MS21042L5 NO 2","[""table_or_parts_list_text_cues""]",table_ocr_table_candidate_scan,False,False
359,t_p_120_1176_p000359,00000359.tif,local_data\organization\trace_net\ocr_route_scan_pack_tesseract_full\page_images\t_p_120_1176_p000359.tif,6c6740bd774c9f22e885586bd638e67d232f857f9f11f7aa8c09b7f8efc646f4,table,detailed_parts_list,high,"[""high_part_number_density"", ""detailed_parts_list_candidate""]",,needs_review,,215,1986,11,"[""120-20970-001"", ""120-20970-003"", ""120-26948-003"", ""120-29067-015"", ""120-31565-001"", ""120-31565-002"", ""120-34293-001"", ""120-36060-001"", ""120-36060-003"", ""120-38579-003"", ""120-41225-001""]","€ emenncn

MAINTENANCE MANUAL WITH
ILLUSTRATED PARTS LIST
AIRLINE EFF | UNITS
FIG. ITEM | PARTNUMBER | STOCK vase EODE. FROM | PER
NUMBER TO ASSY
84 -171 | 120-34293-001 . SUPPORT, ATTACH. ...00....cccccceereteerteetetees VS4956 | 035/171 {
180 | 120-31565-002 ~ PLATE, ATTACH ....... cc cceeseeeereeeeeereeeeteees VS4956 | 035/171 {
-181 | 120-31565-001 _ LATE, ATTACH ...00....cccceeceereeeereeeeereeennnenees VS4956 | 172/999 1
190 | 120-20970-001 . STRUCTURE, ARMREST... VS4956 A 1
-191 | 120-36060-001 . STRUCTURE, ARMREST............ eee VS4956 | 035/171 1
-192 | 120-41225-001 . STRUCTURE, ARMREST... VS4956 Cc 1
200 | 120-20970-003 . STRUCTURE, ARMREST... VS4956 A 1
-201 | 120-36060-003 . STRUCTURE, ARMREST............ eee VS4956 | 035/171 1
-202 | 120-41225-001 . STRUCTURE, ARMREST... VS4956 Cc 1
ATTACHING PARTS
210 |MS51957-45 SCREW 00... eccceecececeeereeeseereeeenteeeseseeeesnnees 2
220 | MS21061L08 NUT ooo eeeeeeeeeereeceeeeeeeneeeenntreeentreeeesneeteaes 2
230 ","[""table_or_parts_list_text_cues""]",table_ocr_table_candidate_scan,False,False
360,t_p_120_1176_p000360,00000360.tif,local_data\organization\trace_net\ocr_route_scan_pack_tesseract_full\page_images\t_p_120_1176_p000360.tif,dbfddcddc165983f92f0611d17483ccefcc6f916d82877f17da9272f98824ead,table,image_visual_diagram,medium,"[""figure_or_visual_label_signal"", ""limited_text_or_visual_route""]",,needs_review,,87,485,1,"[""120-29067-017""]","< EMBRAER
MAINTENANCE MANUAL WITH
ILLUSTRATED PARTS LIST
80
190 | \\ 140
<B>
70 120 130 to (A)
ai ®
SS i-——— 180 Je 50
SE 40 : | .
we @ 4, 160 LA \
Low [me
ZK ® *
SK \ (B) a
a 50
100 (D) on
70
@
200 10 — §
SO Sy
260 ——_e Af 120
250 —® q we we 130 Ue
i“ Sore
__ “Sy l5F 155
“ 2 Jo ae a
240—§ <S3
\ 150
120TP250078.MCE
Single Passenger Seat Structure (120-29067-017/027/037)
Figure 85
Sneet 1
EFFECTIVITY: ALL
25 21 00 Page 1297
T.P. 120/1176 Jan 15/01
","[""table_or_parts_list_text_cues""]",table_ocr_table_candidate_scan,False,False
361,t_p_120_1176_p000361,00000361.tif,local_data\organization\trace_net\ocr_route_scan_pack_tesseract_full\page_images\t_p_120_1176_p000361.tif,b1912dbb2412f854c0be734a6d5d34d5297078f29c78d144edb5f388617e99a1,table,detailed_parts_list,high,"[""high_part_number_density"", ""detailed_parts_list_candidate""]",,needs_review,,266,2623,16,"[""120-29067-011"", ""120-29067-013"", ""120-29067-017"", ""120-29067-027"", ""120-29067-037"", ""120-29073-001"", ""120-29073-005"", ""120-29073-007"", ""120-29075-017"", ""120-29076-001"", ""120-34291-001"", ""120-40849-001"", ""120-40851-009"", ""120-48023-001"", ""120-48024-001"", ""120-61546-001""]","€ emenncn

MAINTENANCE MANUAL WITH

T.P. 120/1176

ILLUSTRATED PARTS LIST
AIRLINE EFF | UNITS
FIG. ITEM | PARTNUMBER STOCK vase EODE. FROM PER
NUMBER TO ASSY
85 - | 120-29067-017 STRUCTURE ASSY.....0... cece VS4956 A REF
- | 120-29067-027 STRUCTURE ASSY.....0... cece VS4956 B REF
- | 120-29067-037 STRUCTURE ASSY....0... cece VS4956 | 172/999 REF
1 | 120-29073-001 . STRUCTURE, LATERAL LEG............. VS4956 | 035/171 1
-2 | 120-29073-005 . STRUCTURE, LATERAL LEG............. VS4956 | 172/333 1
-3 | 120-29073-007 . STRUCTURE, LATERAL LEG............. VS4956 | 334/999 1
ATTACHING PARTS
10 | PE21052-2 / PIN, ATTACH.........00.ccccccccecceeeeeeeeeeennes 035/301 1
-11 | 120-48023-001 / PIN, ATTACH. ..........cccccccceccceeeeeeeeeennnes VS4956 | 302/999 1
-15 | 120-61546-001 . NUT VS4956 | 302/999 1
20 | 42952-10 . FITTING, ATTACH........... cece 1
-21 | 42975-12 OCREW. 0... ccccceccccceeeeeeeeeeeeeeennes 1
-22 | 43392-10 OPRING....... ccc cccccccceccesceessssseeeaeeees","[""table_or_parts_list_text_cues""]",table_ocr_table_candidate_scan,False,False
362,t_p_120_1176_p000362,00000362.tif,local_data\organization\trace_net\ocr_route_scan_pack_tesseract_full\page_images\t_p_120_1176_p000362.tif,fecd16c9f4111c7a1d875da862420205d9d69f076f79380cb8f095673e25ef94,table,detailed_parts_list,high,"[""high_part_number_density"", ""detailed_parts_list_candidate""]",,needs_review,,244,1854,13,"[""120-20970-001"", ""120-26948-005"", ""120-29067-017"", ""120-29093-001"", ""120-31565-001"", ""120-31565-002"", ""120-34293-001"", ""120-34293-003"", ""120-36060-001"", ""120-36061-001"", ""120-38579-007"", ""120-41225-001"", ""120-41226-001""]","€ emenncn

MAINTENANCE MANUAL WITH
ILLUSTRATED PARTS LIST
Fig. mem) PARTUM. | 'STo¢K. | NOMENCLATURE VENDOR] crow | PER
NUMBER TO ASSY
85 160 | 120-29093-001 . SUPPORT, ATTACH.........000.c ccc ccceeeeeeeeeeees VS4956 E 1
170 | 120-34293-003 . SUPPORT, ATTACH .........00000.cccccceeeeeeee sees VS4956 E 1
-171 | 120-34293-001 . SUPPORT, ATTACH.........00000.ccccceeeeeeee sees VS4956 | 035/171 1
180 | 120-31565-002 LATE, ATTACH... eee cess eeneeeeeeeeees VS4956 | 035/171 1
-181 | 120-31565-001 LATE, ATTACH...wo cece ee eeneeteeeeeees VS4956 | 172/999 1
190 | 120-20970-001 . STRUCTURE, ARMREST...........000.0.. VS4956 A 1
-191 | 120-36060-001 . STRUCTURE, ARMREST........00000 ee. VS4956 | 035/171 1
-192 | 120-41225-001 . STRUCTURE, ARMREST........00000 ee VS4956 E 1
200 | 120-3907 1-001 . STRUCTURE, ARMREST...........000.0.. VS4956 A 1
-201 | 120-36061-001 . STRUCTURE, ARMREST........00000 ee. VS4956 | 035/171 1
-202 | 120-41226-001 . STRUCTURE, ARMREST........00000 ee VS4","[""table_or_parts_list_text_cues""]",table_ocr_table_candidate_scan,False,False
363,t_p_120_1176_p000363,00000363.tif,local_data\organization\trace_net\ocr_route_scan_pack_tesseract_full\page_images\t_p_120_1176_p000363.tif,53bf9276eb2b2e0987a15674c518d59b886bbe19c75524ecd8fa8150065c7d6c,table,image_visual_diagram,medium,"[""figure_or_visual_label_signal"", ""limited_text_or_visual_route""]",,needs_review,,84,475,1,"[""120-29067-007""]","< EMBRAER
MAINTENANCE MANUAL WITH
ILLUSTRATED PARTS LIST
70 (}
170 f Py 120
_ gp
nea
150 100 110 90 (A)
<>
Ka (B)
/-——— 160 DRS 0
a, 40 x |
J 140 FP vgs
LAF ‘
a ont
© :
ae
\ (B) #0
a 50
80 (D) om
, © ie
@
. |
180 10 — §
— “S/
44 100 ,
ee 10 ~~ -
yi hes ee ee)
Sse 135
Sao a
190
I ad 130
©) ye
120TP250079.MCE
Single Passenger Seat Structure (120-29067-007)
Figure 86
Sheet 1
EFFECTIVITY: ALL
25 21 00 Page 1300
T.P. 120/1176 Sep 30/98
","[""table_or_parts_list_text_cues""]",table_ocr_table_candidate_scan,False,False
364,t_p_120_1176_p000364,00000364.tif,local_data\organization\trace_net\ocr_route_scan_pack_tesseract_full\page_images\t_p_120_1176_p000364.tif,66ddcacd6b979413f9ebce6282c3be170c783b1a89c913d52839c440c77eb852,table,detailed_parts_list,high,"[""high_part_number_density"", ""detailed_parts_list_candidate""]",,needs_review,,255,2486,13,"[""120-20970-001"", ""120-29067-007"", ""120-29067-011"", ""120-29067-013"", ""120-29073-001"", ""120-29076-001"", ""120-29093-001"", ""120-31565-002"", ""120-34293-001"", ""120-34293-003"", ""120-36060-001"", ""120-48023-001"", ""120-48024-001""]","€ emenncn

MAINTENANCE MANUAL WITH

ILLUSTRATED PARTS LIST
AIRLINE EFF | UNITS
FIG. ITEM | PARTNUMBER STOCK ease eODE. FROM | PER
NUMBER TO ASSY
86 - | 120-29067-007 STRUCTURE ASSY ........cccccceteeseeeeeeeees VS4956 A REF
1 | 120-29073-001 . STRUCTURE, LATERAL LEG...............0.... VS4956 1
ATTACHING PARTS
10 | PE21052-2 / PIN, ATTACH 20.0... ccccccceceecceeeeeeeeeeeeeeeeeees 1
20 | 42952-10 . FITTING, ATTACH ...........ccccceecceeceeeeeeeeeeee 1
-21 | 42975-12 OCREW. ooo cc ccccceenttteteseeeeeeeeeeeeeeenes 1
-22 | 43392-10 OPRING 0. ccccccceceeeseeenstseeeeeeeeeeeeeeees 1
30 |MS21042L5 NUT ooo eeeeeccceeceeeeeeeeeeeeeeeeeeeeseeeeeeeeaeeeeees 2
40 | AN960-516 VANS) a =] 5 rr 2
50 | AN960-516L ~ WASHER oc cccccccccerttteeeseeeeeeeeeeeeeees 2
60 | AN5-16A 5] O) Et ne ee 1
70 | 120-29067-011 ~. FBACKREST o.oo... ccceecceeeeeceeeeeeeeeeeeeeeeenees VS4956 028 1
-71 | 120-29067-013 ~ FBACKRE ST o.oo... ccccccceeeeeteeeeeeeeeeeeeeees VS4956 B 1
80 | 120-29076-001 SEA","[""table_or_parts_list_text_cues""]",table_ocr_table_candidate_scan,False,False
365,t_p_120_1176_p000365,00000365.tif,local_data\organization\trace_net\ocr_route_scan_pack_tesseract_full\page_images\t_p_120_1176_p000365.tif,d8f321a6571719647a74d6f422a670dcfdd0a9c8eaa692aac960325f26fd8c91,table,detailed_parts_list,medium,"[""part_number_present"", ""ipl_column_terms""]",,needs_review,,74,575,3,"[""120-29067-007"", ""120-36061-001"", ""120-39071-001""]","-<€ EMBRAER
MAINTENANCE MANUAL WITH
ILLUSTRATED PARTS LIST
AIRLINE EFF | UNITS
FIG. ITEM | PARTNUMBER STOCK vase EODE. FROM | PER
NUMBER TO ASSY
86 180 | 120-39071-001 . STRUCTURE, ARMREST..................... WS4956 1
-181 | 120-36061-001 . STRUCTURE, ARMREST..................... VS4956 1
ATTACHING PARTS
USAGE CODE LIST
A AIRCRAFT 120028, 120034, 120056
AND 120059
B AIRCRAFT 120034, 120056 AND
120059
-ITEM NOT ILLUSTRATED
Single Passenger Seat Structure (120-29067-007)
Figure 86
Sheet 3
EFFECTIVITY: ALL 25-21 -00
Page 1302
T.P. 120/1176 Apr 10/06
","[""table_or_parts_list_text_cues""]",table_ocr_table_candidate_scan,False,False
366,t_p_120_1176_p000366,00000366.tif,local_data\organization\trace_net\ocr_route_scan_pack_tesseract_full\page_images\t_p_120_1176_p000366.tif,3831c8652e053802ff9536504b99a24e9ba7398c6516522df5aed6492d06eb4b,table,image_visual_diagram,medium,"[""figure_or_visual_label_signal"", ""limited_text_or_visual_route""]",,needs_review,,83,452,1,"[""120-29068-001""]","< EMBRAER
MAINTENANCE MANUAL WITH
ILLUSTRATED PARTS LIST
100
. 100
rs SK
PL [1 SS
200
110 Caw =
(A) Se iF 170
SS ff Po
©
1 \
90
240 —@
SSA 230 Ca /
SS J/
Ss. 190 Sy 4 fs
~SOON cls |
SS a / [|
JAC! C
 oOAN
~ LP rQ I SON
. fo 7 ae
N / / / SO
sf fp
SL fof
SS / [| ff 210
LL LB
120TP250080.MCE
Double Passenger Seat Structure (120-29068-001)
Figure 87
Sheet 1
EFFECTIVITY: ALL
25 21 00 Page 1303
T.P. 120/1176 Sep 30/98
","[""table_or_parts_list_text_cues""]",table_ocr_table_candidate_scan,False,False
367,t_p_120_1176_p000367,00000367.tif,local_data\organization\trace_net\ocr_route_scan_pack_tesseract_full\page_images\t_p_120_1176_p000367.tif,e15917a92727c4a76c9bfeffdf05358eac20e190582ae601fe591740c2c1c437,table,image_visual_diagram,medium,"[""figure_or_visual_label_signal"", ""limited_text_or_visual_route""]",,needs_review,,94,527,1,"[""120-29068-001""]","< EMBRAER
MAINTENANCE MANUAL WITH
ILLUSTRATED PARTS LIST
yy
I ' £ ~~ 120
Wy / 140
CS a
ae
[Os
/ ~
g a
GN (E) fl f /
/ / /
160 / / i
y J J
a a mn —o
“ a
LC A\UX
eee TAN 150
eS
130 140 120 (B)
\ |
| |
an 2»
jt |
| | | oe
80 neem
| a“ a
| QS ar
WL Wy \ (O)
| Be \s ‘
| 70 / p SAX \ 60
10 ——§ 30 v\ \
40 a LON |
papa \
ee @ \
< / ae
50
20 50
120TP250081.MCE
Double Passenger Seat Structure (120-29068-001)
Figure 87
Sheet 2
EFFECTIVITY: ALL 25-21 -00
Page 1304
T.P. 120/1176 Sep 30/98
","[""table_or_parts_list_text_cues""]",table_ocr_table_candidate_scan,False,False
368,t_p_120_1176_p000368,00000368.tif,local_data\organization\trace_net\ocr_route_scan_pack_tesseract_full\page_images\t_p_120_1176_p000368.tif,ba98e68571d3654bd012273f51ded61e37033b4ddeb84366f5cd2d6ce8728fe1,table,detailed_parts_list,high,"[""high_part_number_density"", ""detailed_parts_list_candidate""]",,needs_review,,284,2056,14,"[""120-29068-001"", ""120-29068-009"", ""120-29070-001"", ""120-29070-003"", ""120-29070-005"", ""120-29074-001"", ""120-29077-001"", ""120-34292-001"", ""120-34489-001"", ""120-35881-001"", ""120-36058-001"", ""120-36060-001"", ""120-36060-003"", ""120-36060-005""]","€ emenncn

MAINTENANCE MANUAL WITH

ILLUSTRATED PARTS LIST
AIRLINE EFF | UNITS
FIG. ITEM PART NUMBER STOCK vase EODE. FROM | PER
NUMBER TO ASSY
87 - | 120-29068-001 STRUCTURE ASSY ou... cence eee VS4956 A REF
1 | 120-29074-001 . STRUCTURE , CENTRAL LEG. ................ VS4956 1
ATTACHING PARTS
10 | PE21052-2 ~ PIN, ATTACH. cece eee eeeeennnees 1
20 | 42952-10 . FITTING, ATTACH 1.0.0 cece cess seen 1
-21 | 42975-12 O10] ad mh | 1
-22 | 43392-10 eo) dd | \ | Cpe 1
30 |MS21042L5 NO 2
40 | AN960-516 AA A/C) | ml p 2
50 | AN960-516L AA Y/N) | ml pr 2
60 | AN5-16A 3) i 1
70 | 120-35881-001 . REINFORCEMENT, LUGGAGE VS4956 1
PROTECTOR 0000.0... ccccceeccceeceeeeeeeeceeeeeneenees
80 | PE13076-1 SECTION. .... cece cee eccceeeeeeeeeeeceeeeeneenees 2
90 | 120-34292-001 . PROTECTOR, LUGGAGE .......00.00 ee. VS4956 1
100 | 120-29068-009 . FBACKREST 000...... cece ccc cee ee eeneeeeeeeeee enna VS4956 2
110 | 120-29077-001 CO) al A VS4956 028 1
-111 | 120-36058-001 CO) al A V","[""table_or_parts_list_text_cues""]",table_ocr_table_candidate_scan,False,False
369,t_p_120_1176_p000369,00000369.tif,local_data\organization\trace_net\ocr_route_scan_pack_tesseract_full\page_images\t_p_120_1176_p000369.tif,90725db7de2a43e29d1dd0c6ea7eb3b81801a6661a1f25d6908d7493f8a4d5b4,table,detailed_parts_list,medium,"[""part_number_present"", ""ipl_column_terms""]",,needs_review,,132,967,2,"[""120-29068-001"", ""120-29083-001""]","€ emenncn

MAINTENANCE MANUAL WITH
ILLUSTRATED PARTS LIST
AIRLINE EFF | UNITS
FIG. ITEM| PARTNUMBER STOCK user EODE. FROM | PER
NUMBER TO ASSY
87 ATTACHING PARTS
210 | NAS4704-6 SCREW... cccccccccccceetttteaseeeeeeeeeeeeeeees B 2
-211 | MS24693-C26 SCREW cee cccetttteeseeeeeeeeeeeee ees 028 8
220 | 120-29083-001 ~ BUSHING 200i cettteeeeeeeeeeeeeees VS4956 2
230 | AN960-416 ~ WASHER... o.oo ccccecceetttteeeeeeeeeeeeeeeene es B 2
-231 | AN960C8 A ANS) a =] 9 Occ re 028 8
240 | MS21042L4 NUT ooo eee ccc cece eceeeceeeeeeeeeeeeeeeeeaeeeeaeaaaeaaaes B 2
-241 |MS21042-06 NUT ooo eee ccc cece cee ceeeeeeeeeeeeeeeeeee gee aeaaaaaeeaees 028 8
USAGE CODE LIST
A AIRCRAFT 120028, 120034 THRU
120048, 120052, 120056 AND 120059
B AIRCRAFT 120034 THRU 120048,
120052, 120056 AND 120059
-ITEM NOT ILLUSTRATED
Double Passenger Seat Structure (120-29068-001)
Figure 87
Sheet 4
EFFECTIVITY: ALL 25 -2 1 -() 0
Page 1306

T.P. 120/1176

Sep 30/98

","[""table_or_parts_list_text_cues""]",table_ocr_table_candidate_scan,False,False
370,t_p_120_1176_p000370,00000370.tif,local_data\organization\trace_net\ocr_route_scan_pack_tesseract_full\page_images\t_p_120_1176_p000370.tif,e3f8f05c031707aac27c6c43a66c6c5804c257caddd014c07d39f775c33ef89e,table,image_visual_diagram,medium,"[""figure_or_visual_label_signal"", ""limited_text_or_visual_route""]",,needs_review,,93,541,1,"[""120-29068-017""]","< EMBRAER
MAINTENANCE MANUAL WITH
ILLUSTRATED PARTS LIST
100 :
110
100
210 \
4 110
\ /
SS f
D SS S | © 120
Ge ~ (B) / Ss (7 —_— 130
140 Za NN SE 220
AY y
Se 200
One
, SS
1 \
90
250
270 ——__.
~ G
“SAL 260 — 265 /
SN //
S230 Sd, AS!
SON a 7 /
~ Qari [|
YIGLS
IF BIS
~~ SN NON
. / Pe! es
N / oo] / SO
SN / / j |
. SL fo j
N / | 240
“NY /
L/L B
120TP250082,MCE |
Double Passenger Seat Structure (120-29068-017/027/039/059)
Figure 88
Sheet 1
EFFECTIVITY: ALL
25 21 00 Page 1307
T.P. 120/1176 Sep 30/98
","[""table_or_parts_list_text_cues""]",table_ocr_table_candidate_scan,False,False
371,t_p_120_1176_p000371,00000371.tif,local_data\organization\trace_net\ocr_route_scan_pack_tesseract_full\page_images\t_p_120_1176_p000371.tif,42eede82d860526fbe198cd20cff8ecac8a2e0c9df23e71ce67f5c95189c7926,table,image_visual_diagram,medium,"[""figure_or_visual_label_signal"", ""limited_text_or_visual_route""]",,needs_review,,86,660,1,"[""120-29068-017""]","< EMBRAER

MAINTENANCE MANUAL WITH

ILLUSTRATED PARTS LIST

\\

18

\\

~~ 460

\\ |

/o™~

a

170

Si~

195

gw

190

ath

oN \\

180

_\\

in

160 170

150

30

40

a

ad

“4

an aa

4 4

| 7 7 eler

“vie

_

a 47

1 1 &@

Ls

“r

\

N [a7

van

nay

iN \\

\\

60

70

SN

\\

\\

10 —@

30 40

ya)

VON

a a“

“ “

7 a

a “

aa

a“ ad

“oe

50

20 |

50

120TP250083.MCE

Double Passenger Seat Structure (120-29068-017/027/039/059)

Figure 88

Sheet 2

EFFECTIVITY: ALL

25-21-00

Page 1308

T.P. 120/1176

Sep 30/98
","[""table_or_parts_list_text_cues""]",table_ocr_table_candidate_scan,False,False
372,t_p_120_1176_p000372,00000372.tif,local_data\organization\trace_net\ocr_route_scan_pack_tesseract_full\page_images\t_p_120_1176_p000372.tif,ea151546d0f12c34a948b5c88ce7cd9bf92c5ad4360a413d74f7197e07d4f06b,table,detailed_parts_list,high,"[""high_part_number_density"", ""detailed_parts_list_candidate""]",,needs_review,,313,2572,16,"[""120-29068-017"", ""120-29068-037"", ""120-29068-039"", ""120-29068-059"", ""120-29074-001"", ""120-29074-013"", ""120-29102-003"", ""120-34292-001"", ""120-35881-001"", ""120-36058-001"", ""120-36058-037"", ""120-40849-001"", ""120-40851-001"", ""120-43539-001"", ""120-48023-001"", ""120-48024-001""]","€ emenncn

MAINTENANCE MANUAL WITH

ILLUSTRATED PARTS LIST
AIRLINE EFF | UNITS
FIG. ITEM PART NUMBER STOCK vase EODE. FROM PER
NUMBER TO ASSY
88 - | 120-29068-017 STRUCTURE ASSY ou... cece eeee eee VS4956 A REF
- | 120-29068-037 STRUCTURE ASSY 00.0... cece VS4956 | 154/171] REF
- | 120-29068-039 STRUCTURE ASSY 00.0... cece VS4956 | 172/999] REF
- | 120-29068-059 STRUCTURE ASSY .u....... cece eens VS4956 | 172/999] REF
1 | 120-29074-001 . STRUCTURE , CENTRAL LEG ................ VS4956 A 1
-2 | 120-29074-013 . STRUCTURE , CENTRAL LEG ................ VS4956 | 172/999 1
ATTACHING PARTS
10 | PE21052-2 PIN, ATTACH.....000. cece ceeeeeseeeeeeeeeaeees 1
20 | 42952-10 FITTING, ATTACH |... eee eres 1
-21 | 42975-12 HOCREW 0... cccccecccceececcseaeeeecuaeeeeeeaneess 1
-22 | 43392-10 LOPRING Looe cccececceeeeccsseeeeseeaeeeeeeeaeeees 1
30 |MS21042L5 Ok 2
40 | AN960-516 AA A/C) on | ml » 2
50 | AN960-516L PA ANC) on | ml » 2
60 | AN5-16A BOLT ooo. cecceccceeeeeec cee eeeeeea","[""table_or_parts_list_text_cues""]",table_ocr_table_candidate_scan,False,False
373,t_p_120_1176_p000373,00000373.tif,local_data\organization\trace_net\ocr_route_scan_pack_tesseract_full\page_images\t_p_120_1176_p000373.tif,96164ed7d389ff7a791ffbfd8159a5efdba4a4d927b8ee0fef28f86fdee33e8f,table,detailed_parts_list,high,"[""high_part_number_density"", ""detailed_parts_list_candidate""]",,needs_review,,144,1390,8,"[""120-29068-017"", ""120-29083-001"", ""120-29574-003"", ""120-34489-001"", ""120-36060-001"", ""120-36060-003"", ""120-36060-005"", ""120-41225-005""]","€ emenncn

MAINTENANCE MANUAL WITH

ILLUSTRATED PARTS LIST
AIRLINE EFF | UNITS
FIG. ITEM | PARTNUMBER STOCK vase EODE. FROM | PER
NUMBER TO ASSY
88 KK
200 | 120-34489-001 . PROTECTIVE PLATE ......... cere VS4956 1
210 | 120-36060-001 . STRUCTURE, ARMREST..................0000 VS4956 1
220 | 120-36060-003 . STRUCTURE, ARMREST..................0000 VS4956 1
230 | 120-36060-005 . STRUCTURE, ARMREST..................0000 VS4956 1
230 | 120-41225-005 . STRUCTURE, ARMREST..................0000 VS4956 1
ATTACHING PARTS
240 | NAS4704-6 SCREW ........ccccccccccccccccccecceseeesssstasssaeeeeeeees 2
-241 |MS51957-45 SCREW 2000... cccececccccceeeeeeeceeeeeeeseeeenttsaaees 4
-242 | NAS4704-5 1 O14 a || 1
250 | 120-29083-001 BUSHING 000. cececeeeeeeeeeeeeeeetneeaaes VS4956 2
260 | AN960-416 WASHER............cccccecceeeseseeeeeeeeeeeeeeeeeeeeennees 4
-261 | 120-29574-003 WASHER...........ccccceecceetseteeeeeeeeeeeeeeeeenttnneaaes VS4956 1
270 |MS21042L4 NUT ooo cece ceceeeeeeeee","[""table_or_parts_list_text_cues""]",table_ocr_table_candidate_scan,False,False
374,t_p_120_1176_p000374,00000374.tif,local_data\organization\trace_net\ocr_route_scan_pack_tesseract_full\page_images\t_p_120_1176_p000374.tif,62f7d8764fb4c80936977d8c93feab89b578c21b526f079764db8c15f2d24060,table,image_visual_diagram,medium,"[""figure_or_visual_label_signal"", ""limited_text_or_visual_route""]",,needs_review,,94,500,1,"[""120-29068-031""]","< EMBRAER
MAINTENANCE MANUAL WITH
ILLUSTRATED PARTS LIST
100
110
100
\ va 110
DF OS Se we F120
KOK SS
440 LE FE 220
So Fe) 200
SX ff fo
o~
1 \
90
K 280 ee 2)
SIA _ 250 66 /
ow a / /
S210 Ss va JI
SON cf fy}
SS XY Sr [|
AGL
X. LF L4G
La <~
; £¢ | ee ;
~ i / j SO
aN / | j |
SL / ol j
= J | j 230
MSZ
a WA / (A)
""4 /
1201P250084.MCE
Double Passenger Seat Structure (120-29068-031/053)
Figure 89
Sheet 1
EFFECTIVITY: ALL
25 21 00 Page 1311
T.P. 120/1176 Sep 30/98
","[""table_or_parts_list_text_cues""]",table_ocr_table_candidate_scan,False,False
375,t_p_120_1176_p000375,00000375.tif,local_data\organization\trace_net\ocr_route_scan_pack_tesseract_full\page_images\t_p_120_1176_p000375.tif,0f1b2bc53b9c707b37ad9bca732e338b589f8dd677979ea586b1ca8f7c32b36c,table,image_visual_diagram,medium,"[""figure_or_visual_label_signal"", ""limited_text_or_visual_route""]",,needs_review,,86,649,1,"[""120-29068-031""]","< EMBRAER

MAINTENANCE MANUAL WITH

ILLUSTRATED PARTS LIST

\\

18

\\

~~ 460

\\ |

/o~™~

170

Sin

195

Gv

190

e™ \-

47 fA

I

180

_\\

160 170

150

30

40

foe

“4”

4“

| a“ 7 woe

c voe

—

a 47

1 1 @

“er

\

N [a7

M

ran

O ws \

\\

60

70

~~, \ \\ \

\\

10 —@

30 40

Raw

a a“

a“ a“

OA

7 “

a“ 7

a“ “

oo

me

a“ Sov

“oe

50

20 |

50

120TP250083.MCE

Double Passenger Seat Structure (120-29068-031/053)

Figure 89

Sheet 2

EFFECTIVITY: ALL

25-21-00

Page 1312

T.P. 120/1176

Sep 30/98
","[""table_or_parts_list_text_cues""]",table_ocr_table_candidate_scan,False,False
376,t_p_120_1176_p000376,00000376.tif,local_data\organization\trace_net\ocr_route_scan_pack_tesseract_full\page_images\t_p_120_1176_p000376.tif,6a6ac3c30888546f637fe0e498a1294b72737dc4e53fbd7fe2190761a24bb632,table,detailed_parts_list,high,"[""high_part_number_density"", ""detailed_parts_list_candidate""]",,needs_review,,314,2595,16,"[""120-26994-001"", ""120-26994-002"", ""120-29068-009"", ""120-29068-031"", ""120-29068-053"", ""120-29074-011"", ""120-29074-017"", ""120-29102-003"", ""120-34292-001"", ""120-35881-001"", ""120-36058-035"", ""120-40849-001"", ""120-40851-001"", ""120-43539-001"", ""120-48023-001"", ""120-48024-001""]","€ emenncn

MAINTENANCE MANUAL WITH

ILLUSTRATED PARTS LIST
AIRLINE EFF | UNITS
FIG. ITEM PART NUMBER STOCK vase EODE. FROM PER
NUMBER TO ASSY
89 - | 120-29068-031 STRUCTURE ASSY .00...... occ eeeee eee VS4956 | 071/171] REF
- | 120-29068-053 STRUCTURE ASSY 00.0... cece VS4956 | 172/999] REF
1 | 120-29074-011 . STRUCTURE , CENTRAL LEG. ................ VS4956 | 071/171 1
-2 | 120-29074-017 . STRUCTURE , CENTRAL LEG ................ VS4956 | 172/999 1
-5 | 120-26994-001 . SECTION, Lio. cceeeeeeecceeeeeeaaes VS4956 1
-6 | 120-26994-002 . SECTION, Lio. cceeeeeeecceeeeeeaaes VS4956 1
ATTACHING PARTS
10 | PE21052-2 PIN, ATTACH.....000. cece ceeeeeseeeeeeeeeaeees 1
20 | 42952-10 FITTING, ATTACH |... eee eres 1
-21 | 42975-12 HOCREW 0... cccccecccceececcseaeeeecuaeeeeeeaneess 1
-22 | 43392-10 LOPRING Looe cccececceeeeccsseeeeseeaeeeeeeeaeeees 1
30 |MS21042L5 Ok 2
40 | AN960-516 AA A/C) on | ml » 2
50 | AN960-516L PA ANC) on | ml » 2
60 | AN5-16A BOLT ooo. cecceccceeeeeec ","[""table_or_parts_list_text_cues""]",table_ocr_table_candidate_scan,False,False
377,t_p_120_1176_p000377,00000377.tif,local_data\organization\trace_net\ocr_route_scan_pack_tesseract_full\page_images\t_p_120_1176_p000377.tif,98e277db02e6c42d491fc4609dfd25501f1d205fa82524d23ba65eb620f7a72e,table,detailed_parts_list,medium,"[""part_number_present"", ""ipl_column_terms""]",,needs_review,,108,894,5,"[""120-29068-031"", ""120-29083-001"", ""120-34489-001"", ""120-41225-003"", ""120-41225-005""]","€ emenncn

MAINTENANCE MANUAL WITH

ILLUSTRATED PARTS LIST
AIRLINE EFF | UNITS
FIG. ITEM | PARTNUMBER STOCK vase EODE. FROM | PER
NUMBER TO ASSY

89 KK

200 | 120-34489-001 . PROTECTIVE PLATE ......... cere VS4956

210 | 120-41225-003 . STRUCTURE, ARMREST..................0000 VS4956 2

220 | 120-41225-005 . STRUCTURE, ARMREST..................0000 VS4956

ATTACHING PARTS

230 | NAS4704-6 SCREW ooo ccceenecteeseeeeeeeeeeeeeeeeenaas 172/999 2

-231 |MS51957-45 SCREW 0c cceccecstteseeeeeeeeeeeeeeeeeneas 071/171 4

240 | 120-29083-001 » BUSHING 00 ccccccceeeeeeeeeeeeeeentneaaes VS4956 2

250 | AN960-416 AAS) | lp re 2

260 | MS21042L4 A LO ee 172/999 2

-261 |MS21061L08 A LO ee 071/171 4
-ITEM NOT ILLUSTRATED

Double Passenger Seat Structure (120-29068-031/053)
Figure 89
Sheet 4
EFFECTIVITY: ALL 25 2 1 0 0
= =
Page 1314

T.P. 120/1176 Apr 10/06
","[""table_or_parts_list_text_cues""]",table_ocr_table_candidate_scan,False,False
378,t_p_120_1176_p000378,00000378.tif,local_data\organization\trace_net\ocr_route_scan_pack_tesseract_full\page_images\t_p_120_1176_p000378.tif,22afcacbd49ba06a574d8f76042a0a2e17b24983cca7143b1a2e24058e8aa7c7,table,image_visual_diagram,medium,"[""figure_or_visual_label_signal"", ""limited_text_or_visual_route""]",,needs_review,,97,500,1,"[""120-29068-077""]","< EMBRAER
MAINTENANCE MANUAL WITH
ILLUSTRATED PARTS LIST
100
110
x | S a - 110
SK /
D —~ g a 120
SK
140 (A) Sw OG 200
282 —,. \ y Za
310 — ea i vi
Sgt \ ©
a < ~S/ /
/ o~ : 1
/ / | 90
300 ra : 310 250
270
290 7 \ ™~.| SN @! D
Se 0S
(B) an a s / a i
> IN / / !
SL C s PRL SN
( a SN ~sD
SO H / A i
a a / j 240
sy wa A / (A)
420CMM250085.MCE A
Double Passenger Seat Structure (120-29068-077)
Figure 90
Sheet 1
EFFECTIVITY: ALL
25 21 00 Page 1315
T.P. 120/1176 Jul 15/02
","[""table_or_parts_list_text_cues""]",table_ocr_table_candidate_scan,False,False
379,t_p_120_1176_p000379,00000379.tif,local_data\organization\trace_net\ocr_route_scan_pack_tesseract_full\page_images\t_p_120_1176_p000379.tif,db801a6922a083ee73dc47ea02af150be8360014d42d82f132c4c927f01ffa38,table,image_visual_diagram,medium,"[""figure_or_visual_label_signal"", ""limited_text_or_visual_route""]",,needs_review,,76,456,1,"[""120-29068-077""]","< EMBRAER
MAINTENANCE MANUAL WITH
ILLUSTRATED PARTS LIST
/
Voy
\ g ~~ 160
\\ yy / _——
1S ee 170
/ ~~ 1495 ~~
a i /
/ ! /
y / /
oe yo aa
Uo Ae
Tee AN 180
\ 1
|
160 170 150 (B)
rit 80
1 40
) | | an
80 aoa
1 Bev
; Wy \
\ 70 / | aN \ 60
10 ——8 80 4g UL.
ee - be i
< / ee
50
20 50
120TP250083.MCE
Double Passenger Seat Structure (120-29068-077)
Figure 90
Sheet 2
EFFECTIVITY: ALL 25-21 -00
Page 1316
T.P. 120/1176 Sep 30/98
","[""table_or_parts_list_text_cues""]",table_ocr_table_candidate_scan,False,False
380,t_p_120_1176_p000380,00000380.tif,local_data\organization\trace_net\ocr_route_scan_pack_tesseract_full\page_images\t_p_120_1176_p000380.tif,2d14ee5e8b6191d8c98971757dea6c428728fb4936ff675ca359c786da5306d7,table,detailed_parts_list,high,"[""high_part_number_density"", ""detailed_parts_list_candidate""]",,needs_review,,261,2341,13,"[""120-29068-077"", ""120-29074-013"", ""120-29102-003"", ""120-34292-001"", ""120-34489-001"", ""120-35881-001"", ""120-36058-037"", ""120-40849-001"", ""120-40851-001"", ""120-43539-001"", ""120-48023-001"", ""120-48024-001"", ""120-61546-001""]","€ emenncn

MAINTENANCE MANUAL WITH

ILLUSTRATED PARTS LIST
AIRLINE EFF | UNITS
FIG. ITEM | PARTNUMBER STOCK vase EODE. FROM; PER
NUMBER TO ASSY
90 - | 120-29068-077 STRUCTURE ASSY 00... ccccceeetesteeeees VS4956 A REF
1 | 120-29074-013 . STRUCTURE , CENTRAL LEG. ............... VS4956 1
ATTACHING PARTS
10 | PE21052-2 / PIN, ATTACH... cccccccccceentstttstseeeeeeeees B 1
-11 | 120-48023-001 / PIN, ATTACH... ccccccccenecseaeaeeeeeeeeeees VS4956 | 302/999 1
-15 | 120-61546-001 NUT oo eee c eee ee esses esses eeeeeeeeeeeeeeeeee es VS4956 | 302/999 1
20 | 42952-10 ~ FITTING, ATTACH ..... 2... cceceeeeeeeeeeeeeeeeees 1
-21 | 42975-12 OCREW. 2... ccccccccceeccececentttsseessaeeeeeeeeees 1
-22 | 43392-10 ARS) od 3d | C 1
30 |MS21042L5 NUT occ cece cece cece eeeeeeeeeeeeeseaeaaeaaaeaaees 2
40 | AN960-516 AVN) | =] 5 Ore 2
50 | AN960-516L AVN) | =] 5 2
60 | AN5-16A BOLT .0....cccccccecsccteceeeeeeeeeeeeeeeesssstsasasaeeeeeeees 1
70 | 120-35881-001 . REINFORCEMENT, LUGGAGE VS4","[""table_or_parts_list_text_cues""]",table_ocr_table_candidate_scan,False,False
381,t_p_120_1176_p000381,00000381.tif,local_data\organization\trace_net\ocr_route_scan_pack_tesseract_full\page_images\t_p_120_1176_p000381.tif,c14bd5bd5978691b793c395fbe87642eab7c6454032e5312c94ea4c27d324ba9,table,detailed_parts_list,high,"[""high_part_number_density"", ""detailed_parts_list_candidate""]",,needs_review,,169,1547,11,"[""120-29068-077"", ""120-29068-081"", ""120-29083-001"", ""120-29574-003"", ""120-41225-003"", ""120-41225-005"", ""120-41225-007"", ""120-50674-001"", ""120-50675-001"", ""120-50675-003"", ""120-50676-001""]","€ emenncn

MAINTENANCE MANUAL WITH

ILLUSTRATED PARTS LIST
AIRLINE EFF | UNITS
FIG. ITEM | PARTNUMBER STOCK vase EODE. FROM | PER
NUMBER TO ASSY
90 210 | 120-41225-003 . STRUCTURE, ARMREST................0000:ee VS4956 1
230 | 120-41225-005 . STRUCTURE, ARMREST..................0000 VS4956 1
ATTACHING PARTS
240 | NAS4704-6 SCREW oo ccccceceetceesseeeeeeeeeeeeeeennees 3
-241 |MS51957-45 SCREW. 0. cccccccccccseeeeeeeeeeeeeeeeeenaas 4
-242 | NAS4704-5 SCREW 0 ccccccecenecenseeeeeeeeeeeeeeeeneas 1
250 | 120-29083-001 » BUSHING 00 ccccccceeeeeeeeeeeeeeentneaaes VS4956 4
260 | AN960-416 AAS) | = 5 re 4
-261 | 120-29574-003 ~ WASHER... cece cceeecceeeeeeeceeeeeeeentneaaes VS4956 1
270 |MS21042L4 NUT ooo eee cceceeeeeeeeeeeeeeeeeeeeeeeeseeeeeaaeeaaes 4
280 | 120-29068-081 . STRUCTURE ASSEMBLY, ARMREST VS4956 1
281 | 120-41225-007 . ARMREST STRUCTURE VS4956 1
282 | 120-50675-003 PIN oo. eeeeeeeseeeeeeeeeeeeeeeeeeeeeeeeeeeeeeeeeeeeeees VS4956 1
290 | 120-50675-001 LOCK... ce","[""table_or_parts_list_text_cues""]",table_ocr_table_candidate_scan,False,False
382,t_p_120_1176_p000382,00000382.tif,local_data\organization\trace_net\ocr_route_scan_pack_tesseract_full\page_images\t_p_120_1176_p000382.tif,a0a505d448a451888a70a756270f2347364ba7ae3365fb9db14acaddde203617,image_visual,image_visual_diagram,high,"[""figure_or_visual_label_signal"", ""limited_text_or_visual_route""]",,auto_suggested_review_recommended,,89,491,1,"[""120-29068-003""]","< EMBRAER
MAINTENANCE MANUAL WITH
ILLUSTRATED PARTS LIST
100
ve
55 Svs |
©8N >
LEE Ss
110 (A) S NE SY 180
Se fF 170
SS ff Po
C
1 \
90
210
230 ——__
~ ON
“SA. 220 — ey /
ow / o/s
S190) SS. ffs
oN N cf / |
“s “Ke if}
ASI
N. LPP MSG SSSA
yaa as
, £# | ee .
N / oo] j NO
SN / | j |
- SS | / i oto
aN
NY
LiL ®
a ne
1201P250086.MCE
Double Passenger Seat Structure (120-29068-003)
Figure 91
Sheet 1
EFFECTIVITY: ALL
25 21 00 Page 1319
T.P. 120/1176 Sep 30/98
","[""visual_keywords_with_limited_text""]",image_visual_ocr_and_vision_queue_scan,False,False
383,t_p_120_1176_p000383,00000383.tif,local_data\organization\trace_net\ocr_route_scan_pack_tesseract_full\page_images\t_p_120_1176_p000383.tif,ee93c2eabbbd80c4fbe615d5006b130996455192c7d8d2bd7b31cd0944087abd,table,image_visual_diagram,medium,"[""figure_or_visual_label_signal"", ""limited_text_or_visual_route""]",,needs_review,,92,552,1,"[""120-29068-003""]","< EMBRAER
MAINTENANCE MANUAL WITH
ILLUSTRATED PARTS LIST
Vy
Mi é ~~ 180
‘Vy / ~~ 449
LS aa
ae
/ ~
Gr ! i H
/ / /
160 G / / i
y / /
Fa / aa
pa ENR —*
oan \ 150
\ 1 BP
|
130 140 120 (B)
\ |
;
Mt 30
i 1! a
(D) 1 ee
| | aa
|! | ' 477
| , | eles
80 SS ncn
1 OS \ nN
LA vy \ ©
| Be \) ‘
| 79 / | “Ay \ 60
10 ——& 30 vy
‘S 40 OK.
eee NO
wore l \
eee @ \
< / in
50
20 50
120TP250081.MCE
Double Passenger Seat Structure (120-29068-003)
Figure 91
Sheet 2
EFFECTIVITY: ALL 25-21 -00
Page 1320
T.P. 120/1176 Sep 30/98
","[""table_or_parts_list_text_cues""]",table_ocr_table_candidate_scan,False,False
384,t_p_120_1176_p000384,00000384.tif,local_data\organization\trace_net\ocr_route_scan_pack_tesseract_full\page_images\t_p_120_1176_p000384.tif,397d0a9171408a7505975ee32b86d392bc0d1c300993ef02c84dc8a63ca148ca,table,detailed_parts_list,high,"[""high_part_number_density"", ""detailed_parts_list_candidate""]",,needs_review,,246,2166,12,"[""120-29068-003"", ""120-29068-009"", ""120-29070-003"", ""120-29070-005"", ""120-29074-001"", ""120-29077-001"", ""120-34292-001"", ""120-34489-001"", ""120-35881-001"", ""120-36058-001"", ""120-36060-003"", ""120-36060-005""]","€ emenncn

MAINTENANCE MANUAL WITH

ILLUSTRATED PARTS LIST
AIRLINE EFF | UNITS
FIG. ITEM | PARTNUMBER STOCK vase EODE. FROM; PER
NUMBER TO ASSY
91 - | 120-29068-003 STRUCTURE ASSY 00... ccceennseeeees VS4956 A REF
1 | 120-29074-001 . STRUCTURE , CENTRAL LEG. ............... VS4956 1
ATTACHING PARTS
10 | PE21052-2 / PIN, ATTACH... cccccccccceentstttstseeeeeeeees 1
20 | 42952-10 ~ FITTING, ATTACH ..... 2... cceceeeeeeeeeeeeeeeeees 1
-21 | 42975-12 OCREW. 2... ccccccccceeccececentttsseessaeeeeeeeeees 1
-22 | 43392-10 ARS) od 3d | C 1
30 |MS21042L5 NUT occ cece cece cece eeeeeeeeeeeeeseaeaaeaaaeaaees 2
40 | AN960-516 AVN) | =] 5 Ore 2
50 | AN960-516L AVN) | =] 5 2
60 | AN5-16A BOLT .0....cccccccecsccteceeeeeeeeeeeeeeeesssstsasasaeeeeeeees 1
70 | 120-35881-001 . REINFORCEMENT, LUGGAGE VS4956 1
PROTECTOR 2... ..cccccccccccccccccescsessttseeeeaeeees
80 | PE13076-1 ns) =i Of | ©) \ nnn 2
90 | 120-34292-001 . PROTECTOR, LUGGAGE .......... VS4956 1
100 | 120-29068-009 . FB","[""table_or_parts_list_text_cues""]",table_ocr_table_candidate_scan,False,False
385,t_p_120_1176_p000385,00000385.tif,local_data\organization\trace_net\ocr_route_scan_pack_tesseract_full\page_images\t_p_120_1176_p000385.tif,26e46340e3f7c10cac7d9d68fdf473cbcbae4a13fad01f8a4f4af87ec9ad85f7,table,detailed_parts_list,medium,"[""part_number_present"", ""ipl_column_terms""]",,needs_review,,118,971,2,"[""120-29068-003"", ""120-29083-001""]","€ emenncn

MAINTENANCE MANUAL WITH
ILLUSTRATED PARTS LIST
AIRLINE EFF | UNITS
FIG. ITEM| PARTNUMBER STOCK user EODE. FROM | PER
NUMBER TO ASSY
91 ATTACHING PARTS
200 | NAS4704-6 SCREW... cccccccccccceetttteaseeeeeeeeeeeeeeees 2
-201 | MS24693-C26 SCREW ccc cccecrtteeseeeeeeeeeneeeeees 8
210 | 120-29083-001 ~ BUSHING 200i cettteeeeeeeeeeeeeees VS4956 2
220 | AN960-416 ~ WASHER... o.oo ccccecceetttteeeeeeeeeeeeeeeene es 2
-221 | AN960C8 ~ WASHER L.. cccccccceeteteeaeeeeeeeeeeeeen ees 8
230 | MS21042L4 NUT ooo eee ccc cece eceeeceeeeeeeeeeeeeeeeeaeeeeaeaaaeaaaes 2
-231 |MS21042-06 NUT ooo cece ccccccceeeeeeeeeeeeeeeeeeeeeeeeeeaaeaeaeaaaes 8
USAGE CODE LIST
A AIRCRAFT 120028, 120034 THRU
120048, 120052, 120056 AND 120059
B AIRCRAFT 120034 THRU 120048,
120052, 120056 AND 120059
-ITEM NOT ILLUSTRATED
Double Passenger Seat Structure (120-29068-003)
Figure 91
Sheet 4
EFFECTIVITY: ALL 25 -2 1 -() 0
Page 1322

T.P. 120/1176

Sep 30/98

","[""table_or_parts_list_text_cues""]",table_ocr_table_candidate_scan,False,False
386,t_p_120_1176_p000386,00000386.tif,local_data\organization\trace_net\ocr_route_scan_pack_tesseract_full\page_images\t_p_120_1176_p000386.tif,2fd1e977e553c3eb1901969532b2d0dc629ac833c625773579bc3709acfb59f1,table,image_visual_diagram,medium,"[""figure_or_visual_label_signal"", ""limited_text_or_visual_route""]",,needs_review,,85,466,1,"[""120-29068-019""]","< EMBRAER
MAINTENANCE MANUAL WITH
ILLUSTRATED PARTS LIST
100
110
\ 100
| 4-40
/ ww 1 120
LEA‘ SS we
OOF WN SV
440 c Za ~— ei
A, Se 200
\
90
SSA 250 66 /
SS m~ / /
S220 ONS fp JI
~SOON cl fi]
~S ay / i
JIGL S
_— LP R&S oS
aio SS
N / | / SO
SO |
SL fT j
oN / | j 230
we / / /
<4 L®
a /
120TP250087.MCE
Double Passenger Seat Structure (120-29068-019/033)
Figure 92
Sheet 1
EFFECTIVITY: ALL
25 21 00 Page 1323
T.P. 120/1176 Sep 30/98
","[""table_or_parts_list_text_cues""]",table_ocr_table_candidate_scan,False,False
387,t_p_120_1176_p000387,00000387.tif,local_data\organization\trace_net\ocr_route_scan_pack_tesseract_full\page_images\t_p_120_1176_p000387.tif,cdecf0ae93578f46bdc306576da702f3326c1b02297f81c167e5c0556513cf94,table,image_visual_diagram,medium,"[""figure_or_visual_label_signal"", ""limited_text_or_visual_route""]",,needs_review,,87,522,1,"[""120-29068-019""]","< EMBRAER
MAINTENANCE MANUAL WITH
ILLUSTRATED PARTS LIST
i
\\ 6
\
i © 160
yf oooN~
y-~_ 170
ae
jo
/ ~
Ga ; /
; ! /
190 (E) / / /
y / /
NR
oT ee AN 180
\ tr er
160 170 bo (B)
|
ii 8
1 |
i | g 40
| | | ee
| | | an
80 SNS Casa
I Gan
1 as er
Be \ ‘\ \
| 70 JPM 60
10 30 vy .\
8 40 UR,
eee
eee | \
aoa @ }
eee Coy? \
/ i *\
50
20 50
120TP250088.MCE
Double Passenger Seat Structure (120-29068-019/033)
Figure 92
Sheet 2
EFFECTIVITY: ALL 25-21 -00
Page 1324
T.P. 120/1176 Sep 30/98
","[""table_or_parts_list_text_cues""]",table_ocr_table_candidate_scan,False,False
388,t_p_120_1176_p000388,00000388.tif,local_data\organization\trace_net\ocr_route_scan_pack_tesseract_full\page_images\t_p_120_1176_p000388.tif,c08e31c948269c46b8adb1a994d8100cc6b8730fcaeaff04e5d84609e0f5dd56,table,detailed_parts_list,high,"[""high_part_number_density"", ""detailed_parts_list_candidate""]",,needs_review,,267,2414,14,"[""120-26994-001"", ""120-26994-002"", ""120-29068-019"", ""120-29068-033"", ""120-29074-001"", ""120-29074-011"", ""120-29075-031"", ""120-29102-003"", ""120-34292-001"", ""120-35881-001"", ""120-36058-001"", ""120-36058-035"", ""120-40849-001"", ""120-43539-001""]","€ emenncn

MAINTENANCE MANUAL WITH

ILLUSTRATED PARTS LIST
AIRLINE EFF | UNITS
FIG. ITEM | PARTNUMBER STOCK vase EODE. FROM; PER
NUMBER TO ASSY
92 - | 120-29068-019 STRUCTURE ASSY 0... eccceeeeseeeees VS4956 A REF
- | 120-29068-033 STRUCTURE ASSY 00... cccccceeetseeeees VS4956 |071/171| REF
1 | 120-29074-001 . STRUCTURE , CENTRAL LEG. ............... VS4956 A 1
-2 | 120-29074-011 . STRUCTURE , CENTRAL LEG. ............... VS4956 | 071/171 1
-5 | 120-26994-001 SECTION, Low. cccccceeeeseeeeeeeeeeeeeees VS4956 | 071/171 1
-6 | 120-26994-002 SECTION, Low. cccccceeeeseasseeeeeeeeeees VS4956 | 071/171 1
ATTACHING PARTS
10 | PE21052-2 / PIN, ATTACH... cccccccccceentstttstseeeeeeeees 1
20 | 42952-10 ~ FITTING, ATTACH ..... 2... cceceeeeeeeeeeeeeeeeees 1
-21 | 42975-12 OCREW 0... cccccccccceccceeecensttsseeseaeeeeeeeeees 1
-22 | 43392-10 ARS) od 3d | C 1
30 |MS21042L5 NUT occ cece cece cece eeeeeeeeeeeeeseaeaaeaaaeaaees 2
40 | AN960-516 AVS) a | =] 5 Ore 2
50 | AN960-516L W","[""table_or_parts_list_text_cues""]",table_ocr_table_candidate_scan,False,False
389,t_p_120_1176_p000389,00000389.tif,local_data\organization\trace_net\ocr_route_scan_pack_tesseract_full\page_images\t_p_120_1176_p000389.tif,1051054f8b52745fdfabde27a2690e6b2a973313e178c68478c1fb0c0db90fcb,table,detailed_parts_list,medium,"[""part_number_present"", ""ipl_column_terms""]",,needs_review,,128,1125,5,"[""120-29083-001"", ""120-34489-001"", ""120-36060-003"", ""120-36060-005"", ""120-41225-005""]","€ emenncn

MAINTENANCE MANUAL WITH
ILLUSTRATED PARTS LIST
AIRLINE EFF | UNITS
FIG. ITEM | PARTNUMBER STOCK vase CODE. FROM; PER
NUMBER TO ASSY
92 KK
200 | 120-34489-001 . PROTECTIVE PLATE.......... cece VS4956 1
210 | 120-36060-003 . STRUCTURE, ARMREST...............000000ceee VS4956 1
220 | 120-36060-005 . STRUCTURE, ARMREST...............000000ceee VS4956 A 1
-221 | 120-41225-005 . STRUCTURE, ARMREST ................00000ceee VS4956 | 071/171 1
ATTACHING PARTS
230 | NAS4704-6 SCREW ..... occ ccccccccccccccccccceeecessssstttsssueeeeeeees 2
-231 |MS51957-45 SCREW oo. cccccccccccccccccccceeceeeesssstsssssaeeeeeeees 2
240 | 120-29083-001 BUSHING 000... cccceccceceeeeeeeeeeeeeeeenttneeaes VS4956 2
250 | AN960-416 WASHER ........ cc cccccceeeeeettsseeeeeeeeeeeeeeeenttnaaaes 2
260 | MS21042L4 ee 2
-261 |MS21061L08 ee 2
USAGE CODE LIST
A AIRCRAFT 120049 THRU 120051,
120053 THRU 120055, 120057, 120058,
120060 THRU 120171
-ITEM NOT ILLUSTRATED
Double Passenger Seat Stru","[""table_or_parts_list_text_cues""]",table_ocr_table_candidate_scan,False,False
390,t_p_120_1176_p000390,00000390.tif,local_data\organization\trace_net\ocr_route_scan_pack_tesseract_full\page_images\t_p_120_1176_p000390.tif,4049ccba07216990372258fae0c1e2685652d07d9306364f0e96a98e407679ca,table,image_visual_diagram,medium,"[""figure_or_visual_label_signal"", ""limited_text_or_visual_route""]",,needs_review,,86,470,0,[],"< EMBRAER
MAINTENANCE MANUAL WITH
ILLUSTRATED PARTS LIST
100
110
\ 100
| 4-40
/ Sy 1 120
LF aw
OOF N/ SS
440 c Za ~— vip
A Se 200
o~
\
90
SSA 250 66 /
SS a /  /
S220 ONS rh JI
~SON cl fi]
oS A / |
JIGL S
_— LP LG OSA
ao, SS
N / | j SO
SN / | j |
SL fT j
oN / | j 230
we / / /
KA LB
a /
120TP250087.MCE
Double Passenger Seat Structure (120-29068-04 1/055)
Figure 93
Sheet 1
EFFECTIVITY: ALL
25 21 00 Page 1327
T.P. 120/1176 Sep 30/98
","[""table_or_parts_list_text_cues""]",table_ocr_table_candidate_scan,False,False
391,t_p_120_1176_p000391,00000391.tif,local_data\organization\trace_net\ocr_route_scan_pack_tesseract_full\page_images\t_p_120_1176_p000391.tif,f8a320c936e13f332b095bdcaa2f568534b622ca64402e925ff08edca14de99f,table,image_visual_diagram,medium,"[""figure_or_visual_label_signal"", ""limited_text_or_visual_route""]",,needs_review,,85,496,1,"[""120-29068-041""]","< EMBRAER
MAINTENANCE MANUAL WITH
ILLUSTRATED PARTS LIST
7
Voy
i é ——~ 160
yy oo™
Wy ~_ 170
/ 195 ~
& , | /
on (E) / / /
190 Ki / /
y / /
oe Yo aan
Uo Ae
Tee AN 180
\ 1
|
160 170 150 (B)
|
rit 8
| |
1 | g~ 40
1 | ge vo
1 | | an
80 NS Ae
nt 8. WW \
| / AN \ 60
10 a | SD
eee NG
“oO LE < bo i
< / isn
50
20 50
120TP250083.MCE
Double Passenger Seat Structure (120-29068-041/055)
Figure 93
Sheet 2
EFFECTIVITY: ALL 25-21 -00
Page 1328
T.P. 120/1176 Sep 30/98
","[""table_or_parts_list_text_cues""]",table_ocr_table_candidate_scan,False,False
392,t_p_120_1176_p000392,00000392.tif,local_data\organization\trace_net\ocr_route_scan_pack_tesseract_full\page_images\t_p_120_1176_p000392.tif,708348d4d2214d9580ae3966361bb3f9c11b1bea274845e23cd497020325f033,table,detailed_parts_list,high,"[""high_part_number_density"", ""detailed_parts_list_candidate""]",,needs_review,,261,2420,15,"[""120-26994-001"", ""120-26994-002"", ""120-29068-041"", ""120-29068-055"", ""120-29074-013"", ""120-29074-017"", ""120-29102-003"", ""120-34292-001"", ""120-35881-001"", ""120-36058-001"", ""120-40849-001"", ""120-40851-001"", ""120-43539-001"", ""120-48023-001"", ""120-48024-001""]","€ emenncn

MAINTENANCE MANUAL WITH

ILLUSTRATED PARTS LIST
AIRLINE EFF | UNITS
FIG. ITEM | PARTNUMBER STOCK vase EODE. FROM; PER
NUMBER TO ASSY
93 - | 120-29068-041 STRUCTURE ASSY 00... ccccceeteteeeees VS4956 | 172/999} REF
- | 120-29068-055 STRUCTURE ASSY 0. cccceeteteeeees VS4956 | 172/999} REF
1 | 120-29074-013 . STRUCTURE , CENTRAL LEG. ............... VS4956 | 172/999 1
-2 | 120-29074-017 . STRUCTURE , CENTRAL LEG. ............... VS4956 | 172/999 1
-5 | 120-26994-001 SECTION, Low. cccccceeeeseasseeeeeeeeeees VS4956 | 172/999 1
-6 | 120-26994-002 SECTION, Low. cccccceeeeseasseeeeeeeeeees VS4956 | 172/999 1
ATTACHING PARTS
10 | PE21052-2 / PIN, ATTACH... cccccccccceentstttstseeeeeeeees 1
20 | 42952-10 ~ FITTING, ATTACH ..... 2... cceceeeeeeeeeeeeeeeeees 1
-21 | 42975-12 OCREW. 2... ccccccccceeccececentttsseessaeeeeeeeeees 1
-22 | 43392-10 ARS) od 3d | C 1
30 |MS21042L5 NUT occ cece cece cece eeeeeeeeeeeeeseaeaaeaaaeaaees 2
40 | AN960-516 AVN) | =] 5 Ore 2
50 |","[""table_or_parts_list_text_cues""]",table_ocr_table_candidate_scan,False,False
393,t_p_120_1176_p000393,00000393.tif,local_data\organization\trace_net\ocr_route_scan_pack_tesseract_full\page_images\t_p_120_1176_p000393.tif,2879cf6c244e1949d89410703dd52df4567ef900745353c69633e35540ec3d04,table,detailed_parts_list,medium,"[""part_number_present"", ""ipl_column_terms""]",,needs_review,,104,847,5,"[""120-29068-041"", ""120-29083-001"", ""120-34489-001"", ""120-41225-003"", ""120-41225-005""]","€ emenncn

MAINTENANCE MANUAL WITH

ILLUSTRATED PARTS LIST
AIRLINE EFF | UNITS
FIG. ITEM | PARTNUMBER STOCK ee aser EODE. FROM | PER
NUMBER TO ASSY
93 KK
200 | 120-34489-001 . PROTECTIVE PLATE ......... cere VS4956 1
210 | 120-41225-003 . STRUCTURE, ARMREST..................000 VS4956 1
220 | 120-41225-005 . STRUCTURE, ARMREST..................000 VS4956 1
ATTACHING PARTS
230 | NAS4704-6 SCREW ooo. cccceccsseeceeeeeeeeeeeeeeeenttaaees 2
-231 |MS51957-45 SCREW 00 ccccccceecettseeeeeeeeeeeeeeeeeees 2
240 | 120-29083-001 » BUSHING 200 cceeccceeeeeeeeeeeeeeeenteeaaas VS4956 2
250 | AN960-416 AAS) | = 5 re 2
260 | MS21042L4 A LO ne 2
-261 |MS21061L08 A LO ne 2
-ITEM NOT ILLUSTRATED
Double Passenger Seat Structure (120-29068-041/055)
Figure 93
Sheet 4
EFFECTIVITY: ALL 25-21 -00
Page 1330

T.P. 120/1176 Apr 10/06

","[""table_or_parts_list_text_cues""]",table_ocr_table_candidate_scan,False,False
394,t_p_120_1176_p000394,00000394.tif,local_data\organization\trace_net\ocr_route_scan_pack_tesseract_full\page_images\t_p_120_1176_p000394.tif,f347db53be9a381984845f2073fa8b596e584dc04e94b0612e8c404eceaa8757,table,image_visual_diagram,medium,"[""figure_or_visual_label_signal"", ""limited_text_or_visual_route""]",,needs_review,,89,700,1,"[""120-29068-071""]","< EMBRAER

MAINTENANCE MANUAL WITH

ILLUSTRATED PARTS LIST

100

110

100

\

110

\

SR

Ss

~

130

<p

SS

Ss

A

S

140

200

271

aw

Ss

SY

wa

272 —Ss

7}

300

OL

-

i |

eo |

Sy 7

_\ ®

‘|

90

300

290

240

G

@

~ ON

260 —___

280

~ ON

NON

NON

250

Be \

~ ON

NON

@/

220

~ ON

~ ON

ya

E

ar

a

\ / /

‘of

270

Co

vd ~ oN

~ LN

“oN

“NON

ao

Qi!

Gm,

230

120CMM250089.MCE A

Double Passenger Seat Structure (120-29068-071)

Figure 94

Sheet 1

EFFECTIVITY: ALL

25-21-00

Page 1331

T.P. 120/1176

Jul 15/02
","[""table_or_parts_list_text_cues""]",table_ocr_table_candidate_scan,False,False
395,t_p_120_1176_p000395,00000395.tif,local_data\organization\trace_net\ocr_route_scan_pack_tesseract_full\page_images\t_p_120_1176_p000395.tif,c5e45be7757771f10a6c86e22c2b93ca21af3b611456086516ddb10b8e9f4de1,table,image_visual_diagram,medium,"[""figure_or_visual_label_signal"", ""limited_text_or_visual_route""]",,needs_review,,85,510,1,"[""120-29068-071""]","< EMBRAER
MAINTENANCE MANUAL WITH
ILLUSTRATED PARTS LIST
\ /
Wiig
\
L\ @ ~~ 160
(ayo
Wy ~_ 170
Sn
i — 495 ~~
ae i i
/ ! /
190 (E) J / /
y / yf
ee Y aan
eT ee TAN 180
\ 7
|
160 170 150 (B)
|
| 80
! 40
PEE eter
| | | ve
80 NS waa
| “ ya
| Bead Wh \
AN
| 70 / mh \ 60
10 __€ 30 ws |
oS 40 SR.
eee NO
ee \
oo be \
Fini
20 50)
120TP250083.MCE
Double Passenger Seat Structure (120-29068-071)
Figure 94
Sheet 2
EFFECTIVITY: ALL 00
25-21-
Page 1332
T.P. 120/1176 Sep 30/98
","[""table_or_parts_list_text_cues""]",table_ocr_table_candidate_scan,False,False
396,t_p_120_1176_p000396,00000396.tif,local_data\organization\trace_net\ocr_route_scan_pack_tesseract_full\page_images\t_p_120_1176_p000396.tif,d6ef45206ed031a68d9738269a259a43ee57e82ede17cdd5e632368f9a0f06fa,table,detailed_parts_list,high,"[""high_part_number_density"", ""detailed_parts_list_candidate""]",,needs_review,,260,2338,13,"[""120-29068-071"", ""120-29074-013"", ""120-29102-003"", ""120-34292-001"", ""120-34489-001"", ""120-35881-001"", ""120-36058-037"", ""120-40849-001"", ""120-40851-001"", ""120-43539-001"", ""120-48023-001"", ""120-48024-001"", ""120-61546-001""]","€ emenncn

MAINTENANCE MANUAL WITH

ILLUSTRATED PARTS LIST
AIRLINE EFF | UNITS
FIG. ITEM | PARTNUMBER STOCK vase EODE. FROM; PER
NUMBER TO ASSY
94 - | 120-29068-07 1 STRUCTURE ASSY 00... ccceennseeeees VS4956 A REF
1 | 120-29074-013 . STRUCTURE , CENTRAL LEG. ............... VS4956 1
ATTACHING PARTS
10 | PE21052-2 / PIN, ATTACH... cccccccccceentstttstseeeeeeeees B 1
-11 | 120-48023-001 / PIN, ATTACH... cccccccccenereaeeeeeeeeeeeees VS4956 | 302/999 1
-15 | 120-61546-001 NUT oo eee c eee ee esses esses eeeeeeeeeeeeeeeeee es VS4956 | 302/999 1
20 | 42952-10 ~ FITTING, ATTACH ..... 2... cceceeeeeeeeeeeeeeeeees 1
-21 | 42975-12 OCREW 0... cccccccccceccceeecensttsseeseaeeeeeeeeees 1
-22 | 43392-10 ARS) od 3d | C 1
30 |MS21042L5 NUT occ cece cece cece eeeeeeeeeeeeeseaeaaeaaaeaaees 2
40 | AN960-516 AVS) a | =] 5 Ore 2
50 | AN960-516L AVN) | =] 5 2
60 | AN5-16A BOLT .0....cccccccecsccteceeeeeeeeeeeeeeeesssstsasasaeeeeeeees 1
70 | 120-35881-001 . REINFORCEMENT, LUGGAGE VS49","[""table_or_parts_list_text_cues""]",table_ocr_table_candidate_scan,False,False
397,t_p_120_1176_p000397,00000397.tif,local_data\organization\trace_net\ocr_route_scan_pack_tesseract_full\page_images\t_p_120_1176_p000397.tif,c8ee4a296e74bea98eb55baf11fbc1cd89c381ba2fca594b4969ad0321a67e87,table,detailed_parts_list,high,"[""high_part_number_density"", ""detailed_parts_list_candidate""]",,needs_review,,165,1499,9,"[""120-29068-081"", ""120-29083-001"", ""120-29574-003"", ""120-41225-005"", ""120-41225-007"", ""120-50674-001"", ""120-50675-001"", ""120-50675-003"", ""120-50676-001""]","€ emenncn

MAINTENANCE MANUAL WITH

ILLUSTRATED PARTS LIST
AIRLINE EFF | UNITS
FIG. ITEM | PARTNUMBER STOCK vase EODE. FROM | PER
NUMBER TO ASSY
94 220 | 120-41225-005 . STRUCTURE, ARMREST...............0.0e VS4956 1
ATTACHING PARTS
230 | NAS4704-6 SCREW oo ccccceceetceesseeeeeeeeeeeeeeennees 3
-231 |MS51957-45 SCREW 0c cccccccetcenseeeeeeeeeeeeeeeenaes 2
-232 | NAS4704-5 SCREW. ccccc cece teeeeeeeeeeeeeeeeeeneas 1
240 | 120-29083-001 » BUSHING 200 cceeccceeeeeeeeeeeeeeeenteeaaas VS4956 4
250 | AN960-416 AAS) | = 5 re 4
-251 | 120-29574-003 ~ WASHER... cece cceeecceeeeeeeceeeeeeeentneaaes VS4956 1
260 | MS21042L4 NUT ooo cece ceceeeeeeeeeeeeeeeeeeeeeeeeseeeeeaaeeaees 4
270 | 120-29068-081 . STRUCTURE ASSEMBLY, ARMREST...... VS4956 1
271 | 120-41225-007 . STRUCTURE, ARMREST..................0065 VS4956 1
272 | 120-50675-003 PIN oo. eeeeeeeseeeeeeeeeeeeeeeeeeeeeeeeeeeeeeeeeeeeeees VS4956 1
280 | 120-50675-001 LOCK... ceccccccccceceeeceesttsseesaaeeeeeseeeeeeee VS4956 ","[""table_or_parts_list_text_cues""]",table_ocr_table_candidate_scan,False,False
398,t_p_120_1176_p000398,00000398.tif,local_data\organization\trace_net\ocr_route_scan_pack_tesseract_full\page_images\t_p_120_1176_p000398.tif,0ac44f15172b9cdea91dbd3afb8949874c0c02f05898db39d03e6d9bc00063b3,table,image_visual_diagram,medium,"[""figure_or_visual_label_signal"", ""limited_text_or_visual_route""]",,needs_review,,92,526,1,"[""120-29068-005""]","< EMBRAER
MAINTENANCE MANUAL WITH
ILLUSTRATED PARTS LIST
100 :
110
100
210 NY
! va 110
| \
DF Se SQ | 120
LOKI SY
140 LE NN awa 220
AY y
SN Fe) 200
SSX ff 703
o~
1 \
90
250
270 ——___.
~ ON
“SAL 260 S65 /
SSN J‘ /
S230 SS, AA!
SONY a I /
> Qa [|
yIGLS
N AQ [7 aw
. fo >a! Pre
N / oo] / SO
SN / / |
. “roy
S / | 240
“OY |
K/L B
Y /
Z /
120TP250082.MCE |
Double Passenger Seat Structure (120-29068-005/049)
Figure 95
Sheet 1
EFFECTIVITY: ALL
25 21 00 Page 1335
T.P. 120/1176 Sep 30/98
","[""table_or_parts_list_text_cues""]",table_ocr_table_candidate_scan,False,False
399,t_p_120_1176_p000399,00000399.tif,local_data\organization\trace_net\ocr_route_scan_pack_tesseract_full\page_images\t_p_120_1176_p000399.tif,913a4b387cabf16c0492a25be2834c08a86b31d835e27f1f25615684277a5eb5,table,image_visual_diagram,medium,"[""figure_or_visual_label_signal"", ""limited_text_or_visual_route""]",,needs_review,,88,518,1,"[""120-29068-005""]","< EMBRAER
MAINTENANCE MANUAL WITH
ILLUSTRATED PARTS LIST
of
Voy |
i é ——~ 160
(yy
Wy 170
Sn
/ 195 ~
& | i
ae (E) fi / /
190 / / /
yo / /
ia / aan
Uo CA
pee 180
a \ \
an Bi,
160 170 150 (B)
my
eo
| |
i | g 40
i) | ge -
| ! | eee
) | | eas
80 NS oe
7 B WN \
Q vw \
| 70 / SN \ 60
10 —-§ 30 yg 5)
eee NS
Oe < bo i
< / ee
50
20 50
120TP250083.MCE
Double Passenger Seat Structure (120-29068-005/049)
Figure 95
Sheet 2
EFFECTIVITY: ALL 25-21 -00
Page 1336
T.P. 120/1176 Sep 30/98
","[""table_or_parts_list_text_cues""]",table_ocr_table_candidate_scan,False,False
400,t_p_120_1176_p000400,00000400.tif,local_data\organization\trace_net\ocr_route_scan_pack_tesseract_full\page_images\t_p_120_1176_p000400.tif,44b518c2f28b6b9d39a359677eabab6a8453c2a16cf17ddcbad9099229044499,table,detailed_parts_list,high,"[""high_part_number_density"", ""detailed_parts_list_candidate""]",,needs_review,,281,2551,15,"[""120-29068-005"", ""120-29068-009"", ""120-29068-049"", ""120-29074-001"", ""120-29074-013"", ""120-29077-001"", ""120-29102-003"", ""120-34292-001"", ""120-35881-001"", ""120-36058-001"", ""120-40849-001"", ""120-40851-009"", ""120-43539-001"", ""120-48023-001"", ""120-48024-001""]","€ emenncn

MAINTENANCE MANUAL WITH

ILLUSTRATED PARTS LIST
AIRLINE EFF | UNITS
FIG. ITEM | PARTNUMBER STOCK vase EODE. FROM; PER
NUMBER TO ASSY
95 - | 120-29068-005 STRUCTURE ASSY 00... ccceennseeeees VS4956 A REF
- | 120-29068-049 STRUCTURE ASSY 00... cccccceeetseeeees VS4956 | 172/999} REF
1 | 120-29074-001 . STRUCTURE , CENTRAL LEG. ............... VS4956 A 1
1 | 120-29074-013 . STRUCTURE , CENTRAL LEG. ............... VS4956 | 172/999 1
ATTACHING PARTS
10 | PE21052-2 / PIN, ATTACH... cccccccccceentstttstseeeeeeeees 1
20 | 42952-10 ~ FITTING, ATTACH... ceceeeceeeeeeeeeeeeeees 1
-21 | 42975-12 OCREW. 2... ccccccccceeccececentttsseessaeeeeeeeeees 1
-22 | 43392-10 ARS) od 3d | C 1
30 |MS21042L5 SO ee 2
40 | AN960-516 AVN) | =] 5 Ore 2
50 | AN960-516L AVN) | =] 5 2
60 | AN5-16A BOLT .0....cccccccecsccteceeeeeeeeeeeeeeeesssstsasasaeeeeeeees 1
70 | 120-35881-001 . REINFORCEMENT, LUGGAGE VS4956 1
PROTECTOR 2... ..cccccccccccccccccescsessttseeeeaeeees
80 | PE13076-1 n","[""table_or_parts_list_text_cues""]",table_ocr_table_candidate_scan,False,False
401,t_p_120_1176_p000401,00000401.tif,local_data\organization\trace_net\ocr_route_scan_pack_tesseract_full\page_images\t_p_120_1176_p000401.tif,6f2911d1a4033ebaae209ed8ddf7778986dba659e330cf1c4dbd70cbf7bc9a63,table,detailed_parts_list,high,"[""high_part_number_density"", ""detailed_parts_list_candidate""]",,needs_review,,144,1399,9,"[""120-29068-005"", ""120-29070-001"", ""120-29070-003"", ""120-29070-005"", ""120-29083-001"", ""120-34489-001"", ""120-36060-003"", ""120-41225-003"", ""120-41225-005""]","€ emenncn

MAINTENANCE MANUAL WITH
ILLUSTRATED PARTS LIST
AIRLINE EFF | UNITS
FIG. ITEM | PARTNUMBER STOCK vase EODE. FROM | PER
NUMBER TO ASSY
95 KK
200 | 120-34489-001 . PROTECTIVE PLATE ......... cere VS4956 1
210 | 120-29070-001 . STRUCTURE, ARMREST..................0000 VS4956 1
211 | 120-41225-003 . STRUCTURE, ARMREST..................00008 VS4956 | 172/999 2
220 | 120-29070-003 . STRUCTURE, ARMREST...............0..000000 VS4956 1
-221 | 120-36060-003 . STRUCTURE, ARMREST................0000008 VS4956 | 172/999 1
230 | 120-29070-005 . STRUCTURE, ARMREST...............0..000000 VS4956 1
-231 | 120-41225-005 . STRUCTURE, ARMREST..................000008 VS4956 | 172/999 1
ATTACHING PARTS
240 | NAS4704-6 SCREW ........ccccccccccccccccccecceseeesssstasssaeeeeeeees 2
-241 |MS51957-45 S114 a || ce 172/999 4
250 | 120-29083-001 BUSHING 000. cccceceeeeeeeeeeeeeeeennneaaes VS4956 2
260 | AN960-416 WASHER............cccccecceeeseseeeeeeeeeeeeeeeeeeeeennees 2
270 |MS2104","[""table_or_parts_list_text_cues""]",table_ocr_table_candidate_scan,False,False
402,t_p_120_1176_p000402,00000402.tif,local_data\organization\trace_net\ocr_route_scan_pack_tesseract_full\page_images\t_p_120_1176_p000402.tif,88d31ab22b019d7dca5d51d71524bf5c7b1e8305b61626309045d5254d5378aa,table,image_visual_diagram,medium,"[""figure_or_visual_label_signal"", ""limited_text_or_visual_route""]",,needs_review,,91,531,1,"[""120-29068-021""]","< EMBRAER
MAINTENANCE MANUAL WITH
ILLUSTRATED PARTS LIST
100 :
110
100
210 \
| a 110
\ / SV
SS A
DF SS S | G1 120
Ge ~ (B) / Ss My 130
140 LE — 220
On y
So 200
OAK
, SS
1 \
90
250
270 ——__.
~ Gg
“SAL 260 265 /
SSN /o/
SJ 280 SS A /!
SON a 7 /
~ Qari [|
YIGLS
Su BIS
“XN NN NaN
. Va yee! SS
~ / / / es)
SN / / |
. “Fo |
XS / | 240
SY |
a A
120TP250082.MCE |
Double Passenger Seat Structure (120-29068-021/023)
Figure 96
Sheet 1
EFFECTIVITY: ALL
25 21 00 Page 1339
T.P. 120/1176 Sep 30/98
","[""table_or_parts_list_text_cues""]",table_ocr_table_candidate_scan,False,False
403,t_p_120_1176_p000403,00000403.tif,local_data\organization\trace_net\ocr_route_scan_pack_tesseract_full\page_images\t_p_120_1176_p000403.tif,635c44000d9db4c248cf84533ab4a6704ceda6a86f7cb1102dc64d3ee6910238,table,image_visual_diagram,medium,"[""figure_or_visual_label_signal"", ""limited_text_or_visual_route""]",,needs_review,,78,600,1,"[""120-29068-021""]","< EMBRAER

MAINTENANCE MANUAL WITH

ILLUSTRATED PARTS LIST

Vy |

\\ |

~~ 460

\\ |

/o™~

170

ae

Wp

é.

190

wy

oT

a LN

ava

180

AN

160 170

150

30

40

“or

ad

ove

“vy

4 oe

80

| “7 an

a“ 4 “

95

i a@y>

\

N a

\

\ \\

ws

Na \

60

70

N

10 —

30 40

“ Mes

“ a

a “

oof

“ “

“+

“e+

50

20

50

120TP250090.MCE

Double Passenger Seat Structure (120-29068-021/023)

Figure 96

Sheet 2

EFFECTIVITY: ALL

25-21-00

Page 1340

T.P. 120/1176

Sep 30/98
","[""table_or_parts_list_text_cues""]",table_ocr_table_candidate_scan,False,False
404,t_p_120_1176_p000404,00000404.tif,local_data\organization\trace_net\ocr_route_scan_pack_tesseract_full\page_images\t_p_120_1176_p000404.tif,1a7f59650b0857fc4ca1d86a8f0811b408e7b17cca5ecd54fac66dc354ab702e,table,detailed_parts_list,high,"[""high_part_number_density"", ""detailed_parts_list_candidate""]",,needs_review,,267,2453,15,"[""120-29068-009"", ""120-29068-021"", ""120-29068-023"", ""120-29074-001"", ""120-29075-017"", ""120-29102-003"", ""120-34292-001"", ""120-35881-001"", ""120-36058-001"", ""120-37435-001"", ""120-37436-001"", ""120-37437-001"", ""120-37437-003"", ""120-40849-001"", ""120-43539-001""]","€ emenncn

MAINTENANCE MANUAL WITH

ILLUSTRATED PARTS LIST
AIRLINE EFF | UNITS
FIG. ITEM | PARTNUMBER STOCK vase EODE. FROM; PER
NUMBER TO ASSY
96 - | 120-29068-021 STRUCTURE ASSY 00... ccceennseeeees VS4956 A REF
- | 120-29068-023 STRUCTURE ASSY 0... cceccceentteeeees VS4956 B REF
1 | 120-29074-001 . STRUCTURE , CENTRAL LEG. ............... VS4956 1
ATTACHING PARTS
10 | PE21052-2 / PIN, ATTACH... cccccccccceentstttstseeeeeeeees 1
20 | 42952-10 ~ FITTING, ATTACH ..... 2... cceceeeeeeeeeeeeeeeeees 1
-21 | 42975-12 OCREW 0... cccccccccceccceeecensttsseeseaeeeeeeeeees 1
-22 | 43392-10 ARS) od 3d | C 1
30 |MS21042L5 NUT occ cece cece cece eeeeeeeeeeeeeseaeaaeaaaeaaees 2
40 | AN960-516 AVS) a | =] 5 Ore 2
50 | AN960-516L AVN) | =] 5 2
60 | AN5-16A BOLT .0....cccccccecsccteceeeeeeeeeeeeeeeesssstsasasaeeeeeeees 1
70 | 120-35881-001 . REINFORCEMENT, LUGGAGE VS4956 1
PROTECTOR 2... ..cccccccccccccccccescsessttseeeeaeeees
80 | PE13076-1 ns) =i Of | ©) \ nnn 2
90 | 120-3429","[""table_or_parts_list_text_cues""]",table_ocr_table_candidate_scan,False,False
405,t_p_120_1176_p000405,00000405.tif,local_data\organization\trace_net\ocr_route_scan_pack_tesseract_full\page_images\t_p_120_1176_p000405.tif,cecb0b6f08f97fa40e9f03158da5bf9a546da008182d8c0f380223b0d79a20de,table,detailed_parts_list,high,"[""high_part_number_density"", ""detailed_parts_list_candidate""]",,needs_review,,158,1383,8,"[""120-29068-021"", ""120-29083-001"", ""120-34489-001"", ""120-36060-001"", ""120-36060-003"", ""120-36060-005"", ""120-41225-003"", ""120-41225-005""]","€ emenncn

MAINTENANCE MANUAL WITH
ILLUSTRATED PARTS LIST
AIRLINE EFF | UNITS
FIG. ITEM PART NUMBER STOCK vase EODE. FROM PER
NUMBER TO ASSY
96 KK
200 | 120-34489-001 ~ PROTECTIVE PLATE ...........cc.ccccceceecceeeeees VS4956 1
210 | 120-36060-001 . STRUCTURE, ARMREST.........00......00.0. VS4956 A 1
-211 | 120-41225-003 . STRUCTURE, ARMREST.......00...000000e. VS4956 B 2
220 | 120-36060-003 . STRUCTURE, ARMREST.........00......00.0. VS4956 1
230 | 120-36060-005 . STRUCTURE, ARMREST.........00......00.0. VS4956 A 1
-231 | 120-41225-005 . STRUCTURE, ARMREST.......00...0000u. VS4956 B 1
ATTACHING PARTS
240 | NAS4704-6 W SCREW o.oo. cece cccccccceccccceccccececceuceeeceuceeceeaes 2
-241 |MS51957-45 SCREW 00... ccccccccccccccccccccecccececccuceeececeeaceuaes 4
250 | 120-29083-001 ~ BUSHING 2.0... cece cece cecccecccecceccceceeeceeeseeeeaes VS4956 2
260 | AN960-416 ~ WASHER. ........ccccceccccccecccecceecceccceceeeceeseaeeeaes 2
270 |MS21042L4 nO 2
-271 |MS21061L08 nO 4","[""table_or_parts_list_text_cues""]",table_ocr_table_candidate_scan,False,False
406,t_p_120_1176_p000406,00000406.tif,local_data\organization\trace_net\ocr_route_scan_pack_tesseract_full\page_images\t_p_120_1176_p000406.tif,0ce0035b864d109f238a7532624512d7a56d7346d7c07d44882edd7a09a33417,table,image_visual_diagram,medium,"[""figure_or_visual_label_signal"", ""limited_text_or_visual_route""]",,needs_review,,96,508,1,"[""120-29068-029""]","< EMBRAER
MAINTENANCE MANUAL WITH
ILLUSTRATED PARTS LIST
100
110
100
\ va 110
DF OS Se we F120
KOON SS
140 CP 220
(A) L- Ns
So oF 200
SX ff fo
o~
1 \
90
K 280 ee 2)
SIA _ 250 66 /
ow a / /
S210 Ss va JI
SON cf fy}
SS XY Sr [|
AGL
X. LF L4G
La <~
; £¢ | ee ;
~ i / j SO
aN / | j |
SL / ol j
= J | j 230
MSZ
a WA / (A)
""4 /
1201P250084.MCE
Double Passenger Seat Structure (120-29068-029/047)
Figure 97
Sheet 1
EFFECTIVITY: ALL
25 21 00 Page 1343
T.P. 120/1176 Sep 30/98
","[""table_or_parts_list_text_cues""]",table_ocr_table_candidate_scan,False,False
407,t_p_120_1176_p000407,00000407.tif,local_data\organization\trace_net\ocr_route_scan_pack_tesseract_full\page_images\t_p_120_1176_p000407.tif,baec421d009140eb0fd1d20e67e48fd261b8c45f7983e06765ebebfd6e7e5618,table,image_visual_diagram,medium,"[""figure_or_visual_label_signal"", ""limited_text_or_visual_route""]",,needs_review,,83,671,1,"[""120-29068-029""]","< EMBRAER

MAINTENANCE MANUAL WITH

ILLUSTRATED PARTS LIST

\\

18

\\ |

~~ 460

\\ |

/o™~

aN

170

Pa

195

ew

190

47 ON

NA

\ |

180

+

160 170

150

30

40

“ry

“ y -

“+

4 vie

“vo es

“oe

80

| 7 7

4 oye

fo yf

| @>

ANY

95

La

\

\

\ \N

SN

\\

60

70

\

\\

10 —@

30

40

> y 4)

Vo”

“ a“

“ a“

“ “

a a

“ “vv

“ “

a“ a“

me

“oe

50

20

50

120TP250091.MCE

Double Passenger Seat Structure (120-29068-029/047)

Figure 97

Sheet 2

EFFECTIVITY: ALL

25-21-00

Page 1344

T.P. 120/1176

Sep 30/98
","[""table_or_parts_list_text_cues""]",table_ocr_table_candidate_scan,False,False
408,t_p_120_1176_p000408,00000408.tif,local_data\organization\trace_net\ocr_route_scan_pack_tesseract_full\page_images\t_p_120_1176_p000408.tif,d25e9ac84da4a743d8a0ac3fd46be4c7924bfe87c05e5d2b786374393a6bba04,table,detailed_parts_list,high,"[""high_part_number_density"", ""detailed_parts_list_candidate""]",,needs_review,,340,2612,19,"[""120-26994-001"", ""120-26994-002"", ""120-29068-009"", ""120-29068-029"", ""120-29068-047"", ""120-29074-011"", ""120-29074-017"", ""120-29102-003"", ""120-34292-001"", ""120-35881-001"", ""120-36058-035"", ""120-37435-001"", ""120-37436-003"", ""120-37437-001"", ""120-37437-003"", ""120-40849-001"", ""120-40851-009"", ""120-48023-001"", ""120-48024-001""]","€ emenncn

MAINTENANCE MANUAL WITH

ILLUSTRATED PARTS LIST
AIRLINE EFF | UNITS
FIG. ITEM PART NUMBER STOCK vase EODE. FROM | PER
NUMBER TO ASSY
97 - | 120-29068-029 STRUCTURE ASSY .00...... occ eeeee eee VS4956 | 071/171] REF
- | 120-29068-047 STRUCTURE ASSY 00.0... cece VS4956 | 172/999] REF
1 | 120-29074-011 . STRUCTURE , CENTRAL LEG. ................ VS4956 | 071/171 1
-2 | 120-29074-017 . STRUCTURE , CENTRAL LEG ................ VS4956 | 172/999 1
-5 | 120-26994-001 . SECTION, Lio. cceeeeeeecceeeeeeaaes VS4956 1
-6 | 120-26994-002 . SECTION, Lio. cceeeeeeecceeeeeeaaes VS4956 1
ATTACHING PARTS
10 | PE21052-2 ~ PIN, ATTACH. cece cece cesses 1
20 | 42952-10 . FITTING, ATTACH 1... e eee e eee 1
-21 | 42975-12 SCREW. oo... ccccccceeeeccceeeeeeeeeeeceeeeeeeaaes 1
-22 | 43392-10 eo) dd | \ | Cpe 1
30 |MS21042L5 NO 2
40 | AN960-516 AA A/C) | ml p 2
50 | AN960-516L AA Y/N) | ml pr 2
60 | AN5-16A 3) i 1
70 | 120-35881-001 . REINFORCEMENT, LUGGAGE
PROTECTOR .00o..... o","[""table_or_parts_list_text_cues""]",table_ocr_table_candidate_scan,False,False
409,t_p_120_1176_p000409,00000409.tif,local_data\organization\trace_net\ocr_route_scan_pack_tesseract_full\page_images\t_p_120_1176_p000409.tif,2260740c76cbb8fe6962eb5498ba8636cafde68ae22aa9c56b8bd415923f1d22,table,detailed_parts_list,medium,"[""part_number_present"", ""ipl_column_terms""]",,needs_review,,104,860,5,"[""120-29068-029"", ""120-29083-001"", ""120-34489-001"", ""120-41225-003"", ""120-41225-005""]","€ emenncn

MAINTENANCE MANUAL WITH

ILLUSTRATED PARTS LIST
AIRLINE EFF | UNITS
FIG. ITEM | PARTNUMBER STOCK vase EODE. FROM | PER
NUMBER TO ASSY

97 KK

200 | 120-34489-001 . PROTECTIVE PLATE ......... cere VS4956

210 | 120-41225-003 . STRUCTURE, ARMREST..................0000 VS4956 2

220 | 120-41225-005 . STRUCTURE, ARMREST..................0000 VS4956

ATTACHING PARTS

230 | NAS4704-6 SCREW ooo ccc ceceetcttteeeeeeeeeeeeeeenneas 2

-231 |MS51957-45 SCREW 0c ccc cece tteeeeeeeeeeeeeeeeneas 4

240 | 120-29083-001 » BUSHING 200 cceeccceeeeeeeeeeeeeeeenteeaaas VS4956 2

250 | AN960-416 AAS) | = 5 re 2

260 | MS21042L4 A LO ne 2

-261 |MS21061L08 A LO ne 4
-ITEM NOT ILLUSTRATED

Double Passenger Seat Structure (120-29068-029/047)
Figure 97
Sheet 4
EFFECTIVITY: ALL 25-21 -00
Page 1346

T.P. 120/1176 Apr 10/06

","[""table_or_parts_list_text_cues""]",table_ocr_table_candidate_scan,False,False
410,t_p_120_1176_p000410,00000410.tif,local_data\organization\trace_net\ocr_route_scan_pack_tesseract_full\page_images\t_p_120_1176_p000410.tif,34bcceb098ace6f3f0439bf647a579359d7903e4c6daac6a27c45a0935cefe97,table,image_visual_diagram,medium,"[""figure_or_visual_label_signal"", ""limited_text_or_visual_route""]",,needs_review,,95,558,1,"[""120-29068-013""]","< EMBRAER
MAINTENANCE MANUAL WITH
ILLUSTRATED PARTS LIST
100 :
110
a | \ va ~ 110
\ / ~~
EG IS
DF SS S | © 120
Ge ~ (B) / Ss f"" 130
140 a _ 220
@Y NI y
SS 200
One
Ry
1 \
90
250
270 ——___
> Gx
“SIAL 260 —Sa\. |
SON @, /
S230 SSA. A J
SON a ae, /
> 1/1 [|
YIGL Se
LF Kj/A~
N ZL | ON
. fo re! SS
N / / / SO
SO |
q SL]
~ / | 240
“NY /
K/L ®
a io
120TP250082.MCE |
ouble rassenger oea ructure - -
Double P Seat Structure (120-29068-013/051)
Figure 98
Sheet 1
EFFECTIVITY: ALL
25 21 00 Page 1347
T.P. 120/1176 Sep 30/98
","[""table_or_parts_list_text_cues""]",table_ocr_table_candidate_scan,False,False
411,t_p_120_1176_p000411,00000411.tif,local_data\organization\trace_net\ocr_route_scan_pack_tesseract_full\page_images\t_p_120_1176_p000411.tif,08cfa321b2cc7328d6a69a2ca064930b77ca93a20ffcb9f6c73305a224d1d6b9,table,image_visual_diagram,medium,"[""figure_or_visual_label_signal"", ""limited_text_or_visual_route""]",,needs_review,,80,677,1,"[""120-29068-013""]","< EMBRAER

MAINTENANCE MANUAL WITH

ILLUSTRATED PARTS LIST

\\

18

\\ |

\\ |

oS 160

\\ 4

/o™~

170

Sn

195

e.

190

a0 GT

NA

\ \

180

\i

160 170

150

30

40

“+

“+

4

ad

“vie

“ve

80

| ana ee

Sf yt

| @>

“vr

\

95

| a

\ \\

\ Ss

Se.

\

\\

— \ \\ \

\\

60

70

\\

10 —&

30

40

-~y .)

On

“ a

“ a“

“ a

a“ “

7 “

a“ “v

foe

me

oe

50

20

50

120TP250091.MCE

Double Passenger Seat Structure (120-29068-013/051)

Figure 98

Sheet 2

EFFECTIVITY: ALL

25-21-00

Page 1348

T.P. 120/1176

Sep 30/98
","[""table_or_parts_list_text_cues""]",table_ocr_table_candidate_scan,False,False
412,t_p_120_1176_p000412,00000412.tif,local_data\organization\trace_net\ocr_route_scan_pack_tesseract_full\page_images\t_p_120_1176_p000412.tif,f107379ad5f58d87f6c71a7aea3960cdbe4880c2138273e2980e30debeebb616,table,detailed_parts_list,high,"[""high_part_number_density"", ""detailed_parts_list_candidate""]",,needs_review,,285,2509,18,"[""120-29068-009"", ""120-29068-013"", ""120-29068-051"", ""120-29074-001"", ""120-29074-013"", ""120-29077-001"", ""120-29102-003"", ""120-34292-001"", ""120-35881-001"", ""120-36058-001"", ""120-37435-001"", ""120-37436-001"", ""120-37436-003"", ""120-37437-001"", ""120-37437-003"", ""120-40849-001"", ""120-40851-009"", ""120-43539-001""]","€ emenncn

MAINTENANCE MANUAL WITH

ILLUSTRATED PARTS LIST
AIRLINE EFF | UNITS
FIG. ITEM PART NUMBER STOCK vase EODE. FROM PER
NUMBER TO ASSY
98 - | 120-29068-013 STRUCTURE ASSY uo... cece VS4956 A REF
- | 120-29068-051 STRUCTURE ASSY ou... eee VS4956 | 172/999] REF
1 | 120-29074-001 . STRUCTURE , CENTRAL LEG. ................ VS4956 A 1
1 | 120-29074-013 . STRUCTURE , CENTRAL LEG ................ VS4956 | 172/999 1
ATTACHING PARTS
10 | PE21052-2 PIN, ATTACH.....00.. ccc eeeeeseneeeeeeea eens 1
20 | 42952-10 FITTING, ATTACH |... eee eres 1
-21 |42975-12 HOCREW 0... cccccecccceececcseaeeeecuaeeeeeeaneess 1
-22 | 43392-10 LOPRING Looe cccececceeeeccsseeeeseeaeeeeeeeaeeees 1
30 |MS21042L5 Ok 2
40 | AN960-516 AA A/C) on | ml » 2
50 | AN960-516L PA ANC) on | ml » 2
60 | AN5-16A BOLT ooo. cecceccceeeeeec cee eeeeeeaaeeevaaeeeeneaegs 1
70 | 120-35881-001 . REINFORCEMENT, LUGGAGE VS4956 1
PROTECTOR ..........cccceccceececceeeeecesaneeeenaeees
80 | PE13076-1 SECTION. ooo.","[""table_or_parts_list_text_cues""]",table_ocr_table_candidate_scan,False,False
413,t_p_120_1176_p000413,00000413.tif,local_data\organization\trace_net\ocr_route_scan_pack_tesseract_full\page_images\t_p_120_1176_p000413.tif,4ad1547c2c3799667b5e50801a49ab8eb96d1abed7dca67b77c3a29b8e4e8846,table,detailed_parts_list,high,"[""high_part_number_density"", ""detailed_parts_list_candidate""]",,needs_review,,183,1773,10,"[""120-29070-001"", ""120-29070-003"", ""120-29070-005"", ""120-29083-001"", ""120-34489-001"", ""120-36060-003"", ""120-41225-003"", ""120-41225-005"", ""120-48023-001"", ""120-48024-001""]","€ emenncn

MAINTENANCE MANUAL WITH

ILLUSTRATED PARTS LIST
AIRLINE EFF | UNITS
FIG. ITEM | PARTNUMBER STOCK vase EODE. FROM | PER
NUMBER TO ASSY
98 170 | AN960-516 WASHER. ..........cccceeceeetesseeeeeeeeeeeeeeseennnenniaes 2
180 | AN5-13A BOLT oo. cccccccccccccccececcecesstseeeeeeeeeeeeeceseeeenaaas 2
-181 | NAS464P5A16 BOLT oo. ccccccccccecceeeeessssstessaeeeeeseeeeeeeeeneaas 172/999 1
190 | 120-48023-001 / PIN, ATTACH..........cccccccecceeeseeeeeeeeeeeeeeeennees VS4956 | 172/999 1
-191 | PE21052-2 / PIN, ATTACH........... 0c. ccccccceceeeeeeeeeeeeenteennaes 1
195 | 120-48024-001 RING, LOCKING... cccccceceeeeeeeentes VS4956 | 172/999 1
200 | 120-34489-001 . PROTECTIVE PLATE ......... cere VS4956 1
210 | 120-29070-001 . STRUCTURE, ARMREST..................000 VS4956 1
-211 | 120-41225-003 . STRUCTURE, ARMREST..................00008 VS4956 | 172/999 1
220 | 120-29070-003 . STRUCTURE, ARMREST..................000 VS4956 1
-221 | 120-36060-003 . STRUCTURE, ARMREST......","[""table_or_parts_list_text_cues""]",table_ocr_table_candidate_scan,False,False
414,t_p_120_1176_p000414,00000414.tif,local_data\organization\trace_net\ocr_route_scan_pack_tesseract_full\page_images\t_p_120_1176_p000414.tif,eddafa2f0a212767069aa8ee7e03ba870a382e951cc6604ab8167634b116dd1f,table,image_visual_diagram,medium,"[""figure_or_visual_label_signal"", ""limited_text_or_visual_route""]",,needs_review,,91,718,1,"[""120-29068-073""]","< EMBRAER

MAINTENANCE MANUAL WITH

ILLUSTRATED PARTS LIST

100

110

210

100

\

110

\

SS

SN

a 120

Q>

130

Ke>

SS

S\

SS

~

140

Ze

200

281

SN

282 —Ss

“}

310 —

ra

as

Rarer,

{ot

C;

~N “y]

1

|

90

310

300

270

250

G

NUN

~ ON

~~ ON

290

\ “|

~ ON

~ ON

NUN

260

@/

~ ON

~~ ON

230

~ oN

Jt

a

f

\ / / /

280

/ of

Cv!

ios”

~ ON

~LN

ao

~A!

~LN

~ t

/ P

240

120CMM250085.MCE A

Double Passenger Seat Structure (120-29068-073)

Figure 99

Sheet 1

EFFECTIVITY: ALL

25-21-00

Page 1351

T.P. 120/1176

Jul 15/02
","[""table_or_parts_list_text_cues""]",table_ocr_table_candidate_scan,False,False
415,t_p_120_1176_p000415,00000415.tif,local_data\organization\trace_net\ocr_route_scan_pack_tesseract_full\page_images\t_p_120_1176_p000415.tif,dbeef5b35ac06c6d1b7bc84ca8fb1f8739372aa952a729d59c977101171fdf5a,table,image_visual_diagram,medium,"[""figure_or_visual_label_signal"", ""limited_text_or_visual_route""]",,needs_review,,80,620,1,"[""120-29068-073""]","< EMBRAER

MAINTENANCE MANUAL WITH

ILLUSTRATED PARTS LIST

\\

18

\\

~~ 460

\\ |

/o™~

a

170

\

195

Gy

190

AC

aw \\

180

in

160 170

150

30

40

“+

“oy

7 oe

“7

oo

4

| ana vert

28

“ C4 a“

1a>

\

LEZ

~

\\

\\

~~ 1h

AN

60

70

ys

10 —@

30 40

Dig

Vn

a a“

a “

“ a“

oof yy

“ 4 yv

“ a“

4

50

I

20

50

120TP250083.MCE

Double Passenger Seat Structure (120-29068-073)

Figure 99

Sheet 2

EFFECTIVITY: ALL

25-21-00

Page 1352

T.P. 120/1176

Sep 30/98
","[""table_or_parts_list_text_cues""]",table_ocr_table_candidate_scan,False,False
416,t_p_120_1176_p000416,00000416.tif,local_data\organization\trace_net\ocr_route_scan_pack_tesseract_full\page_images\t_p_120_1176_p000416.tif,d2c716c4c180a9dfe5b32e238d1aef701c3b53d342bfbe143b3a0c8a28324e63,table,detailed_parts_list,high,"[""high_part_number_density"", ""detailed_parts_list_candidate""]",,needs_review,,226,2130,12,"[""120-29068-073"", ""120-29074-013"", ""120-29102-003"", ""120-34292-001"", ""120-34489-001"", ""120-35881-001"", ""120-36058-037"", ""120-40849-001"", ""120-40851-009"", ""120-43539-001"", ""120-48023-001"", ""120-48024-001""]","€ emenncn

MAINTENANCE MANUAL WITH

ILLUSTRATED PARTS LIST
AIRLINE EFF | UNITS
FIG. ITEM | PARTNUMBER STOCK vase EODE. FROM; PER
NUMBER TO ASSY
99 - | 120-29068-073 STRUCTURE ASSY 0... cccccceettsteeeees VS4956 A REF
1 | 120-29074-013 . STRUCTURE , CENTRAL LEG. ............... VS4956 1
ATTACHING PARTS
10 | PE21052-2 / PIN, ATTACH... cccccccccceentstttstseeeeeeeees 1
20 | 42952-10 ~ FITTING, ATTACH... ceceeeceeeeeeeeeeeeeees 1
-21 | 42975-12 OCREW. 2... ccccccccceeccececentttsseessaeeeeeeeeees 1
-22 | 43392-10 ARS) od 3d | C 1
30 |MS21042L5 SO ee 2
40 | AN960-516 AVN) | =] 5 Ore 2
50 | AN960-516L AVN) | =] 5 2
60 | AN5-16A BOLT .0....cccccccecsccteceeeeeeeeeeeeeeeesssstsasasaeeeeeeees 1
70 | 120-35881-001 . REINFORCEMENT, LUGGAGE VS4956 1
PROTECTOR 2... ..cccccccccccccccccescsessttseeeeaeeees
80 | PE13076-1 ns) =i Of | ©) \ nnn 2
90 | 120-34292-001 . PROTECTOR, LUGGAGE .......... VS4956 1
100 | 120-40851-009 . FBACKREST ..... oc ccccccceee crea eeeeeeeeeeeees VS49","[""table_or_parts_list_text_cues""]",table_ocr_table_candidate_scan,False,False
417,t_p_120_1176_p000417,00000417.tif,local_data\organization\trace_net\ocr_route_scan_pack_tesseract_full\page_images\t_p_120_1176_p000417.tif,500256f69a7a351e67c8428bae0f0b759f7ca336454f2b0f4a393e505c27087a,table,detailed_parts_list,high,"[""high_part_number_density"", ""detailed_parts_list_candidate""]",,needs_review,,159,1502,11,"[""120-29068-073"", ""120-29068-081"", ""120-29083-001"", ""120-29574-003"", ""120-41225-003"", ""120-41225-005"", ""120-41225-007"", ""120-50674-001"", ""120-50675-001"", ""120-50675-003"", ""120-50676-001""]","€ emenncn

MAINTENANCE MANUAL WITH

ILLUSTRATED PARTS LIST
AIRLINE EFF | UNITS
FIG. ITEM | PARTNUMBER STOCK vase EODE. FROM | PER
NUMBER TO ASSY
99 210 | 120-41225-003 . STRUCTURE, ARMREST................0000:ee VS4956 1
230 | 120-41225-005 . STRUCTURE, ARMREST..................0000 VS4956 1
ATTACHING PARTS
240 | NAS4704-6 SCREW oo ccccceceetceesseeeeeeeeeeeeeeennees 3
-241 |MS51957-45 SCREW 0c cccccccetcenseeeeeeeeeeeeeeeenaes 4
-242 | NAS4704-5 SCREW 0 ccccccececeennteeeeeeeeeeeeeeennee 1
250 | 120-29083-001 » BUSHING 200 cceeccceeeeeeeeeeeeeeeenteeaaas VS4956 4
260 | AN960-416 AAS) | = 5 re 4
-261 | 120-29574-003 ~ WASHER... cc ccccceeeceeeeeeeeeeeeeeenntneeaaes VS4956 1
270 |MS21042L4 NUT ooo cece ceceeeeeeeeeeeeeeeeeeeeeeeeseeeeeaaeeaees 4
280 | 120-29068-081 . ARMREST STRUCTURE ASSEMBLY...... VS4956 1
281 | 120-41225-007 . ARMREST STRUCTUR.E.................0000005 VS4956 1
282 | 120-50675-003 PIN oo. eeeeeeeseeeeeeeeeeeeeeeeeeeeeeeeeeeeeeeeeeeeeees VS4956 1
","[""table_or_parts_list_text_cues""]",table_ocr_table_candidate_scan,False,False
418,t_p_120_1176_p000418,00000418.tif,local_data\organization\trace_net\ocr_route_scan_pack_tesseract_full\page_images\t_p_120_1176_p000418.tif,eb9a4e965e555af78c5701358f41ee2df5be9aa119251025e6698647e57d24ac,table,image_visual_diagram,medium,"[""figure_or_visual_label_signal"", ""limited_text_or_visual_route""]",,needs_review,,103,555,1,"[""120-29068-075""]","< EMBRAER
MAINTENANCE MANUAL WITH
ILLUSTRATED PARTS LIST
100
110
| 4-10
D / —~ a 120
. SA J/ Se A 130
©
14
0 (A) SS {} 200
281 SS y 703
282 —— a, \ 4 Ca
310 — Te Sy
PO Ny |
LT SS} ~e! \ (0)
—— < SS /| /
/ “~ | ! 1
/ / : 90
/
310
300 SS | 270-250
| SSS, Sei |
290 ral NN ~S py 780 Ce) >
Se eS)
(B) ~S a co J}
280 , NY?
/ ia I~ ey
~s i i / P
ere 7 i 1 ; 240
~ UZ vA yi (A)
120CMM250085.MCE A
Double Passenger Seat Structure (120-29068-075)
Figure 100
Sheet 1
EFFECTIVITY: ALL 25 21 00
Page 1355
T.P. 120/1176 Jul 15/02
","[""table_or_parts_list_text_cues""]",table_ocr_table_candidate_scan,False,False
419,t_p_120_1176_p000419,00000419.tif,local_data\organization\trace_net\ocr_route_scan_pack_tesseract_full\page_images\t_p_120_1176_p000419.tif,5bc8e9d36b9d2baead0e0aecdeada1ca924c9627a7c53e2ce9ee049f7c2747a8,table,image_visual_diagram,medium,"[""figure_or_visual_label_signal"", ""limited_text_or_visual_route""]",,needs_review,,88,506,1,"[""120-29068-075""]","< EMBRAER
MAINTENANCE MANUAL WITH
ILLUSTRATED PARTS LIST
i
oy |
\ é ~~ 160
hy / oN
ie ce 170
aS
i 195 ;
Gy f i i
(E) a /
190 fof /
y /
poe 180
ini Bs
160 170 150 (B)
my
i 8
| |
| | & 40
Hi |
Tf etege
| | | an
few yo
95 a aa\e
wa
70 / iy \ 60
10 ——& 30 vy .\
S 40 oe on,
aaa \ ;
ore \
eee @ }
an By \
\ / | *\
50
20 50
120TP250091.MCE
Double Passenger Seat Structure (120-29068-075)
Figure 100
Sheet 2
EFFECTIVITY: ALL 25-21 -00
Page 1356
T.P. 120/1176 Sep 30/98
","[""table_or_parts_list_text_cues""]",table_ocr_table_candidate_scan,False,False
420,t_p_120_1176_p000420,00000420.tif,local_data\organization\trace_net\ocr_route_scan_pack_tesseract_full\page_images\t_p_120_1176_p000420.tif,694473224b2ec3cfd98816f2e0e489153c727691496fa5287003bdcc7c078174,table,detailed_parts_list,high,"[""high_part_number_density"", ""detailed_parts_list_candidate""]",,needs_review,,264,2413,14,"[""120-29068-075"", ""120-29074-013"", ""120-29102-003"", ""120-34292-001"", ""120-35881-001"", ""120-36058-037"", ""120-37436-003"", ""120-37437-001"", ""120-40849-001"", ""120-40851-009"", ""120-43539-001"", ""120-48023-001"", ""120-48024-001"", ""120-61546-001""]","€ emenncn

MAINTENANCE MANUAL WITH

ILLUSTRATED PARTS LIST
AIRLINE EFF | UNITS
FIG. ITEM | PARTNUMBER STOCK vase EODE. FROM; PER
NUMBER TO ASSY
100 - | 120-29068-075 STRUCTURE ASSY 0... cccccceettsteeeees VS4956 A REF
1 | 120-29074-013 . STRUCTURE , CENTRAL LEG. ............... VS4956 1
ATTACHING PARTS
10 | PE21052-2 / PIN, ATTACH... cccccccccceentstttstseeeeeeeees B 1
-11 | 120-48023-001 / PIN, ATTACH... ccccccccenecseaeaeeeeeeeeeees VS4956 | 302/999 1
-15 | 120-61546-001 NUT oo eee c eee ee esses esses eeeeeeeeeeeeeeeeee es VS4956 | 302/999 1
20 | 42952-10 ~ FITTING, ATTACH ..... 2... cceceeeeeeeeeeeeeeeeees 1
-21 | 42975-12 OCREW. 2... ccccccccceeccececentttsseessaeeeeeeeeees 1
-22 | 43392-10 ARS) od 3d | C 1
30 |MS21042L5 NUT occ cece cece cece eeeeeeeeeeeeeseaeaaeaaaeaaees 2
40 | AN960-516 AVN) | =] 5 Ore 2
50 | AN960-516L AVN) | =] 5 2
60 | AN5-16A BOLT .0....cccccccecsccteceeeeeeeeeeeeeeeesssstsasasaeeeeeeees 1
70 | 120-35881-001 . REINFORCEMENT, LUGGAGE VS4","[""table_or_parts_list_text_cues""]",table_ocr_table_candidate_scan,False,False
421,t_p_120_1176_p000421,00000421.tif,local_data\organization\trace_net\ocr_route_scan_pack_tesseract_full\page_images\t_p_120_1176_p000421.tif,aa85e8da8be4ba6b27ccf4bf0deab28fb65465ad11fddc72e3d3a4d5069decb2,table,detailed_parts_list,high,"[""high_part_number_density"", ""detailed_parts_list_candidate""]",,needs_review,,177,1614,12,"[""120-29068-075"", ""120-29068-081"", ""120-29083-001"", ""120-29574-003"", ""120-34489-001"", ""120-41225-003"", ""120-41225-005"", ""120-41225-007"", ""120-50674-001"", ""120-50675-001"", ""120-50675-003"", ""120-50676-001""]","€ emenncn

MAINTENANCE MANUAL WITH

ILLUSTRATED PARTS LIST
AIRLINE EFF | UNITS
FIG. ITEM | PARTNUMBER STOCK vase EODE. FROM | PER
NUMBER TO ASSY
100 KK
200 | 120-34489-001 . PROTECTIVE PLATE ......... cere VS4956 1
210 | 120-41225-003 . STRUCTURE, ARMREST..................0000 VS4956 1
230 | 120-41225-005 . STRUCTURE, ARMREST..................0000 VS4956 1
ATTACHING PARTS
240 | NAS4704-6 SCREW oo ccccceceetceesseeeeeeeeeeeeeeennees 3
-241 |MS51957-45 SCREW 0c cccccccetcenseeeeeeeeeeeeeeeenaes 4
-242 | NAS4704-5 SCREW 0 ccccccececeennteeeeeeeeeeeeeeennee 1
250 | 120-29083-001 » BUSHING 200 cceeccceeeeeeeeeeeeeeeenteeaaas VS4956 4
260 | AN960-416 AAS) | = 5 re 4
-261 | 120-29574-003 ~ WASHER... cc ccccceeeceeeeeeeeeeeeeeenntneeaaes VS4956 1
270 |MS21042L4 NUT ooo cece ceceeeeeeeeeeeeeeeeeeeeeeeeseeeeeaaeeaees 4
280 | 120-29068-081 . ARMREST STRUCTURE ASSEMBLY VS4956 1
281 | 120-41225-007 . ARMREST STRUCTURE VS4956 1
282 | 120-50675-003 PIN oo. eeeeeeeseeeeeeeeeeeeee","[""table_or_parts_list_text_cues""]",table_ocr_table_candidate_scan,False,False
422,t_p_120_1176_p000422,00000422.tif,local_data\organization\trace_net\ocr_route_scan_pack_tesseract_full\page_images\t_p_120_1176_p000422.tif,11023c5703fe4e68130682daa61c9525fb04b29beeb901c4c3eaa4e6dd880d60,table,image_visual_diagram,medium,"[""figure_or_visual_label_signal"", ""limited_text_or_visual_route""]",,needs_review,,90,492,1,"[""120-29068-015""]","< EMBRAER
MAINTENANCE MANUAL WITH
ILLUSTRATED PARTS LIST
100
180 4 100
280 ——4
250 s | Sx
or Se Ss
LOE / SX
© SS
260-~ IN
110 ee ina 190
S L/;
(A) SQ 250
~~ <n 170
OAKS
RX
\
“ 949 20 90
“SSSS. 230 — ey /
200 “23s, PY
yA - “/ / /
A a waa
i WN / Hi /
/O 1 ey ;
se i / / 2)
oo / ' ] |
— of tf HO
eo / J /
a 7 J (A)
120TP250092.MCE
Double Passenger Seat Structure (120-29068-015)
Figure 101
Sheet 1
EFFECTIVITY: ALL
25 21 00 Page 1359
T.P. 120/1176 Sep 30/98
","[""table_or_parts_list_text_cues""]",table_ocr_table_candidate_scan,False,False
423,t_p_120_1176_p000423,00000423.tif,local_data\organization\trace_net\ocr_route_scan_pack_tesseract_full\page_images\t_p_120_1176_p000423.tif,2915f89e9977b64b3513a0cf6a9b911086d6f5c8bfa2d24737e3538c1fe8a051,table,image_visual_diagram,medium,"[""figure_or_visual_label_signal"", ""limited_text_or_visual_route""]",,needs_review,,82,656,1,"[""120-29068-015""]","< EMBRAER

MAINTENANCE MANUAL WITH

ILLUSTRATED PARTS LIST

18

\\

~~ 160

\\ 4

\\

,o~

170

a

Ye

195

oN

190

a7 y+

Pas A.

“4

180

oa

160 170

150

30

40

“+

oy -

4“

“oy -

Soyo es

“vie

and

80

a“ 7 “7

4 yi7

95

lL

1\@y>

\

\

,

wi

70

~ Y

\

\ \

60

30

-»y .)

\\

10 ——@

40

\Om™

“ “

a“ “

“ “

“ fy“

“ oy

“Ye

""Bs \

50

20

50

120TP250091.MCE

Double Passenger Seat Structure (120-29068-015)

Figure 101

Sheet 1

EFFECTIVITY: ALL

25-21-00

Page 1360

T.P. 120/1176

Sep 30/98
","[""table_or_parts_list_text_cues""]",table_ocr_table_candidate_scan,False,False
424,t_p_120_1176_p000424,00000424.tif,local_data\organization\trace_net\ocr_route_scan_pack_tesseract_full\page_images\t_p_120_1176_p000424.tif,90b63c700913d8314b43ee1b07a36b51c7e3d5af7fb047a4122612c86b317c61,table,detailed_parts_list,high,"[""high_part_number_density"", ""detailed_parts_list_candidate""]",,needs_review,,252,2123,11,"[""120-29068-009"", ""120-29068-015"", ""120-29070-001"", ""120-29070-003"", ""120-29070-005"", ""120-29074-001"", ""120-29077-001"", ""120-34292-001"", ""120-34489-001"", ""120-35881-001"", ""120-36058-001""]","€ emenncn

MAINTENANCE MANUAL WITH

ILLUSTRATED PARTS LIST
AIRLINE EFF | UNITS
FIG. ITEM PART NUMBER STOCK vase EODE. FROM PER
NUMBER TO ASSY
101 - | 120-29068-015 STRUCTURE ASSY ..... eee VS4956 A REF
1 | 120-29074-001 . STRUCTURE , CENTRAL LEG ................ VS4956 1
ATTACHING PARTS
10 | PE21052-2 PIN, ATTACH.....00.. ccc eeeeeseneeeeeeea eens 1
20 | 42952-10 FITTING, ATTACH |... eee eres 1
-21 |42975-12 HOCREW 0... cccccecccceececcseaeeeecuaeeeeeeaneess 1
-22 | 43392-10 LOPRING Looe cccececceeeeccsseeeeseeaeeeeeeeaeeees 1
30 |MS21042L5 Ok 2
40 | AN960-516 AA A/C) on | ml » 2
50 | AN960-516L PA ANC) on | ml » 2
60 | AN5-16A BOLT ooo. cecceccceeeeeec cee eeeeeeaaeeevaaeeeeneaegs 1
70 | 120-35881-001 . REINFORCEMENT, LUGGAGE VS4956 1
PROTECTOR ..........cccceccceececceeeeecesaneeeenaeees
80 | PE13076-1 SECTION. ooo. cece eeececcce ee eeseeaeeeeeeeeeens 2
90 | 120-34292-001 . PROTECTOR, LUGGAGE .......00.00 ee. VS4956 1
100 | 120-29068-009 . FBACKREST ........ o","[""table_or_parts_list_text_cues""]",table_ocr_table_candidate_scan,False,False
425,t_p_120_1176_p000425,00000425.tif,local_data\organization\trace_net\ocr_route_scan_pack_tesseract_full\page_images\t_p_120_1176_p000425.tif,b951e15d90f915d45225e1d93a397e614bfefc890878ff135441b5d1a9d9fc7e,table,detailed_parts_list,medium,"[""part_number_present"", ""ipl_column_terms""]",,needs_review,,131,973,4,"[""120-29068-015"", ""120-29083-001"", ""120-38579-001"", ""120-38579-003""]","€ emenncn

MAINTENANCE MANUAL WITH

ILLUSTRATED PARTS LIST
AIRLINE EFF | UNITS
FIG. ITEM | PARTNUMBER STOCK vase EODE. FROM | PER
NUMBER TO ASSY
101 -211 |MS24693-C26 SCREW. ccc cece eeeeeeeeeeeeeeeeenaas 8
220 | 120-29083-001 » BUSHING 00 ccccccceeeeeeeeeeeeeeentneaaes VS4956 2
230 | AN960-416 AAS) | lp re 2
-231 | AN960C8 ~ WASHER... cect eeeeeeeeeeeeeeeennnees 6
240 | MS21042L4 A LO ee 2
-241 |MS21042-06 A LO ee 8
250 | 120-38579-003 SUPPORT 0.0... ccccceceeteeeeeeeeeeeeeeenteeaaes VS4956 2
260 | 120-38579-001 SUPPORT 0.0... ccccceceeteeeeeeeeeeeeeeenteeaaes VS4956
ATTACHING PARTS
270 | MS24693-S54 SCREW. ccc cece eeeeeeeeeeeeeeeeenaas 6
280 | H14-08 As 0 ne 6
USAGE CODE LIST
A AIRCRAFT 120035 THRU 120048,
120052, 120056 AND 120059
B AIRCRAFT 120052, 120056 AND
120059
-ITEM NOT ILLUSTRATED
Double Passenger Seat Structure (120-29068-015)
Figure 101
Sheet 4
EFFECTIVITY: ALL 25 2 1 0 0
= =
Page 1362

T.P. 120/1176 Apr 10/06

","[""table_or_parts_list_text_cues""]",table_ocr_table_candidate_scan,False,False
426,t_p_120_1176_p000426,00000426.tif,local_data\organization\trace_net\ocr_route_scan_pack_tesseract_full\page_images\t_p_120_1176_p000426.tif,e050c51cb92ed0c93a9451feff263091e165aaada429bd08bde0f79cec47f780,table,image_visual_diagram,medium,"[""figure_or_visual_label_signal"", ""limited_text_or_visual_route""]",,needs_review,,89,685,1,"[""120-29068-025""]","< EMBRAER

MAINTENANCE MANUAL WITH

ILLUSTRATED PARTS LIST

100

110

100

210

110

310

\

280

SS

300

fd SF

SS

130

CE

SS

Sy

220

SEE

eS

140 (A)

280 —<s_//

SE

OE

200

Se

>

a

~~

E oa

JD

/ \

270 ——__

250

90

~~ ON

~ON

~~ ON

~ ON

260

@ /

~O™

~ ON

NON

230

NON

Va

Zoe

fy

fy

4 7

a aA

‘os

‘oy

ony

vd ~oN

~ oN

~ oN

—

eR

Qa!

~ ~

a,

240

120TP250093.MCE

Double Passenger Seat Structure (120-29068-025/027)

Figure 102

Sheet 1

EFFECTIVITY: ALL

25-21-00

Page 1363

T.P. 120/1176

Sep 30/98
","[""table_or_parts_list_text_cues""]",table_ocr_table_candidate_scan,False,False
427,t_p_120_1176_p000427,00000427.tif,local_data\organization\trace_net\ocr_route_scan_pack_tesseract_full\page_images\t_p_120_1176_p000427.tif,df624239c5979261e83761ede6b880b1cf170aa9ee96445cdbb2f3081406e888,table,image_visual_diagram,medium,"[""figure_or_visual_label_signal"", ""limited_text_or_visual_route""]",,needs_review,,80,482,1,"[""120-29068-025""]","< EMBRAER
MAINTENANCE MANUAL WITH
ILLUSTRATED PARTS LIST
i
Vy |
\ é ~~ 160
Wy. ooN
Ky -170
sn 7
/ ~
g —
ij /
Gy (E) / | /
190 / / /
a J /
Tee N 180
\ tr &
160 170 bo (B)
F
ii 8
Vy 40
1 | | aan
80 SS aeons
I Gan
| :
aS a. C
| vw \
| / SMO 60
o—g ” | yA
oe | \
ara @ }
Le oy? \
/ i *\
50
20 50
120TP250088.MCE
Double Passenger Seat Structure (120-29068-025/027)
Figure 102
Sheet 2
EFFECTIVITY: ALL 25-21 -00
Page 1364
T.P. 120/1176 Sep 30/98
","[""table_or_parts_list_text_cues""]",table_ocr_table_candidate_scan,False,False
428,t_p_120_1176_p000428,00000428.tif,local_data\organization\trace_net\ocr_route_scan_pack_tesseract_full\page_images\t_p_120_1176_p000428.tif,81f69035cc1b575c48f89837989a5ae8f21331fa5814ffc414d06f24ccaaf32c,table,detailed_parts_list,high,"[""high_part_number_density"", ""detailed_parts_list_candidate""]",,needs_review,,241,2168,12,"[""120-29068-009"", ""120-29068-025"", ""120-29068-027"", ""120-29074-001"", ""120-29102-003"", ""120-34292-001"", ""120-34489-001"", ""120-35881-001"", ""120-36058-001"", ""120-36060-001"", ""120-40849-001"", ""120-43539-001""]","€ emenncn

MAINTENANCE MANUAL WITH

ILLUSTRATED PARTS LIST
AIRLINE EFF | UNITS
FIG. ITEM | PARTNUMBER STOCK vase EODE. FROM; PER
NUMBER TO ASSY
102 - | 120-29068-025 STRUCTURE ASSY 0.0... ccccceeennteeeees VS4956 A REF
- | 120-29068-027 STRUCTURE ASSY 0... cceccceentteeeees VS4956 A REF
1 | 120-29074-001 . STRUCTURE , CENTRAL LEG. ............... VS4956 1
ATTACHING PARTS
10 | PE21052-2 / PIN, ATTACH... cccccccccceentstttstseeeeeeeees 1
20 | 42952-10 ~ FITTING, ATTACH ..... 2... cceceeeeeeeeeeeeeeeeees 1
-21 | 42975-12 OCREW. 2... ccccccccceeccececentttsseessaeeeeeeeeees 1
-22 | 43392-10 ARS) od 3d | C 1
30 |MS21042L5 NUT occ cece cece cece eeeeeeeeeeeeeseaeaaeaaaeaaees 2
40 | AN960-516 AVN) | =] 5 Ore 2
50 | AN960-516L AVN) | =] 5 2
60 | AN5-16A BOLT .0....cccccccecsccteceeeeeeeeeeeeeeeesssstsasasaeeeeeeees 1
70 | 120-35881-001 . REINFORCEMENT, LUGGAGE VS4956 1
PROTECTOR 2... ..cccccccccccccccccescsessttseeeeaeeees
80 | PE13076-1 ns) =i Of | ©) \ nnn 2
90 | 120-3","[""table_or_parts_list_text_cues""]",table_ocr_table_candidate_scan,False,False
429,t_p_120_1176_p000429,00000429.tif,local_data\organization\trace_net\ocr_route_scan_pack_tesseract_full\page_images\t_p_120_1176_p000429.tif,5bc627d026a487ec6327d2e6355b093286096861f0cd02aac38d1e4a64919286,table,detailed_parts_list,high,"[""high_part_number_density"", ""detailed_parts_list_candidate""]",,needs_review,,194,1567,8,"[""120-26948-001"", ""120-26948-003"", ""120-29068-025"", ""120-29083-001"", ""120-36060-003"", ""120-36060-005"", ""120-38579-001"", ""120-38579-003""]","€ emenncn

MAINTENANCE MANUAL WITH

ILLUSTRATED PARTS LIST
AIRLINE EFF | UNITS
FIG. ITEM | PARTNUMBER STOCK vase EODE. FROM | PER
NUMBER TO ASSY
102 220 | 120-36060-003 . STRUCTURE, ARMREST...............0.0e VS4956 1
230 | 120-36060-005 . STRUCTURE, ARMREST..................0000 VS4956 1
ATTACHING PARTS
240 | NAS4704-6 SCREW ........ccccccccccccccccccecceseeesssstasssaeeeeeeees 2
-241 |MS51957-45 SCREW 2000... cccececccccceeeeeeeceeeeeeeseeeenttsaaees 4
250 | 120-29083-001 » BUSHING 200 cceeccceeeeeeeeeeeeeeeenteeaaas VS4956 2
260 | AN960-416 AAS) | = 5 re 2
270 |MS21042L4 NUT ooo cece ce eeeeeeeeeeeeeeeeeeeeeeeeeeeeeseeeeaeeaaes 2
-271 |MS21061L08 NUT ooo cece ceceeeeeeeeeeeeeeeeeeeeeeeeseeeeeaaeeaees 4
280 | 120-38579-003 SUPPORT 0.0... ccccccccecte ce eeeeeeeeeeenntneaes VS4956 B 2
-281 | 120-26948-003 ARS) O) od od ©) 0 ne VS4956 | 086/171 2
290 | 120-38579-001 SUPPORT 0.0... cceccececteceeeeeeeeeeeeenteenaes VS4956 B 1
-291 | 120-26948-001 ARS) O) od od ©) 0 n","[""table_or_parts_list_text_cues""]",table_ocr_table_candidate_scan,False,False
430,t_p_120_1176_p000430,00000430.tif,local_data\organization\trace_net\ocr_route_scan_pack_tesseract_full\page_images\t_p_120_1176_p000430.tif,a64d7e79fe85ee7e362a1e12e249bff7cc8ad7b0e5eac8b6e7e798ce2c77cfb1,table,image_visual_diagram,medium,"[""figure_or_visual_label_signal"", ""limited_text_or_visual_route""]",,needs_review,,78,651,1,"[""120-29068-035""]","< EMBRAER

MAINTENANCE MANUAL WITH

ILLUSTRATED PARTS LIST

100

110

100

210

110

300

\

270

SSS

290

SX

>

130

SE

SS

© eo 280

SS

210

SSE

>

140 (A)

270

EF,

oo

200

Si

SS

Zan

JD

/ \

260 ——___

240

90

~oN

NON

~ ON

250

~NON

NON

~ON

@!

220

~ ON

Va

/ |

Sf

/ /

/ /

Cw!

PON LN

~ ~

~ oN

ao

AR

a!

~ ON

(v4

&

230

120TP250094.MCE

Double Passenger Seat Structure (120-29068-035/057)

Figure 103

Sheet 1

EFFECTIVITY: ALL

25-21-00

Page 1367

T.P. 120/1176

Sep 30/98
","[""table_or_parts_list_text_cues""]",table_ocr_table_candidate_scan,False,False
431,t_p_120_1176_p000431,00000431.tif,local_data\organization\trace_net\ocr_route_scan_pack_tesseract_full\page_images\t_p_120_1176_p000431.tif,03c9f306fa9851acfc39da6f2a8a7add19770cbb1f66d4ba4334a99380e65afb,table,image_visual_diagram,medium,"[""figure_or_visual_label_signal"", ""limited_text_or_visual_route""]",,needs_review,,83,493,1,"[""120-29068-035""]","< EMBRAER
MAINTENANCE MANUAL WITH
ILLUSTRATED PARTS LIST
of
\iig
\
i \ @ ~~ 160
yay ooN~
Wy ~ 170
/ 1495 ~
ew 4 / /
J / /
o o4
y JL /
ye / aan
KN
Te 180
\ 9 BP
160 170 150 (B)
F
Hit 80
I! & 40
a a
1 | | | ana
80 reece
| “ .
~~ e NY \
Wy \
—_ / a) \ 60
10 —& 30 »y \
40 yaa ON.
Oe < be i
< / Pe
50
20 50
120TP250083.MCE
Double Passenger Seat Structure (120-29068-035/057)
Figure 103
Sheet 2
EFFECTIVITY: ALL 25-21 -00
Page 1368
T.P. 120/1176 Sep 30/98
","[""table_or_parts_list_text_cues""]",table_ocr_table_candidate_scan,False,False
432,t_p_120_1176_p000432,00000432.tif,local_data\organization\trace_net\ocr_route_scan_pack_tesseract_full\page_images\t_p_120_1176_p000432.tif,88d11f73517de7aaa239cf8149fb9065a4be73aeb92e6b7b1a17d59f624cc798,table,detailed_parts_list,high,"[""high_part_number_density"", ""detailed_parts_list_candidate""]",,needs_review,,314,2579,16,"[""120-26994-001"", ""120-26994-002"", ""120-29068-009"", ""120-29068-035"", ""120-29068-057"", ""120-29074-011"", ""120-29074-017"", ""120-29102-003"", ""120-34292-001"", ""120-35881-001"", ""120-36058-035"", ""120-40849-001"", ""120-40851-001"", ""120-43539-001"", ""120-48023-001"", ""120-48024-001""]","€ emenncn

MAINTENANCE MANUAL WITH

ILLUSTRATED PARTS LIST
AIRLINE EFF UNITS
FIG. ITEM PART NUMBER STOCK vase EODE. FROM PER
NUMBER TO ASSY
103 - | 120-29068-035 STRUCTURE ASSY ......oo eee VS4956 |}071/171| REF
- | 120-29068-057 STRUCTURE ASSY |... eee VS4956 | 172/999] REF
1 | 120-29074-011 . STRUCTURE , CENTRAL LEG. ................ VS4956 | 071/171 1
-2 | 120-29074-017 . STRUCTURE , CENTRAL LEG ................ VS4956 | 172/999 1
-5 | 120-26994-001 SECTION, Lowe. ceec cee neeeese anaes VS4956 1
-6 | 120-26994-002 SECTION, Lowe. ceec cee neeeese anaes VS4956 1
ATTACHING PARTS
10 | PE21052-2 PIN, ATTACH.....00.. ccc eeeeeseneeeeeeea eens 1
20 | 42952-10 FITTING, ATTACH |... eee eres 1
-21 |42975-12 SCREW ooo ccccecccccceeeccseneeeeseeeeeeeeaaeeeens 1
-22 | 43392-10 LOPRING Looe cccececceeeeccsseeeeseeaeeeeeeeaeeees 1
30 |MS21042L5 Ok 2
40 | AN960-516 AA A/C) on | ml » 2
50 | AN960-516L PA ANC) on | ml » 2
60 | AN5-16A BOLT ooo. cecceccceeeeeec cee eeeeeeaaeeevaa","[""table_or_parts_list_text_cues""]",table_ocr_table_candidate_scan,False,False
433,t_p_120_1176_p000433,00000433.tif,local_data\organization\trace_net\ocr_route_scan_pack_tesseract_full\page_images\t_p_120_1176_p000433.tif,73faa36346fe382fce1722eec2aecd237af8a1b4ddd5b3f490e394d6206e2081,table,detailed_parts_list,high,"[""multiple_part_numbers"", ""ipl_column_terms""]",,needs_review,,133,1324,7,"[""120-26948-001"", ""120-26948-003"", ""120-29068-035"", ""120-29083-001"", ""120-34489-001"", ""120-41225-003"", ""120-41225-005""]","€ emenncn

MAINTENANCE MANUAL WITH

ILLUSTRATED PARTS LIST
AIRLINE EFF | UNITS
FIG. ITEM PART NUMBER STOCK vase EODE. FROM PER
NUMBER TO ASSY
103 KK
200 | 120-34489-001 ~ PROTECTIVE PLATE ...........cc.ccccceceecceeeeees VS4956
210 | 120-41225-003 . STRUCTURE, ARMREST.........00......00.0. VS4956 2
220 | 120-41225-005 . STRUCTURE, ARMREST.........00......00.0. VS4956
ATTACHING PARTS
230 | NAS4704-6 W SCREW o.oo. cece cccccccceccccceccccececceuceeeceuceeceeaes 2
-231 |MS51957-45 SCREW 00... ccccccccccccccccccccecccececccuceeececeeaceuaes 4
240 | 120-29083-001 ~ BUSHING 2.0... cece cece cecccecccecceccceceeeceeeseeeeaes VS4956 2
250 | AN960-416 ~ WASHER. ........ccccceccccccecccecceecceccceceeeceeseaeeeaes 2
260 |MS21042L4 nO 2
-261 |MS21061L08 nO 4
270 | 120-26948-003 © SUPPORT o......cccccccccccecccecceccceccceceeeceeeceeseaes VS4956 2
280 | 120-26948-001 © SUPPORT o......cccccccccccecccecceccceccceceeeceeeceeseaes VS4956 1
ATTACHING PARTS
290 | MS24693-S54 SCREW ","[""table_or_parts_list_text_cues""]",table_ocr_table_candidate_scan,False,False
434,t_p_120_1176_p000434,00000434.tif,local_data\organization\trace_net\ocr_route_scan_pack_tesseract_full\page_images\t_p_120_1176_p000434.tif,551a456b644e589ea8a45fce2402efbd5e425164362e4662144eac5d74416e3c,table,image_visual_diagram,medium,"[""figure_or_visual_label_signal"", ""limited_text_or_visual_route""]",,needs_review,,87,493,1,"[""120-29068-043""]","< EMBRAER
MAINTENANCE MANUAL WITH
ILLUSTRATED PARTS LIST
100
110
210 100
110
300 ——__—_— \
270 / SK 5
(E)— ~ (B) ts SO (7 __ 439
280 Svs
140 K NN YK 210
A) Se ge on 200
©
1 \
“969 ss 40 90
“SDS. 250 — Fey /
“220, S255 van
ON a cy yf i
~“, WN / / /
ao b | aS
vio s~sy
7 I~ @, ~
NO , / , NO
ane H ; / |
a / j / 930
1201P250094.MCE
Double Passenger Seat Structure (120-29068-043/045)
Figure 104
Sheet 1
EFFECTIVITY: ALL
25 21 00 Page 1371
T.P. 120/1176 Sep 30/98
","[""table_or_parts_list_text_cues""]",table_ocr_table_candidate_scan,False,False
435,t_p_120_1176_p000435,00000435.tif,local_data\organization\trace_net\ocr_route_scan_pack_tesseract_full\page_images\t_p_120_1176_p000435.tif,90d0760c4691f291e7fd53b902802efa43792a88948c945703019891f22ec268,table,image_visual_diagram,medium,"[""figure_or_visual_label_signal"", ""limited_text_or_visual_route""]",,needs_review,,78,473,1,"[""120-29068-043""]","< EMBRAER
MAINTENANCE MANUAL WITH
ILLUSTRATED PARTS LIST
of
Voy |
i é ——~ 160
ie /o™ 170
ao
a
/ 195 ~
Cw 4 / /
J / /
190 (E) / /| i
y / /
ia / aan
pee 180
an Bs
160 170 150 (B)
my
eo
|
yt ow
80 reece
| “ .
| @ Wy \
| 70 / i) \ 60
10 —& 30 ws)
40.
eee NS
Oe < le i
“7 Qe:
\
50 |
20 50
120TP250083.MCE
Double Passenger Seat Structure (120-29068-043/045)
Figure 104
Sheet 2
EFFECTIVITY: ALL 25-21 -00
Page 1372
T.P. 120/1176 Sep 30/98
","[""table_or_parts_list_text_cues""]",table_ocr_table_candidate_scan,False,False
436,t_p_120_1176_p000436,00000436.tif,local_data\organization\trace_net\ocr_route_scan_pack_tesseract_full\page_images\t_p_120_1176_p000436.tif,cae985768ab031d4a7ffd45a94684979f23f1ab2fb6a9d7d4e07200d8d4016f7,table,detailed_parts_list,high,"[""high_part_number_density"", ""detailed_parts_list_candidate""]",,needs_review,,234,2217,13,"[""120-29068-043"", ""120-29068-045"", ""120-29074-013"", ""120-29102-003"", ""120-34292-001"", ""120-34489-001"", ""120-35881-001"", ""120-36058-001"", ""120-40849-001"", ""120-40851-001"", ""120-43539-001"", ""120-48023-001"", ""120-48024-001""]","€ emenncn

MAINTENANCE MANUAL WITH

ILLUSTRATED PARTS LIST
AIRLINE EFF | UNITS
FIG. ITEM | PARTNUMBER STOCK vase EODE. FROM; PER
NUMBER TO ASSY
104 - | 120-29068-043 STRUCTURE ASSY 0... cceccceentteeeees VS4956 | 172/999} REF
- | 120-29068-045 STRUCTURE ASSY 0. cccceeteteeeees VS4956 | 172/999} REF
1 | 120-29074-013 . STRUCTURE , CENTRAL LEG. ............... VS4956 1
ATTACHING PARTS
10 | PE21052-2 / PIN, ATTACH... cccccccccceentstttstseeeeeeeees 1
20 | 42952-10 ~ FITTING, ATTACH... ceceeeceeeeeeeeeeeeeees 1
-21 | 42975-12 OCREW. 2... ccccccccceeccececentttsseessaeeeeeeeeees 1
-22 | 43392-10 ARS) od 3d | C 1
30 |MS21042L5 SO ee 2
40 | AN960-516 AVN) | =] 5 Ore 2
50 | AN960-516L AVN) | =] 5 2
60 | AN5-16A BOLT .0....cccccccecsccteceeeeeeeeeeeeeeeesssstsasasaeeeeeeees 1
70 | 120-35881-001 . REINFORCEMENT, LUGGAGE VS4956 1
PROTECTOR 2... ..cccccccccccccccccescsessttseeeeaeeees
80 | PE13076-1 ns) =i Of | ©) \ nnn 2
90 | 120-34292-001 . PROTECTOR, LUGGAGE .......... VS","[""table_or_parts_list_text_cues""]",table_ocr_table_candidate_scan,False,False
437,t_p_120_1176_p000437,00000437.tif,local_data\organization\trace_net\ocr_route_scan_pack_tesseract_full\page_images\t_p_120_1176_p000437.tif,70d932b30228f1d05815c2440d1c346ffac556d325cc1efa7c872f9b6d1d392d,table,detailed_parts_list,medium,"[""part_number_present"", ""ipl_column_terms""]",,needs_review,,134,1097,6,"[""120-26948-001"", ""120-26948-003"", ""120-29068-043"", ""120-29083-001"", ""120-41225-003"", ""120-41225-005""]","€ emenncn

MAINTENANCE MANUAL WITH

ILLUSTRATED PARTS LIST
AIRLINE EFF | UNITS
FIG. ITEM | PARTNUMBER STOCK vase EODE. FROM | PER
NUMBER TO ASSY
104 210 | 120-41225-003 . STRUCTURE, ARMREST...............0.0e VS4956 2
220 | 120-41225-005 . STRUCTURE, ARMREST..................0000 VS4956 1
ATTACHING PARTS
230 | NAS4704-6 SCREW ooo ccc ceceetcttteeeeeeeeeeeeeeenneas 2
-231 |MS51957-45 SCREW 0c ccc cece tteeeeeeeeeeeeeeeeneas 4
240 | 120-29083-001 » BUSHING 200 cceeccceeeeeeeeeeeeeeeenteeaaas VS4956 2
250 | AN960-416 AAS) | = 5 re 2
260 | MS21042L4 A LO ne 2
-261 |MS21061L08 A LO ne 4
270 | 120-26948-003 SUPPORT 0.0... cceccececteceeeeeeeeeeeeenteenaes VS4956 2
280 | 120-26948-001 SUPPORT 0.0... cceccececteceeeeeeeeeeeeenteenaes VS4956
ATTACHING PARTS
290 | MS24693-S54 SCREW 00 cecceeetteeeeeeeeeeeeeeeenes 6
-291 |MS24693-S53 SCREW 00 cccccecsseecseeeeeeeeeeeeeeeeenaas 4
300 | H14-08 As LO ne 6
-ITEM NOT ILLUSTRATED
Double Passenger Seat Structure (120-29068-043/04","[""table_or_parts_list_text_cues""]",table_ocr_table_candidate_scan,False,False
438,t_p_120_1176_p000438,00000438.tif,local_data\organization\trace_net\ocr_route_scan_pack_tesseract_full\page_images\t_p_120_1176_p000438.tif,356d7cb3089e7ce8846f65a1a265aae690f66ab30e85e4bd616eb8853f1d3471,table,image_visual_diagram,medium,"[""figure_or_visual_label_signal"", ""limited_text_or_visual_route""]",,needs_review,,98,527,0,[],"< EMBRAER
MAINTENANCE MANUAL WITH
ILLUSTRATED PARTS LIST
100
110
210 100
110
310 ———_ \
280 / SY
300 ——— C) we s 120
()— ~ (B) ts / SO /7]_ __ 430
290 SS
140 K NOS; 220
(A) SQ 280 EY,
we a &} 200
1 \
“979 ss 80 90
S280. S35, Tan
~N S x / ; J
N ; NN a i /
x N / A i
EHS
yo I~ o a
s / / i “9
~S i / /
~ oS, / ; /
AL / / / 240
a Z / (
a ue / (A)
1201P250093.MCE
Double Passenger Seat Structure (120-29068-06 1/063)
Figure 105
Sheet 1
EFFECTIVITY: ALL
25 21 00 Page 1375
T.P. 120/1176 Sep 30/98
","[""table_or_parts_list_text_cues""]",table_ocr_table_candidate_scan,False,False
439,t_p_120_1176_p000439,00000439.tif,local_data\organization\trace_net\ocr_route_scan_pack_tesseract_full\page_images\t_p_120_1176_p000439.tif,da6ae5b69d3fd9030e72508af56a1c69457807d2a11278807a0608512df83c32,table,image_visual_diagram,medium,"[""figure_or_visual_label_signal"", ""limited_text_or_visual_route""]",,needs_review,,78,472,1,"[""120-29068-061""]","< EMBRAER
MAINTENANCE MANUAL WITH
ILLUSTRATED PARTS LIST
of
Voy |
i é ——~ 160
ie /o™ 170
ao
a
/ 195 ~
Cw 4 / /
J / /
190 (E) / /| i
y / /
ia / aan
pee 180
an Bs
160 170 150 (B)
my
eo
|
1 oe
80 reece
| “ .
| @ Wy \
| 70 / i) \ 60
10 —& 30 ws)
40.
eee NS
Oe < le i
“7 Qe:
\
50 |
20 50
120TP250083.MCE
Double Passenger Seat Structure (120-29068-061/063)
Figure 105
Sheet 2
EFFECTIVITY: ALL 25-21 -00
Page 1376
T.P. 120/1176 Sep 30/98
","[""table_or_parts_list_text_cues""]",table_ocr_table_candidate_scan,False,False
440,t_p_120_1176_p000440,00000440.tif,local_data\organization\trace_net\ocr_route_scan_pack_tesseract_full\page_images\t_p_120_1176_p000440.tif,dc3d3f5dd467e02ad2e0c3f22434a0485de9c5420c5b8407fafa240ffe717b1d,table,detailed_parts_list,high,"[""high_part_number_density"", ""detailed_parts_list_candidate""]",,needs_review,,305,2264,14,"[""120-29068-061"", ""120-29068-063"", ""120-29074-013"", ""120-29102-003"", ""120-34292-001"", ""120-34489-001"", ""120-35881-001"", ""120-36058-037"", ""120-40849-001"", ""120-40851-001"", ""120-41225-003"", ""120-43539-001"", ""120-48023-001"", ""120-48024-001""]","€ emenncn

MAINTENANCE MANUAL WITH

ILLUSTRATED PARTS LIST
AIRLINE EFF | UNITS
FIG. ITEM PART NUMBER STOCK vase EODE. FROM | PER
NUMBER TO ASSY
105 - | 120-29068-061 STRUCTURE ASSY .00...... occ eeeee eee VS4956 | 061/171] REF
- | 120-29068-063 STRUCTURE ASSY .0...... cece eee eee VS4956 | 172/999] REF
1 | 120-29074-013 . STRUCTURE , CENTRAL LEG ................ VS4956 1
ATTACHING PARTS
10 | PE21052-2 ~ PIN, ATTACH. cece eee eeeeennnees 1
20 | 42952-10 . FITTING, ATTACH 1.0.0 cece cess seen 1
-21 | 42975-12 SCREW. oo... ccccccceeeeccceeeeeeeeeeeceeeeeeeaaes 1
-22 | 43392-10 eo) dd | \ | Cpe 1
30 |MS21042L5 NO 2
40 | AN960-516 AA A/C) | ml p 2
50 | AN960-516L AA Y/N) | ml pr 2
60 | AN5-16A 3) i 1
70 | 120-35881-001 . REINFORCEMENT, LUGGAGE VS4956 1
PROTECTOR 0000.0... ccccceeccceeceeeeeeeeceeeeeneenees
80 | PE13076-1 SECTION. .... cece cee eccceeeeeeeeeeeceeeeeneenees 2
90 | 120-34292-001 . PROTECTOR, LUGGAGE .......00.00 ee. VS4956 1
100 | 120-40851-001 . FBACKR","[""table_or_parts_list_text_cues""]",table_ocr_table_candidate_scan,False,False
441,t_p_120_1176_p000441,00000441.tif,local_data\organization\trace_net\ocr_route_scan_pack_tesseract_full\page_images\t_p_120_1176_p000441.tif,b0147bfa0708ed1a4489129637565172d70734e3c39c17f9726540200aa5f46a,table,detailed_parts_list,medium,"[""part_number_present"", ""ipl_column_terms""]",,needs_review,,138,1379,7,"[""120-26948-001"", ""120-26948-003"", ""120-29068-061"", ""120-29083-001"", ""120-29574-003"", ""120-41225-001"", ""120-41225-005""]","€ emenncn

MAINTENANCE MANUAL WITH

ILLUSTRATED PARTS LIST
AIRLINE EFF | UNITS
FIG. ITEM | PARTNUMBER STOCK vase EODE. FROM | PER
NUMBER TO ASSY
105 220 | 120-41225-001 . STRUCTURE, ARMREST...............0.0e VS4956 1
230 | 120-41225-005 . STRUCTURE, ARMREST..................0000 VS4956 1
ATTACHING PARTS
240 | NAS4704-6 SCREW ........ccccccccccccccccccecceseeesssstasssaeeeeeeees 4
-241 |MS51957-45 SCREW . 0... ccccccccccccecccceeceeeeeeesstsssssssaeeees 4
-242 | NAS4704-5 SCREW 2000... cccccccceccceeeeeeeceeeeeeeeeeeetttsaaees 1
250 | 120-29083-001 » BUSHING 00 ccccccceeeeeeeeeeeeeeentneaaes VS4956 4
260 | AN960-416 AAS) | = 5 re 4
-261 | 120-29574-003 ~ WASHER... cece cceeecceeeeeeeceeeeeeeentneaaes VS4956 1
270 |MS21042L4 NUT ooo eee cceceeeeeeeeeeeeeeeeeeeeeeeeseeeeeaaeeaaes 4
280 | 120-26948-003 SUPPORT 0.0... ccccceceeteeeeeeeeeeeeeeenteeaaes VS4956 2
290 | 120-26948-001 SUPPORT 0.0... ccccceceeteeeeeeeeeeeeeeenteeaaes VS4956 1
ATTACHING PARTS
300 | MS24693-S5","[""table_or_parts_list_text_cues""]",table_ocr_table_candidate_scan,False,False
442,t_p_120_1176_p000442,00000442.tif,local_data\organization\trace_net\ocr_route_scan_pack_tesseract_full\page_images\t_p_120_1176_p000442.tif,7a8d355029f8b92d0e42325948bc0e0fdc6a0432fdbec7551bd764bd4e9e0869,table,image_visual_diagram,medium,"[""figure_or_visual_label_signal"", ""limited_text_or_visual_route""]",,needs_review,,105,800,1,"[""120-29068-079""]","< EMBRAER

MAINTENANCE MANUAL WITH

ILLUSTRATED PARTS LIST

100

110

210

100

\

110

350

\

320

eS

SS

340

o 120

QJ

130

SE,

330

Ss

NPE

<r]

Sf fl

SS

140

320

EF,

200

281

SS

Ss

~~

ic an

JD

282 —Ss

7}

310

ea

Of

e |

Rarer,

ey

“7

‘|

_\ ®

90

310

300

250

py

~ ON

270 ——__

290

~ ON

~ ON

260

~ ON

~ ON

NUON

@/

230

~ ON

Va

4). i!

SB ®

a eA

N / /

/ of

280

on

ztio~™

SQ

“NON

~ LN

~ UN

So

a!

(¥

ey

ne

240

120CMM250095.MCE A

Double Passenger Seat Structure (120-29068-079)

Figure 106

Sheet 1

EFFECTIVITY: ALL

25-21-00

Page 1379

T.P. 120/1176

Jul 15/02
","[""table_or_parts_list_text_cues""]",table_ocr_table_candidate_scan,False,False
443,t_p_120_1176_p000443,00000443.tif,local_data\organization\trace_net\ocr_route_scan_pack_tesseract_full\page_images\t_p_120_1176_p000443.tif,055a47f546bda0276bdd4c1e9e386d20c0174cd30fd96541a29585f539382b72,table,image_visual_diagram,medium,"[""figure_or_visual_label_signal"", ""limited_text_or_visual_route""]",,needs_review,,85,666,1,"[""120-29068-079""]","< EMBRAER

MAINTENANCE MANUAL WITH

ILLUSTRATED PARTS LIST

18

\\

\\ |

oS 160

\\ 4

,o™~

170

aN

Va

195

e.

190

a7 GT

Nw

\ |

180

+

160 170

150

30

40

“oy

4 vy

4 oy -

“ vie

“ye

4

80

| 7 7

4 ye

yt

| @>

\

95

LA

\

‘an

\ \\

~ Y

\

60

70

Ny \\

\\

10 —&

30

40

-»y ,)

\O™

“ a

a“ “

“ a“

a“ “

a a“

a“ “y“

“ “

wl

ad

50

20

50

120TP250091.MCE

Double Passenger Seat Structure (120-29068-079)

Figure 106

Sheet 2

EFFECTIVITY: ALL

25-21-00

Page 1380

T.P. 120/1176

Sep 30/98
","[""table_or_parts_list_text_cues""]",table_ocr_table_candidate_scan,False,False
444,t_p_120_1176_p000444,00000444.tif,local_data\organization\trace_net\ocr_route_scan_pack_tesseract_full\page_images\t_p_120_1176_p000444.tif,b5e28aa889409eab7c591554478c01d8fa0d12351df7323ce7513c584a8a9c5c,table,detailed_parts_list,high,"[""high_part_number_density"", ""detailed_parts_list_candidate""]",,needs_review,,274,2133,13,"[""120-29068-079"", ""120-29074-013"", ""120-29102-003"", ""120-34292-001"", ""120-35881-001"", ""120-36058-037"", ""120-37436-003"", ""120-40849-001"", ""120-40851-001"", ""120-43539-001"", ""120-48023-001"", ""120-48024-001"", ""120-61546-001""]","€ emenncn

MAINTENANCE MANUAL WITH

ILLUSTRATED PARTS LIST
AIRLINE EFF UNITS
FIG. ITEM PART NUMBER STOCK vase EODE. FROM PER
NUMBER TO ASSY
106 - | 120-29068-079 STRUCTURE ASSY ou... cence eee VS4956 A REF
1 | 120-29074-013 . STRUCTURE , CENTRAL LEG ................ VS4956 1
ATTACHING PARTS
10 | PE21052-2 PIN, ATTACH.....00.. ccc eeeeeseneeeeeeea eens B 1
-11 | 120-48023-001 PIN, ATTACH.....00 0c ceceeeceeeeeeeeeeeees VS4956 | 302/999 1
-15 | 120-61546-001 Ok a VS4956 | 302/999 1
20 | 42952-10 FITTING, ATTACH |... cece eens 1
-21 | 42975-12 OCREW 0... cece cccccccecccceeeeecseaeeeeeuaeeeeseaneess 1
-22 | 43392-10 LOPRING Looe cccececceeeeccsseeeeseeaeeeeeeeaeeees 1
30 |MS21042L5 Ok a 2
40 | AN960-516 PA A/C) on | ml » 2
50 | AN960-516L PA ANC) on | ml » 2
60 | AN5-16A BOLT ooo. cecceccceeeeeec cee eeeeeeaaeeevaaeeeeneaegs 1
70 | 120-35881-001 . REINFORCEMENT, LUGGAGE VS4956 1
PROTECTOR 0000.0... ccccceeccceeceeeeeeeeceeeeeneenees
80 | PE13076-1 SECTION. ooo. cece","[""table_or_parts_list_text_cues""]",table_ocr_table_candidate_scan,False,False
445,t_p_120_1176_p000445,00000445.tif,local_data\organization\trace_net\ocr_route_scan_pack_tesseract_full\page_images\t_p_120_1176_p000445.tif,9b7b85d77e4915dd111ec9dfd75449010834eb25f462935e58025d4db9b29baa,table,detailed_parts_list,high,"[""high_part_number_density"", ""detailed_parts_list_candidate""]",,needs_review,,209,1957,14,"[""120-26948-001"", ""120-26948-003"", ""120-29068-079"", ""120-29068-081"", ""120-29083-001"", ""120-29574-003"", ""120-34489-001"", ""120-41225-003"", ""120-41225-005"", ""120-41225-007"", ""120-50674-001"", ""120-50675-001"", ""120-50675-003"", ""120-50676-001""]","€ emenncn

MAINTENANCE MANUAL WITH

ILLUSTRATED PARTS LIST
AIRLINE EFF | UNITS
FIG. ITEM | PARTNUMBER STOCK vase EODE. FROM | PER
NUMBER TO ASSY
106 200 | 120-34489-001 . PROTECTIVE PLATE ........ cece VS4956 1
210 | 120-41225-003 . STRUCTURE, ARMREST..................0000 VS4956 1
230 | 120-41225-005 . STRUCTURE, ARMREST..................0000 VS4956 1
ATTACHING PARTS
240 | NAS4704-6 SCREW ........ccccccccccccccccccecceseeesssstasssaeeeeeeees 3
-241 |MS51957-45 SCREW 2000... cccececccccceeeeeeeceeeeeeeseeeenttsaaees 4
-242 | NAS4704-5 1 O14 a || 1
250 | 120-29083-001 BUSHING 000. cececeeeeeeeeeeeeeeetneeaaes VS4956 4
260 | AN960-416 AAS) | = 5 re 4
-261 | 120-29574-003 ~ WASHER... cc ccccceeeceeeeeeeeeeeeeeenntneeaaes VS4956 1
270 |MS21042L4 NUT ooo cece ceceeeeeeeeeeeeeeeeeeeeeeeeseeeeeaaeeaees 4
280 | 120-29068-081 . ARMREST STRUCTURE ASSEMBLY VS4956 1
281 | 120-41225-007 . ARMREST STRUCTURE VS4956 1
282 | 120-50675-003 PIN oo. eeeeeeeseeeeeeeeeeeeeeeeeeeeeeeeeee","[""table_or_parts_list_text_cues""]",table_ocr_table_candidate_scan,False,False
446,t_p_120_1176_p000446,00000446.tif,local_data\organization\trace_net\ocr_route_scan_pack_tesseract_full\page_images\t_p_120_1176_p000446.tif,28a5307f26bf3a5eb219916b845b1a1b05d80e326cd48b63fc77071c0edc83ad,table,image_visual_diagram,medium,"[""figure_or_visual_label_signal"", ""limited_text_or_visual_route""]",,needs_review,,76,402,1,"[""120-29069-001""]","< EMBRAER
MAINTENANCE MANUAL WITH
ILLUSTRATED PARTS LIST
—— 150
90 | 150
Ww fl /f 150
OS ,
S SS S we
S\ SS
160 K SH aw
OZ SS
—w
50 60 (B) | V2 7
ee | Le (B) 170
eo \ awl _ %
| (A
| 70 a Be
Obs A \ 140
@ 40 70 (B) ve
/
a SS Si f
NN P
Ye w
120TP250096.MCE
Triple Passenger Seat Structure (120-29069-001)
Figure 107
Sheet 1
EFFECTIVITY: ALL 25-21 -00
T.P. 120/1176 ""Sep 30/98
","[""table_or_parts_list_text_cues""]",table_ocr_table_candidate_scan,False,False
447,t_p_120_1176_p000447,00000447.tif,local_data\organization\trace_net\ocr_route_scan_pack_tesseract_full\page_images\t_p_120_1176_p000447.tif,8411a0e6e8ce1afd2c5e080287ad82cef9d346bfed7178791ccefe14546534b8,table,detailed_parts_list,high,"[""high_part_number_density"", ""detailed_parts_list_candidate""]",,needs_review,,224,2051,13,"[""120-29069-001"", ""120-29069-003"", ""120-29070-003"", ""120-29070-005"", ""120-29073-002"", ""120-29074-003"", ""120-29078-001"", ""120-29083-001"", ""120-29919-001"", ""120-34489-001"", ""120-36059-001"", ""120-36060-003"", ""120-36060-005""]","€ emenncn

MAINTENANCE MANUAL WITH

ILLUSTRATED PARTS LIST
AIRLINE EFF | UNITS
FIG. ITEM| PARTNUMBER STOCK user EODE. FROM | PER
NUMBER TO ASSY
107 - | 120-29069-001 STRUCTURE ASSY ..... cc ccccccccccceenteettes VS4956 A REF
1 | 120-29073-002 . STRUCTURE, LATERAL LEG.................... VS4956 1
10 | 120-29074-003 . STRUCTURE, CENTRAL LEG............000... VS4956 1
20 | 120-29919-001 STRINGER... cccccccceeccstttssseesseeeeeeeees VS4956 2
ATTACHING PARTS
30 | PE2102-2 / PIN, ATTACH... 0. cecccceeecsseeeeeeeeeeeeeeeen ens VS4956 2
40 | 42952-10 ~ FITTING, ATTACH ............cccccceeeseeeeeeeeeeeeees VS4956 2
50 | MS21042L5 NUT ooo eee cece cece eceeeeeeeeeeeeeeeeeeaeeaeaeeaae naan 4
60 | AN960-516 ~ WASHER... cece ccccetttteeseeeeeeeeeeeeenees 4
70 | AN960-516L ~ WASHER... cece ccccetttteeseeeeeeeeeeeeenees 2
80 | AN5-16A 5] ©) Et re 2
90 | 120-29070-003 . STRUCTURE, ARMREST..............00::ccceeeee VS4956 028 1
-91 | 120-36060-003 . STRUCTURE, ARMREST..............0","[""table_or_parts_list_text_cues""]",table_ocr_table_candidate_scan,False,False
448,t_p_120_1176_p000448,00000448.tif,local_data\organization\trace_net\ocr_route_scan_pack_tesseract_full\page_images\t_p_120_1176_p000448.tif,0821de594363c96d73c49f122ca044da9fbf381f8e298dfaca2b75477cc01201,table,image_visual_diagram,medium,"[""figure_or_visual_label_signal"", ""limited_text_or_visual_route""]",,needs_review,,80,455,1,"[""120-29069-005""]","< EMBRAER
MAINTENANCE MANUAL WITH
ILLUSTRATED PARTS LIST
—— 190
90 | 190
ww i} /f 190
~ SA |
Se —
SSA NS ~
UY > Sr SS >
ce Qo AX
G © WAX
160 <> A (B) 210
150 —€ 5
$170 *° 10
* 120
50 69 SS ey
ea 10 Bf,
50 ; |
so \. , - s-£— ie
, a> i
. J Ce Z\ ™~ 110
of 40 m ZS CK
B) oS
0g —
__ 120TP250097.MCE
Triple Passenger Seat Structure (120-29069-005)
Figure 108
Sheet 1
EFFECTIVITY: ALL
25-21 -00 Page 1385
T.P. 120/1176 Sep 30/98
","[""table_or_parts_list_text_cues""]",table_ocr_table_candidate_scan,False,False
449,t_p_120_1176_p000449,00000449.tif,local_data\organization\trace_net\ocr_route_scan_pack_tesseract_full\page_images\t_p_120_1176_p000449.tif,e0cff6790ef7678f4e7f3a007407c626800a75e1bc8fed604a1838cdd0cc870a,table,detailed_parts_list,high,"[""high_part_number_density"", ""detailed_parts_list_candidate""]",,needs_review,,196,1821,10,"[""120-29069-003"", ""120-29069-005"", ""120-29070-003"", ""120-29070-005"", ""120-29073-002"", ""120-29074-003"", ""120-29083-001"", ""120-29919-001"", ""120-38579-003"", ""120-38579-005""]","€ emenncn

MAINTENANCE MANUAL WITH

ILLUSTRATED PARTS LIST
AIRLINE EFF | UNITS
FIG. ITEM PART NUMBER STOCK user EODE. FROM PER
NUMBER TO ASSY
108 - | 120-29069-005 STRUCTURE ASSY ..0.....ccccccccccccccceeccceceeseaes VS4956 A REF
1 | 120-29073-002 . STRUCTURE, LATERAL LEG .........0..0000.. VS4956 1
10 | 120-29074-003 . STRUCTURE, CENTRAL LEG ...WW..... VS4956
20 | 120-29919-001 ~STRINGER..........cccccccccccecccucceeccucececeuseeaeesaes VS4956 2
ATTACHING PARTS
30 | PE2102-2 PIN, ATTACH... cceeeecseeeeeeeeae ees VS4956 2
40 | 42952-10 FITTING, ATTACH... eee VS4956 2
50 |MS21042L5 A 4
60 | AN960-516 ~ WASHER... oc ccc ceccccccccccccceccceccccceucceuceeecenecs 4
70 | AN960-516L ~ WASHER... oc ccc ceccccccccccccceccceccccceucceuceeecenecs 2
80 | AN5-16A BOLT ooo ee ceccceccceccecececcecccceeecceceeuceuececeecenacs 2
90 | 120-29070-003 . STRUCTURE, ARMREST.....0......00c. VS4956 1
100 | 120-29070-005 . STRUCTURE, ARMREST............00.e. VS4956 2
ATTACHING PARTS
110 ","[""table_or_parts_list_text_cues""]",table_ocr_table_candidate_scan,False,False
450,t_p_120_1176_p000450,00000450.tif,local_data\organization\trace_net\ocr_route_scan_pack_tesseract_full\page_images\t_p_120_1176_p000450.tif,442ba3f45084a1cce3431c89d8b13fc02ac536b3b6bb00a371a15025ef2eb840,table,detailed_parts_list,medium,"[""part_number_present"", ""ipl_column_terms""]",,needs_review,,68,487,3,"[""120-29069-005"", ""120-29078-001"", ""120-34489-001""]","< EMBRAER
MAINTENANCE MANUAL WITH
ILLUSTRATED PARTS LIST
AIRLINE EFF | UNITS
FIG. ITEM| PARTNUMBER STOCK vase CODE. FROM | PER
NUMBER TO ASSY
108 200 | 120-29078-001 W SEAT ooo. WMS4956 1
210 | 120-34489-001 . PLATE, REINFORCING..............0....022. VS4956 2
USAGE CODE LIST
A AIRCRAFT 120035 THRU 120048 AND
120052
-ITEM NOT ILLUSTRATED
Triple Passenger Seat Structure (120-29069-005)
Figure 108
Sheet 3
EFFECTIVITY: ALL 25-2 1 -00
Page 1387
T.P. 120/1176 Sep 30/98
","[""table_or_parts_list_text_cues""]",table_ocr_table_candidate_scan,False,False
451,t_p_120_1176_p000451,00000451.tif,local_data\organization\trace_net\ocr_route_scan_pack_tesseract_full\page_images\t_p_120_1176_p000451.tif,5470dafc9817f99ef7aedf516f6c440f22502775aa1c572731d504f301566219,table,image_visual_diagram,medium,"[""figure_or_visual_label_signal"", ""limited_text_or_visual_route""]",,needs_review,,88,498,1,"[""120-29069-007""]","< EMBRAER
MAINTENANCE MANUAL WITH
ILLUSTRATED PARTS LIST
200
190
190 ———— ~~ 00
| 190
Ww 200
220 \\
. & SQ SNS
230 220 \\
— c SQ
iw —- 5 — a 220
SQV
210 S ™ S SS
y
MY > SO C SS 5
160 <> (B) 01% (B)
60 —_¢5 230
$170 10
20
140 35
| 100 d/I
50 80 Zsa GY;
oo 60 \ Ne SE < _~
| ae NN he
of 40 m —_ we Q
: (B)
|
30 ——&
120TP250098.MCE
Triple Passenger Seat Structure (120-29069-007/009)
Figure 109
Sheet 1
EFFECTIVITY: ALL
25-21 -00 Page 1388
T.P. 120/1176 Sep 30/98
","[""table_or_parts_list_text_cues""]",table_ocr_table_candidate_scan,False,False
452,t_p_120_1176_p000452,00000452.tif,local_data\organization\trace_net\ocr_route_scan_pack_tesseract_full\page_images\t_p_120_1176_p000452.tif,4abf47b0983f66a89e23f1b0c96f61e4d7956a662ee38812652851bb9822505c,table,detailed_parts_list,high,"[""high_part_number_density"", ""detailed_parts_list_candidate""]",,needs_review,,255,2189,15,"[""120-26948-003"", ""120-29069-007"", ""120-29069-009"", ""120-29073-002"", ""120-29073-006"", ""120-29074-003"", ""120-29074-015"", ""120-29083-001"", ""120-29919-001"", ""120-38579-003"", ""120-38579-005"", ""120-41225-003"", ""120-41225-007"", ""120-48023-001"", ""120-61546-001""]","€ emenncn

MAINTENANCE MANUAL WITH

ILLUSTRATED PARTS LIST
AIRLINE EFF | UNITS
FIG. ITEM PART NUMBER STOCK vase CODE. FROM PER
NUMBER TO ASSY
109 - | 120-29069-007 STRUCTURE ASSY .0... cc. ccccccccccceccecceecceeceaaes VS4956 A REF
- | 120-29069-009 STRUCTURE ASSY .0.....cccccccccccecccecceecceceeaees VS4956 | 172/999] REF
1 | 120-29073-002 . STRUCTURE, LATERAL LEG ........ oe. VS4956 A 1
-2 | 120-29073-006 . STRUCTURE, LATERAL LEG ........ 2... VS4956 | 172/999 1
10 | 120-29074-003 . STRUCTURE, CENTRAL LEG ....... 0... VS4956 A 1
-11 | 120-29074-015 . STRUCTURE, CENTRAL LEG ......... VS4956 | 172/999 1
20 | 120-29919-001 STRINGER 20... ... cc cecccecccecceccccececeuceeuceueeeeees VS4956 2
ATTACHING PARTS
30 | PE2102-2 PIN, ATTACH...00... cece eee cseeneeeseeaeeeees VS4956 2
-31 | 120-48023-001 PIN, ATTACH..w. cece eeeeeer eee eere aes VS4956 | 302/999 2
-35 | 120-61546-001 PIN, ATTACH..w. cece eeeeeer eee eere aes VS4956 | 302/999 2
40 | 42952-10 FITTING, ATTACH... ","[""table_or_parts_list_text_cues""]",table_ocr_table_candidate_scan,False,False
453,t_p_120_1176_p000453,00000453.tif,local_data\organization\trace_net\ocr_route_scan_pack_tesseract_full\page_images\t_p_120_1176_p000453.tif,23752beca2e9b95420254461e8426f884df293b85f6bc5a9b24dffa10f81529a,table,detailed_parts_list,medium,"[""part_number_present"", ""ipl_column_terms""]",,needs_review,,129,1088,7,"[""120-29069-007"", ""120-29075-017"", ""120-29102-003"", ""120-34489-001"", ""120-36059-001"", ""120-40849-001"", ""120-40851-009""]","€ emenncn

MAINTENANCE MANUAL WITH
ILLUSTRATED PARTS LIST
AIRLINE EFF | UNITS
FIG. ITEM| PARTNUMBER STOCK user EODE. FROM | PER
NUMBER TO ASSY
109 -171 |MS246943517 SCREW 00 ccccccccccccceettsteseseeeeeneeeeeeeees 086/999 2
180 |H14-08 A LO ee 2
190 | 120-40851-009 ~ BACKREST 0... ccccccccccceseeestttsteeaseeeees VS4956 B 3
-191 | 120-29075-017 ~ BACKREST o.oo cccccccccscessttsteeesaeeeeeeeees VS4956 C 3
200 | 120-40849-001 . COMPLEMENT ..............0c:cccccseeeeeeeeeeeeeen es VS4956 3
210 | 120-36059-001 SEAT occ cccccccccecceneeetttssseeseeeeeeeseeeeeeees VS4956 1
220 | 120-29102-003 . PLATE, ATTACHING ............cccccceeeesseeeeeeeees VS4956 6
230 | 120-34489-001 . PLATE, REINFORCING ...............0ccceeseeeee VS4956 2
USAGE CODE LIST
A AIRCRAFT 120049 THRU 120051 AND
120053 THRU 1200171
B AIRCRAFT 120048, 120051, 120053
THRU 120055, 120060 AND ON
C AIRCRAFT 120050, 120056, 120059
-ITEM NOT ILLUSTRATED
Triple Passenger Seat Structure (120-29069-007/009)
Fig","[""table_or_parts_list_text_cues""]",table_ocr_table_candidate_scan,False,False
454,t_p_120_1176_p000454,00000454.tif,local_data\organization\trace_net\ocr_route_scan_pack_tesseract_full\page_images\t_p_120_1176_p000454.tif,9e098265fe07264ae4271ce1a81a3fadf5a9f8f60b2e973c5c5ed7821b8c6e2e,table,image_visual_diagram,medium,"[""figure_or_visual_label_signal"", ""limited_text_or_visual_route""]",,needs_review,,73,406,0,[],"< EMBRAER
MAINTENANCE MANUAL WITH
ILLUSTRATED PARTS LIST
< (A)
‘oe
VXOF—O« @
YT \ 20
aI
2 .
80
70 \ 30
60
100 \ ta
O
90 e) eS xe
180 ;
\ Yeo 70
110 @
150
AN 190 200
, \ 210
140 SN \ | |
160 Se
® Oo 220
150 \ ame
I\s CO
AQ <
Q)
180 §
8 230
| 220
200 210 120TP250099.MCE
Snack Folding Table
Figure 110
Sheet 1
EFFECTIVITY: ALL
25 21 00 Page 1391
T.P. 120/1176 Sep 30/98
","[""table_or_parts_list_text_cues""]",table_ocr_table_candidate_scan,False,False
455,t_p_120_1176_p000455,00000455.tif,local_data\organization\trace_net\ocr_route_scan_pack_tesseract_full\page_images\t_p_120_1176_p000455.tif,7502210e0d2c8a1aac46ff94f21172fa4bef9f3b78394e12e2c35a8898e384d9,table,detailed_parts_list,high,"[""high_part_number_density"", ""detailed_parts_list_candidate""]",,needs_review,,189,1560,8,"[""120-29072-001"", ""120-30018-001"", ""120-30018-002"", ""120-30019-001"", ""120-30020-001"", ""120-31626-001"", ""120-34691-001"", ""120-34890-001""]","€ emenncn

MAINTENANCE MANUAL WITH

ILLUSTRATED PARTS LIST
AIRLINE EFF | UNITS
FIG. ITEM| PARTNUMBER STOCK Mute eODE. FROM | PER
NUMBER TO ASSY
110 SNACK FOLDING TABLE. ..............000:cceeseeees A REF
120-34691-001 . COVER, LATCH, SNACK TABLE ASSY.... VS4956 1
10 | 120-31626-001 .. LATCH ASSY 00... ccc ccceeeeceeeeeeeeeeeeeeeen ees VS4956 1
ATTACHING PARTS... ee
20 | MS16624-1025 . RING, RETAINING... occ ceeeeeeseeeeeeeees 1
30 | 120-34890-001 .. COVER, TRIM LATCH... eee VS4956 1
40 | 120-29072-001 . TABLE, SNACK FOLDING, ASSY ............. VS4956 1
ATTACHING PARTS.................. cee
50 | MS21042-08 NUT ooo cece ccccccceeeeeeeeeeeeeeeeeeeeeeeeeeaaeaeaeaaaes 2
60 | AN960C8 AAS) a =] 9 Ore 2
70 | 120-30020-001 ~ BUSHING 200 ceccecceeteeeeeeeeeeeeeeees VS4956 2
80 | MS24694-S7 SCREW... ccc cccccccceetenntseeeeeeeeeeeeenes 2
90 | 120-30018-001 ~ BRACKET 0... ccccccceencesttseeeeeeeeeeeeeeees VS4956 1
-91 | 120-30018-002 ~ BRACKET 0... ccccccccencestttstseesaeeeee","[""table_or_parts_list_text_cues""]",table_ocr_table_candidate_scan,False,False
456,t_p_120_1176_p000456,00000456.tif,local_data\organization\trace_net\ocr_route_scan_pack_tesseract_full\page_images\t_p_120_1176_p000456.tif,b9ce1332ff8cd867cf7a387c68c2707bdf45cd8271318251ac2a2614c6515636,table,detailed_parts_list,medium,"[""part_number_present"", ""ipl_column_terms""]",,needs_review,,117,981,4,"[""120-30016-001"", ""120-30016-002"", ""120-30020-005"", ""120-34784-001""]","€ emenncn

MAINTENANCE MANUAL WITH
ILLUSTRATED PARTS LIST
AIRLINE EFF | UNITS
FIG. ITEM| PARTNUMBER STOCK Mute CODE FROM | PER
NUMBER TO ASSY
110 KK
160 | 120-3001 7-001 .. BRACE, SLOTTED.............ccceeeeeeeteeeees VS4956 1
170 | 120-3001 7-002 .. BRACE, SLOTTED.............ccceeeeeeeteeeees VS4956 1
180 | 120-30016-001 .. ARM, LINKED 2.0.0.0... ceeeeeeeeeeeeeeeeeees VS4956 1
190 | 120-30016-002 .. ARM, LINKED 2.0.0.0... ceeeeeeeeeeeeeeeeeees VS4956 1
ATTACHING PARTS. .................0ccccccceeccceees
200 | MS27039-1-12 » SCREW... cccccccceecccceeeceenseessttsaeesaeeees
210 | MS35338-43 nA ANS) | =] 3 re
220 | 120-30020-005 ed =) Oho) a] | C eer VS4956
230 | 120-34784-001 .. PANEL ASSY, TABLE............0...cccccceeeeeees VS4956 1
USAGE CODE LIST
A AIRCRAFT 120028 (PRE MOD SB 120-
025-0082) AND 120029 AND ON.
— ITEM NOT ILLUSTRATED
Snack Folding Table
Figure 110
Sheet 3
EFFECTIVITY: ALL 25 21 00
= =
Page 1393

T.P. 120/1176 Sep 30/98
","[""table_or_parts_list_text_cues""]",table_ocr_table_candidate_scan,False,False
457,t_p_120_1176_p000457,00000457.tif,local_data\organization\trace_net\ocr_route_scan_pack_tesseract_full\page_images\t_p_120_1176_p000457.tif,a2db1e481c663d224335f3bc3acf5f4380997e0f9df95ed3ca23c9315ce522a0,table,image_visual_diagram,medium,"[""figure_or_visual_label_signal"", ""limited_text_or_visual_route""]",,needs_review,,59,329,0,[],"< EMBRAER
MAINTENANCE MANUAL WITH
ILLUSTRATED PARTS LIST
~ A
a L A (B) - Q
|
Qa
a,
10
130
oN 150 40
» || 4
130 140
\ E
<0 110 90 [LY
120
140 vo \\ NN if
90 \ _
60 WN
SB)
o
80
"" ©)
100 120TP250100.MCE
Snack Folding Table
Figure 111
Sheet 1
EFFECTIVITY: ALL
25 21 00 Page 1394
T.P. 120/1176 Sep 30/98
","[""table_or_parts_list_text_cues""]",table_ocr_table_candidate_scan,False,False
458,t_p_120_1176_p000458,00000458.tif,local_data\organization\trace_net\ocr_route_scan_pack_tesseract_full\page_images\t_p_120_1176_p000458.tif,6dbb6512b90c3a6a33173d86aa94978502f7ce2d5f5cd4933a2544aab959e67e,table,detailed_parts_list,high,"[""high_part_number_density"", ""detailed_parts_list_candidate""]",,needs_review,,189,1588,10,"[""120-17588-001"", ""120-38426-001"", ""120-38427-001"", ""120-38455-001"", ""120-38633-001"", ""120-38634-001"", ""120-38634-003"", ""120-41207-001"", ""120-41208-001"", ""120-41208-003""]","€ emenncn

MAINTENANCE MANUAL WITH

ILLUSTRATED PARTS LIST
AIRLINE EFF | UNITS
FIG. ITEM| PARTNUMBER STOCK Mute CODE FROM | PER
NUMBER TO ASSY
111 SNACK FOLDING TABLE ...................000000 A REF
1 | 120-38634-001 . COVER, LATCH, SNACK TABLE ASSY.... VS4956 B 1
-2 | 120-41208-001 . COVER, LATCH, SNACK TABLE ASSY.... VS4956 | 038/999 1
10 | 120-38633-001 . LATCH ASSY oo cccccccccccerceesttssteeseeeees VS4956 B 1
-11 | 120-41207-001 . LATCH ASSY oo ccccccccccccccestttstteesaeeees VS4956 | 038/999 1
ATTACHING PARTS
20 | MS16624-1025 . RING, RETAINING ........eecceeeeeeteeeeeeees B 1
-21 | PE25035-40-03 .. RING, RETAINING |... cece eeeeees VS4956 | 038/999 1
30 | ANS60PD416L © WASHER 2.0... ccccceccceeeeeeeeeescnstttssanaees B 1
-31 | 120-17588-001 A ANS) | sl 9 Ore VS4956 | 038/999 1
40 | 120-38634-003 .. COVER, TRIM LATCH .............cccceceeeeeeees VS4956 B 1
-41 | 120-41208-003 .. COVER, TRIM LATCH ............cecceeeeeeeeeees VS4956 | 038/999 1
50 | 120-38426-0","[""table_or_parts_list_text_cues""]",table_ocr_table_candidate_scan,False,False
459,t_p_120_1176_p000459,00000459.tif,local_data\organization\trace_net\ocr_route_scan_pack_tesseract_full\page_images\t_p_120_1176_p000459.tif,826c029d3b1ebdb9685731edf05d74316b82a59404692b2d14881421d052eec1,table,detailed_parts_list,medium,"[""part_number_present"", ""ipl_column_terms""]",,needs_review,,135,956,5,"[""120-38425-001"", ""120-38428-001"", ""120-38429-001"", ""120-38610-001"", ""120-40387-001""]","€ emenncn

MAINTENANCE MANUAL WITH
ILLUSTRATED PARTS LIST
AIRLINE EFF | UNITS
FIG. ITEM| PARTNUMBER | STOCK Mute eODE. FROM | PER
NUMBER TO ASSY
111 120 | 120-38428-001 ~ BUSHING 00... ee ce eeeteeeteeeeeteteeenentteren VS4956 2
130 | 120-38425-001 . ARM, LINKED 0.0... eeretttrternees VS4956 2

ATTACHING PARTS

140 | MS24694-C52 ». SCREW ooo ce cnet ene

150 | 120-38428-001 . BUSHING 2. renee VS4956

160 | 120-38429-001 ad | VS4956 2

170 | 120-38610-001 .. PANEL ASSY, TABLE... ee VS4956 Cc {
-171 | 120-40387-001 .. PANEL ASSY, TABLE... ee VS4956 | 042/999 1

USAGE CODE LIST

A AIRCRAFT 120028 (POS MOD SB 120-
025-0082) AND 120034 AND ON.

B AIRCRAFT 120028 (POS MOD SB 120-
025-0082) AND 120034 THRU 120037

C AIRCRAFT 120028 (POS MOD SB 120-
025-0082) AND 120034 THRU 120041

— ITEM NOT ILLUSTRATED

Snack Folding Table
Figure 111
Sheet 3

EFFECTIVITY: ALL 25-21 -00
Page 1396

T.P. 120/1176 Sep 30/98

","[""table_or_parts_list_text_cues""]",table_ocr_table_candidate_scan,False,False
460,t_p_120_1176_p000460,00000460.tif,local_data\organization\trace_net\ocr_route_scan_pack_tesseract_full\page_images\t_p_120_1176_p000460.tif,9fea87b0768733e9b8539062094a29ec8f4e7547dc4028770864ce826a0acdec,table,image_visual_diagram,medium,"[""figure_or_visual_label_signal"", ""limited_text_or_visual_route""]",,needs_review,,76,393,0,[],"< EMBRAER
MAINTENANCE MANUAL WITH
ILLUSTRATED PARTS LIST
& (A)
_ I
b | 60 20
a ®) 5
SX al
@f?
Q b<
CS,
160 “a i
190 180
NN 50
a Ps
160 170
\ E
<0 90 140 LS
80
170
200 70 \ L)
gs
140 2) \
& 100
ey WS
100 |
110 SN
Ney
g &)
a
130
120 (C)
180 120TP250101.MCE
Snack Folding Table
Figure 112
Sheet 1
EFFECTIVITY: ALL
25 21 00 Page 1397
T.P. 120/1176 Sep 30/98
","[""table_or_parts_list_text_cues""]",table_ocr_table_candidate_scan,False,False
461,t_p_120_1176_p000461,00000461.tif,local_data\organization\trace_net\ocr_route_scan_pack_tesseract_full\page_images\t_p_120_1176_p000461.tif,b8777e0bc7d96b2b2cd26222198b958439ccc752517c50d5eac3ea56a6256980,table,detailed_parts_list,high,"[""high_part_number_density"", ""detailed_parts_list_candidate""]",,needs_review,,212,1852,14,"[""120-17588-001"", ""120-38425-001"", ""120-38426-001"", ""120-38427-001"", ""120-38428-001"", ""120-38455-001"", ""120-41207-001"", ""120-41208-001"", ""120-41208-003"", ""120-42660-001"", ""120-47462-001"", ""120-47462-003"", ""120-61606-001"", ""120-61610-001""]","€ emenncn

MAINTENANCE MANUAL WITH
ILLUSTRATED PARTS LIST
AIRLINE EFF | UNITS
FIG. ITEM| PARTNUMBER STOCK Mute eODE. FROM | PER
NUMBER TO ASSY
112 SNACK FOLDING TABLE. ..............000cceeeeeee REF
1 | 120-41208-001 . COVER, LATCH, SNACK TABLE ASSY.... VS4956 | 049/118 1
-2 | 120-47462-001 . COVER, LATCH, SNACK TABLE ASSY.... VS4956 | 119/315 1
-3 | 120-61610-001 . COVER, LATCH, SNACK TABLE ASSY.... VS4956 | 316/999 1
10 | 120-41207-001 . LATCH ASSY 00... ccc cccceetceeeeeeeeeeeeeeeen es VS4956 1
ATTACHING PARTS
20 | PE25035-40-03 . RING, RETAINING... cece ccceceeceeeeeeeee es VS4956 1
30 | 120-17588-001 . WASHER... ccccccceeeesteeeseeeeeeeeeeeeen es VS4956 1
40 | 120-61606-001 .. PLATE, REINFORCEMENT..................... VS4956 | 316/999 1
50 | 120-41208-003 .. COVER, TRIM LATCH... ee VS4956 | 049/118 1
-51 | 120-47462-003 .. COVER, TRIM LATCH... ee VS4956 | 119/999 1
60 | 120-42660-001 . TABLE, SNACK FOLDING, ASSY ............ VS4956 1
ATTACHING PARTS
70 | MS2104","[""table_or_parts_list_text_cues""]",table_ocr_table_candidate_scan,False,False
462,t_p_120_1176_p000462,00000462.tif,local_data\organization\trace_net\ocr_route_scan_pack_tesseract_full\page_images\t_p_120_1176_p000462.tif,d3916353aecad7b518e57674584f95f2f48cb28cc299c587ea1d876501c20cb1,table,detailed_parts_list,medium,"[""part_number_present"", ""ipl_column_terms""]",,needs_review,,77,606,3,"[""120-38428-001"", ""120-38429-001"", ""120-40387-001""]","€ emenncn

MAINTENANCE MANUAL WITH
ILLUSTRATED PARTS LIST
AIRLINE EFF | UNITS
FIG. ITEM| PARTNUMBER | STOCK Mute CODE FROM | PER
NUMBER TO ASSY

112
ATTACHING PARTS

170 | MS24694-C52 wee SCREW ooo. ec cecececeetteeeeeeeeeeeeteeentterens

180 | 120-38428-001 .» BUSHING 000. eee eeereee ere eeeenereeennneeens VS4956

190 | 120-38429-001 we PIN entree eenteetertenteeeertenes VS4956 2
200 | 120-40387-001 ... PANEL ASSY, TABLE ....0.... cece: VS4956

— ITEM NOT ILLUSTRATED

Snack Folding Table
Figure 112
Sheet 3

EFFECTIVITY: ALL 25-2 1 -00
Page 1399

T.P. 120/1176 Sep 30/98
","[""table_or_parts_list_text_cues""]",table_ocr_table_candidate_scan,False,False
463,t_p_120_1176_p000463,00000463.tif,local_data\organization\trace_net\ocr_route_scan_pack_tesseract_full\page_images\t_p_120_1176_p000463.tif,1b64995d1a30f2c79865356817de4543202873816f59a27e3cfc46640e5dcbad,table,image_visual_diagram,medium,"[""figure_or_visual_label_signal"", ""limited_text_or_visual_route""]",,needs_review,,64,358,0,[],"< EMBRAER
MAINTENANCE MANUAL WITH
ILLUSTRATED PARTS LIST
& (A)
I\
30
| a 40
Cf? 5
9 &
a
50
150
110 ay
190 ‘
100 NX f
90
80 raw
70 oN 120
180 : 130
170 “| 140
160 \
\ 110
a
|
ale
G)
150 140 |
190 130 200
120
120TP250102.MCE
Snack Folding Table
Figure 113
Sheet 1
EFFECTIVITY: ALL
25 21 00 Page 1400
T.P. 120/1176 Sep 30/98
","[""table_or_parts_list_text_cues""]",table_ocr_table_candidate_scan,False,False
464,t_p_120_1176_p000464,00000464.tif,local_data\organization\trace_net\ocr_route_scan_pack_tesseract_full\page_images\t_p_120_1176_p000464.tif,b4a9736d0ec4eef98c1431c8fb01f0432e225ae60b0d6ce938321dd345335b75,table,detailed_parts_list,high,"[""high_part_number_density"", ""detailed_parts_list_candidate""]",,needs_review,,178,1471,9,"[""120-17588-001"", ""120-38425-001"", ""120-38428-001"", ""120-41207-001"", ""120-47462-001"", ""120-47462-003"", ""120-61410-001"", ""120-61606-001"", ""120-61610-001""]","€ emenncn

MAINTENANCE MANUAL WITH

ILLUSTRATED PARTS LIST
AIRLINE EFF | UNITS
FIG. ITEM| PARTNUMBER STOCK Mute CODE FROM | PER
NUMBER TO ASSY
113 SNACK FOLDING TABLE ...................000000 REF
1 | 120-47462-001 . COVER, LATCH, SNACK TABLE ASSY.... VS4956 | 304/315 1
-2 | 120-61610-001 . COVER, LATCH, SNACK TABLE ASSY.... VS4956 | 316/999 1
10 | 120-41207-001 . LATCH ASSY oo cccccccccccerceesttssteeseeeees VS4956 1
ATTACHING PARTS
20 | PE25035-40-03 . RING, RETAINING ...... oc cccccceeeeeeteeeeeeees VS4956 1
30 | 120-17588-001 A ANS) | =] 9 VS4956 1
40 | 120-61606-001 .. PLATE, REINFORCEMENT.................0008 VS4956 | 316/999 1
50 | 120-47462-003 .. COVER, TRIM LATCH ............c cece eeeeees VS4956 1
60 | 120-61410-001 . TABLE,SNACK FOLDING, ASSY .............. VS4956 1
ATTACHING PARTS
70 | H42-06 ed LO rere V15653 2
80 | AN960C6 © WASHER 2.0... cece ccceeccceeecceeeceescntsteasaneees 2
90 | 120-38428-001 ©» BUSHING 00... ccccccccecceeeeeesttttteaeeanees VS","[""table_or_parts_list_text_cues""]",table_ocr_table_candidate_scan,False,False
465,t_p_120_1176_p000465,00000465.tif,local_data\organization\trace_net\ocr_route_scan_pack_tesseract_full\page_images\t_p_120_1176_p000465.tif,8c042dc3018c9483468f9bcc26b4fea04525a6e103e011455f3e98619bacbad9,table,detailed_parts_list,medium,"[""part_number_present"", ""ipl_column_terms""]",,needs_review,,83,735,3,"[""120-38426-001"", ""120-38427-001"", ""120-61411-001""]","€ emenncn

MAINTENANCE MANUAL WITH

ILLUSTRATED PARTS LIST
AIRLINE EFF | UNITS
FIG. ITEM| PARTNUMBER | STOCK Mute eODE. FROM | PER
NUMBER TO ASSY
113
150 | 120-38426-001 we TRACK 00. ccceeeereeeeenreeeentereeensnreeesneeenenees VS4956 2

160 | H42-06 NUT Lone tere etnneeesenneneeees V15653 4
170 | AN960C6 .. WASHER... cceecceeeecereeetereeensereeesneeeterees

180 | MS24693-C26 / SCREW... ee ceecceceeeereecseeeeeseteeesereterenees 4
190 | 120-38427-001 ». BUSHING 2... ceeeeeeecereeeseeeetereterenees VS4956 2
200 | 120-61411-001 .. PANEL ASSY, TABLE... eeeeeeertctee VS4956 1

— ITEM NOT ILLUSTRATED

Snack Folding Table
Figure 113
Sheet 3

EFFECTIVITY: ALL 25-21 -00
Page 1402

T.P. 120/1176 Sep 30/98
","[""table_or_parts_list_text_cues""]",table_ocr_table_candidate_scan,False,False
466,t_p_120_1176_p000466,00000466.tif,local_data\organization\trace_net\ocr_route_scan_pack_tesseract_full\page_images\t_p_120_1176_p000466.tif,82f7488d0c03b1a5339a0a74987ddf0d69856244dbb4e39130cb7cc82c093f8a,normal_text,procedure_or_description,high,"[""procedure_or_description_terms"", ""paragraph_text_present"", ""low_part_number_count""]",,needs_review,,145,967,0,[],"< EMBRAER
MAINTENANCE MANUAL WITH
ILLUSTRATED PARTS LIST
TESTS AND FAULT ISOLATION
1. Tests
A. General
Carry out these test procedures during overhauls, assembly, disassembly or component replace-
ment.
B. Snack Folding Table Alignment
(1) Release the latch to extend the snack folding table.
(2) Visually check the snack folding table alignment and adjust it, if necessary, by tightening or
loosening the screw of the snack folding table arms.
C. Movable Armrests
(1) Check the movable armrest release button operation.
(2) Visually check the alignment of the movable armrests in the deployed and stowed positions.
2. Fault Isolation
FAULT PROBABLE CAUSE CORRECTION
Snack folding table not horizon- | Improperly adjusted Correct adjustment with screws
tal and/or level of the snack folding table arm-
rests
Movable armrest lock fails to Broken or damaged lock Replace lock
unlock the armrest
EFFECTIVITY: ALL
25 21 00 Page 101/102
Sep 30/98
","[""normal_text_ocr_density""]",normal_text_ocr_summary_scan,False,False
467,t_p_120_1176_p000467,00000467.tif,local_data\organization\trace_net\ocr_route_scan_pack_tesseract_full\page_images\t_p_120_1176_p000467.tif,a198c99ab211bf9434e1c7d1e9f388ce118d07d683b5bdf5bf5660240b1619f1,table,table_or_index,high,"[""table_index_terms"", ""legacy_table_route""]",,needs_review,,280,1736,0,[],"< EMBRAER
MAINTENANCE MANUAL WITH
ILLUSTRATED PARTS LIST
DISASSEMBLY
1. Tools Required
A. Tools commonly used by the technician.
2. Disassembly

A. Before starting the disassembly, carry out the testing procedures on the unit according to the
TESTS AND FAULT ISOLATION Section to locate and determine the extent of the malfunction.
Disassemble the unit just sufficiently to gain access to the faulty or defective part. The following
procedures impart directions for a possible complete disassembly.

NOTE: Do not disassemble parts unnecessarily.

B. Because of the similarities between the seat configurations covered in this manual and for expla-
nation purposes, where there is no reference to a specific configuration, the text is common to all
of them.

NOTE: All parts should be marked before disassembly in order to facilitate subsequent assembly
and to avoid assembly errors.

C. Seat Belt (60) of Single Seat Disassembly (detail D of figure 1 of the Illustrated Parts Li","[""table_or_parts_list_text_cues""]",table_ocr_table_candidate_scan,False,False
468,t_p_120_1176_p000468,00000468.tif,local_data\organization\trace_net\ocr_route_scan_pack_tesseract_full\page_images\t_p_120_1176_p000468.tif,35a531277fb422d5e60ef28fe87f1f6716f603af702b5de26b6e696fd3acfa6e,table,mixed_text_and_figure,medium,"[""visual_signal_present"", ""meaningful_prose_present"", ""low_part_number_count""]",,needs_review,,327,2038,0,[],"€ emenncn

MAINTENANCE MANUAL WITH
ILLUSTRATED PARTS LIST

F. Life Jacket Stowage (130) Disassembly (detail C of figure 1 of the Illustrated Parts List)

(1) Remove the Life Jacket Stowage (130) by releasing its four male fastener buttons (150).
G. Seat Bottom (20) Removal (figure 01 of the Illustrated Parts List)

(1) Remove Seat Bottom (20) by loosing its retaining Velcro fastener.
H. Seat Backrest (30) Removal (figure 01 of the Illustrated Parts List)

(1) Remove the Magazine Holder (200) by loosing its two attaching male fastener buttons and
the Velcro fastener.

(2) Remove the Snack Table Cover Latch (250) by loosing its three attaching screws (270).
(3) Remove the Seat Backrest Lining (30) by loosing the Velcro fastener.
J. Section PVC (160) Removal (figure 01 of the Illustrated Parts List)
(1) Remove nut (180), washer (170), and screw (190), and detach the PVC section (160).
K. Fixed Armrest Disassembly (detail A of figure 01 of the Illustrated Parts List)
(","[""table_or_parts_list_text_cues""]",table_ocr_table_candidate_scan,False,False
469,t_p_120_1176_p000469,00000469.tif,local_data\organization\trace_net\ocr_route_scan_pack_tesseract_full\page_images\t_p_120_1176_p000469.tif,3dded31617777113607526cf5a2cc20b90c3684d9e523d53faa43728090989d5,table,mixed_text_and_figure,medium,"[""visual_signal_present"", ""meaningful_prose_present"", ""low_part_number_count""]",,needs_review,,159,976,0,[],"€ emenncn

MAINTENANCE MANUAL WITH
ILLUSTRATED PARTS LIST

N. Single Seat Armrests (200) Removal (detail E of figure 79 of the Illustrated Parts List)
(1) Remove the nut (220) and screw (210).
(2) Remove the armrest (200) from the seat structure.

P. Double Seat Armrests (190) Removal (detail A of figure 87 of the Illustrated Parts List)
(1) Remove the nut (240), washer (230), bushing (220), and screw (210).
(2) Remove the armrest (190) from the seat structure.

Q. Triple Seat Armrests (100) Removal (detail A of figure 107 of the Illustrated Parts List)
(1) Remove the nut (140), washer (130), bushing (120), and screw (110).
(2) Remove the armrest (100) from the seat structure.

R. Plug-in Snack Table Support (230) Removal (detail E of figure 84 of the Illustrated Parts List)
(1) Remove the nut (260), washer (250), and screw (240).

(2) Remove the support (230) from the armrest (200).

EFFECTIVITY: ALL 25-2 1 -00

Page 303/304
Sep 30/98
","[""table_or_parts_list_text_cues""]",table_ocr_table_candidate_scan,False,False
470,t_p_120_1176_p000470,00000470.tif,local_data\organization\trace_net\ocr_route_scan_pack_tesseract_full\page_images\t_p_120_1176_p000470.tif,36140874f4a9698db5ea68423aee4f5b9463e31e65092c633e04c1be2f89fd64,normal_text,procedure_or_description,high,"[""procedure_or_description_terms"", ""paragraph_text_present"", ""low_part_number_count""]",,needs_review,,198,1323,0,[],"1. General

€ emenncn

MAINTENANCE MANUAL WITH
ILLUSTRATED PARTS LIST

CLEANING

WARNING: * THE SOLVENTS AND CLEANERS CONTAIN TOXIC INGREDIENTS.

* WEAR GLOVES WHEN YOU USE SUCH PRODUCTS AND PREVENT THEIR CON-

TACT WITH YOUR SKIN OR EYES.

HAVE SUFFICIENT VENTILATION OR USE RESPIRATORS.

CAUTION: OBEY THE SAFETY PRECAUTION DURING THE CLEANING OPERATIONS BELOW:

MAKE SURE THAT THE CLEANING OPERATIONS ON ADJACENT SURFACES DO
NOT CAUSE THE SURFACES ALREADY CLEANED TO BECOME DIRTY AGAIN.

REMOVE THE STAINS IMMEDIATELY. THERE ARE STAINS THAT YOU CANNOT
REMOVE AFTER SOME TIME HAS ELAPSED.

DO NOT USE FLAMMABLE SOLVENTS ON THE SEAT.
DO NOT APPLY SPRAY SOLVENT.
KEEP THE SOLVENTS IN CLOSED CONTAINERS.

DO NOT USE METAL ACCESSORIES (STEEL WOOL, STEEL WIRE BRUSH, ETC.)
FOR THE CLEANING.

A. To clean flame-resistant upholstery of seat cover, wool and wool blends, carefully, follow the
instructions of item 2.

There are the following types of stains:

(1) Water","[""normal_text_ocr_density""]",normal_text_ocr_summary_scan,False,False
471,t_p_120_1176_p000471,00000471.tif,local_data\organization\trace_net\ocr_route_scan_pack_tesseract_full\page_images\t_p_120_1176_p000471.tif,0ce9f429c3692f142d4122c68546bb1ed19ee4f89f8164af5a84aa9d21abee44,table,procedure_or_description,high,"[""procedure_or_description_terms"", ""paragraph_text_present"", ""low_part_number_count""]",,needs_review,,216,1478,0,[],"< EMBRAER
MAINTENANCE MANUAL WITH
ILLUSTRATED PARTS LIST
B. Auxiliary items.
DESCRIPTION SUPPLIER
Rubber Gloves 1 Commercially Available
Soft cloth, Lint-free AR Commercially Available
Spatula-Plastic AR Commercially Available
Vacuum Cleaner 1 Commercially Available
Brush-Soft Nylon Bristled AR Commercially Available
C. Consumable Materials.
DESCRIPTION SPECIFICATION QTY
(Brand)
Carpet Cleaner, AMS1630 or Equivalent AR
Shampoo-type
Solvent FED. SPEC. P-D-680, Type | or AR
Equivalent
Neutral Detergent MIL-D-16791 AR
2. Cleaning Procedures for Seat Cover
NOTE: When the fire-blocking fabric is dirty, perform a commercial dry cleaning, with solvent per
FED. SPEC. P-D-680, Type | or equivalent.
A. Seat Cover Installed.
(1) Collect all loose particles with a vacuum cleaner.
(2) Water Removable stains - Categories (1) and (2) of item 1.A.
WARNING: ALTHOUGH THE STAINS IN THIS CATEGORY ARE WATER SOLUBLE, IT IS
NOT RECOMMENDED THAT THE SEAT COVER BE LAUNDERED IN
WATER. ","[""table_or_parts_list_text_cues""]",table_ocr_table_candidate_scan,False,False
472,t_p_120_1176_p000472,00000472.tif,local_data\organization\trace_net\ocr_route_scan_pack_tesseract_full\page_images\t_p_120_1176_p000472.tif,3a1a97386028c63da548aefe0460a8ac2524f7f06d7f19a9e81576f929d45c7f,table,procedure_or_description,high,"[""procedure_or_description_terms"", ""paragraph_text_present"", ""low_part_number_count""]",,needs_review,,327,1991,0,[],"< EMBRAER
MAINTENANCE MANUAL WITH
ILLUSTRATED PARTS LIST

(d) Let the cleaned area to dry.

(e) Vacuum it to complete the cleaning.

(f) If necessary, remove the upholstery to do the cleaning procedure.

(3) Water Insoluble Stains - Category (3) of item 1.A.

(a) Soak the area with a chlorinated solvent directly to the dry fabric and, working with a
bone spatula remove the stains while the surface is wet.

(b) After the removal of the stains, clean the surface as described in items 2.A.(1) and
2.A.(2).

(4) Unknown Stains - Category (4) of item 1.A.

(a) There are many commercial removal kits that include stepwise cleaning procedures for
stains of unknown origin.

(b) These procedures should first be tried on a small area for colorfastness. Also the
reagents recommended by the kit should be checked to confirm that it is a nonionic
reagent.

NOTE: Anionic and alkaline reagents could impair the flame retardant characteristics of
the fabric.

(c) Once these i","[""table_or_parts_list_text_cues""]",table_ocr_table_candidate_scan,False,False
473,t_p_120_1176_p000473,00000473.tif,local_data\organization\trace_net\ocr_route_scan_pack_tesseract_full\page_images\t_p_120_1176_p000473.tif,a5dc03e8d8ce65085999364f186a1819159509d1e0000012937e93b0cdf7d1cb,normal_text,procedure_or_description,high,"[""procedure_or_description_terms"", ""paragraph_text_present"", ""low_part_number_count""]",,needs_review,,231,1381,0,[],"< EMBRAER
MAINTENANCE MANUAL WITH
ILLUSTRATED PARTS LIST
(5) It is recommended that the machine be loaded to about 70% of its rated capacity. Loads of
higher than 70% may impair the cleaning efficiency and accelerate abrasion on the fabric.
Underloading may lead to the impairment of the flame retardant properties due to detergent
absorption or excessive shrinkage.
(6) The dry cleaning detergent used should be of the nonionic type such as sorbitan mono-ole-
ate.
(7) Dry cleaning procedure:
(a) Dip - Wash stage (on high dip):

1 The upholstery is wet out in solvent with the addition of 3 to 5 g/l detergent. The addi-
tion of water is carried out via the hopper or automatic metering pump to the cage ina
mixture with detergent (or as recommended by the detergent manufacturer for the
product used). The solvent is circulated without going through the filter for 7 - 10 min-
utes, the solvent being then pumped to the still and the fabrics centrifuged.

(b) Filter - Rinse Stag","[""normal_text_ocr_density""]",normal_text_ocr_summary_scan,False,False
474,t_p_120_1176_p000474,00000474.tif,local_data\organization\trace_net\ocr_route_scan_pack_tesseract_full\page_images\t_p_120_1176_p000474.tif,105d449c5c98602fe676897e65ddc3589d1862a6560826ed8908709fef1db1c2,normal_text,normal_text,high,"[""paragraph_or_general_text_density""]",,needs_review,,75,495,0,[],"< EMBRAER
MAINTENANCE MANUAL WITH
ILLUSTRATED PARTS LIST
CHECK
1. General
A. The following checks must be carried out on the passenger seats:
(1) Visually check all bolts, screws, and nuts removed for damaged threads and/or heads.
(2) Visually check the bushings removed for chafing.
(3) Visually check the parts for nicks, cracks, cuts, corrosion, scoring, excessive wear, and
defects that could impair an efficient seat operation.
EFFECTIVITY: ALL
25 21 00 Page 501/502
Sep 30/98
","[""normal_text_ocr_density""]",normal_text_ocr_summary_scan,False,False
475,t_p_120_1176_p000475,00000475.tif,local_data\organization\trace_net\ocr_route_scan_pack_tesseract_full\page_images\t_p_120_1176_p000475.tif,c8165743c161c2e65584b98823e527497a9bc2b987d6a1111449609f96344f32,table,procedure_or_description,high,"[""procedure_or_description_terms"", ""paragraph_text_present"", ""low_part_number_count""]",,needs_review,,287,1928,0,[],"€& emenncr

MAINTENANCE MANUAL WITH
ILLUSTRATED PARTS LIST

REPAIRS

1. General

A. The repairs herein described allow returning the equipment to service in the same conditions as
originally.

B. This section describes repairs made using room-temperature cure materials (wet lay-up).

NOTE: - The repairs called for in this section are wet lay-up repairs. These repairs require
rapid use of catalyzed resin materials.

- Wet lay-up will not restore the structure to its original strength and durability. A peri-
odic inspection plan for the repair area may be required.

- The repairs in this section are room-temperature repairs, the cure of which may be
accelerated by the application of heat as specified herein.

2. Precautions When Carrying Out Repairs

WARNING: - HEAT, FIRE OR SPARKS CAN CAUSE AN EXPLOSION. USE EXPLOSION PROOF
EQUIPMENT WHEN PERFORMING THESE REPAIRS. NON COMPLIANCE COULD
CAUSE INJURY TO PERSONNEL.

- BREATHING VAPORS OR ALLOWING SOLVENT TO CONT","[""table_or_parts_list_text_cues""]",table_ocr_table_candidate_scan,False,False
476,t_p_120_1176_p000476,00000476.tif,local_data\organization\trace_net\ocr_route_scan_pack_tesseract_full\page_images\t_p_120_1176_p000476.tif,521ae4ff0fe18f4d26d13232668fdd9e655ffaaf2f82afa61298ca0ff0359d81,table,table_or_index,medium,"[""legacy_table_route_without_strong_detail_or_visual_signal""]",,needs_review,,219,1463,3,"[""120-47866-001"", ""120-47890-001"", ""120-47909-001""]","€& emenncr

MAINTENANCE MANUAL WITH
ILLUSTRATED PARTS LIST

B. Ovens and heating blankets should be capable of maintaining controlled heatup rate of 1 to
113°F/min and temperatures up to 302 + 41°F (150 + 5°C).

4. Typical Repair to Laterals of Passenger Seats (figure 601)

A. Repair Kit - seat (P/N 120-47909-001).

PART QTY. MATERIAL
1 | SEAT LATERAL REPAIR PLATE] 2. | ALCLAD PLATE 2024T3 0.125 inch
(P/N 120-47866-001/002) ((3)2 mm)
2 | SEAT BACKREST JOINT REPAIR| 2 | ALCLAD PLATE 2024-0 0.040 inch
PLATE (P/N 120-47890-001) (1 mm)
FASTENER (CR 3523-4-2) AR -
FASTENER (CR 244CS-3-2) AR -
FASTENER (HL 51-6-6) AR -
COLLAR HST 79 CK-6 AR -

B. Repair Instruction.
(1) Remove the passenger seat lining.

(2) Position the repair plates as per the drawing of figure 601 and drill the passenger seat using
the holes existing in the repair plates as a reference.

(3) Attach the repair plates using the fasteners shown in figure 601.
(4) Install the passenger seat lining","[""table_or_parts_list_text_cues""]",table_ocr_table_candidate_scan,False,False
477,t_p_120_1176_p000477,00000477.tif,local_data\organization\trace_net\ocr_route_scan_pack_tesseract_full\page_images\t_p_120_1176_p000477.tif,a93fd0b978de90a137a75b88832186fe75eae570f8decd35b46b48d376cdea0d,table,mixed_text_and_figure,medium,"[""visual_signal_present"", ""meaningful_prose_present"", ""low_part_number_count""]",,needs_review,,339,2095,0,[],"-< EMBRAER
MAINTENANCE MANUAL WITH
ILLUSTRATED PARTS LIST
B. Determine Damage (figure 602).
CAUTION: CHEMICAL PAINT STRIPPERS WILL ATTACK RESIN SYSTEMS, AND SHOULD
NOT BE USED TO REMOVE PAINT BEFORE MAKING DAMAGE ASSESSMENT.

(1) Examine visually for extent of damage.

(2) Check panel in vicinity of damage for entry of water, oil, fuel, dirt, or other foreign matter.

(3) Check for delamination around the damage by tapping firmly on the skin with a small solid
metal disk. Tap uniformly, following parallel lines along the suspect area. If delamination is
present, a dull sound will be heard as opposed to a clear metallic ring on a solidly bonded
area. With the aid of a marker, the contour of the delaminated area may be determined by
marking the spots where the changes in sound occur (figure 603).

(4) Make a chamfer in crack region in order to get a bit of fiber-glass layers (style 7781).

C. Remove Damage and Repair Damaged Area.
(1) Remove damage as follows:
(a) Tr","[""table_or_parts_list_text_cues""]",table_ocr_table_candidate_scan,False,False
478,t_p_120_1176_p000478,00000478.tif,local_data\organization\trace_net\ocr_route_scan_pack_tesseract_full\page_images\t_p_120_1176_p000478.tif,7aea79a05bd7f9e4e1d70f07acdda95539645f2b99252e9050b57eea285ceb5b,table,procedure_or_description,high,"[""procedure_or_description_terms"", ""paragraph_text_present"", ""low_part_number_count""]",,needs_review,,366,2230,0,[],"-< EMBRAER
MAINTENANCE MANUAL WITH
ILLUSTRATED PARTS LIST
(a) Remove the damaged plies from laminates and sandwich structure areas using No. 80
sandpaper, fine abrasive, or trim out the damaged surface, keeping a geometric shape
(oval, circular or rectangular), exercising care not to damage the honeycomb or the sur-
face around the damaged area.

(b) Mark the area to receive the repair layers with adhesive tape, leaving 1-in (25-mm) mar-

gin for the additional layer to settle.

(c) Lightly sand the surface within the marked area, so as to achieve a good adhesion.

(d) Remove the adhesive tape and clean surface with MEK (Methil Ethil Ketone), at least

1/2 inches (13 mm) beyond the limits of the sanded area.
NOTE: Allow the solvent to evaporate for a few minutes before proceeding with the
repair.
D. Replacement of plies.

(1) Use glass fabric preimpregnated with epoxy resin style 7781.

NOTE: Use an additional repair ply (the same fabric as that originally used i","[""table_or_parts_list_text_cues""]",table_ocr_table_candidate_scan,False,False
479,t_p_120_1176_p000479,00000479.tif,local_data\organization\trace_net\ocr_route_scan_pack_tesseract_full\page_images\t_p_120_1176_p000479.tif,c26f49e993b0608254b3cc4555f3ececf198e24931b90f4b245568c712c2077b,table,mixed_text_and_figure,medium,"[""visual_signal_present"", ""meaningful_prose_present"", ""low_part_number_count""]",,needs_review,,235,1468,0,[],"€& emenncr

MAINTENANCE MANUAL WITH
ILLUSTRATED PARTS LIST

(6) Apply vacuum of 22.0 in.Hg (0.745 bars).

(7) Allow the repair to cure at the room temperature, or accelerate the cure by applying heat until
the temperature reaches 176°F (80°C).

(8) Remove the vacuum bag and lightly sand the edges and corners to produce a smooth finish
without damaging the fibers.

F. Repair Instruction (figure 605).
(1) Remove the cracked adhesive filler and apply EA9320 adhesive on the passenger seat back.

(2) Make 3 (three) reinforcements of stainless steel sheet 302 A2B 0.040"" in thickness and
install them with Cherry-Max rivets CR3523-4-( ).

(3) Adjust the side reinforcement contours according to the seat back shape.
(4) Form the front reinforcement according to the seat back shape.
(5) Rivet keeping a minimum edge distance of 0.32 inches and a pitch of 0.63 in.

6. Typical Repair for Cracks in Triple Passenger Seat Laterals (figure 606)

A. Repair Materials.

NOMENCLAT","[""table_or_parts_list_text_cues""]",table_ocr_table_candidate_scan,False,False
480,t_p_120_1176_p000480,00000480.tif,local_data\organization\trace_net\ocr_route_scan_pack_tesseract_full\page_images\t_p_120_1176_p000480.tif,0b906a583499ee044728d28198a3a73ab73eeaf6ae489fda75c963c0ab8a17fd,table,detailed_parts_list,high,"[""multiple_part_numbers"", ""ipl_column_terms""]",,needs_review,,194,1265,2,"[""120-29073-005"", ""120-34291-001""]","€& emenncr

MAINTENANCE MANUAL WITH
ILLUSTRATED PARTS LIST

7. Repair on Fixed Cover of Single Passenger Seat Laterals (figure 607)

A. Repair Materials.

NOMENCLATURE P/N
Epoxy Resin EPON 828

NOTE: Equivalent substitutes for the listed items may be used.
B. Repair Instruction.
(1) Repeat instructions described in items 5B, 5C, 5D, and 5E. See item 7 A for repair materials.
(2) Curing time: 24 hours at room temperature or 1 hour at 149°F (65°C).
(3) Restore painting using polyurethane FS 595-37038, as described in item 14.

8. Passenger Seat Leg Replacement

A. Single Passenger Seat Leg Replacement (figure 608).

(1) Repair Materials.

PART QTY MATERIAL

1 |LUGGAGE PROTECTOR 1 -
(P/N 120-34291-001)

2  |LATERAL LEG STRUCTURE 1 -
(P/N 120-29073-005)

3 | SECTION (P/N PE13076-1) 1
FASTENER (CR 3522-5) AR -
FASTENER (CR 3523-5) AR -
FASTENER (HL 22-5-23) AR -
ADHESIVE AWG 106 AR -

NOTE: Equivalent substitutes for the listed items may be used.
(2) R","[""table_or_parts_list_text_cues""]",table_ocr_table_candidate_scan,False,False
481,t_p_120_1176_p000481,00000481.tif,local_data\organization\trace_net\ocr_route_scan_pack_tesseract_full\page_images\t_p_120_1176_p000481.tif,99d2bf6a15ebdc218862e9e605c42831c1333fd257b384993e0d63f834fdb1aa,table,table_or_index,high,"[""table_index_terms"", ""legacy_table_route""]",,needs_review,,256,1666,4,"[""120-29073-005"", ""120-29074-001"", ""120-34291-001"", ""120-34292-001""]","€& emenncr

MAINTENANCE MANUAL WITH
ILLUSTRATED PARTS LIST

(b) Withdraw the fasteners which join the seat composite structure to the leg structure
assembly and luggage protector, taking care not to damage the holes.

NOTE: If any hole is damaged, repair as described in items 5B, 5C, 5D, 5E, and 5F.

(c) Adjust the baggage protector (P/N 120-34291-001) as necessary, using the installed
seat dimensions as a reference to position the new structure.

(d) Install the new leg structure (P/N 120-29073-005).

(e) Install the preformed seal (P/N PE13076-1) with adhesive AWG 106 before luggage pro-
tector riveting.

(f) Finish the reworked region with polyurethane top coat FS 595-37778/FS 595-37038 as
described in item 14.

B. Double Passenger Seat Leg Replacement (figure 609).

(1) Repair Materials.

PART QTY MATERIAL
1 |SECTION (P/N PE13076-1) 1 -
2 |LUGGAGE PROTECTOR 1 -
P/N 120-34292-001)
3. |CENTER LEG STRUCTURE 1 -
(PIN 120-29074-001)
FASTENER (CR 3522-5) AR","[""table_or_parts_list_text_cues""]",table_ocr_table_candidate_scan,False,False
482,t_p_120_1176_p000482,00000482.tif,local_data\organization\trace_net\ocr_route_scan_pack_tesseract_full\page_images\t_p_120_1176_p000482.tif,53805168ba28172a39c4f341bc761b6769a97d7b35820a7f8753fcc19f94b0f8,table,table_or_index,medium,"[""legacy_table_route_without_strong_detail_or_visual_signal""]",,needs_review,,267,1778,5,"[""120-29073-006"", ""120-29074-005"", ""120-29074-015"", ""120-29919-001"", ""120-34292-001""]","€& emenncr

MAINTENANCE MANUAL WITH
ILLUSTRATED PARTS LIST

(c) Adjust the baggage protector (P/N 120-34292-001) as necessary, using the installed
seat dimensions as a reference to position the new structure.

(d) Install the new leg structure (P/N 120-29074-005).

(e) Install the preformed seal (P/N PE13076-1) with adhesive AWG 106 before the luggage
protector riveting.

(f) Finish the reworked region with polyurethane top coat FS 595-37778 or FS 595-37038
as described in item 14.

C. Triple Passenger Seat Leg Replacement (figure 610).

(1) Repair Materials.

PART QTY MATERIAL
1 |CENTER LEG STRUCTURE 1 .
(P/N 120-29074-015)
2  |STRINGER (P/N 120-29919-001) 1 -
3. |LATERAL LEG STRUCTURE 1 -
(P/N 120-29073-006)
FASTENER (CR 3522-5) AR -
FASTENER (CR 3523-5) AR -
ADHESIVE AWG 106 AR -

NOTE: Equivalent substitutes for the listed items may be used.
(2) Repair Procedure.

(a) Remove the coat of paint from the seat region where the fasteners which join the s","[""table_or_parts_list_text_cues""]",table_ocr_table_candidate_scan,False,False
483,t_p_120_1176_p000483,00000483.tif,local_data\organization\trace_net\ocr_route_scan_pack_tesseract_full\page_images\t_p_120_1176_p000483.tif,fc2f0554b8b6b60eea285537e087f9bd7d09b8365b62cca16651524a179e56d2,table,mixed_text_and_figure,medium,"[""visual_signal_present"", ""meaningful_prose_present"", ""low_part_number_count""]",,needs_review,,264,1680,0,[],"-< EMBRAER
MAINTENANCE MANUAL WITH
ILLUSTRATED PARTS LIST
(f) Finish the rework region with polyurethane top coat FS 595-37778/FS 595-37038 as
described in item 14.
9. Typical Repair to Damage in the Double Seat Armrest Latch (figure 611)
A. Repair Materials.
PART MATERIAL

1 OPTION 1: REINFORCEMENT 2 STAINLESS - STEEL PLATE
PLATE (DETAIL A OF FIGURE 302A2B, 0.51 MM (0.02 _ IN)
611) THICK
OPTION 2: REINFORCEMENT 1 STAINLESS - STEEL PLATE
PLATE (DETAIL B OF FIGURE 302A2B, 0.51 MM (0.02 _ IN)
611) THICK
OPTION 3: REINFORCEMENT 1 STAINLESS - STEEL PLATE
PLATE (DETAIL C OF FIGURE 302A2B, 0.51 MM (0.02 _ IN)
611) THICK

2 EPOXY RESIN (EA9320) AR -
WASH PRIMER AR -
PRIMER EPOXY AR -
PAINT, POLYURETHANE, BLACK AR -
(FS-595-37038)

B. Repair Instructions.

(1) Remove the armrest attaching parts from the seat structure: nut (240), washer (230), bush-
ing (220), and screw (210) (figure 87 of Illustrated Parts List).

(2) Using one of the three options, manually impr","[""table_or_parts_list_text_cues""]",table_ocr_table_candidate_scan,False,False
484,t_p_120_1176_p000484,00000484.tif,local_data\organization\trace_net\ocr_route_scan_pack_tesseract_full\page_images\t_p_120_1176_p000484.tif,5d09238244158e54ac9450bb3b12ac90c51622b9336abed4980152bc790417bc,table,mixed_text_and_figure,medium,"[""visual_signal_present"", ""meaningful_prose_present"", ""low_part_number_count""]",,needs_review,,216,1364,0,[],"€& emenncr

MAINTENANCE MANUAL WITH
ILLUSTRATED PARTS LIST

(6) Install the armrest to the seat structure.

10. Typical Repair to Damage in the Double Seat Armrest Stop (Pre-Mod. $.B. No.120-25-0224) (Figure
612)

A. Repair Materials.

NOMENCLATURE P/N
Carbon Fiber Fabric Style 584
Aramid Fiber Fabric Style 285
Base Resin Epoxy A, B, C, or D (Table 2 of SRM 51-70-01)
Curing Agent A, B, C, or D (Table 2 of SRM 51-70-01)
Sandpaper No. 80 -

B. Repair Instructions.

(1) Remove the armrest attaching parts from the seat structure: nut (240), washer (230), bush-
ing (220), and screw (210) (figure 87 of Illustrated Parts List).

(2) Remove the damaged part and delaminated plies according to the procedures described in
SRM (Structural Repair Manual) 51-70-01 Fiberglass / Aramid Fiber / Carbon Fiber Compos-
ite Struture Repairs - Room Temperature Cure (figure 612).

PLY NUMBER MATERIAL ORIENTATION
1 Carbon fiber fabric, style 584 0° / 90°
2 Carbon fiber fabric, sty","[""table_or_parts_list_text_cues""]",table_ocr_table_candidate_scan,False,False
485,t_p_120_1176_p000485,00000485.tif,local_data\organization\trace_net\ocr_route_scan_pack_tesseract_full\page_images\t_p_120_1176_p000485.tif,f4cc5213f06cc3ddc03e67a94f9517b4bb13772e2c30a81b090a80bcfbcaa608,table,mixed_text_and_figure,medium,"[""visual_signal_present"", ""meaningful_prose_present"", ""low_part_number_count""]",,needs_review,,244,1535,0,[],"€& emenncr

MAINTENANCE MANUAL WITH
ILLUSTRATED PARTS LIST

11. Typical Repair to Passanger Seat Leg (figure 613)

A. Single Passenger Seat Leg Repair.

(1) Repair Materials.

PART QTY. MATERIAL

1 LATERAL STRUCTURE (P/N 120-29073- 1 -

005)
2 | REPAIR DOUBLER 2 | ALCLAD PLATE 2024-T3
1.016 mm (0.040 in)
3 | ORIGINAL REINFORCEMENT DOUBLER 2 -

4 FASTENER (CR3242-4) OR MS20470 AD4 AR -

5 FASTENER (CR3212-4) OR MS20470 AD4 AR -

NOTE: If the hole is damaged, use the oversize fastener (5) listed above.
(2) Repair Procedure.

(a) Remove the original reinforcing doublers (3) from the leg. Refer to SRM (Structural
Repair Manual) chapter 51-40-02 for Fastener Installation/Removal.

(b) Inspect the leg for cracks. If there is any crack in the leg, locate the end of the crack and
drill a stop hole of 3.175 mm (1/8 in).

(c) Smooth all dents and deformation in the leg.

(d) Set the repair doublers (2) over the leg and reinforcing doublers (3) over the repair d","[""table_or_parts_list_text_cues""]",table_ocr_table_candidate_scan,False,False
486,t_p_120_1176_p000486,00000486.tif,local_data\organization\trace_net\ocr_route_scan_pack_tesseract_full\page_images\t_p_120_1176_p000486.tif,4969b71f91821d968c04d93c43f40b1abef57dc6bb306fbb15b2032e9f5a1cee,table,table_or_index,high,"[""table_index_terms"", ""legacy_table_route""]",,needs_review,,232,1444,1,"[""120-29074-001""]","-< EMBRAER
MAINTENANCE MANUAL WITH
ILLUSTRATED PARTS LIST
B. Double Passenger Seat Leg Repair.
(1) Repair Materials.
PART MATERIAL
1 LATERAL STRUCTURE 1 -
(P/N 120-29074-001)
2 REPAIR DOUBLER 2 ALCLAD PLATE 2024-T3
1.016 mm (0.040 in)
3 ORIGINAL REINFORCEMENT DOUBLER 2 -
4 FASTENER (CR3242-4) OR MS20470 AD4 AR -
5 FASTENER (CR3212-4) OR MS20470 AD4 AR -
NOTE: Ifthe hole is damaged, use the oversize fastener (5) listed above.
(2) Repair Procedure.

(a) Remove the original reinforcing doublers (3) from the leg. Refer to SRM (Structural
Repair Manual) - chapter 51-40-02 for Fastener Installation/Removal.

(b) Inspect the leg for cracks. If there is any crack in the leg, locate the end of the crack and
drill a stop hole of 3.175 mm (1/8 in).

(c) Smooth all dents and deformation on the leg.

(d) Set the repair doublers (2) over the leg and reinforcing doublers (3) over the repair dou-
bler, drilling them using the holes in the reinforcing doublers as a guide, and t","[""table_or_parts_list_text_cues""]",table_ocr_table_candidate_scan,False,False
487,t_p_120_1176_p000487,00000487.tif,local_data\organization\trace_net\ocr_route_scan_pack_tesseract_full\page_images\t_p_120_1176_p000487.tif,9a0931e7859b9a2108d7f355db6c5dc4ed0e8c9df8c4b13d306820f878a73c7d,table,mixed_text_and_figure,medium,"[""visual_signal_present"", ""meaningful_prose_present"", ""low_part_number_count""]",,needs_review,,242,1498,0,[],"-< EMBRAER
MAINTENANCE MANUAL WITH
ILLUSTRATED PARTS LIST
C. Triple Passenger Seat Leg Repairs.
(1) Repair Materials.
PART MATERIAL
1 LATERAL STRUCTURE (P/N 120-29073- 1 -
015)
2 LATERAL LEG STRUCTURE (P/N 120- 1 -
29073-006)
3 REPAIR DOUBLER 2 ALCLAD PLATE 2024-T3
1.016 mm (0.040 in)
4 ORIGINAL REINFORCEMENT DOUBLER 2 -
5 FASTENER (CR3242-4) OR MS20470 AD4 AR -
6 FASTENER (CR3212-4) OR MS20470 AD4 AR -
NOTE: If the hole is damaged, use the oversize fastener (5) listed above.
(2) Repair Procedure.

(a) Remove the original reinforcing doublers (4) from the leg. Refer to SRM (Structural
Repair Manual) - chapter 51-40-02 for Fastener Installation/Removal.

(b) Inspect the leg for cracks. If there is any crack in the leg, locate the end of the crack and
drill a stop hole of 3.175 mm (1/8 in).

(c) Smooth all dents and deformation in the leg.

(d) Set the repair doublers (3) over the leg and reinforcing doublers (4) over the repair dou-
bler, drilling them using t","[""table_or_parts_list_text_cues""]",table_ocr_table_candidate_scan,False,False
488,t_p_120_1176_p000488,00000488.tif,local_data\organization\trace_net\ocr_route_scan_pack_tesseract_full\page_images\t_p_120_1176_p000488.tif,c9ec348a259f55ba003c79b5ae6cb67362a7c6fa782c02f47292389aaffaeeee,table,mixed_text_and_figure,medium,"[""visual_signal_present"", ""meaningful_prose_present"", ""low_part_number_count""]",,needs_review,,287,1789,0,[],"€& emenncr

MAINTENANCE MANUAL WITH
ILLUSTRATED PARTS LIST

12. Typical Repair for Metal Seat Back Frame (figure 614)

A. Repair Materials.

PART QTY. MATERIAL
1 METAL SEAT BACK FRAME 1 -
2 REPAIR SLEEVE 1 STEEL 4130 TUBING,
7/8 in. O.D. 0.058 IN WALL
3 ROD MIL-R-5632, CLASS 2 TYPE 1 AR -

B. Repair Procedure.

(1)
(2)

(3)
(4)

(5)

(6)
(7)
(8)

Repair as indicated in detail C of figure 614.

Use glass-bead blast over the area where the repair sleeve should be installed in the frame
(1) as well as in the repair sleeve (2) around the area where the weld will be applied.

Set the repair sleeve (2) over the metal seat back frame (1).

Weld around the extremity of the repair sleeve, using the TIG process with rod MIL-R-5632,
Class Il, Type | (3).

Use a stove to do a stress-relief locally, with the temperature between 995 and 1049°F (535
and 565°C) during 2 hours.

Sand smooth all rough surfaces.
Inspect the welded area for cracks using liquid dy","[""table_or_parts_list_text_cues""]",table_ocr_table_candidate_scan,False,False
489,t_p_120_1176_p000489,00000489.tif,local_data\organization\trace_net\ocr_route_scan_pack_tesseract_full\page_images\t_p_120_1176_p000489.tif,4be994c1233e54476c2d03ca4d43adefaeb805e8a79f222451e299792e18d364,table,procedure_or_description,high,"[""procedure_or_description_terms"", ""paragraph_text_present"", ""low_part_number_count""]",,needs_review,,211,1601,0,[],"€& emenncr

MAINTENANCE MANUAL WITH
ILLUSTRATED PARTS LIST

SPLASHED IN THE EYES, REPORT TO A MEDICAL STATION IMMEDIATELY.
— ALWAYS WEAR A PROTECTIVE MASK, CLOTHING, GLOVES, AND HELMET IN
ORDER TO AVOID CONTACT WITH THE STRIPPER.

B. Surfaces to be stripped must be perfectly dry and at room temperature between 50°F (10°C) and
100°F (37°C). Strippers should not be applied in hot sun or rain.

C. Repair Materials.

ACRYLIC OR POLYETHYLENE SPATULA
CLEAN CLOTHES
SCOTCH BRITE SPONGE
EPOXY COAT STRIPPER 1567C

NOMENCLATURE P/N
PLASTIC ADHESIVE TAPE COMMERCIALLY AVAILABE
PVC FILM COMMERCIALLY AVAILABE
SOFT CLOSE-BRISTLE BRUSH COMMERCIALLY AVAILABE
EPOXY PRIMER COMMERCIALLY AVAILABE

COMMERCIALLY AVAILABE
COMMERCIALLY AVAILABE
COMMERCIALLY AVAILABE
COMMERCIALLY AVAILABE

D. Perform external stripping according to the procedures described in CPM (Corrosion Prevention
Manual) 51-21-01 Interior and Exterior Finishes - Stripping.

14. External Finish - Painting

","[""table_or_parts_list_text_cues""]",table_ocr_table_candidate_scan,False,False
490,t_p_120_1176_p000490,00000490.tif,local_data\organization\trace_net\ocr_route_scan_pack_tesseract_full\page_images\t_p_120_1176_p000490.tif,0e6f0bc5923d40a3c49278e50cd4f389e6c12d8574651b5eb2513a62fd8fbfd2,table,procedure_or_description,high,"[""procedure_or_description_terms"", ""paragraph_text_present"", ""low_part_number_count""]",,needs_review,,124,892,0,[],"-< EMBRAER
MAINTENANCE MANUAL WITH
ILLUSTRATED PARTS LIST
(4) Methy Ethyl Ketone, spec. STM D740.
D. Precautionary Measures for Finish Topcoating.
WARNING: — PERSONNEL DEALING WITH PAINTING PRODUCTS MUST BE PROPERLY
PROTECTED BY WEARING GLOVES AND MASK.
— IF THE PAINT SPLASHES IN THE EYES, IT MUST BE FLUSHED OUT
PROMPTLY WITH RUNNING WATER. OBTAIN MEDICAL AID IMMEDIATELY.
E. Finish Topcoat - Apply Epoxy Paint.
Apply the epoxy paint according to the procedures described in CPM (Corrosion Prevention Man-
ual) chapter 51-21-06 for External Finish - Finish Topcoat - Cleaning/Painting.
F. Finish Topcoat - Apply Polyurethane Paint.
Apply the polyurethane paint according to the procedures described in CPM (Corrosion Preven-
tion Manual) chapter 51-21-06 for External Finish - Finish Topcoat - Cleaning/Painting.
EFFECTIVITY: ALL
25 21 00 Page 616
T.P. 120/1176 Sep 30/98
","[""table_or_parts_list_text_cues""]",table_ocr_table_candidate_scan,False,False
491,t_p_120_1176_p000491,00000491.tif,local_data\organization\trace_net\ocr_route_scan_pack_tesseract_full\page_images\t_p_120_1176_p000491.tif,8d6c4cc3a8e77b60e9a550ab801044a443f3f38b860e5c7a7388feaac647057e,normal_text,image_visual_diagram,medium,"[""figure_or_visual_label_signal"", ""limited_text_or_visual_route""]",,needs_review,,79,485,0,[],"-< EMBRAER
MAINTENANCE MANUAL WITH
ILLUSTRATED PARTS LIST
4. FASTENERS CR 3523-4-2
FASTENERS CCR 244CS-3-2
“~~ FASTENERS HL 51-6-6
-A- ORIGINAL FASTENERS
De
NN
N oN
// N. /
ee a
ES DS Se +
ESS AEN % ify
SSE Sib REE UtEsEE EEE +
6 SS OS #
SSSEESSEE Gas ULEEEEEES EES SESE ph
2 SERGE SES b
SEE SSSR GEES SOEEEEEE
SUES
~~ SN
Sy
120TP250004.MCE
Typical Repair to Laterals of Passenger Seats
Figure 601
EFFECTIVITY: ALL
25 21 00 Page 617
T.P. 120/1176 Sep 30/98
","[""normal_text_ocr_density""]",normal_text_ocr_summary_scan,False,False
492,t_p_120_1176_p000492,00000492.tif,local_data\organization\trace_net\ocr_route_scan_pack_tesseract_full\page_images\t_p_120_1176_p000492.tif,26e92893afdcea2fb38ea0806c497b32e026e16e452ec17ec7feb46cb114f3ab,table,table_or_index,high,"[""table_index_terms"", ""legacy_table_route""]",,needs_review,,85,588,0,[],"-< EMBRAER

MAINTENANCE MANUAL WITH

ILLUSTRATED PARTS LIST

~,

ee CL

i

{—_——

Ro eee

Eee

ee ~~ ES

_-l ToC errr re

—

77

TO ee

7 >

ff 7

4 44

Ty 7

74 KL fi LZ

4s

yy

y)

7 ee

—.,

ar a a

a

—_—

—

44 077

A~Y-S

—_—

7

LL

ft,

4s

Ts

ZZ

LD

4s

*~L/

4 >

To

oe

—

Te

—

Ts

ee

~~

i) ee

fom OT To

wl

AACA

SECTION A-A

120TP250005.MCE

Determination of Damage

Figure 602

EFFECTIVITY: ALL

25-21-00

Page 618

T.P. 120/1176

Sep 30/98
","[""table_or_parts_list_text_cues""]",table_ocr_table_candidate_scan,False,False
493,t_p_120_1176_p000493,00000493.tif,local_data\organization\trace_net\ocr_route_scan_pack_tesseract_full\page_images\t_p_120_1176_p000493.tif,32ce343afe14e2ef5dc6c1ca65c33f6ba9deb182cbe399f90eeaaea546544d8d,normal_text,image_visual_diagram,medium,"[""figure_or_visual_label_signal"", ""limited_text_or_visual_route""]",,needs_review,,86,504,0,[],"-< EMIBRAER
MAINTENANCE MANUAL WITH
ILLUSTRATED PARTS LIST

Ye KY MASKING TAPE

©! oa ~SO \ ABRADED AREA

Sobor ee LY NNN

i of¢ / / oO oN \ \ \ ‘

PEEP EIN A
nh \ \

V\ MNS A FIRST SKIN PLY
) S\N OSL _ SECOND SKIN PLY
Y SOs Uj [THIRD SKIN PLY

Tn Li | FOURTH SKIN PLY
— tt,
|. LL $$—_|--- FIFTH SKIN PLY
a
ee
a |
ee
Lo
LT
| (25 mm) OVERLAP
TH, in (25mm)
CO a CO
De
120TP250006.MCE
Area Marking
Figure 603
EFFECTIVITY: ALL 25-21 -00
Page 619
T.P. 120/1176 Sep 30/98
","[""normal_text_ocr_density""]",normal_text_ocr_summary_scan,False,False
494,t_p_120_1176_p000494,00000494.tif,local_data\organization\trace_net\ocr_route_scan_pack_tesseract_full\page_images\t_p_120_1176_p000494.tif,2c4019b463c68b4403e0ffaad11fad692f9e3b406098eff4a88aa83ee84b96ba,normal_text,image_visual_diagram,medium,"[""figure_or_visual_label_signal"", ""limited_text_or_visual_route""]",,needs_review,,70,492,0,[],"€& emenncr

MAINTENANCE MANUAL WITH
ILLUSTRATED PARTS LIST
VACUUM BAG
SEALANT
VACUUM BAG a
Do BLEEDER
ES PERFORATED

PARTING FILM
a LL

REPLACEMENT PLIES

VACUUM LINE

MASKING TAPE ABRADED AREA

VACUUM BAG

VACUUM LINE

\ Oo O—=3——— BAG SEALANT

BLEEDER ———_~—=

«a

POROUS OR PERFORATED
PARTING FILM a REPLACEMENT PLIES

Sapee eee

TP250007.MCE

Cure of Overlapping Plies
Figure 604

EFFECTIVITY: ALL 25 -2 1 -Q 0
Page 620

T.P. 120/1176 Sep 30/98
","[""normal_text_ocr_density""]",normal_text_ocr_summary_scan,False,False
495,t_p_120_1176_p000495,00000495.tif,local_data\organization\trace_net\ocr_route_scan_pack_tesseract_full\page_images\t_p_120_1176_p000495.tif,dcd77c0b60235fa92ab496b00c569e4d144f5d04652950a065d8635794efb858,table,procedure_or_description,high,"[""procedure_or_description_terms"", ""paragraph_text_present"", ""low_part_number_count""]",,needs_review,,80,589,0,[],"rT

L~ |

€& emenncr

1 - 445°
2 - 0°90°
3 -+45°
4 - 0°90°
5 - 0°90°
6 -+45°
7 - 0°90°
8 -+45°

MAINTENANCE MANUAL WITH
ILLUSTRATED PARTS LIST

-— > A
+ FASTENER CR 3523-4-()

—> A
METAL REINFORCEMENT

fa)

—
VIEW B

SECTION A-A (BOTH SIDES)

REINFORCEMENT ON BOTH SIDES

1,4""

|

1,4""

+ +/+ +4

|

\
+ + )+ +
\
++ ]t +
+ o+t\T +
+ + }+ +
+ +)+ +
t+ + 0+ +
+ + }+ +

FRONT REINFORCEMENT

120TP250008.MCE

Typical Repair to Passenger Seat Back Crack
Figure 605

EFFECTIVITY: ALL

25-21 -00 Page 621

T.P. 120/1176 Sep 30/98
","[""table_or_parts_list_text_cues""]",table_ocr_table_candidate_scan,False,False
496,t_p_120_1176_p000496,00000496.tif,local_data\organization\trace_net\ocr_route_scan_pack_tesseract_full\page_images\t_p_120_1176_p000496.tif,938ebe31679a14910b7d8da702ce5deabf8e02d0b2185abf750b2401195c4188,table,procedure_or_description,high,"[""procedure_or_description_terms"", ""paragraph_text_present"", ""low_part_number_count""]",,needs_review,,84,453,0,[],"-< EMBRAER
MAINTENANCE MANUAL WITH
ILLUSTRATED PARTS LIST
S
SE
C7
(GO
\ <7
( 5 Chey SF
Cos
Q
f ly
CRACK pe
VIEW A
|
B
B
VIEW A
——_ 1 Al - POS 1 02302
ee
7 ——s A2 - POS 1.09902
eth dl A3 - POS 2 452
—— At - POS 2 ts
A5 - POS 1 02302
LAY UP DAMAGED AB -— POS 109902
SECTION B B
120TP250009.MCE
Typical Repair to Cracks in Triple Passenger Seat Laterals
Figure 606
EFFECTIVITY: ALL
25 21 00 Page 622
T.P. 120/1176 Sep 30/98
","[""table_or_parts_list_text_cues""]",table_ocr_table_candidate_scan,False,False
497,t_p_120_1176_p000497,00000497.tif,local_data\organization\trace_net\ocr_route_scan_pack_tesseract_full\page_images\t_p_120_1176_p000497.tif,2d48dc4d909ad027a4bae075f469b495e2493dcaca2a551bf375e099a267c2f7,image_visual,procedure_or_description,high,"[""procedure_or_description_terms"", ""paragraph_text_present"", ""low_part_number_count""]",,needs_review,,81,445,0,[],"-< EMBRAER
MAINTENANCE MANUAL WITH
ILLUSTRATED PARTS LIST
)
NA
————————
(F9 CRACK Z CB
1D, 7 /
Py Y
YY
04
> ae Yl NS
ST A AALS SES
aS SS
VIEW A
——>_ Pb Al - POS 1 02302
~~ _
Se S| soe - POs 1 02002
_ ee
es =
A3 - POS 2 +459
A4 - POS 2 1459
AS - POS 1 09302
A6 - POS 1 02902
120TP250010.MG
Repair to Fixed Cover of Single Passenger Seat Laterals
Figure 607
EFFECTIVITY: ALL
25 21 00 Page 623
T.P. 120/1176 Sep 30/98
","[""visual_keywords_with_limited_text""]",image_visual_ocr_and_vision_queue_scan,False,False
498,t_p_120_1176_p000498,00000498.tif,local_data\organization\trace_net\ocr_route_scan_pack_tesseract_full\page_images\t_p_120_1176_p000498.tif,21b9fe7e8a7b96375f56dd0f4365a952c155085d3d28ec0ed07a243e235bcb5d,image_visual,image_visual_diagram,high,"[""figure_or_visual_label_signal"", ""limited_text_or_visual_route""]",,auto_suggested_review_recommended,,57,379,0,[],"-< EMBRAER
MAINTENANCE MANUAL WITH
ILLUSTRATED PARTS LIST
+ FASTENER CR3522-5 ( )
& FASTENER CR3523-5 ( )
. Z- FASTENER HL22-5-23
mg we a VIEW A
Ss ,
~ = ZS,
~q ay
>
KO |
CE
,
3
(Cc) 2
>
[Rel
[= 4
IY |e 4
VIEW A
Ni
\/
VIEW B
1201P250011.MCE
Single Passenger Seat Leg Replacement
Figure 608
EFFECTIVITY: ALL
25 21 00 Page 624
T.P. 120/1176 Sep 30/98
","[""visual_keywords_with_limited_text""]",image_visual_ocr_and_vision_queue_scan,False,False
499,t_p_120_1176_p000499,00000499.tif,local_data\organization\trace_net\ocr_route_scan_pack_tesseract_full\page_images\t_p_120_1176_p000499.tif,8813531747f6406fcef809054743ed7bad05c27892792432b1865c387012368c,image_visual,image_visual_diagram,high,"[""figure_or_visual_label_signal"", ""limited_text_or_visual_route""]",,auto_suggested_review_recommended,,61,490,0,[],"-< EMBRAER

MAINTENANCE MANUAL WITH

ILLUSTRATED PARTS LIST

+

FASTENER CR8522-5- ( )

FASTENER CR3523-5- ( )

Zs FASTENER HL22-5-23

wil

SX

SR

Sy

SX a VIEW A

Sy

SQ

NLR

aw

fi

JD

LE

[My

(4+

ara

F]

|

++

[4

iM

+ +|

ke

WA

>

(lesa

es 1

VIEW B

VIEW A

120TP250012.MCE

Double Passenger Seat Leg Replacement

Figure 609

EFFECTIVITY: ALL

25-21-00

Page 625

T.P. 120/1176

Sep 30/98
","[""visual_keywords_with_limited_text""]",image_visual_ocr_and_vision_queue_scan,False,False
500,t_p_120_1176_p000500,00000500.tif,local_data\organization\trace_net\ocr_route_scan_pack_tesseract_full\page_images\t_p_120_1176_p000500.tif,03547821e52f91d462f95de77a617decf1a15686d3d737967fa419303cb7112b,image_visual,image_visual_diagram,high,"[""figure_or_visual_label_signal"", ""limited_text_or_visual_route""]",,auto_suggested_review_recommended,,56,487,0,[],"-< EMBRAER

MAINTENANCE MANUAL WITH

ILLUSTRATED PARTS LIST

+ FASTENER CR3522-5-( )

€ FASTENER CR3523-5-( )

KG

eZ,

O view A

a,

»

LO

y

{yl

a VIEW B

a VIEW B

C+

s*/

) +

t+ +

[+

[+

+ +

\"" |

""I

/?

\

+ +|

+1

+ +146

¢

PS

(ome)

IN

VIEW B

VIEW A

120TP250013.MCE

Triple Passenger Seat Leg Replacement

Figure 610

EFFECTIVITY: ALL

25-21-00

Page 626

T.P. 120/1176

Sep 30/98
","[""visual_keywords_with_limited_text""]",image_visual_ocr_and_vision_queue_scan,False,False
501,t_p_120_1176_p000501,00000501.tif,local_data\organization\trace_net\ocr_route_scan_pack_tesseract_full\page_images\t_p_120_1176_p000501.tif,8282f7eed09ebac19e1dfcaf948d980d74b4c9aa339b5b068a530ad48d1b6fb8,table,procedure_or_description,high,"[""procedure_or_description_terms"", ""paragraph_text_present"", ""low_part_number_count""]",,needs_review,,108,739,0,[],"-< EMBRAER

MAINTENANCE MANUAL WITH

ILLUSTRATED PARTS LIST

ye

7r;)

7D

o-\|*

ad

“7

“es

loot

oy

“oe

“er

“oes?

ISS

“iN

17

Pn

i

S

in vol

Loe

Ss

CRACK

Ss

SQ

ww

REPAIR OPTIONS a

2

LE

EPOXY RESIN

Sy

er

Ky

iP

C2

GY

4

G

A

REPAIR PARTS

G

EPOXY RESIN

OPTION A

EPOXY RESIN

SN

SO

=

ig

S>

My

P

SY

LS

SS

P

Sy

S>

LP

i,

A

ff

Zz

G

Y

REPAIR PART

4B

V4

WA

G

G

G

REPAIR PART

OPTION C

OPTION B

120TP250103.MCE

Typical Repair to Armrest Latch

Figure 611

EFFECTIVITY: ALL

25-21-00

Page 627

T.P. 120/1176

Sep 30/98
","[""table_or_parts_list_text_cues""]",table_ocr_table_candidate_scan,False,False
502,t_p_120_1176_p000502,00000502.tif,local_data\organization\trace_net\ocr_route_scan_pack_tesseract_full\page_images\t_p_120_1176_p000502.tif,146edb2a89d7eabb35dee2ccde60df6965e27f76fc796d25b691a2044bfbf0b1,table,procedure_or_description,high,"[""procedure_or_description_terms"", ""paragraph_text_present"", ""low_part_number_count""]",,needs_review,,109,577,0,[],"-< EMBRAER
MAINTENANCE MANUAL WITH
ILLUSTRATED PARTS LIST
NN a“ aN
\ a a KO!
“7 a a ~y
» Lees, on a /
; SO / ee Uc A
Lo SS <—S i aa aa 10, ~
< a ~ rT SS (Ce a ZA y US
Ww we?
Sw Z SF, DAMAGE py ©
Dy 7 S
S
+ 2
PLY No. ORIENTATION
1 - 0°/ 90°
2 - 0°/ 90° == ==
3 - +45° 345! P00) MIN.
4 - 0°/ 90° 8
5 - +45°
6 - 0°/ 90°
7 - +45°
8 - 0°/ 90°
LAMINATION OF LAYERS
VIEW A
DIMENSIONS: ™
(in)
120TP250105.MCE
Typical Repair to Damage Seat Armrest Stop (Pre-Mod. $.B. 120-25-0224)
Figure 612
EFFECTIVITY: ALL 25-21 -00
Page 628
T.P. 120/1176 Sep 30/98
","[""table_or_parts_list_text_cues""]",table_ocr_table_candidate_scan,False,False
503,t_p_120_1176_p000503,00000503.tif,local_data\organization\trace_net\ocr_route_scan_pack_tesseract_full\page_images\t_p_120_1176_p000503.tif,35d36232bf1e2a8bff7ec8e7524f88b9d9208757a78c9dc66b38cb07ff78f84d,image_visual,procedure_or_description,high,"[""procedure_or_description_terms"", ""paragraph_text_present"", ""low_part_number_count""]",,needs_review,,100,614,0,[],"-< EMBRAER
MAINTENANCE MANUAL WITH
ILLUSTRATED PARTS LIST
om
O/
SS aw
| — J) SS DETAIL A
we SX, 0
K NN < @
ww SS
\ Ci > Sy SS ‘
D < SN
Y SS K <i) . DAMAGED
aa Jo ZY \ Us SEAT STRUCTURE
Re REPAIR DOUBLERS
OVERLAPPING
VIEW B
™.
™. d
ORIGINAL REIFORCING So P
REPAIR DOUBLERS a
OVERLAPPING
CRACK STOP HOLE >
4+ MS20470AD4 ~
| OR CR3242-4
| ORIGINAL REIFORCING
haa
1 |
ie |!
F MS20470AD4
\! OR CR38212-4 h
Ie )
al |?
hae ifs
ie ° | i
y ®
i o-|
\ © l)
120CMM250104.MCE
Typical Repair to Passenger Seat Leg
Figure 613
EFFECTIVITY: ALL
25 21 00 Page 629
T.P. 120/1176 Jan 15/01
","[""visual_keywords_with_limited_text""]",image_visual_ocr_and_vision_queue_scan,False,False
504,t_p_120_1176_p000504,00000504.tif,local_data\organization\trace_net\ocr_route_scan_pack_tesseract_full\page_images\t_p_120_1176_p000504.tif,cf1ca62b16178cefe155e3a2abcef410b324ec89b18525fea6d109952c8056de,table,mixed_text_and_figure,medium,"[""visual_signal_present"", ""meaningful_prose_present"", ""low_part_number_count""]",,needs_review,,123,704,0,[],"-< EMBRAER
MAINTENANCE MANUAL WITH
ILLUSTRATED PARTS LIST
DETAIL A AS
\ / SL
AY: | | “SS
st CRACK }
NN / ee
a / SS
CP / a.
/
NN 7] oy oo A
| Z~ erm \ ete N _
SA Ker"" a. \ lg ~S
SS 44 — J / / g B
U7 / / (a)
“7 ve / l
- 7 / /
KY aa ae ra a ~S
wy aaa welee SN : a
| wlo7 a “ey
| aan _ ~
Se TKS yA yS
es, aD)
MN WELD
| &
- VIEW B
! 92.20 }
! 1 (3.63) ""|
Kc : | |
| EGAN POTFI
| 1
| ee, WTTTLITFAg UTE
(QO) | |
iy gl WELD 129.54
a (6.10)
PAT 16.66
©) (0.656) re 650) 4
109.20 REPAIR SLEEVE
(4.30)
DIMENSIONS: ™™ 177.80
(in) (7.00)
120CMM250106.MCE
i Typical Repair to Metal Seat Back Frame
Figure 614
EFFECTIVITY: ALL 25-21 -00
Page 630
T.P. 120/1176 Jan 15/01
","[""table_or_parts_list_text_cues""]",table_ocr_table_candidate_scan,False,False
505,t_p_120_1176_p000505,00000505.tif,local_data\organization\trace_net\ocr_route_scan_pack_tesseract_full\page_images\t_p_120_1176_p000505.tif,84eb87a199932a53497c1a49ad4c8342354cd1a26aaf99266fcb768241e83337,table,table_or_index,medium,"[""legacy_table_route_without_strong_detail_or_visual_signal""]",,needs_review,,276,1603,0,[],"< EMBRAER
MAINTENANCE MANUAL WITH
ILLUSTRATED PARTS LIST
ASSEMBLY
1. Tools Required
A. Tools commonly used by the technician.
2. Assembly
A. Seat Belt (60) of Single Seat Assembly (detail D of figure 1 of the Illustrated Parts List).
(1) Attach the seat belt (60) to the seat structure by installing bolts (110 and 120), bushing (100),
washers (70 and 80), and nut (90).
B. Seat Belt (80) of Double Seat Assembly (detail A of figure 29 of the Illustrated Parts List).
(1) On the boards:
(a) Attach the seat belt (80) to the seat structure by installing bolts (120 and 125), bushing
(100), washers (110 and 115), and nut (90).
(2) Between seats:
(a) Attach the seat belt (80) to the seat structure by installing the bolt (130), two bushings
(100), two washers (115), and nut (90).
C. Seat Belt (80) of Triple Seat Assembly (detail B of figure 76 of the Illustrated Parts List).
(1) On the boards:
(a) Attach the seat belt (80) to the seat structure by installing bolts (90 and 110),","[""table_or_parts_list_text_cues""]",table_ocr_table_candidate_scan,False,False
506,t_p_120_1176_p000506,00000506.tif,local_data\organization\trace_net\ocr_route_scan_pack_tesseract_full\page_images\t_p_120_1176_p000506.tif,e4b0479063c27f097b90ff520820d5ed4b08d41093f9e306aae11e64d1411159,table,mixed_text_and_figure,medium,"[""visual_signal_present"", ""meaningful_prose_present"", ""low_part_number_count""]",,needs_review,,329,1982,0,[],"< EMBRAER
MAINTENANCE MANUAL WITH
ILLUSTRATED PARTS LIST
F. Seat Backrest (30) Installation (figure 1 of the Illustrated Parts List).
(1) Position the Seat Backrest Lining (30) and press its Velcro fastener.
(2) Attach the Snack Table Cover Latch (250) by installing its three attaching screws (270).
(3) Position the Magazine Holder (200) by pressing its two attaching male fastener buttons and
the Velcro fastener.
G. Section PVC (160) Assembly (figure 1 of the Illustrated Parts List).
(1) Position the PVC section (160) and attach it by installing the screw (190), washer (170), and
nut (180).
H. Fixed Armrest Assembly (detail A of figure 1 of the Illustrated Parts List).
(1) Position the front trim cover (240) and attach it by installing the screw (270).
(2) Position the ashtray (210) into the front trim cover (240).
(3) Position the seat armrest lining assembly (220) and attach it by installing its washer (280),
screw (270), and nylon plug (260).
(4) Position the rear tr","[""table_or_parts_list_text_cues""]",table_ocr_table_candidate_scan,False,False
507,t_p_120_1176_p000507,00000507.tif,local_data\organization\trace_net\ocr_route_scan_pack_tesseract_full\page_images\t_p_120_1176_p000507.tif,b643e92e50facf91e029478c7c04ec6635d519f5f967786c8240b7087ed09e9c,table,mixed_text_and_figure,medium,"[""visual_signal_present"", ""meaningful_prose_present"", ""low_part_number_count""]",,needs_review,,125,789,0,[],"€ emenncn

MAINTENANCE MANUAL WITH
ILLUSTRATED PARTS LIST

M. Armrests (230) of the Double Seat Installation (detail A of figure 87 of the Illustrated Parts List).

(1) Position the armrest (230) in the seat structure and install the bushing (220), screw (210),
washer (230), and nut (240).

N. Armrests (100) of the Triple Seat Installation (detail A of figure 107 of the Illustrated Parts List).

(1) Position the armrest (100) in the seat structure and install the bushing (120), screw (110),
washer (130), and nut (140).

O. Plug-in Snack Table Support (230) Assembly (detail E of figure 84 of the Illustrated Parts List).

(1) Position support (230) and install the washer (250), screw (240), and nut (260).

EFFECTIVITY: ALL 25-2 1 -00

Page 703/704
Sep 30/98
","[""table_or_parts_list_text_cues""]",table_ocr_table_candidate_scan,False,False
508,t_p_120_1176_p000508,00000508.tif,local_data\organization\trace_net\ocr_route_scan_pack_tesseract_full\page_images\t_p_120_1176_p000508.tif,ebc93983f312fe1fea9f2930c9843ba6352f109c7954b86fe1c9c0b546b97dbf,normal_text,table_or_index,medium,"[""table_index_terms""]",,needs_review,,55,280,0,[],"< COMPONENT MAINTENANCE MANUAL
EVIBRAER WITH ILLUSTRATED PARTS LIST
RECORD OF TEMPORARY REVISIONS

No. INSERTED REMOVED NUMBER No. INSERTED REMOVED NUMBER

a
a ee
Os ss
ee
a ee
a ee
Os ss
es
ee
a ee
Os ss
ee
a ee
a ee
Os ss
es
ee
a ee
Os ss
ee
a ee
se
","[""normal_text_ocr_density""]",normal_text_ocr_summary_scan,False,False
509,t_p_120_1176_p000509,00000509.tif,local_data\organization\trace_net\ocr_route_scan_pack_tesseract_full\page_images\t_p_120_1176_p000509.tif,dd72d0c14b8cc524599ebd31fe5c5f33145c2b6fb9db6ed09633426a5ce69fc9,table,procedure_or_description,high,"[""procedure_or_description_terms"", ""paragraph_text_present"", ""low_part_number_count""]",,needs_review,,348,1577,0,[],"< EMBRAER

MAINTENANCE MANUAL WITH

ILLUSTRATED PARTS LIST

TABLE OF CONTENTS

Subject

Page

- Applicability

ee ee ee ee ee ee ee ee ee

- Introduction

ee ee ee ee ee ee ee ee ee ee ee ee ee ee

ee ee ee ee ee ee ee ee ee ee ee ee ee ee ee ee ee ee ee i)

- Description and Operation

- Tests and Fault Isolation

weet eee eee eee eee eee eee eee eee eee ee eee ee ee ee ee ee ee ee ee ee ee ey

101

- Automatic Test Requirements

ee ee ee ee ee ee ee ee a)

NOT APPLICABLE

- Disassembly

ee ee ee ee ee ee ee ee ee ee ee ee ee ee ee ee ee ee ee ee ee ee ee

301

- Cleaning

Tet t Tete t reer e eee e eee eee ee eee eee eee ee eee eee ee eee eee eee eee eee eee eee eee eee eee eee eee eee eee ee ee ee ee ee ee

401

- Check

wetter eee e eee eee eee eee eee eee eee eee eee ee eee eee eee eee eee eee eee ee eee eee eee eee ee ee eee eee ee ee ee ee ee ee ee ee ee ee ee

501

- Repairs

TORR CCCP Pee eee eee eee eee ee eee eee eee ee ","[""table_or_parts_list_text_cues""]",table_ocr_table_candidate_scan,False,False
