answer_permission,blocked_from_retrieval_loaders,dry_run_only,final_do_not_embed,final_validated_operational_route,live_write_enabled,loader_targets,opensearch_index_allowed,page_id,page_number,postgres_graph_record,qdrant_embedding_allowed,raw_tiff_reference,record_index,source_image_sha256,source_member,source_truth_mutation_allowed,storage_decision,unsafe,validator_gated,write_attempted,route,source_image_path,ocr_text_path,lineage_repair_status,lineage_ready,missing_lineage_fields,evidence_policy,postgres_write_attempt,postgres_graph_plan_joined,embedding_scope,qdrant_write_attempt,qdrant_plan_joined,target_plan_join_status,target_plan_joined_targets,contract_statuses,missing_contract_fields_by_target,contract_ready_targets,postgres_contract_ready,qdrant_contract_ready,opensearch_contract_ready,live_write_allowed,loader_contract_blockers,loader_contract_status,exact_index_scope,opensearch_write_attempt,opensearch_plan_joined
False,False,True,False,plain_text,False,"[""postgres_graph"", ""qdrant""]",False,t_p_120_1176_p000001,1,True,True,00000001.tif,1,09bfd29f1d493133d8c9b3760581d78d133c5f93a7a908027bee51f896a0bc0b,00000001.tif,False,validated_graph_and_semantic_index,False,False,False,plain_text,local_data\organization\trace_net\raw_to_answer_context_engineered_native_gemma4_001\ocr_route_scan_pack_tesseract_full\page_images\t_p_120_1176_p000001.tif,local_data\organization\trace_net\raw_to_answer_context_engineered_native_gemma4_001\ocr_route_scan_pack_tesseract_full\ocr_text\t_p_120_1176_p000001.txt,repaired_from_ocr_scan_pack,True,[],graph_source_map_plus_validated_evidence_links,False,True,validated_page_or_evidence_summary,False,True,joined_target_specific_dry_run_plans,"[""postgres_graph"", ""qdrant""]","{""postgres_graph"": ""ready"", ""qdrant"": ""ready""}","{""postgres_graph"": [], ""qdrant"": []}","[""postgres_graph"", ""qdrant""]",True,True,False,False,[],ready_dry_run_only,,,
False,True,True,True,blank,False,"[""postgres_graph""]",False,t_p_120_1176_p000002,2,True,False,00000002.tif,2,3a666c702a56abe19cf7f54e6ad28c99db84c7483cfa11d3f6b79c5c01097cf8,00000002.tif,False,graph_only_blank,False,False,False,blank,local_data\organization\trace_net\raw_to_answer_context_engineered_native_gemma4_001\ocr_route_scan_pack_tesseract_full\page_images\t_p_120_1176_p000002.tif,,repaired_from_ocr_scan_pack,True,[],graph_source_map_only,False,True,,,,joined_target_specific_dry_run_plans,"[""postgres_graph""]","{""postgres_graph"": ""ready""}","{""postgres_graph"": []}","[""postgres_graph""]",True,False,False,False,[],ready_dry_run_only,,,
False,False,True,False,table,False,"[""postgres_graph"", ""qdrant"", ""opensearch""]",True,t_p_120_1176_p000003,3,True,True,00000003.tif,3,51d3021686c6905d48a8eceb5c9686eacf539855df3824ff79ac6039641e87e1,00000003.tif,False,validated_graph_semantic_and_exact_index,False,False,False,table,local_data\organization\trace_net\raw_to_answer_context_engineered_native_gemma4_001\ocr_route_scan_pack_tesseract_full\page_images\t_p_120_1176_p000003.tif,local_data\organization\trace_net\raw_to_answer_context_engineered_native_gemma4_001\ocr_route_scan_pack_tesseract_full\ocr_text\t_p_120_1176_p000003.txt,repaired_from_ocr_scan_pack,True,[],graph_source_map_plus_validated_evidence_links,False,True,validated_page_or_evidence_summary,False,True,joined_target_specific_dry_run_plans,"[""postgres_graph"", ""qdrant"", ""opensearch""]","{""opensearch"": ""ready"", ""postgres_graph"": ""ready"", ""qdrant"": ""ready""}","{""opensearch"": [], ""postgres_graph"": [], ""qdrant"": []}","[""postgres_graph"", ""qdrant"", ""opensearch""]",True,True,True,False,[],ready_dry_run_only,validated_table_or_exact_evidence,False,True
False,False,True,False,plain_text,False,"[""postgres_graph"", ""qdrant""]",False,t_p_120_1176_p000004,4,True,True,00000004.tif,4,6bd3dad9e70045c0343b5f88fe8e90686824bea32beb045299533ef3490f6a36,00000004.tif,False,validated_graph_and_semantic_index,False,False,False,plain_text,local_data\organization\trace_net\raw_to_answer_context_engineered_native_gemma4_001\ocr_route_scan_pack_tesseract_full\page_images\t_p_120_1176_p000004.tif,local_data\organization\trace_net\raw_to_answer_context_engineered_native_gemma4_001\ocr_route_scan_pack_tesseract_full\ocr_text\t_p_120_1176_p000004.txt,repaired_from_ocr_scan_pack,True,[],graph_source_map_plus_validated_evidence_links,False,True,validated_page_or_evidence_summary,False,True,joined_target_specific_dry_run_plans,"[""postgres_graph"", ""qdrant""]","{""postgres_graph"": ""ready"", ""qdrant"": ""ready""}","{""postgres_graph"": [], ""qdrant"": []}","[""postgres_graph"", ""qdrant""]",True,True,False,False,[],ready_dry_run_only,,,
False,False,True,False,table,False,"[""postgres_graph"", ""qdrant"", ""opensearch""]",True,t_p_120_1176_p000005,5,True,True,00000005.tif,5,8980a6e91d7cc2f40a8510315d8610595243d7033621c00bdaec782a41aa1e7b,00000005.tif,False,validated_graph_semantic_and_exact_index,False,False,False,table,local_data\organization\trace_net\raw_to_answer_context_engineered_native_gemma4_001\ocr_route_scan_pack_tesseract_full\page_images\t_p_120_1176_p000005.tif,local_data\organization\trace_net\raw_to_answer_context_engineered_native_gemma4_001\ocr_route_scan_pack_tesseract_full\ocr_text\t_p_120_1176_p000005.txt,repaired_from_ocr_scan_pack,True,[],graph_source_map_plus_validated_evidence_links,False,True,validated_page_or_evidence_summary,False,True,joined_target_specific_dry_run_plans,"[""postgres_graph"", ""qdrant"", ""opensearch""]","{""opensearch"": ""ready"", ""postgres_graph"": ""ready"", ""qdrant"": ""ready""}","{""opensearch"": [], ""postgres_graph"": [], ""qdrant"": []}","[""postgres_graph"", ""qdrant"", ""opensearch""]",True,True,True,False,[],ready_dry_run_only,validated_table_or_exact_evidence,False,True
False,False,True,False,table,False,"[""postgres_graph"", ""qdrant"", ""opensearch""]",True,t_p_120_1176_p000006,6,True,True,00000006.tif,6,89d209a21f5b7f948a73c3eb06600be189ff10b01b5e7194e14a8cd1621db284,00000006.tif,False,validated_graph_semantic_and_exact_index,False,False,False,table,local_data\organization\trace_net\raw_to_answer_context_engineered_native_gemma4_001\ocr_route_scan_pack_tesseract_full\page_images\t_p_120_1176_p000006.tif,local_data\organization\trace_net\raw_to_answer_context_engineered_native_gemma4_001\ocr_route_scan_pack_tesseract_full\ocr_text\t_p_120_1176_p000006.txt,repaired_from_ocr_scan_pack,True,[],graph_source_map_plus_validated_evidence_links,False,True,validated_page_or_evidence_summary,False,True,joined_target_specific_dry_run_plans,"[""postgres_graph"", ""qdrant"", ""opensearch""]","{""opensearch"": ""ready"", ""postgres_graph"": ""ready"", ""qdrant"": ""ready""}","{""opensearch"": [], ""postgres_graph"": [], ""qdrant"": []}","[""postgres_graph"", ""qdrant"", ""opensearch""]",True,True,True,False,[],ready_dry_run_only,validated_table_or_exact_evidence,False,True
False,False,True,False,table,False,"[""postgres_graph"", ""qdrant"", ""opensearch""]",True,t_p_120_1176_p000007,7,True,True,00000007.tif,7,ed1f012f548803ab609c005b0e680acd92d6e1d47c3c16d2a9a662f541301651,00000007.tif,False,validated_graph_semantic_and_exact_index,False,False,False,table,local_data\organization\trace_net\raw_to_answer_context_engineered_native_gemma4_001\ocr_route_scan_pack_tesseract_full\page_images\t_p_120_1176_p000007.tif,local_data\organization\trace_net\raw_to_answer_context_engineered_native_gemma4_001\ocr_route_scan_pack_tesseract_full\ocr_text\t_p_120_1176_p000007.txt,repaired_from_ocr_scan_pack,True,[],graph_source_map_plus_validated_evidence_links,False,True,validated_page_or_evidence_summary,False,True,joined_target_specific_dry_run_plans,"[""postgres_graph"", ""qdrant"", ""opensearch""]","{""opensearch"": ""ready"", ""postgres_graph"": ""ready"", ""qdrant"": ""ready""}","{""opensearch"": [], ""postgres_graph"": [], ""qdrant"": []}","[""postgres_graph"", ""qdrant"", ""opensearch""]",True,True,True,False,[],ready_dry_run_only,validated_table_or_exact_evidence,False,True
False,False,True,False,table,False,"[""postgres_graph"", ""qdrant"", ""opensearch""]",True,t_p_120_1176_p000008,8,True,True,00000008.tif,8,7d6f154827ecc56956a2081437b142214acfa55ed525b8dae3a4b989fd42c741,00000008.tif,False,validated_graph_semantic_and_exact_index,False,False,False,table,local_data\organization\trace_net\raw_to_answer_context_engineered_native_gemma4_001\ocr_route_scan_pack_tesseract_full\page_images\t_p_120_1176_p000008.tif,local_data\organization\trace_net\raw_to_answer_context_engineered_native_gemma4_001\ocr_route_scan_pack_tesseract_full\ocr_text\t_p_120_1176_p000008.txt,repaired_from_ocr_scan_pack,True,[],graph_source_map_plus_validated_evidence_links,False,True,validated_page_or_evidence_summary,False,True,joined_target_specific_dry_run_plans,"[""postgres_graph"", ""qdrant"", ""opensearch""]","{""opensearch"": ""ready"", ""postgres_graph"": ""ready"", ""qdrant"": ""ready""}","{""opensearch"": [], ""postgres_graph"": [], ""qdrant"": []}","[""postgres_graph"", ""qdrant"", ""opensearch""]",True,True,True,False,[],ready_dry_run_only,validated_table_or_exact_evidence,False,True
False,False,True,False,table,False,"[""postgres_graph"", ""qdrant"", ""opensearch""]",True,t_p_120_1176_p000009,9,True,True,00000009.tif,9,ad352d3c2ae487d629c26d00ec1ab79cdd10d77d689403213eba17499ea76573,00000009.tif,False,validated_graph_semantic_and_exact_index,False,False,False,table,local_data\organization\trace_net\raw_to_answer_context_engineered_native_gemma4_001\ocr_route_scan_pack_tesseract_full\page_images\t_p_120_1176_p000009.tif,local_data\organization\trace_net\raw_to_answer_context_engineered_native_gemma4_001\ocr_route_scan_pack_tesseract_full\ocr_text\t_p_120_1176_p000009.txt,repaired_from_ocr_scan_pack,True,[],graph_source_map_plus_validated_evidence_links,False,True,validated_page_or_evidence_summary,False,True,joined_target_specific_dry_run_plans,"[""postgres_graph"", ""qdrant"", ""opensearch""]","{""opensearch"": ""ready"", ""postgres_graph"": ""ready"", ""qdrant"": ""ready""}","{""opensearch"": [], ""postgres_graph"": [], ""qdrant"": []}","[""postgres_graph"", ""qdrant"", ""opensearch""]",True,True,True,False,[],ready_dry_run_only,validated_table_or_exact_evidence,False,True
False,False,True,False,table,False,"[""postgres_graph"", ""qdrant"", ""opensearch""]",True,t_p_120_1176_p000010,10,True,True,00000010.tif,10,dfa8786b909afd08c36c93a2714d582acee43290689d6277ff49a7d24f7fd955,00000010.tif,False,validated_graph_semantic_and_exact_index,False,False,False,table,local_data\organization\trace_net\raw_to_answer_context_engineered_native_gemma4_001\ocr_route_scan_pack_tesseract_full\page_images\t_p_120_1176_p000010.tif,local_data\organization\trace_net\raw_to_answer_context_engineered_native_gemma4_001\ocr_route_scan_pack_tesseract_full\ocr_text\t_p_120_1176_p000010.txt,repaired_from_ocr_scan_pack,True,[],graph_source_map_plus_validated_evidence_links,False,True,validated_page_or_evidence_summary,False,True,joined_target_specific_dry_run_plans,"[""postgres_graph"", ""qdrant"", ""opensearch""]","{""opensearch"": ""ready"", ""postgres_graph"": ""ready"", ""qdrant"": ""ready""}","{""opensearch"": [], ""postgres_graph"": [], ""qdrant"": []}","[""postgres_graph"", ""qdrant"", ""opensearch""]",True,True,True,False,[],ready_dry_run_only,validated_table_or_exact_evidence,False,True
False,False,True,False,plain_text,False,"[""postgres_graph"", ""qdrant""]",False,t_p_120_1176_p000011,11,True,True,00000011.tif,11,1a2d52743fb6234d668bf2742ee19ce9eb1d68f49b1c04051bbce81322146063,00000011.tif,False,validated_graph_and_semantic_index,False,False,False,plain_text,local_data\organization\trace_net\raw_to_answer_context_engineered_native_gemma4_001\ocr_route_scan_pack_tesseract_full\page_images\t_p_120_1176_p000011.tif,local_data\organization\trace_net\raw_to_answer_context_engineered_native_gemma4_001\ocr_route_scan_pack_tesseract_full\ocr_text\t_p_120_1176_p000011.txt,repaired_from_ocr_scan_pack,True,[],graph_source_map_plus_validated_evidence_links,False,True,validated_page_or_evidence_summary,False,True,joined_target_specific_dry_run_plans,"[""postgres_graph"", ""qdrant""]","{""postgres_graph"": ""ready"", ""qdrant"": ""ready""}","{""postgres_graph"": [], ""qdrant"": []}","[""postgres_graph"", ""qdrant""]",True,True,False,False,[],ready_dry_run_only,,,
False,True,True,True,blank,False,"[""postgres_graph""]",False,t_p_120_1176_p000012,12,True,False,00000012.tif,12,a8510eb01519500772c19cb1cbafb973f50bfc01627fd016ec7e14743e44c1f0,00000012.tif,False,graph_only_blank,False,False,False,blank,local_data\organization\trace_net\raw_to_answer_context_engineered_native_gemma4_001\ocr_route_scan_pack_tesseract_full\page_images\t_p_120_1176_p000012.tif,,repaired_from_ocr_scan_pack,True,[],graph_source_map_only,False,True,,,,joined_target_specific_dry_run_plans,"[""postgres_graph""]","{""postgres_graph"": ""ready""}","{""postgres_graph"": []}","[""postgres_graph""]",True,False,False,False,[],ready_dry_run_only,,,
False,False,True,False,plain_text,False,"[""postgres_graph"", ""qdrant""]",False,t_p_120_1176_p000013,13,True,True,00000013.tif,13,98ab693f2742d50f9aa84ae324eec13a89d8101b8880a117acb28f825ebe81b8,00000013.tif,False,validated_graph_and_semantic_index,False,False,False,plain_text,local_data\organization\trace_net\raw_to_answer_context_engineered_native_gemma4_001\ocr_route_scan_pack_tesseract_full\page_images\t_p_120_1176_p000013.tif,local_data\organization\trace_net\raw_to_answer_context_engineered_native_gemma4_001\ocr_route_scan_pack_tesseract_full\ocr_text\t_p_120_1176_p000013.txt,repaired_from_ocr_scan_pack,True,[],graph_source_map_plus_validated_evidence_links,False,True,validated_page_or_evidence_summary,False,True,joined_target_specific_dry_run_plans,"[""postgres_graph"", ""qdrant""]","{""postgres_graph"": ""ready"", ""qdrant"": ""ready""}","{""postgres_graph"": [], ""qdrant"": []}","[""postgres_graph"", ""qdrant""]",True,True,False,False,[],ready_dry_run_only,,,
False,True,True,True,plain_text,False,"[""postgres_graph""]",False,t_p_120_1176_p000014,14,True,False,00000014.tif,14,77ae5e20f592a235de49f539402d8120f20e256289dd48969e91821b41a9a0f0,00000014.tif,False,graph_only_validator_gated,False,True,False,plain_text,local_data\organization\trace_net\raw_to_answer_context_engineered_native_gemma4_001\ocr_route_scan_pack_tesseract_full\page_images\t_p_120_1176_p000014.tif,local_data\organization\trace_net\raw_to_answer_context_engineered_native_gemma4_001\ocr_route_scan_pack_tesseract_full\ocr_text\t_p_120_1176_p000014.txt,repaired_from_ocr_scan_pack,True,[],graph_source_map_only,False,True,,,,joined_target_specific_dry_run_plans,"[""postgres_graph""]","{""postgres_graph"": ""ready""}","{""postgres_graph"": []}","[""postgres_graph""]",True,False,False,False,[],ready_dry_run_only,,,
False,False,True,False,plain_text,False,"[""postgres_graph"", ""qdrant""]",False,t_p_120_1176_p000015,15,True,True,00000015.tif,15,6a594b17e190e9fc06f28e36618ae7eca7c0b67b5b9f4f3326f4463e3d0f57ea,00000015.tif,False,validated_graph_and_semantic_index,False,False,False,plain_text,local_data\organization\trace_net\raw_to_answer_context_engineered_native_gemma4_001\ocr_route_scan_pack_tesseract_full\page_images\t_p_120_1176_p000015.tif,local_data\organization\trace_net\raw_to_answer_context_engineered_native_gemma4_001\ocr_route_scan_pack_tesseract_full\ocr_text\t_p_120_1176_p000015.txt,repaired_from_ocr_scan_pack,True,[],graph_source_map_plus_validated_evidence_links,False,True,validated_page_or_evidence_summary,False,True,joined_target_specific_dry_run_plans,"[""postgres_graph"", ""qdrant""]","{""postgres_graph"": ""ready"", ""qdrant"": ""ready""}","{""postgres_graph"": [], ""qdrant"": []}","[""postgres_graph"", ""qdrant""]",True,True,False,False,[],ready_dry_run_only,,,
False,False,True,False,plain_text,False,"[""postgres_graph"", ""qdrant""]",False,t_p_120_1176_p000016,16,True,True,00000016.tif,16,39a6709102ab643ff1e913c57ef86c92c29e7233bb83c8ddbb6b2eab8ea7cbc7,00000016.tif,False,validated_graph_and_semantic_index,False,False,False,plain_text,local_data\organization\trace_net\raw_to_answer_context_engineered_native_gemma4_001\ocr_route_scan_pack_tesseract_full\page_images\t_p_120_1176_p000016.tif,local_data\organization\trace_net\raw_to_answer_context_engineered_native_gemma4_001\ocr_route_scan_pack_tesseract_full\ocr_text\t_p_120_1176_p000016.txt,repaired_from_ocr_scan_pack,True,[],graph_source_map_plus_validated_evidence_links,False,True,validated_page_or_evidence_summary,False,True,joined_target_specific_dry_run_plans,"[""postgres_graph"", ""qdrant""]","{""postgres_graph"": ""ready"", ""qdrant"": ""ready""}","{""postgres_graph"": [], ""qdrant"": []}","[""postgres_graph"", ""qdrant""]",True,True,False,False,[],ready_dry_run_only,,,
False,False,True,False,image,False,"[""postgres_graph"", ""qdrant""]",False,t_p_120_1176_p000017,17,True,True,00000017.tif,17,e5a84463d44c9415bcd51b8c6ef7fe3f64c8d458254955f2b1e2b22fb3ddb80d,00000017.tif,False,validated_graph_and_semantic_index,False,False,False,image,local_data\organization\trace_net\raw_to_answer_context_engineered_native_gemma4_001\ocr_route_scan_pack_tesseract_full\page_images\t_p_120_1176_p000017.tif,local_data\organization\trace_net\raw_to_answer_context_engineered_native_gemma4_001\ocr_route_scan_pack_tesseract_full\ocr_text\t_p_120_1176_p000017.txt,repaired_from_ocr_scan_pack,True,[],graph_source_map_plus_validated_evidence_links,False,True,validated_page_or_evidence_summary,False,True,joined_target_specific_dry_run_plans,"[""postgres_graph"", ""qdrant""]","{""postgres_graph"": ""ready"", ""qdrant"": ""ready""}","{""postgres_graph"": [], ""qdrant"": []}","[""postgres_graph"", ""qdrant""]",True,True,False,False,[],ready_dry_run_only,,,
False,False,True,False,image,False,"[""postgres_graph"", ""qdrant""]",False,t_p_120_1176_p000018,18,True,True,00000018.tif,18,aeb66b86579e3652c6080682649121b8c86dc681d79bcbd04a07f30c5ce40fbe,00000018.tif,False,validated_graph_and_semantic_index,False,False,False,image,local_data\organization\trace_net\raw_to_answer_context_engineered_native_gemma4_001\ocr_route_scan_pack_tesseract_full\page_images\t_p_120_1176_p000018.tif,local_data\organization\trace_net\raw_to_answer_context_engineered_native_gemma4_001\ocr_route_scan_pack_tesseract_full\ocr_text\t_p_120_1176_p000018.txt,repaired_from_ocr_scan_pack,True,[],graph_source_map_plus_validated_evidence_links,False,True,validated_page_or_evidence_summary,False,True,joined_target_specific_dry_run_plans,"[""postgres_graph"", ""qdrant""]","{""postgres_graph"": ""ready"", ""qdrant"": ""ready""}","{""postgres_graph"": [], ""qdrant"": []}","[""postgres_graph"", ""qdrant""]",True,True,False,False,[],ready_dry_run_only,,,
False,False,True,False,image,False,"[""postgres_graph"", ""qdrant""]",False,t_p_120_1176_p000019,19,True,True,00000019.tif,19,36b821fe9a02e292ea3cf0e1767fd344f7fd6c090a2462af878a29917b0b5d78,00000019.tif,False,validated_graph_and_semantic_index,False,False,False,image,local_data\organization\trace_net\raw_to_answer_context_engineered_native_gemma4_001\ocr_route_scan_pack_tesseract_full\page_images\t_p_120_1176_p000019.tif,local_data\organization\trace_net\raw_to_answer_context_engineered_native_gemma4_001\ocr_route_scan_pack_tesseract_full\ocr_text\t_p_120_1176_p000019.txt,repaired_from_ocr_scan_pack,True,[],graph_source_map_plus_validated_evidence_links,False,True,validated_page_or_evidence_summary,False,True,joined_target_specific_dry_run_plans,"[""postgres_graph"", ""qdrant""]","{""postgres_graph"": ""ready"", ""qdrant"": ""ready""}","{""postgres_graph"": [], ""qdrant"": []}","[""postgres_graph"", ""qdrant""]",True,True,False,False,[],ready_dry_run_only,,,
False,False,True,False,plain_text,False,"[""postgres_graph"", ""qdrant""]",False,t_p_120_1176_p000020,20,True,True,00000020.tif,20,dd3d0eab95213423e9df2fe6848e031d954cccf16feae0c4f1df6c9c575e5792,00000020.tif,False,validated_graph_and_semantic_index,False,False,False,plain_text,local_data\organization\trace_net\raw_to_answer_context_engineered_native_gemma4_001\ocr_route_scan_pack_tesseract_full\page_images\t_p_120_1176_p000020.tif,local_data\organization\trace_net\raw_to_answer_context_engineered_native_gemma4_001\ocr_route_scan_pack_tesseract_full\ocr_text\t_p_120_1176_p000020.txt,repaired_from_ocr_scan_pack,True,[],graph_source_map_plus_validated_evidence_links,False,True,validated_page_or_evidence_summary,False,True,joined_target_specific_dry_run_plans,"[""postgres_graph"", ""qdrant""]","{""postgres_graph"": ""ready"", ""qdrant"": ""ready""}","{""postgres_graph"": [], ""qdrant"": []}","[""postgres_graph"", ""qdrant""]",True,True,False,False,[],ready_dry_run_only,,,
False,False,True,False,plain_text,False,"[""postgres_graph"", ""qdrant""]",False,t_p_120_1176_p000021,21,True,True,00000021.tif,21,6e8e20ab11f2a5010e591c2a3c9aa8b66715e5c0bf308abc17f7021b1ce6a8f2,00000021.tif,False,validated_graph_and_semantic_index,False,False,False,plain_text,local_data\organization\trace_net\raw_to_answer_context_engineered_native_gemma4_001\ocr_route_scan_pack_tesseract_full\page_images\t_p_120_1176_p000021.tif,local_data\organization\trace_net\raw_to_answer_context_engineered_native_gemma4_001\ocr_route_scan_pack_tesseract_full\ocr_text\t_p_120_1176_p000021.txt,repaired_from_ocr_scan_pack,True,[],graph_source_map_plus_validated_evidence_links,False,True,validated_page_or_evidence_summary,False,True,joined_target_specific_dry_run_plans,"[""postgres_graph"", ""qdrant""]","{""postgres_graph"": ""ready"", ""qdrant"": ""ready""}","{""postgres_graph"": [], ""qdrant"": []}","[""postgres_graph"", ""qdrant""]",True,True,False,False,[],ready_dry_run_only,,,
False,False,True,False,plain_text,False,"[""postgres_graph"", ""qdrant""]",False,t_p_120_1176_p000022,22,True,True,00000022.tif,22,c7c9d50ca89da42c9ae427b012cd99bc23c29411ba318ece09e22fb6f1c13151,00000022.tif,False,validated_graph_and_semantic_index,False,False,False,plain_text,local_data\organization\trace_net\raw_to_answer_context_engineered_native_gemma4_001\ocr_route_scan_pack_tesseract_full\page_images\t_p_120_1176_p000022.tif,local_data\organization\trace_net\raw_to_answer_context_engineered_native_gemma4_001\ocr_route_scan_pack_tesseract_full\ocr_text\t_p_120_1176_p000022.txt,repaired_from_ocr_scan_pack,True,[],graph_source_map_plus_validated_evidence_links,False,True,validated_page_or_evidence_summary,False,True,joined_target_specific_dry_run_plans,"[""postgres_graph"", ""qdrant""]","{""postgres_graph"": ""ready"", ""qdrant"": ""ready""}","{""postgres_graph"": [], ""qdrant"": []}","[""postgres_graph"", ""qdrant""]",True,True,False,False,[],ready_dry_run_only,,,
False,False,True,False,plain_text,False,"[""postgres_graph"", ""qdrant""]",False,t_p_120_1176_p000023,23,True,True,00000023.tif,23,357a5e9f20f6f5325780899202c379b8986cd2995c3286945228ca93dd3d8fe6,00000023.tif,False,validated_graph_and_semantic_index,False,False,False,plain_text,local_data\organization\trace_net\raw_to_answer_context_engineered_native_gemma4_001\ocr_route_scan_pack_tesseract_full\page_images\t_p_120_1176_p000023.tif,local_data\organization\trace_net\raw_to_answer_context_engineered_native_gemma4_001\ocr_route_scan_pack_tesseract_full\ocr_text\t_p_120_1176_p000023.txt,repaired_from_ocr_scan_pack,True,[],graph_source_map_plus_validated_evidence_links,False,True,validated_page_or_evidence_summary,False,True,joined_target_specific_dry_run_plans,"[""postgres_graph"", ""qdrant""]","{""postgres_graph"": ""ready"", ""qdrant"": ""ready""}","{""postgres_graph"": [], ""qdrant"": []}","[""postgres_graph"", ""qdrant""]",True,True,False,False,[],ready_dry_run_only,,,
False,False,True,False,plain_text,False,"[""postgres_graph"", ""qdrant""]",False,t_p_120_1176_p000024,24,True,True,00000024.tif,24,d5010a6ac1c5f07e33825b8a89f705248f875bd1a8064e305fd1f6bfa5d74ea6,00000024.tif,False,validated_graph_and_semantic_index,False,False,False,plain_text,local_data\organization\trace_net\raw_to_answer_context_engineered_native_gemma4_001\ocr_route_scan_pack_tesseract_full\page_images\t_p_120_1176_p000024.tif,local_data\organization\trace_net\raw_to_answer_context_engineered_native_gemma4_001\ocr_route_scan_pack_tesseract_full\ocr_text\t_p_120_1176_p000024.txt,repaired_from_ocr_scan_pack,True,[],graph_source_map_plus_validated_evidence_links,False,True,validated_page_or_evidence_summary,False,True,joined_target_specific_dry_run_plans,"[""postgres_graph"", ""qdrant""]","{""postgres_graph"": ""ready"", ""qdrant"": ""ready""}","{""postgres_graph"": [], ""qdrant"": []}","[""postgres_graph"", ""qdrant""]",True,True,False,False,[],ready_dry_run_only,,,
False,True,True,True,blank,False,"[""postgres_graph""]",False,t_p_120_1176_p000025,25,True,False,00000025.tif,25,1e8ccb46f8e2a719c1e391bc9d6a3e710751ed38c6a2ed1adbe7bf67896effde,00000025.tif,False,graph_only_blank,False,False,False,blank,local_data\organization\trace_net\raw_to_answer_context_engineered_native_gemma4_001\ocr_route_scan_pack_tesseract_full\page_images\t_p_120_1176_p000025.tif,,repaired_from_ocr_scan_pack,True,[],graph_source_map_only,False,True,,,,joined_target_specific_dry_run_plans,"[""postgres_graph""]","{""postgres_graph"": ""ready""}","{""postgres_graph"": []}","[""postgres_graph""]",True,False,False,False,[],ready_dry_run_only,,,
False,True,True,True,plain_text,False,"[""postgres_graph""]",False,t_p_120_1176_p000026,26,True,False,00000026.tif,26,482c8ffd82e33e55875c3141f2d9bc2ffd04dd0a9add706616152f3fa47e147a,00000026.tif,False,graph_only_validator_gated,False,True,False,plain_text,local_data\organization\trace_net\raw_to_answer_context_engineered_native_gemma4_001\ocr_route_scan_pack_tesseract_full\page_images\t_p_120_1176_p000026.tif,local_data\organization\trace_net\raw_to_answer_context_engineered_native_gemma4_001\ocr_route_scan_pack_tesseract_full\ocr_text\t_p_120_1176_p000026.txt,repaired_from_ocr_scan_pack,True,[],graph_source_map_only,False,True,,,,joined_target_specific_dry_run_plans,"[""postgres_graph""]","{""postgres_graph"": ""ready""}","{""postgres_graph"": []}","[""postgres_graph""]",True,False,False,False,[],ready_dry_run_only,,,
False,False,True,False,table,False,"[""postgres_graph"", ""qdrant"", ""opensearch""]",True,t_p_120_1176_p000027,27,True,True,00000027.tif,27,801e84e8322961c2b1d391a76c9dc2ab789a2a2f8c9893b52ba2f6ff6bef32ba,00000027.tif,False,validated_graph_semantic_and_exact_index,False,False,False,table,local_data\organization\trace_net\raw_to_answer_context_engineered_native_gemma4_001\ocr_route_scan_pack_tesseract_full\page_images\t_p_120_1176_p000027.tif,local_data\organization\trace_net\raw_to_answer_context_engineered_native_gemma4_001\ocr_route_scan_pack_tesseract_full\ocr_text\t_p_120_1176_p000027.txt,repaired_from_ocr_scan_pack,True,[],graph_source_map_plus_validated_evidence_links,False,True,validated_page_or_evidence_summary,False,True,joined_target_specific_dry_run_plans,"[""postgres_graph"", ""qdrant"", ""opensearch""]","{""opensearch"": ""ready"", ""postgres_graph"": ""ready"", ""qdrant"": ""ready""}","{""opensearch"": [], ""postgres_graph"": [], ""qdrant"": []}","[""postgres_graph"", ""qdrant"", ""opensearch""]",True,True,True,False,[],ready_dry_run_only,validated_table_or_exact_evidence,False,True
False,False,True,False,table,False,"[""postgres_graph"", ""qdrant"", ""opensearch""]",True,t_p_120_1176_p000028,28,True,True,00000028.tif,28,d7fe2d8e289f1bb3ebe85f9e209ddae249b9aa82c13074a8aeec51c3cd00ec58,00000028.tif,False,validated_graph_semantic_and_exact_index,False,False,False,table,local_data\organization\trace_net\raw_to_answer_context_engineered_native_gemma4_001\ocr_route_scan_pack_tesseract_full\page_images\t_p_120_1176_p000028.tif,local_data\organization\trace_net\raw_to_answer_context_engineered_native_gemma4_001\ocr_route_scan_pack_tesseract_full\ocr_text\t_p_120_1176_p000028.txt,repaired_from_ocr_scan_pack,True,[],graph_source_map_plus_validated_evidence_links,False,True,validated_page_or_evidence_summary,False,True,joined_target_specific_dry_run_plans,"[""postgres_graph"", ""qdrant"", ""opensearch""]","{""opensearch"": ""ready"", ""postgres_graph"": ""ready"", ""qdrant"": ""ready""}","{""opensearch"": [], ""postgres_graph"": [], ""qdrant"": []}","[""postgres_graph"", ""qdrant"", ""opensearch""]",True,True,True,False,[],ready_dry_run_only,validated_table_or_exact_evidence,False,True
False,False,True,False,table,False,"[""postgres_graph"", ""qdrant"", ""opensearch""]",True,t_p_120_1176_p000029,29,True,True,00000029.tif,29,648ec2986c82d04d182c64e89aa12fb249cb62c9c127b840879aa08c7b8e80e7,00000029.tif,False,validated_graph_semantic_and_exact_index,False,False,False,table,local_data\organization\trace_net\raw_to_answer_context_engineered_native_gemma4_001\ocr_route_scan_pack_tesseract_full\page_images\t_p_120_1176_p000029.tif,local_data\organization\trace_net\raw_to_answer_context_engineered_native_gemma4_001\ocr_route_scan_pack_tesseract_full\ocr_text\t_p_120_1176_p000029.txt,repaired_from_ocr_scan_pack,True,[],graph_source_map_plus_validated_evidence_links,False,True,validated_page_or_evidence_summary,False,True,joined_target_specific_dry_run_plans,"[""postgres_graph"", ""qdrant"", ""opensearch""]","{""opensearch"": ""ready"", ""postgres_graph"": ""ready"", ""qdrant"": ""ready""}","{""opensearch"": [], ""postgres_graph"": [], ""qdrant"": []}","[""postgres_graph"", ""qdrant"", ""opensearch""]",True,True,True,False,[],ready_dry_run_only,validated_table_or_exact_evidence,False,True
False,False,True,False,table,False,"[""postgres_graph"", ""qdrant"", ""opensearch""]",True,t_p_120_1176_p000030,30,True,True,00000030.tif,30,ed6233c01f5cf0ca1cded97c189566e128f6a9ca80ee6eaf3c1f3bc144e0b207,00000030.tif,False,validated_graph_semantic_and_exact_index,False,False,False,table,local_data\organization\trace_net\raw_to_answer_context_engineered_native_gemma4_001\ocr_route_scan_pack_tesseract_full\page_images\t_p_120_1176_p000030.tif,local_data\organization\trace_net\raw_to_answer_context_engineered_native_gemma4_001\ocr_route_scan_pack_tesseract_full\ocr_text\t_p_120_1176_p000030.txt,repaired_from_ocr_scan_pack,True,[],graph_source_map_plus_validated_evidence_links,False,True,validated_page_or_evidence_summary,False,True,joined_target_specific_dry_run_plans,"[""postgres_graph"", ""qdrant"", ""opensearch""]","{""opensearch"": ""ready"", ""postgres_graph"": ""ready"", ""qdrant"": ""ready""}","{""opensearch"": [], ""postgres_graph"": [], ""qdrant"": []}","[""postgres_graph"", ""qdrant"", ""opensearch""]",True,True,True,False,[],ready_dry_run_only,validated_table_or_exact_evidence,False,True
False,False,True,False,table,False,"[""postgres_graph"", ""qdrant"", ""opensearch""]",True,t_p_120_1176_p000031,31,True,True,00000031.tif,31,b5ff9c0883b40d967c9eb0e699854f4b052d9bc814aff5f23dd670438988f329,00000031.tif,False,validated_graph_semantic_and_exact_index,False,False,False,table,local_data\organization\trace_net\raw_to_answer_context_engineered_native_gemma4_001\ocr_route_scan_pack_tesseract_full\page_images\t_p_120_1176_p000031.tif,local_data\organization\trace_net\raw_to_answer_context_engineered_native_gemma4_001\ocr_route_scan_pack_tesseract_full\ocr_text\t_p_120_1176_p000031.txt,repaired_from_ocr_scan_pack,True,[],graph_source_map_plus_validated_evidence_links,False,True,validated_page_or_evidence_summary,False,True,joined_target_specific_dry_run_plans,"[""postgres_graph"", ""qdrant"", ""opensearch""]","{""opensearch"": ""ready"", ""postgres_graph"": ""ready"", ""qdrant"": ""ready""}","{""opensearch"": [], ""postgres_graph"": [], ""qdrant"": []}","[""postgres_graph"", ""qdrant"", ""opensearch""]",True,True,True,False,[],ready_dry_run_only,validated_table_or_exact_evidence,False,True
False,False,True,False,table,False,"[""postgres_graph"", ""qdrant"", ""opensearch""]",True,t_p_120_1176_p000032,32,True,True,00000032.tif,32,01cbd80664aa7059ea6db1a2ad5cbde6c084b7eff65ee1eb4c66199e396680c0,00000032.tif,False,validated_graph_semantic_and_exact_index,False,False,False,table,local_data\organization\trace_net\raw_to_answer_context_engineered_native_gemma4_001\ocr_route_scan_pack_tesseract_full\page_images\t_p_120_1176_p000032.tif,local_data\organization\trace_net\raw_to_answer_context_engineered_native_gemma4_001\ocr_route_scan_pack_tesseract_full\ocr_text\t_p_120_1176_p000032.txt,repaired_from_ocr_scan_pack,True,[],graph_source_map_plus_validated_evidence_links,False,True,validated_page_or_evidence_summary,False,True,joined_target_specific_dry_run_plans,"[""postgres_graph"", ""qdrant"", ""opensearch""]","{""opensearch"": ""ready"", ""postgres_graph"": ""ready"", ""qdrant"": ""ready""}","{""opensearch"": [], ""postgres_graph"": [], ""qdrant"": []}","[""postgres_graph"", ""qdrant"", ""opensearch""]",True,True,True,False,[],ready_dry_run_only,validated_table_or_exact_evidence,False,True
False,False,True,False,table,False,"[""postgres_graph"", ""qdrant"", ""opensearch""]",True,t_p_120_1176_p000033,33,True,True,00000033.tif,33,6ceb4c57bf50bae72a68227541d696fadb3061a4c61b970d1d3a34a5c400d463,00000033.tif,False,validated_graph_semantic_and_exact_index,False,False,False,table,local_data\organization\trace_net\raw_to_answer_context_engineered_native_gemma4_001\ocr_route_scan_pack_tesseract_full\page_images\t_p_120_1176_p000033.tif,local_data\organization\trace_net\raw_to_answer_context_engineered_native_gemma4_001\ocr_route_scan_pack_tesseract_full\ocr_text\t_p_120_1176_p000033.txt,repaired_from_ocr_scan_pack,True,[],graph_source_map_plus_validated_evidence_links,False,True,validated_page_or_evidence_summary,False,True,joined_target_specific_dry_run_plans,"[""postgres_graph"", ""qdrant"", ""opensearch""]","{""opensearch"": ""ready"", ""postgres_graph"": ""ready"", ""qdrant"": ""ready""}","{""opensearch"": [], ""postgres_graph"": [], ""qdrant"": []}","[""postgres_graph"", ""qdrant"", ""opensearch""]",True,True,True,False,[],ready_dry_run_only,validated_table_or_exact_evidence,False,True
False,False,True,False,table,False,"[""postgres_graph"", ""qdrant"", ""opensearch""]",True,t_p_120_1176_p000034,34,True,True,00000034.tif,34,b5c88ec17c288fe2b79e89340ab4458110b8f1913bdbfb5135db31f377c3bf70,00000034.tif,False,validated_graph_semantic_and_exact_index,False,False,False,table,local_data\organization\trace_net\raw_to_answer_context_engineered_native_gemma4_001\ocr_route_scan_pack_tesseract_full\page_images\t_p_120_1176_p000034.tif,local_data\organization\trace_net\raw_to_answer_context_engineered_native_gemma4_001\ocr_route_scan_pack_tesseract_full\ocr_text\t_p_120_1176_p000034.txt,repaired_from_ocr_scan_pack,True,[],graph_source_map_plus_validated_evidence_links,False,True,validated_page_or_evidence_summary,False,True,joined_target_specific_dry_run_plans,"[""postgres_graph"", ""qdrant"", ""opensearch""]","{""opensearch"": ""ready"", ""postgres_graph"": ""ready"", ""qdrant"": ""ready""}","{""opensearch"": [], ""postgres_graph"": [], ""qdrant"": []}","[""postgres_graph"", ""qdrant"", ""opensearch""]",True,True,True,False,[],ready_dry_run_only,validated_table_or_exact_evidence,False,True
False,True,True,True,blank,False,"[""postgres_graph""]",False,t_p_120_1176_p000035,35,True,False,00000035.tif,35,ba86a9decd2f022565c16665e2f9704964d8aa9639d131d75ed3d878f3623eca,00000035.tif,False,graph_only_blank,False,False,False,blank,local_data\organization\trace_net\raw_to_answer_context_engineered_native_gemma4_001\ocr_route_scan_pack_tesseract_full\page_images\t_p_120_1176_p000035.tif,,repaired_from_ocr_scan_pack,True,[],graph_source_map_only,False,True,,,,joined_target_specific_dry_run_plans,"[""postgres_graph""]","{""postgres_graph"": ""ready""}","{""postgres_graph"": []}","[""postgres_graph""]",True,False,False,False,[],ready_dry_run_only,,,
False,False,True,False,table,False,"[""postgres_graph"", ""qdrant"", ""opensearch""]",True,t_p_120_1176_p000036,36,True,True,00000036.tif,36,694eb17f8eaf4c3330164626c3221adb4f417a3b6626ae51ad9d347e982fb9ea,00000036.tif,False,validated_graph_semantic_and_exact_index,False,False,False,table,local_data\organization\trace_net\raw_to_answer_context_engineered_native_gemma4_001\ocr_route_scan_pack_tesseract_full\page_images\t_p_120_1176_p000036.tif,local_data\organization\trace_net\raw_to_answer_context_engineered_native_gemma4_001\ocr_route_scan_pack_tesseract_full\ocr_text\t_p_120_1176_p000036.txt,repaired_from_ocr_scan_pack,True,[],graph_source_map_plus_validated_evidence_links,False,True,validated_page_or_evidence_summary,False,True,joined_target_specific_dry_run_plans,"[""postgres_graph"", ""qdrant"", ""opensearch""]","{""opensearch"": ""ready"", ""postgres_graph"": ""ready"", ""qdrant"": ""ready""}","{""opensearch"": [], ""postgres_graph"": [], ""qdrant"": []}","[""postgres_graph"", ""qdrant"", ""opensearch""]",True,True,True,False,[],ready_dry_run_only,validated_table_or_exact_evidence,False,True
False,False,True,False,table,False,"[""postgres_graph"", ""qdrant"", ""opensearch""]",True,t_p_120_1176_p000037,37,True,True,00000037.tif,37,21a57ad769f763ef5d1d71eaf7fda32b2d77a2dd80fec29122e29967f6f7e514,00000037.tif,False,validated_graph_semantic_and_exact_index,False,False,False,table,local_data\organization\trace_net\raw_to_answer_context_engineered_native_gemma4_001\ocr_route_scan_pack_tesseract_full\page_images\t_p_120_1176_p000037.tif,local_data\organization\trace_net\raw_to_answer_context_engineered_native_gemma4_001\ocr_route_scan_pack_tesseract_full\ocr_text\t_p_120_1176_p000037.txt,repaired_from_ocr_scan_pack,True,[],graph_source_map_plus_validated_evidence_links,False,True,validated_page_or_evidence_summary,False,True,joined_target_specific_dry_run_plans,"[""postgres_graph"", ""qdrant"", ""opensearch""]","{""opensearch"": ""ready"", ""postgres_graph"": ""ready"", ""qdrant"": ""ready""}","{""opensearch"": [], ""postgres_graph"": [], ""qdrant"": []}","[""postgres_graph"", ""qdrant"", ""opensearch""]",True,True,True,False,[],ready_dry_run_only,validated_table_or_exact_evidence,False,True
False,False,True,False,table,False,"[""postgres_graph"", ""qdrant"", ""opensearch""]",True,t_p_120_1176_p000038,38,True,True,00000038.tif,38,f1e5cdc190a911666b7e3cb909842cc8a54da8a96ff0f332e3151b0b4ffbce9b,00000038.tif,False,validated_graph_semantic_and_exact_index,False,False,False,table,local_data\organization\trace_net\raw_to_answer_context_engineered_native_gemma4_001\ocr_route_scan_pack_tesseract_full\page_images\t_p_120_1176_p000038.tif,local_data\organization\trace_net\raw_to_answer_context_engineered_native_gemma4_001\ocr_route_scan_pack_tesseract_full\ocr_text\t_p_120_1176_p000038.txt,repaired_from_ocr_scan_pack,True,[],graph_source_map_plus_validated_evidence_links,False,True,validated_page_or_evidence_summary,False,True,joined_target_specific_dry_run_plans,"[""postgres_graph"", ""qdrant"", ""opensearch""]","{""opensearch"": ""ready"", ""postgres_graph"": ""ready"", ""qdrant"": ""ready""}","{""opensearch"": [], ""postgres_graph"": [], ""qdrant"": []}","[""postgres_graph"", ""qdrant"", ""opensearch""]",True,True,True,False,[],ready_dry_run_only,validated_table_or_exact_evidence,False,True
False,False,True,False,table,False,"[""postgres_graph"", ""qdrant"", ""opensearch""]",True,t_p_120_1176_p000039,39,True,True,00000039.tif,39,cf3ead0071db78055b52e89eaabec8035071e320c756e97bcd24e5c8c104e8ab,00000039.tif,False,validated_graph_semantic_and_exact_index,False,False,False,table,local_data\organization\trace_net\raw_to_answer_context_engineered_native_gemma4_001\ocr_route_scan_pack_tesseract_full\page_images\t_p_120_1176_p000039.tif,local_data\organization\trace_net\raw_to_answer_context_engineered_native_gemma4_001\ocr_route_scan_pack_tesseract_full\ocr_text\t_p_120_1176_p000039.txt,repaired_from_ocr_scan_pack,True,[],graph_source_map_plus_validated_evidence_links,False,True,validated_page_or_evidence_summary,False,True,joined_target_specific_dry_run_plans,"[""postgres_graph"", ""qdrant"", ""opensearch""]","{""opensearch"": ""ready"", ""postgres_graph"": ""ready"", ""qdrant"": ""ready""}","{""opensearch"": [], ""postgres_graph"": [], ""qdrant"": []}","[""postgres_graph"", ""qdrant"", ""opensearch""]",True,True,True,False,[],ready_dry_run_only,validated_table_or_exact_evidence,False,True
False,False,True,False,table,False,"[""postgres_graph"", ""qdrant"", ""opensearch""]",True,t_p_120_1176_p000040,40,True,True,00000040.tif,40,8abcd8efc6617e9723d9e9aa27d64774d492e7b8dd66f4e908bf7eade815374c,00000040.tif,False,validated_graph_semantic_and_exact_index,False,False,False,table,local_data\organization\trace_net\raw_to_answer_context_engineered_native_gemma4_001\ocr_route_scan_pack_tesseract_full\page_images\t_p_120_1176_p000040.tif,local_data\organization\trace_net\raw_to_answer_context_engineered_native_gemma4_001\ocr_route_scan_pack_tesseract_full\ocr_text\t_p_120_1176_p000040.txt,repaired_from_ocr_scan_pack,True,[],graph_source_map_plus_validated_evidence_links,False,True,validated_page_or_evidence_summary,False,True,joined_target_specific_dry_run_plans,"[""postgres_graph"", ""qdrant"", ""opensearch""]","{""opensearch"": ""ready"", ""postgres_graph"": ""ready"", ""qdrant"": ""ready""}","{""opensearch"": [], ""postgres_graph"": [], ""qdrant"": []}","[""postgres_graph"", ""qdrant"", ""opensearch""]",True,True,True,False,[],ready_dry_run_only,validated_table_or_exact_evidence,False,True
False,False,True,False,table,False,"[""postgres_graph"", ""qdrant"", ""opensearch""]",True,t_p_120_1176_p000041,41,True,True,00000041.tif,41,36c99007748a4631e63c4196a907c28d3e0e4d3eb46289404dee416bdd010d2e,00000041.tif,False,validated_graph_semantic_and_exact_index,False,False,False,table,local_data\organization\trace_net\raw_to_answer_context_engineered_native_gemma4_001\ocr_route_scan_pack_tesseract_full\page_images\t_p_120_1176_p000041.tif,local_data\organization\trace_net\raw_to_answer_context_engineered_native_gemma4_001\ocr_route_scan_pack_tesseract_full\ocr_text\t_p_120_1176_p000041.txt,repaired_from_ocr_scan_pack,True,[],graph_source_map_plus_validated_evidence_links,False,True,validated_page_or_evidence_summary,False,True,joined_target_specific_dry_run_plans,"[""postgres_graph"", ""qdrant"", ""opensearch""]","{""opensearch"": ""ready"", ""postgres_graph"": ""ready"", ""qdrant"": ""ready""}","{""opensearch"": [], ""postgres_graph"": [], ""qdrant"": []}","[""postgres_graph"", ""qdrant"", ""opensearch""]",True,True,True,False,[],ready_dry_run_only,validated_table_or_exact_evidence,False,True
False,False,True,False,table,False,"[""postgres_graph"", ""qdrant"", ""opensearch""]",True,t_p_120_1176_p000042,42,True,True,00000042.tif,42,8f8f137c719e5278cd0122221826c2c6eabae43b4fab7a4b7cf3b35adbfb5244,00000042.tif,False,validated_graph_semantic_and_exact_index,False,False,False,table,local_data\organization\trace_net\raw_to_answer_context_engineered_native_gemma4_001\ocr_route_scan_pack_tesseract_full\page_images\t_p_120_1176_p000042.tif,local_data\organization\trace_net\raw_to_answer_context_engineered_native_gemma4_001\ocr_route_scan_pack_tesseract_full\ocr_text\t_p_120_1176_p000042.txt,repaired_from_ocr_scan_pack,True,[],graph_source_map_plus_validated_evidence_links,False,True,validated_page_or_evidence_summary,False,True,joined_target_specific_dry_run_plans,"[""postgres_graph"", ""qdrant"", ""opensearch""]","{""opensearch"": ""ready"", ""postgres_graph"": ""ready"", ""qdrant"": ""ready""}","{""opensearch"": [], ""postgres_graph"": [], ""qdrant"": []}","[""postgres_graph"", ""qdrant"", ""opensearch""]",True,True,True,False,[],ready_dry_run_only,validated_table_or_exact_evidence,False,True
False,False,True,False,table,False,"[""postgres_graph"", ""qdrant"", ""opensearch""]",True,t_p_120_1176_p000043,43,True,True,00000043.tif,43,5e01a0c542a57e698728787ba5cc4200bed284077da5b5adb2d9adff7231fef2,00000043.tif,False,validated_graph_semantic_and_exact_index,False,False,False,table,local_data\organization\trace_net\raw_to_answer_context_engineered_native_gemma4_001\ocr_route_scan_pack_tesseract_full\page_images\t_p_120_1176_p000043.tif,local_data\organization\trace_net\raw_to_answer_context_engineered_native_gemma4_001\ocr_route_scan_pack_tesseract_full\ocr_text\t_p_120_1176_p000043.txt,repaired_from_ocr_scan_pack,True,[],graph_source_map_plus_validated_evidence_links,False,True,validated_page_or_evidence_summary,False,True,joined_target_specific_dry_run_plans,"[""postgres_graph"", ""qdrant"", ""opensearch""]","{""opensearch"": ""ready"", ""postgres_graph"": ""ready"", ""qdrant"": ""ready""}","{""opensearch"": [], ""postgres_graph"": [], ""qdrant"": []}","[""postgres_graph"", ""qdrant"", ""opensearch""]",True,True,True,False,[],ready_dry_run_only,validated_table_or_exact_evidence,False,True
False,False,True,False,table,False,"[""postgres_graph"", ""qdrant"", ""opensearch""]",True,t_p_120_1176_p000044,44,True,True,00000044.tif,44,37b9f10ec494298972520493693cc7c0ddd96ad638ca889d5f2798b48ae28d9c,00000044.tif,False,validated_graph_semantic_and_exact_index,False,False,False,table,local_data\organization\trace_net\raw_to_answer_context_engineered_native_gemma4_001\ocr_route_scan_pack_tesseract_full\page_images\t_p_120_1176_p000044.tif,local_data\organization\trace_net\raw_to_answer_context_engineered_native_gemma4_001\ocr_route_scan_pack_tesseract_full\ocr_text\t_p_120_1176_p000044.txt,repaired_from_ocr_scan_pack,True,[],graph_source_map_plus_validated_evidence_links,False,True,validated_page_or_evidence_summary,False,True,joined_target_specific_dry_run_plans,"[""postgres_graph"", ""qdrant"", ""opensearch""]","{""opensearch"": ""ready"", ""postgres_graph"": ""ready"", ""qdrant"": ""ready""}","{""opensearch"": [], ""postgres_graph"": [], ""qdrant"": []}","[""postgres_graph"", ""qdrant"", ""opensearch""]",True,True,True,False,[],ready_dry_run_only,validated_table_or_exact_evidence,False,True
False,False,True,False,table,False,"[""postgres_graph"", ""qdrant"", ""opensearch""]",True,t_p_120_1176_p000045,45,True,True,00000045.tif,45,53cdcd406800ffd8f8c7f062ababe097a6126caa647f8522e563a824f52d46ef,00000045.tif,False,validated_graph_semantic_and_exact_index,False,False,False,table,local_data\organization\trace_net\raw_to_answer_context_engineered_native_gemma4_001\ocr_route_scan_pack_tesseract_full\page_images\t_p_120_1176_p000045.tif,local_data\organization\trace_net\raw_to_answer_context_engineered_native_gemma4_001\ocr_route_scan_pack_tesseract_full\ocr_text\t_p_120_1176_p000045.txt,repaired_from_ocr_scan_pack,True,[],graph_source_map_plus_validated_evidence_links,False,True,validated_page_or_evidence_summary,False,True,joined_target_specific_dry_run_plans,"[""postgres_graph"", ""qdrant"", ""opensearch""]","{""opensearch"": ""ready"", ""postgres_graph"": ""ready"", ""qdrant"": ""ready""}","{""opensearch"": [], ""postgres_graph"": [], ""qdrant"": []}","[""postgres_graph"", ""qdrant"", ""opensearch""]",True,True,True,False,[],ready_dry_run_only,validated_table_or_exact_evidence,False,True
False,False,True,False,table,False,"[""postgres_graph"", ""qdrant"", ""opensearch""]",True,t_p_120_1176_p000046,46,True,True,00000046.tif,46,26b6146548dc9fb23b9b0d77dd6534c883481eed5c5e2446f2ec40d37e042a37,00000046.tif,False,validated_graph_semantic_and_exact_index,False,False,False,table,local_data\organization\trace_net\raw_to_answer_context_engineered_native_gemma4_001\ocr_route_scan_pack_tesseract_full\page_images\t_p_120_1176_p000046.tif,local_data\organization\trace_net\raw_to_answer_context_engineered_native_gemma4_001\ocr_route_scan_pack_tesseract_full\ocr_text\t_p_120_1176_p000046.txt,repaired_from_ocr_scan_pack,True,[],graph_source_map_plus_validated_evidence_links,False,True,validated_page_or_evidence_summary,False,True,joined_target_specific_dry_run_plans,"[""postgres_graph"", ""qdrant"", ""opensearch""]","{""opensearch"": ""ready"", ""postgres_graph"": ""ready"", ""qdrant"": ""ready""}","{""opensearch"": [], ""postgres_graph"": [], ""qdrant"": []}","[""postgres_graph"", ""qdrant"", ""opensearch""]",True,True,True,False,[],ready_dry_run_only,validated_table_or_exact_evidence,False,True
False,False,True,False,table,False,"[""postgres_graph"", ""qdrant"", ""opensearch""]",True,t_p_120_1176_p000047,47,True,True,00000047.tif,47,d37bc74ecccd66ac4fb0e449abb7de4d99bb023035988132e087a8805994cc31,00000047.tif,False,validated_graph_semantic_and_exact_index,False,False,False,table,local_data\organization\trace_net\raw_to_answer_context_engineered_native_gemma4_001\ocr_route_scan_pack_tesseract_full\page_images\t_p_120_1176_p000047.tif,local_data\organization\trace_net\raw_to_answer_context_engineered_native_gemma4_001\ocr_route_scan_pack_tesseract_full\ocr_text\t_p_120_1176_p000047.txt,repaired_from_ocr_scan_pack,True,[],graph_source_map_plus_validated_evidence_links,False,True,validated_page_or_evidence_summary,False,True,joined_target_specific_dry_run_plans,"[""postgres_graph"", ""qdrant"", ""opensearch""]","{""opensearch"": ""ready"", ""postgres_graph"": ""ready"", ""qdrant"": ""ready""}","{""opensearch"": [], ""postgres_graph"": [], ""qdrant"": []}","[""postgres_graph"", ""qdrant"", ""opensearch""]",True,True,True,False,[],ready_dry_run_only,validated_table_or_exact_evidence,False,True
False,False,True,False,table,False,"[""postgres_graph"", ""qdrant"", ""opensearch""]",True,t_p_120_1176_p000048,48,True,True,00000048.tif,48,df6a74a3c6beb19e00922e329c04d28f1ab536b43f2eb0f7598d3ad4cd9306a9,00000048.tif,False,validated_graph_semantic_and_exact_index,False,False,False,table,local_data\organization\trace_net\raw_to_answer_context_engineered_native_gemma4_001\ocr_route_scan_pack_tesseract_full\page_images\t_p_120_1176_p000048.tif,local_data\organization\trace_net\raw_to_answer_context_engineered_native_gemma4_001\ocr_route_scan_pack_tesseract_full\ocr_text\t_p_120_1176_p000048.txt,repaired_from_ocr_scan_pack,True,[],graph_source_map_plus_validated_evidence_links,False,True,validated_page_or_evidence_summary,False,True,joined_target_specific_dry_run_plans,"[""postgres_graph"", ""qdrant"", ""opensearch""]","{""opensearch"": ""ready"", ""postgres_graph"": ""ready"", ""qdrant"": ""ready""}","{""opensearch"": [], ""postgres_graph"": [], ""qdrant"": []}","[""postgres_graph"", ""qdrant"", ""opensearch""]",True,True,True,False,[],ready_dry_run_only,validated_table_or_exact_evidence,False,True
False,False,True,False,table,False,"[""postgres_graph"", ""qdrant"", ""opensearch""]",True,t_p_120_1176_p000049,49,True,True,00000049.tif,49,2bee995de2523168f83f30860355b6be6fba0140fbd8933b7b06b97f1388679c,00000049.tif,False,validated_graph_semantic_and_exact_index,False,False,False,table,local_data\organization\trace_net\raw_to_answer_context_engineered_native_gemma4_001\ocr_route_scan_pack_tesseract_full\page_images\t_p_120_1176_p000049.tif,local_data\organization\trace_net\raw_to_answer_context_engineered_native_gemma4_001\ocr_route_scan_pack_tesseract_full\ocr_text\t_p_120_1176_p000049.txt,repaired_from_ocr_scan_pack,True,[],graph_source_map_plus_validated_evidence_links,False,True,validated_page_or_evidence_summary,False,True,joined_target_specific_dry_run_plans,"[""postgres_graph"", ""qdrant"", ""opensearch""]","{""opensearch"": ""ready"", ""postgres_graph"": ""ready"", ""qdrant"": ""ready""}","{""opensearch"": [], ""postgres_graph"": [], ""qdrant"": []}","[""postgres_graph"", ""qdrant"", ""opensearch""]",True,True,True,False,[],ready_dry_run_only,validated_table_or_exact_evidence,False,True
False,False,True,False,table,False,"[""postgres_graph"", ""qdrant"", ""opensearch""]",True,t_p_120_1176_p000050,50,True,True,00000050.tif,50,9ee4d4d61937ecbf5aadf56f4092e79043293a4d5ab153fcf55fa42ddbe8e44d,00000050.tif,False,validated_graph_semantic_and_exact_index,False,False,False,table,local_data\organization\trace_net\raw_to_answer_context_engineered_native_gemma4_001\ocr_route_scan_pack_tesseract_full\page_images\t_p_120_1176_p000050.tif,local_data\organization\trace_net\raw_to_answer_context_engineered_native_gemma4_001\ocr_route_scan_pack_tesseract_full\ocr_text\t_p_120_1176_p000050.txt,repaired_from_ocr_scan_pack,True,[],graph_source_map_plus_validated_evidence_links,False,True,validated_page_or_evidence_summary,False,True,joined_target_specific_dry_run_plans,"[""postgres_graph"", ""qdrant"", ""opensearch""]","{""opensearch"": ""ready"", ""postgres_graph"": ""ready"", ""qdrant"": ""ready""}","{""opensearch"": [], ""postgres_graph"": [], ""qdrant"": []}","[""postgres_graph"", ""qdrant"", ""opensearch""]",True,True,True,False,[],ready_dry_run_only,validated_table_or_exact_evidence,False,True
False,False,True,False,table,False,"[""postgres_graph"", ""qdrant"", ""opensearch""]",True,t_p_120_1176_p000051,51,True,True,00000051.tif,51,128c469bbb31db471750f61566452a9ec03719616a59dc92b33f6ef91935d922,00000051.tif,False,validated_graph_semantic_and_exact_index,False,False,False,table,local_data\organization\trace_net\raw_to_answer_context_engineered_native_gemma4_001\ocr_route_scan_pack_tesseract_full\page_images\t_p_120_1176_p000051.tif,local_data\organization\trace_net\raw_to_answer_context_engineered_native_gemma4_001\ocr_route_scan_pack_tesseract_full\ocr_text\t_p_120_1176_p000051.txt,repaired_from_ocr_scan_pack,True,[],graph_source_map_plus_validated_evidence_links,False,True,validated_page_or_evidence_summary,False,True,joined_target_specific_dry_run_plans,"[""postgres_graph"", ""qdrant"", ""opensearch""]","{""opensearch"": ""ready"", ""postgres_graph"": ""ready"", ""qdrant"": ""ready""}","{""opensearch"": [], ""postgres_graph"": [], ""qdrant"": []}","[""postgres_graph"", ""qdrant"", ""opensearch""]",True,True,True,False,[],ready_dry_run_only,validated_table_or_exact_evidence,False,True
False,False,True,False,table,False,"[""postgres_graph"", ""qdrant"", ""opensearch""]",True,t_p_120_1176_p000052,52,True,True,00000052.tif,52,705cb63f1050b86540725821b5dec8220f63ab8ac38c445654eb173262a88362,00000052.tif,False,validated_graph_semantic_and_exact_index,False,False,False,table,local_data\organization\trace_net\raw_to_answer_context_engineered_native_gemma4_001\ocr_route_scan_pack_tesseract_full\page_images\t_p_120_1176_p000052.tif,local_data\organization\trace_net\raw_to_answer_context_engineered_native_gemma4_001\ocr_route_scan_pack_tesseract_full\ocr_text\t_p_120_1176_p000052.txt,repaired_from_ocr_scan_pack,True,[],graph_source_map_plus_validated_evidence_links,False,True,validated_page_or_evidence_summary,False,True,joined_target_specific_dry_run_plans,"[""postgres_graph"", ""qdrant"", ""opensearch""]","{""opensearch"": ""ready"", ""postgres_graph"": ""ready"", ""qdrant"": ""ready""}","{""opensearch"": [], ""postgres_graph"": [], ""qdrant"": []}","[""postgres_graph"", ""qdrant"", ""opensearch""]",True,True,True,False,[],ready_dry_run_only,validated_table_or_exact_evidence,False,True
False,False,True,False,table,False,"[""postgres_graph"", ""qdrant"", ""opensearch""]",True,t_p_120_1176_p000053,53,True,True,00000053.tif,53,56d0e761205606bd53d3288722f738e6824dab60cb68bf8ec06e39bb19f1b5ff,00000053.tif,False,validated_graph_semantic_and_exact_index,False,False,False,table,local_data\organization\trace_net\raw_to_answer_context_engineered_native_gemma4_001\ocr_route_scan_pack_tesseract_full\page_images\t_p_120_1176_p000053.tif,local_data\organization\trace_net\raw_to_answer_context_engineered_native_gemma4_001\ocr_route_scan_pack_tesseract_full\ocr_text\t_p_120_1176_p000053.txt,repaired_from_ocr_scan_pack,True,[],graph_source_map_plus_validated_evidence_links,False,True,validated_page_or_evidence_summary,False,True,joined_target_specific_dry_run_plans,"[""postgres_graph"", ""qdrant"", ""opensearch""]","{""opensearch"": ""ready"", ""postgres_graph"": ""ready"", ""qdrant"": ""ready""}","{""opensearch"": [], ""postgres_graph"": [], ""qdrant"": []}","[""postgres_graph"", ""qdrant"", ""opensearch""]",True,True,True,False,[],ready_dry_run_only,validated_table_or_exact_evidence,False,True
False,False,True,False,table,False,"[""postgres_graph"", ""qdrant"", ""opensearch""]",True,t_p_120_1176_p000054,54,True,True,00000054.tif,54,1145f8508c6d17f4fe15abdc5e6714f1b1227d05b695c0b68faac0adc2c37334,00000054.tif,False,validated_graph_semantic_and_exact_index,False,False,False,table,local_data\organization\trace_net\raw_to_answer_context_engineered_native_gemma4_001\ocr_route_scan_pack_tesseract_full\page_images\t_p_120_1176_p000054.tif,local_data\organization\trace_net\raw_to_answer_context_engineered_native_gemma4_001\ocr_route_scan_pack_tesseract_full\ocr_text\t_p_120_1176_p000054.txt,repaired_from_ocr_scan_pack,True,[],graph_source_map_plus_validated_evidence_links,False,True,validated_page_or_evidence_summary,False,True,joined_target_specific_dry_run_plans,"[""postgres_graph"", ""qdrant"", ""opensearch""]","{""opensearch"": ""ready"", ""postgres_graph"": ""ready"", ""qdrant"": ""ready""}","{""opensearch"": [], ""postgres_graph"": [], ""qdrant"": []}","[""postgres_graph"", ""qdrant"", ""opensearch""]",True,True,True,False,[],ready_dry_run_only,validated_table_or_exact_evidence,False,True
False,False,True,False,table,False,"[""postgres_graph"", ""qdrant"", ""opensearch""]",True,t_p_120_1176_p000055,55,True,True,00000055.tif,55,be1a6d7a948bf87c345c9f3bc171ce7de6ac33be440ab0bebe8005f081b6e5ef,00000055.tif,False,validated_graph_semantic_and_exact_index,False,False,False,table,local_data\organization\trace_net\raw_to_answer_context_engineered_native_gemma4_001\ocr_route_scan_pack_tesseract_full\page_images\t_p_120_1176_p000055.tif,local_data\organization\trace_net\raw_to_answer_context_engineered_native_gemma4_001\ocr_route_scan_pack_tesseract_full\ocr_text\t_p_120_1176_p000055.txt,repaired_from_ocr_scan_pack,True,[],graph_source_map_plus_validated_evidence_links,False,True,validated_page_or_evidence_summary,False,True,joined_target_specific_dry_run_plans,"[""postgres_graph"", ""qdrant"", ""opensearch""]","{""opensearch"": ""ready"", ""postgres_graph"": ""ready"", ""qdrant"": ""ready""}","{""opensearch"": [], ""postgres_graph"": [], ""qdrant"": []}","[""postgres_graph"", ""qdrant"", ""opensearch""]",True,True,True,False,[],ready_dry_run_only,validated_table_or_exact_evidence,False,True
False,False,True,False,table,False,"[""postgres_graph"", ""qdrant"", ""opensearch""]",True,t_p_120_1176_p000056,56,True,True,00000056.tif,56,4e6fb9737a4927625baf671c159f866215d44d4d6f35f81716702e8ba1898304,00000056.tif,False,validated_graph_semantic_and_exact_index,False,False,False,table,local_data\organization\trace_net\raw_to_answer_context_engineered_native_gemma4_001\ocr_route_scan_pack_tesseract_full\page_images\t_p_120_1176_p000056.tif,local_data\organization\trace_net\raw_to_answer_context_engineered_native_gemma4_001\ocr_route_scan_pack_tesseract_full\ocr_text\t_p_120_1176_p000056.txt,repaired_from_ocr_scan_pack,True,[],graph_source_map_plus_validated_evidence_links,False,True,validated_page_or_evidence_summary,False,True,joined_target_specific_dry_run_plans,"[""postgres_graph"", ""qdrant"", ""opensearch""]","{""opensearch"": ""ready"", ""postgres_graph"": ""ready"", ""qdrant"": ""ready""}","{""opensearch"": [], ""postgres_graph"": [], ""qdrant"": []}","[""postgres_graph"", ""qdrant"", ""opensearch""]",True,True,True,False,[],ready_dry_run_only,validated_table_or_exact_evidence,False,True
False,False,True,False,table,False,"[""postgres_graph"", ""qdrant"", ""opensearch""]",True,t_p_120_1176_p000057,57,True,True,00000057.tif,57,794af0ee3c91b9cfec4e3d8bf486fd1b3a9fcb2322d1634f5121d3ead4452d5f,00000057.tif,False,validated_graph_semantic_and_exact_index,False,False,False,table,local_data\organization\trace_net\raw_to_answer_context_engineered_native_gemma4_001\ocr_route_scan_pack_tesseract_full\page_images\t_p_120_1176_p000057.tif,local_data\organization\trace_net\raw_to_answer_context_engineered_native_gemma4_001\ocr_route_scan_pack_tesseract_full\ocr_text\t_p_120_1176_p000057.txt,repaired_from_ocr_scan_pack,True,[],graph_source_map_plus_validated_evidence_links,False,True,validated_page_or_evidence_summary,False,True,joined_target_specific_dry_run_plans,"[""postgres_graph"", ""qdrant"", ""opensearch""]","{""opensearch"": ""ready"", ""postgres_graph"": ""ready"", ""qdrant"": ""ready""}","{""opensearch"": [], ""postgres_graph"": [], ""qdrant"": []}","[""postgres_graph"", ""qdrant"", ""opensearch""]",True,True,True,False,[],ready_dry_run_only,validated_table_or_exact_evidence,False,True
False,False,True,False,table,False,"[""postgres_graph"", ""qdrant"", ""opensearch""]",True,t_p_120_1176_p000058,58,True,True,00000058.tif,58,735337afb66d7bf1a8a6d2b7627709070161346ccc9d2a6d443346dc09f48761,00000058.tif,False,validated_graph_semantic_and_exact_index,False,False,False,table,local_data\organization\trace_net\raw_to_answer_context_engineered_native_gemma4_001\ocr_route_scan_pack_tesseract_full\page_images\t_p_120_1176_p000058.tif,local_data\organization\trace_net\raw_to_answer_context_engineered_native_gemma4_001\ocr_route_scan_pack_tesseract_full\ocr_text\t_p_120_1176_p000058.txt,repaired_from_ocr_scan_pack,True,[],graph_source_map_plus_validated_evidence_links,False,True,validated_page_or_evidence_summary,False,True,joined_target_specific_dry_run_plans,"[""postgres_graph"", ""qdrant"", ""opensearch""]","{""opensearch"": ""ready"", ""postgres_graph"": ""ready"", ""qdrant"": ""ready""}","{""opensearch"": [], ""postgres_graph"": [], ""qdrant"": []}","[""postgres_graph"", ""qdrant"", ""opensearch""]",True,True,True,False,[],ready_dry_run_only,validated_table_or_exact_evidence,False,True
False,False,True,False,table,False,"[""postgres_graph"", ""qdrant"", ""opensearch""]",True,t_p_120_1176_p000059,59,True,True,00000059.tif,59,af975414bad97dc43d9b0a4f12be5749396aab69c0e08af9181e6a0702ab96ac,00000059.tif,False,validated_graph_semantic_and_exact_index,False,False,False,table,local_data\organization\trace_net\raw_to_answer_context_engineered_native_gemma4_001\ocr_route_scan_pack_tesseract_full\page_images\t_p_120_1176_p000059.tif,local_data\organization\trace_net\raw_to_answer_context_engineered_native_gemma4_001\ocr_route_scan_pack_tesseract_full\ocr_text\t_p_120_1176_p000059.txt,repaired_from_ocr_scan_pack,True,[],graph_source_map_plus_validated_evidence_links,False,True,validated_page_or_evidence_summary,False,True,joined_target_specific_dry_run_plans,"[""postgres_graph"", ""qdrant"", ""opensearch""]","{""opensearch"": ""ready"", ""postgres_graph"": ""ready"", ""qdrant"": ""ready""}","{""opensearch"": [], ""postgres_graph"": [], ""qdrant"": []}","[""postgres_graph"", ""qdrant"", ""opensearch""]",True,True,True,False,[],ready_dry_run_only,validated_table_or_exact_evidence,False,True
False,False,True,False,table,False,"[""postgres_graph"", ""qdrant"", ""opensearch""]",True,t_p_120_1176_p000060,60,True,True,00000060.tif,60,d93f0c425fdaa3515d29c2c140a6090816565672f6dd758901b65c9c0200a866,00000060.tif,False,validated_graph_semantic_and_exact_index,False,False,False,table,local_data\organization\trace_net\raw_to_answer_context_engineered_native_gemma4_001\ocr_route_scan_pack_tesseract_full\page_images\t_p_120_1176_p000060.tif,local_data\organization\trace_net\raw_to_answer_context_engineered_native_gemma4_001\ocr_route_scan_pack_tesseract_full\ocr_text\t_p_120_1176_p000060.txt,repaired_from_ocr_scan_pack,True,[],graph_source_map_plus_validated_evidence_links,False,True,validated_page_or_evidence_summary,False,True,joined_target_specific_dry_run_plans,"[""postgres_graph"", ""qdrant"", ""opensearch""]","{""opensearch"": ""ready"", ""postgres_graph"": ""ready"", ""qdrant"": ""ready""}","{""opensearch"": [], ""postgres_graph"": [], ""qdrant"": []}","[""postgres_graph"", ""qdrant"", ""opensearch""]",True,True,True,False,[],ready_dry_run_only,validated_table_or_exact_evidence,False,True
False,False,True,False,table,False,"[""postgres_graph"", ""qdrant"", ""opensearch""]",True,t_p_120_1176_p000061,61,True,True,00000061.tif,61,cbf100dadc9f46067114f1f46bd5a4f253aeed9d59c70610c89ce8a0d1f73546,00000061.tif,False,validated_graph_semantic_and_exact_index,False,False,False,table,local_data\organization\trace_net\raw_to_answer_context_engineered_native_gemma4_001\ocr_route_scan_pack_tesseract_full\page_images\t_p_120_1176_p000061.tif,local_data\organization\trace_net\raw_to_answer_context_engineered_native_gemma4_001\ocr_route_scan_pack_tesseract_full\ocr_text\t_p_120_1176_p000061.txt,repaired_from_ocr_scan_pack,True,[],graph_source_map_plus_validated_evidence_links,False,True,validated_page_or_evidence_summary,False,True,joined_target_specific_dry_run_plans,"[""postgres_graph"", ""qdrant"", ""opensearch""]","{""opensearch"": ""ready"", ""postgres_graph"": ""ready"", ""qdrant"": ""ready""}","{""opensearch"": [], ""postgres_graph"": [], ""qdrant"": []}","[""postgres_graph"", ""qdrant"", ""opensearch""]",True,True,True,False,[],ready_dry_run_only,validated_table_or_exact_evidence,False,True
False,False,True,False,table,False,"[""postgres_graph"", ""qdrant"", ""opensearch""]",True,t_p_120_1176_p000062,62,True,True,00000062.tif,62,0acdbb204c2477a769f9468cb984a963f242dbc2784b3a710642fa6502bed9f2,00000062.tif,False,validated_graph_semantic_and_exact_index,False,False,False,table,local_data\organization\trace_net\raw_to_answer_context_engineered_native_gemma4_001\ocr_route_scan_pack_tesseract_full\page_images\t_p_120_1176_p000062.tif,local_data\organization\trace_net\raw_to_answer_context_engineered_native_gemma4_001\ocr_route_scan_pack_tesseract_full\ocr_text\t_p_120_1176_p000062.txt,repaired_from_ocr_scan_pack,True,[],graph_source_map_plus_validated_evidence_links,False,True,validated_page_or_evidence_summary,False,True,joined_target_specific_dry_run_plans,"[""postgres_graph"", ""qdrant"", ""opensearch""]","{""opensearch"": ""ready"", ""postgres_graph"": ""ready"", ""qdrant"": ""ready""}","{""opensearch"": [], ""postgres_graph"": [], ""qdrant"": []}","[""postgres_graph"", ""qdrant"", ""opensearch""]",True,True,True,False,[],ready_dry_run_only,validated_table_or_exact_evidence,False,True
False,False,True,False,table,False,"[""postgres_graph"", ""qdrant"", ""opensearch""]",True,t_p_120_1176_p000063,63,True,True,00000063.tif,63,637d047f00688d2833ae92d76139d962296ea719f86212082ff900e2232fe42f,00000063.tif,False,validated_graph_semantic_and_exact_index,False,False,False,table,local_data\organization\trace_net\raw_to_answer_context_engineered_native_gemma4_001\ocr_route_scan_pack_tesseract_full\page_images\t_p_120_1176_p000063.tif,local_data\organization\trace_net\raw_to_answer_context_engineered_native_gemma4_001\ocr_route_scan_pack_tesseract_full\ocr_text\t_p_120_1176_p000063.txt,repaired_from_ocr_scan_pack,True,[],graph_source_map_plus_validated_evidence_links,False,True,validated_page_or_evidence_summary,False,True,joined_target_specific_dry_run_plans,"[""postgres_graph"", ""qdrant"", ""opensearch""]","{""opensearch"": ""ready"", ""postgres_graph"": ""ready"", ""qdrant"": ""ready""}","{""opensearch"": [], ""postgres_graph"": [], ""qdrant"": []}","[""postgres_graph"", ""qdrant"", ""opensearch""]",True,True,True,False,[],ready_dry_run_only,validated_table_or_exact_evidence,False,True
False,False,True,False,table,False,"[""postgres_graph"", ""qdrant"", ""opensearch""]",True,t_p_120_1176_p000064,64,True,True,00000064.tif,64,861c0593338515e0c69e2dead566f0dc4256728e2a445f2251e57d2413e8dc0e,00000064.tif,False,validated_graph_semantic_and_exact_index,False,False,False,table,local_data\organization\trace_net\raw_to_answer_context_engineered_native_gemma4_001\ocr_route_scan_pack_tesseract_full\page_images\t_p_120_1176_p000064.tif,local_data\organization\trace_net\raw_to_answer_context_engineered_native_gemma4_001\ocr_route_scan_pack_tesseract_full\ocr_text\t_p_120_1176_p000064.txt,repaired_from_ocr_scan_pack,True,[],graph_source_map_plus_validated_evidence_links,False,True,validated_page_or_evidence_summary,False,True,joined_target_specific_dry_run_plans,"[""postgres_graph"", ""qdrant"", ""opensearch""]","{""opensearch"": ""ready"", ""postgres_graph"": ""ready"", ""qdrant"": ""ready""}","{""opensearch"": [], ""postgres_graph"": [], ""qdrant"": []}","[""postgres_graph"", ""qdrant"", ""opensearch""]",True,True,True,False,[],ready_dry_run_only,validated_table_or_exact_evidence,False,True
False,False,True,False,table,False,"[""postgres_graph"", ""qdrant"", ""opensearch""]",True,t_p_120_1176_p000065,65,True,True,00000065.tif,65,9e653b24af5bea3cdab6210cb3985630680286d970799032d5dd8f6cebfadbf8,00000065.tif,False,validated_graph_semantic_and_exact_index,False,False,False,table,local_data\organization\trace_net\raw_to_answer_context_engineered_native_gemma4_001\ocr_route_scan_pack_tesseract_full\page_images\t_p_120_1176_p000065.tif,local_data\organization\trace_net\raw_to_answer_context_engineered_native_gemma4_001\ocr_route_scan_pack_tesseract_full\ocr_text\t_p_120_1176_p000065.txt,repaired_from_ocr_scan_pack,True,[],graph_source_map_plus_validated_evidence_links,False,True,validated_page_or_evidence_summary,False,True,joined_target_specific_dry_run_plans,"[""postgres_graph"", ""qdrant"", ""opensearch""]","{""opensearch"": ""ready"", ""postgres_graph"": ""ready"", ""qdrant"": ""ready""}","{""opensearch"": [], ""postgres_graph"": [], ""qdrant"": []}","[""postgres_graph"", ""qdrant"", ""opensearch""]",True,True,True,False,[],ready_dry_run_only,validated_table_or_exact_evidence,False,True
False,False,True,False,table,False,"[""postgres_graph"", ""qdrant"", ""opensearch""]",True,t_p_120_1176_p000066,66,True,True,00000066.tif,66,acff3165a00403861c788ea5a0701f902da15be37d5237a28d069d190bbe4e1a,00000066.tif,False,validated_graph_semantic_and_exact_index,False,False,False,table,local_data\organization\trace_net\raw_to_answer_context_engineered_native_gemma4_001\ocr_route_scan_pack_tesseract_full\page_images\t_p_120_1176_p000066.tif,local_data\organization\trace_net\raw_to_answer_context_engineered_native_gemma4_001\ocr_route_scan_pack_tesseract_full\ocr_text\t_p_120_1176_p000066.txt,repaired_from_ocr_scan_pack,True,[],graph_source_map_plus_validated_evidence_links,False,True,validated_page_or_evidence_summary,False,True,joined_target_specific_dry_run_plans,"[""postgres_graph"", ""qdrant"", ""opensearch""]","{""opensearch"": ""ready"", ""postgres_graph"": ""ready"", ""qdrant"": ""ready""}","{""opensearch"": [], ""postgres_graph"": [], ""qdrant"": []}","[""postgres_graph"", ""qdrant"", ""opensearch""]",True,True,True,False,[],ready_dry_run_only,validated_table_or_exact_evidence,False,True
False,False,True,False,table,False,"[""postgres_graph"", ""qdrant"", ""opensearch""]",True,t_p_120_1176_p000067,67,True,True,00000067.tif,67,5c2916f344432b8e5dc4ef7fd99329c8e41d89bc6fb18146da1bd2dc8d91b4d0,00000067.tif,False,validated_graph_semantic_and_exact_index,False,False,False,table,local_data\organization\trace_net\raw_to_answer_context_engineered_native_gemma4_001\ocr_route_scan_pack_tesseract_full\page_images\t_p_120_1176_p000067.tif,local_data\organization\trace_net\raw_to_answer_context_engineered_native_gemma4_001\ocr_route_scan_pack_tesseract_full\ocr_text\t_p_120_1176_p000067.txt,repaired_from_ocr_scan_pack,True,[],graph_source_map_plus_validated_evidence_links,False,True,validated_page_or_evidence_summary,False,True,joined_target_specific_dry_run_plans,"[""postgres_graph"", ""qdrant"", ""opensearch""]","{""opensearch"": ""ready"", ""postgres_graph"": ""ready"", ""qdrant"": ""ready""}","{""opensearch"": [], ""postgres_graph"": [], ""qdrant"": []}","[""postgres_graph"", ""qdrant"", ""opensearch""]",True,True,True,False,[],ready_dry_run_only,validated_table_or_exact_evidence,False,True
False,False,True,False,table,False,"[""postgres_graph"", ""qdrant"", ""opensearch""]",True,t_p_120_1176_p000068,68,True,True,00000068.tif,68,82b6c607350ef901e6985adc7d6b68162c67e10b9b1242fd8ccd8f788a09bf05,00000068.tif,False,validated_graph_semantic_and_exact_index,False,False,False,table,local_data\organization\trace_net\raw_to_answer_context_engineered_native_gemma4_001\ocr_route_scan_pack_tesseract_full\page_images\t_p_120_1176_p000068.tif,local_data\organization\trace_net\raw_to_answer_context_engineered_native_gemma4_001\ocr_route_scan_pack_tesseract_full\ocr_text\t_p_120_1176_p000068.txt,repaired_from_ocr_scan_pack,True,[],graph_source_map_plus_validated_evidence_links,False,True,validated_page_or_evidence_summary,False,True,joined_target_specific_dry_run_plans,"[""postgres_graph"", ""qdrant"", ""opensearch""]","{""opensearch"": ""ready"", ""postgres_graph"": ""ready"", ""qdrant"": ""ready""}","{""opensearch"": [], ""postgres_graph"": [], ""qdrant"": []}","[""postgres_graph"", ""qdrant"", ""opensearch""]",True,True,True,False,[],ready_dry_run_only,validated_table_or_exact_evidence,False,True
False,False,True,False,table,False,"[""postgres_graph"", ""qdrant"", ""opensearch""]",True,t_p_120_1176_p000069,69,True,True,00000069.tif,69,276cab2d09747278ee33b265ba4fbd7e0c863e13e16c407e277e9ade75030e30,00000069.tif,False,validated_graph_semantic_and_exact_index,False,False,False,table,local_data\organization\trace_net\raw_to_answer_context_engineered_native_gemma4_001\ocr_route_scan_pack_tesseract_full\page_images\t_p_120_1176_p000069.tif,local_data\organization\trace_net\raw_to_answer_context_engineered_native_gemma4_001\ocr_route_scan_pack_tesseract_full\ocr_text\t_p_120_1176_p000069.txt,repaired_from_ocr_scan_pack,True,[],graph_source_map_plus_validated_evidence_links,False,True,validated_page_or_evidence_summary,False,True,joined_target_specific_dry_run_plans,"[""postgres_graph"", ""qdrant"", ""opensearch""]","{""opensearch"": ""ready"", ""postgres_graph"": ""ready"", ""qdrant"": ""ready""}","{""opensearch"": [], ""postgres_graph"": [], ""qdrant"": []}","[""postgres_graph"", ""qdrant"", ""opensearch""]",True,True,True,False,[],ready_dry_run_only,validated_table_or_exact_evidence,False,True
False,False,True,False,table,False,"[""postgres_graph"", ""qdrant"", ""opensearch""]",True,t_p_120_1176_p000070,70,True,True,00000070.tif,70,cabb1c8f8863274f653f36eda229554c7ef9678443e41e005ad797140f47b916,00000070.tif,False,validated_graph_semantic_and_exact_index,False,False,False,table,local_data\organization\trace_net\raw_to_answer_context_engineered_native_gemma4_001\ocr_route_scan_pack_tesseract_full\page_images\t_p_120_1176_p000070.tif,local_data\organization\trace_net\raw_to_answer_context_engineered_native_gemma4_001\ocr_route_scan_pack_tesseract_full\ocr_text\t_p_120_1176_p000070.txt,repaired_from_ocr_scan_pack,True,[],graph_source_map_plus_validated_evidence_links,False,True,validated_page_or_evidence_summary,False,True,joined_target_specific_dry_run_plans,"[""postgres_graph"", ""qdrant"", ""opensearch""]","{""opensearch"": ""ready"", ""postgres_graph"": ""ready"", ""qdrant"": ""ready""}","{""opensearch"": [], ""postgres_graph"": [], ""qdrant"": []}","[""postgres_graph"", ""qdrant"", ""opensearch""]",True,True,True,False,[],ready_dry_run_only,validated_table_or_exact_evidence,False,True
False,False,True,False,table,False,"[""postgres_graph"", ""qdrant"", ""opensearch""]",True,t_p_120_1176_p000071,71,True,True,00000071.tif,71,e5e0b3b863126aca6c15a96304236f999494bb250c65d3d1f1b71a3a33152b81,00000071.tif,False,validated_graph_semantic_and_exact_index,False,False,False,table,local_data\organization\trace_net\raw_to_answer_context_engineered_native_gemma4_001\ocr_route_scan_pack_tesseract_full\page_images\t_p_120_1176_p000071.tif,local_data\organization\trace_net\raw_to_answer_context_engineered_native_gemma4_001\ocr_route_scan_pack_tesseract_full\ocr_text\t_p_120_1176_p000071.txt,repaired_from_ocr_scan_pack,True,[],graph_source_map_plus_validated_evidence_links,False,True,validated_page_or_evidence_summary,False,True,joined_target_specific_dry_run_plans,"[""postgres_graph"", ""qdrant"", ""opensearch""]","{""opensearch"": ""ready"", ""postgres_graph"": ""ready"", ""qdrant"": ""ready""}","{""opensearch"": [], ""postgres_graph"": [], ""qdrant"": []}","[""postgres_graph"", ""qdrant"", ""opensearch""]",True,True,True,False,[],ready_dry_run_only,validated_table_or_exact_evidence,False,True
False,False,True,False,table,False,"[""postgres_graph"", ""qdrant"", ""opensearch""]",True,t_p_120_1176_p000072,72,True,True,00000072.tif,72,7c2ec763b2244f742f1074c25a0906d656d9e2bfbe3672087c94a9dede50463c,00000072.tif,False,validated_graph_semantic_and_exact_index,False,False,False,table,local_data\organization\trace_net\raw_to_answer_context_engineered_native_gemma4_001\ocr_route_scan_pack_tesseract_full\page_images\t_p_120_1176_p000072.tif,local_data\organization\trace_net\raw_to_answer_context_engineered_native_gemma4_001\ocr_route_scan_pack_tesseract_full\ocr_text\t_p_120_1176_p000072.txt,repaired_from_ocr_scan_pack,True,[],graph_source_map_plus_validated_evidence_links,False,True,validated_page_or_evidence_summary,False,True,joined_target_specific_dry_run_plans,"[""postgres_graph"", ""qdrant"", ""opensearch""]","{""opensearch"": ""ready"", ""postgres_graph"": ""ready"", ""qdrant"": ""ready""}","{""opensearch"": [], ""postgres_graph"": [], ""qdrant"": []}","[""postgres_graph"", ""qdrant"", ""opensearch""]",True,True,True,False,[],ready_dry_run_only,validated_table_or_exact_evidence,False,True
False,False,True,False,table,False,"[""postgres_graph"", ""qdrant"", ""opensearch""]",True,t_p_120_1176_p000073,73,True,True,00000073.tif,73,b4ef11a637eec265fcdaa26f565657fa788efaa2057d763f728cbab8367f9a93,00000073.tif,False,validated_graph_semantic_and_exact_index,False,False,False,table,local_data\organization\trace_net\raw_to_answer_context_engineered_native_gemma4_001\ocr_route_scan_pack_tesseract_full\page_images\t_p_120_1176_p000073.tif,local_data\organization\trace_net\raw_to_answer_context_engineered_native_gemma4_001\ocr_route_scan_pack_tesseract_full\ocr_text\t_p_120_1176_p000073.txt,repaired_from_ocr_scan_pack,True,[],graph_source_map_plus_validated_evidence_links,False,True,validated_page_or_evidence_summary,False,True,joined_target_specific_dry_run_plans,"[""postgres_graph"", ""qdrant"", ""opensearch""]","{""opensearch"": ""ready"", ""postgres_graph"": ""ready"", ""qdrant"": ""ready""}","{""opensearch"": [], ""postgres_graph"": [], ""qdrant"": []}","[""postgres_graph"", ""qdrant"", ""opensearch""]",True,True,True,False,[],ready_dry_run_only,validated_table_or_exact_evidence,False,True
False,False,True,False,table,False,"[""postgres_graph"", ""qdrant"", ""opensearch""]",True,t_p_120_1176_p000074,74,True,True,00000074.tif,74,2d61d0c87f77e774d5e03c01f494c9848338b9472096901de6c00152741cd935,00000074.tif,False,validated_graph_semantic_and_exact_index,False,False,False,table,local_data\organization\trace_net\raw_to_answer_context_engineered_native_gemma4_001\ocr_route_scan_pack_tesseract_full\page_images\t_p_120_1176_p000074.tif,local_data\organization\trace_net\raw_to_answer_context_engineered_native_gemma4_001\ocr_route_scan_pack_tesseract_full\ocr_text\t_p_120_1176_p000074.txt,repaired_from_ocr_scan_pack,True,[],graph_source_map_plus_validated_evidence_links,False,True,validated_page_or_evidence_summary,False,True,joined_target_specific_dry_run_plans,"[""postgres_graph"", ""qdrant"", ""opensearch""]","{""opensearch"": ""ready"", ""postgres_graph"": ""ready"", ""qdrant"": ""ready""}","{""opensearch"": [], ""postgres_graph"": [], ""qdrant"": []}","[""postgres_graph"", ""qdrant"", ""opensearch""]",True,True,True,False,[],ready_dry_run_only,validated_table_or_exact_evidence,False,True
False,False,True,False,table,False,"[""postgres_graph"", ""qdrant"", ""opensearch""]",True,t_p_120_1176_p000075,75,True,True,00000075.tif,75,6cee623c93733cfafb8f8096590ce5ee89535c43db33fcfb57d88fc5eed7e300,00000075.tif,False,validated_graph_semantic_and_exact_index,False,False,False,table,local_data\organization\trace_net\raw_to_answer_context_engineered_native_gemma4_001\ocr_route_scan_pack_tesseract_full\page_images\t_p_120_1176_p000075.tif,local_data\organization\trace_net\raw_to_answer_context_engineered_native_gemma4_001\ocr_route_scan_pack_tesseract_full\ocr_text\t_p_120_1176_p000075.txt,repaired_from_ocr_scan_pack,True,[],graph_source_map_plus_validated_evidence_links,False,True,validated_page_or_evidence_summary,False,True,joined_target_specific_dry_run_plans,"[""postgres_graph"", ""qdrant"", ""opensearch""]","{""opensearch"": ""ready"", ""postgres_graph"": ""ready"", ""qdrant"": ""ready""}","{""opensearch"": [], ""postgres_graph"": [], ""qdrant"": []}","[""postgres_graph"", ""qdrant"", ""opensearch""]",True,True,True,False,[],ready_dry_run_only,validated_table_or_exact_evidence,False,True
False,False,True,False,table,False,"[""postgres_graph"", ""qdrant"", ""opensearch""]",True,t_p_120_1176_p000076,76,True,True,00000076.tif,76,5b0bdf7c8825620bbe1620bb241486c7f4991fca6c4fae2d23b646820e772510,00000076.tif,False,validated_graph_semantic_and_exact_index,False,False,False,table,local_data\organization\trace_net\raw_to_answer_context_engineered_native_gemma4_001\ocr_route_scan_pack_tesseract_full\page_images\t_p_120_1176_p000076.tif,local_data\organization\trace_net\raw_to_answer_context_engineered_native_gemma4_001\ocr_route_scan_pack_tesseract_full\ocr_text\t_p_120_1176_p000076.txt,repaired_from_ocr_scan_pack,True,[],graph_source_map_plus_validated_evidence_links,False,True,validated_page_or_evidence_summary,False,True,joined_target_specific_dry_run_plans,"[""postgres_graph"", ""qdrant"", ""opensearch""]","{""opensearch"": ""ready"", ""postgres_graph"": ""ready"", ""qdrant"": ""ready""}","{""opensearch"": [], ""postgres_graph"": [], ""qdrant"": []}","[""postgres_graph"", ""qdrant"", ""opensearch""]",True,True,True,False,[],ready_dry_run_only,validated_table_or_exact_evidence,False,True
False,False,True,False,table,False,"[""postgres_graph"", ""qdrant"", ""opensearch""]",True,t_p_120_1176_p000077,77,True,True,00000077.tif,77,6b0b4dfe32811cf1a27dac72de6166a520223d04305f76d89f7c0691c88f9022,00000077.tif,False,validated_graph_semantic_and_exact_index,False,False,False,table,local_data\organization\trace_net\raw_to_answer_context_engineered_native_gemma4_001\ocr_route_scan_pack_tesseract_full\page_images\t_p_120_1176_p000077.tif,local_data\organization\trace_net\raw_to_answer_context_engineered_native_gemma4_001\ocr_route_scan_pack_tesseract_full\ocr_text\t_p_120_1176_p000077.txt,repaired_from_ocr_scan_pack,True,[],graph_source_map_plus_validated_evidence_links,False,True,validated_page_or_evidence_summary,False,True,joined_target_specific_dry_run_plans,"[""postgres_graph"", ""qdrant"", ""opensearch""]","{""opensearch"": ""ready"", ""postgres_graph"": ""ready"", ""qdrant"": ""ready""}","{""opensearch"": [], ""postgres_graph"": [], ""qdrant"": []}","[""postgres_graph"", ""qdrant"", ""opensearch""]",True,True,True,False,[],ready_dry_run_only,validated_table_or_exact_evidence,False,True
False,False,True,False,table,False,"[""postgres_graph"", ""qdrant"", ""opensearch""]",True,t_p_120_1176_p000078,78,True,True,00000078.tif,78,27c65b50353da4d2d1ff91a8814e694b8f5e8ffa2e878c319a00148bddf32d98,00000078.tif,False,validated_graph_semantic_and_exact_index,False,False,False,table,local_data\organization\trace_net\raw_to_answer_context_engineered_native_gemma4_001\ocr_route_scan_pack_tesseract_full\page_images\t_p_120_1176_p000078.tif,local_data\organization\trace_net\raw_to_answer_context_engineered_native_gemma4_001\ocr_route_scan_pack_tesseract_full\ocr_text\t_p_120_1176_p000078.txt,repaired_from_ocr_scan_pack,True,[],graph_source_map_plus_validated_evidence_links,False,True,validated_page_or_evidence_summary,False,True,joined_target_specific_dry_run_plans,"[""postgres_graph"", ""qdrant"", ""opensearch""]","{""opensearch"": ""ready"", ""postgres_graph"": ""ready"", ""qdrant"": ""ready""}","{""opensearch"": [], ""postgres_graph"": [], ""qdrant"": []}","[""postgres_graph"", ""qdrant"", ""opensearch""]",True,True,True,False,[],ready_dry_run_only,validated_table_or_exact_evidence,False,True
False,True,True,True,blank,False,"[""postgres_graph""]",False,t_p_120_1176_p000079,79,True,False,00000079.tif,79,c6716fc2bc6bf8865e9c841f14b2afa4e5dcf8a50d03b6ecc0653fa875237f5d,00000079.tif,False,graph_only_blank,False,False,False,blank,local_data\organization\trace_net\raw_to_answer_context_engineered_native_gemma4_001\ocr_route_scan_pack_tesseract_full\page_images\t_p_120_1176_p000079.tif,,repaired_from_ocr_scan_pack,True,[],graph_source_map_only,False,True,,,,joined_target_specific_dry_run_plans,"[""postgres_graph""]","{""postgres_graph"": ""ready""}","{""postgres_graph"": []}","[""postgres_graph""]",True,False,False,False,[],ready_dry_run_only,,,
False,True,True,True,plain_text,False,"[""postgres_graph""]",False,t_p_120_1176_p000080,80,True,False,00000080.tif,80,1f5a8581343fb15133bc164a6f2fef9e1571bca921e58cc4b065da756146b5f3,00000080.tif,False,graph_only_validator_gated,False,True,False,plain_text,local_data\organization\trace_net\raw_to_answer_context_engineered_native_gemma4_001\ocr_route_scan_pack_tesseract_full\page_images\t_p_120_1176_p000080.tif,local_data\organization\trace_net\raw_to_answer_context_engineered_native_gemma4_001\ocr_route_scan_pack_tesseract_full\ocr_text\t_p_120_1176_p000080.txt,repaired_from_ocr_scan_pack,True,[],graph_source_map_only,False,True,,,,joined_target_specific_dry_run_plans,"[""postgres_graph""]","{""postgres_graph"": ""ready""}","{""postgres_graph"": []}","[""postgres_graph""]",True,False,False,False,[],ready_dry_run_only,,,
False,True,True,True,table,False,"[""postgres_graph""]",False,t_p_120_1176_p000081,81,True,False,00000081.tif,81,7207a362d803106c1abaf49a07d0367213dc7dcd6ed43d8237f4e9f96dd7c693,00000081.tif,False,graph_only_validator_gated,False,True,False,table,local_data\organization\trace_net\raw_to_answer_context_engineered_native_gemma4_001\ocr_route_scan_pack_tesseract_full\page_images\t_p_120_1176_p000081.tif,local_data\organization\trace_net\raw_to_answer_context_engineered_native_gemma4_001\ocr_route_scan_pack_tesseract_full\ocr_text\t_p_120_1176_p000081.txt,repaired_from_ocr_scan_pack,True,[],graph_source_map_only,False,True,,,,joined_target_specific_dry_run_plans,"[""postgres_graph""]","{""postgres_graph"": ""ready""}","{""postgres_graph"": []}","[""postgres_graph""]",True,False,False,False,[],ready_dry_run_only,,,
False,False,True,False,table,False,"[""postgres_graph"", ""qdrant"", ""opensearch""]",True,t_p_120_1176_p000082,82,True,True,00000082.tif,82,75d16921a3e0afbd14fed642fc8775bcf7d4f2f9082290b444c2d72d067d9ae5,00000082.tif,False,validated_graph_semantic_and_exact_index,False,False,False,table,local_data\organization\trace_net\raw_to_answer_context_engineered_native_gemma4_001\ocr_route_scan_pack_tesseract_full\page_images\t_p_120_1176_p000082.tif,local_data\organization\trace_net\raw_to_answer_context_engineered_native_gemma4_001\ocr_route_scan_pack_tesseract_full\ocr_text\t_p_120_1176_p000082.txt,repaired_from_ocr_scan_pack,True,[],graph_source_map_plus_validated_evidence_links,False,True,validated_page_or_evidence_summary,False,True,joined_target_specific_dry_run_plans,"[""postgres_graph"", ""qdrant"", ""opensearch""]","{""opensearch"": ""ready"", ""postgres_graph"": ""ready"", ""qdrant"": ""ready""}","{""opensearch"": [], ""postgres_graph"": [], ""qdrant"": []}","[""postgres_graph"", ""qdrant"", ""opensearch""]",True,True,True,False,[],ready_dry_run_only,validated_table_or_exact_evidence,False,True
False,False,True,False,table,False,"[""postgres_graph"", ""qdrant"", ""opensearch""]",True,t_p_120_1176_p000083,83,True,True,00000083.tif,83,1dbff6ac5e6ccdee9fd875e7b63fafebdb4f446482df3ada0a0b5a124ce493f7,00000083.tif,False,validated_graph_semantic_and_exact_index,False,False,False,table,local_data\organization\trace_net\raw_to_answer_context_engineered_native_gemma4_001\ocr_route_scan_pack_tesseract_full\page_images\t_p_120_1176_p000083.tif,local_data\organization\trace_net\raw_to_answer_context_engineered_native_gemma4_001\ocr_route_scan_pack_tesseract_full\ocr_text\t_p_120_1176_p000083.txt,repaired_from_ocr_scan_pack,True,[],graph_source_map_plus_validated_evidence_links,False,True,validated_page_or_evidence_summary,False,True,joined_target_specific_dry_run_plans,"[""postgres_graph"", ""qdrant"", ""opensearch""]","{""opensearch"": ""ready"", ""postgres_graph"": ""ready"", ""qdrant"": ""ready""}","{""opensearch"": [], ""postgres_graph"": [], ""qdrant"": []}","[""postgres_graph"", ""qdrant"", ""opensearch""]",True,True,True,False,[],ready_dry_run_only,validated_table_or_exact_evidence,False,True
False,True,True,True,table,False,"[""postgres_graph""]",False,t_p_120_1176_p000084,84,True,False,00000084.tif,84,b876f0d0f0b52e8f8348e40cff3c8b55f8295afe45657633aa23947d4b8257e1,00000084.tif,False,graph_only_validator_gated,False,True,False,table,local_data\organization\trace_net\raw_to_answer_context_engineered_native_gemma4_001\ocr_route_scan_pack_tesseract_full\page_images\t_p_120_1176_p000084.tif,local_data\organization\trace_net\raw_to_answer_context_engineered_native_gemma4_001\ocr_route_scan_pack_tesseract_full\ocr_text\t_p_120_1176_p000084.txt,repaired_from_ocr_scan_pack,True,[],graph_source_map_only,False,True,,,,joined_target_specific_dry_run_plans,"[""postgres_graph""]","{""postgres_graph"": ""ready""}","{""postgres_graph"": []}","[""postgres_graph""]",True,False,False,False,[],ready_dry_run_only,,,
False,False,True,False,table,False,"[""postgres_graph"", ""qdrant"", ""opensearch""]",True,t_p_120_1176_p000085,85,True,True,00000085.tif,85,107a00213b8870401e892812265b591de047ab379fd694679f3f04a2115e0b40,00000085.tif,False,validated_graph_semantic_and_exact_index,False,False,False,table,local_data\organization\trace_net\raw_to_answer_context_engineered_native_gemma4_001\ocr_route_scan_pack_tesseract_full\page_images\t_p_120_1176_p000085.tif,local_data\organization\trace_net\raw_to_answer_context_engineered_native_gemma4_001\ocr_route_scan_pack_tesseract_full\ocr_text\t_p_120_1176_p000085.txt,repaired_from_ocr_scan_pack,True,[],graph_source_map_plus_validated_evidence_links,False,True,validated_page_or_evidence_summary,False,True,joined_target_specific_dry_run_plans,"[""postgres_graph"", ""qdrant"", ""opensearch""]","{""opensearch"": ""ready"", ""postgres_graph"": ""ready"", ""qdrant"": ""ready""}","{""opensearch"": [], ""postgres_graph"": [], ""qdrant"": []}","[""postgres_graph"", ""qdrant"", ""opensearch""]",True,True,True,False,[],ready_dry_run_only,validated_table_or_exact_evidence,False,True
False,False,True,False,table,False,"[""postgres_graph"", ""qdrant"", ""opensearch""]",True,t_p_120_1176_p000086,86,True,True,00000086.tif,86,587b436f84728ee5fbacba343bea7123a4d78615176a272c41a7247ca5ed69c1,00000086.tif,False,validated_graph_semantic_and_exact_index,False,False,False,table,local_data\organization\trace_net\raw_to_answer_context_engineered_native_gemma4_001\ocr_route_scan_pack_tesseract_full\page_images\t_p_120_1176_p000086.tif,local_data\organization\trace_net\raw_to_answer_context_engineered_native_gemma4_001\ocr_route_scan_pack_tesseract_full\ocr_text\t_p_120_1176_p000086.txt,repaired_from_ocr_scan_pack,True,[],graph_source_map_plus_validated_evidence_links,False,True,validated_page_or_evidence_summary,False,True,joined_target_specific_dry_run_plans,"[""postgres_graph"", ""qdrant"", ""opensearch""]","{""opensearch"": ""ready"", ""postgres_graph"": ""ready"", ""qdrant"": ""ready""}","{""opensearch"": [], ""postgres_graph"": [], ""qdrant"": []}","[""postgres_graph"", ""qdrant"", ""opensearch""]",True,True,True,False,[],ready_dry_run_only,validated_table_or_exact_evidence,False,True
False,False,True,False,plain_text,False,"[""postgres_graph"", ""qdrant""]",False,t_p_120_1176_p000087,87,True,True,00000087.tif,87,a38cceb31044be884a1ae5d808ea1250f672b8a881b6df780c44cd5211befe94,00000087.tif,False,validated_graph_and_semantic_index,False,False,False,plain_text,local_data\organization\trace_net\raw_to_answer_context_engineered_native_gemma4_001\ocr_route_scan_pack_tesseract_full\page_images\t_p_120_1176_p000087.tif,local_data\organization\trace_net\raw_to_answer_context_engineered_native_gemma4_001\ocr_route_scan_pack_tesseract_full\ocr_text\t_p_120_1176_p000087.txt,repaired_from_ocr_scan_pack,True,[],graph_source_map_plus_validated_evidence_links,False,True,validated_page_or_evidence_summary,False,True,joined_target_specific_dry_run_plans,"[""postgres_graph"", ""qdrant""]","{""postgres_graph"": ""ready"", ""qdrant"": ""ready""}","{""postgres_graph"": [], ""qdrant"": []}","[""postgres_graph"", ""qdrant""]",True,True,False,False,[],ready_dry_run_only,,,
False,False,True,False,table,False,"[""postgres_graph"", ""qdrant"", ""opensearch""]",True,t_p_120_1176_p000088,88,True,True,00000088.tif,88,0c4939b0341d4ae73d56b42ac7227dbc52c949c60e35db805c465ddcc5051a0b,00000088.tif,False,validated_graph_semantic_and_exact_index,False,False,False,table,local_data\organization\trace_net\raw_to_answer_context_engineered_native_gemma4_001\ocr_route_scan_pack_tesseract_full\page_images\t_p_120_1176_p000088.tif,local_data\organization\trace_net\raw_to_answer_context_engineered_native_gemma4_001\ocr_route_scan_pack_tesseract_full\ocr_text\t_p_120_1176_p000088.txt,repaired_from_ocr_scan_pack,True,[],graph_source_map_plus_validated_evidence_links,False,True,validated_page_or_evidence_summary,False,True,joined_target_specific_dry_run_plans,"[""postgres_graph"", ""qdrant"", ""opensearch""]","{""opensearch"": ""ready"", ""postgres_graph"": ""ready"", ""qdrant"": ""ready""}","{""opensearch"": [], ""postgres_graph"": [], ""qdrant"": []}","[""postgres_graph"", ""qdrant"", ""opensearch""]",True,True,True,False,[],ready_dry_run_only,validated_table_or_exact_evidence,False,True
False,False,True,False,table,False,"[""postgres_graph"", ""qdrant"", ""opensearch""]",True,t_p_120_1176_p000089,89,True,True,00000089.tif,89,09d56f0db9f142f1613f2c598596d9d69fde6936a72070bb2925e3494c872ee0,00000089.tif,False,validated_graph_semantic_and_exact_index,False,False,False,table,local_data\organization\trace_net\raw_to_answer_context_engineered_native_gemma4_001\ocr_route_scan_pack_tesseract_full\page_images\t_p_120_1176_p000089.tif,local_data\organization\trace_net\raw_to_answer_context_engineered_native_gemma4_001\ocr_route_scan_pack_tesseract_full\ocr_text\t_p_120_1176_p000089.txt,repaired_from_ocr_scan_pack,True,[],graph_source_map_plus_validated_evidence_links,False,True,validated_page_or_evidence_summary,False,True,joined_target_specific_dry_run_plans,"[""postgres_graph"", ""qdrant"", ""opensearch""]","{""opensearch"": ""ready"", ""postgres_graph"": ""ready"", ""qdrant"": ""ready""}","{""opensearch"": [], ""postgres_graph"": [], ""qdrant"": []}","[""postgres_graph"", ""qdrant"", ""opensearch""]",True,True,True,False,[],ready_dry_run_only,validated_table_or_exact_evidence,False,True
False,False,True,False,plain_text,False,"[""postgres_graph"", ""qdrant""]",False,t_p_120_1176_p000090,90,True,True,00000090.tif,90,c11445c89bcddc330736e60470d74fdb9397434fc3bbcef0d01a16fedb9f8088,00000090.tif,False,validated_graph_and_semantic_index,False,False,False,plain_text,local_data\organization\trace_net\raw_to_answer_context_engineered_native_gemma4_001\ocr_route_scan_pack_tesseract_full\page_images\t_p_120_1176_p000090.tif,local_data\organization\trace_net\raw_to_answer_context_engineered_native_gemma4_001\ocr_route_scan_pack_tesseract_full\ocr_text\t_p_120_1176_p000090.txt,repaired_from_ocr_scan_pack,True,[],graph_source_map_plus_validated_evidence_links,False,True,validated_page_or_evidence_summary,False,True,joined_target_specific_dry_run_plans,"[""postgres_graph"", ""qdrant""]","{""postgres_graph"": ""ready"", ""qdrant"": ""ready""}","{""postgres_graph"": [], ""qdrant"": []}","[""postgres_graph"", ""qdrant""]",True,True,False,False,[],ready_dry_run_only,,,
False,True,True,True,blank,False,"[""postgres_graph""]",False,t_p_120_1176_p000091,91,True,False,00000091.tif,91,2db6de3e538590ffc8a153fefa4407f4386e50f610e1b4dfe24b95bf64af75ed,00000091.tif,False,graph_only_blank,False,False,False,blank,local_data\organization\trace_net\raw_to_answer_context_engineered_native_gemma4_001\ocr_route_scan_pack_tesseract_full\page_images\t_p_120_1176_p000091.tif,,repaired_from_ocr_scan_pack,True,[],graph_source_map_only,False,True,,,,joined_target_specific_dry_run_plans,"[""postgres_graph""]","{""postgres_graph"": ""ready""}","{""postgres_graph"": []}","[""postgres_graph""]",True,False,False,False,[],ready_dry_run_only,,,
False,False,True,False,table,False,"[""postgres_graph"", ""qdrant"", ""opensearch""]",True,t_p_120_1176_p000092,92,True,True,00000092.tif,92,e889d97e8a20854c34b2bb626d9880602e6dcae048f9d5f81f9ea0e6a39ce5dd,00000092.tif,False,validated_graph_semantic_and_exact_index,False,False,False,table,local_data\organization\trace_net\raw_to_answer_context_engineered_native_gemma4_001\ocr_route_scan_pack_tesseract_full\page_images\t_p_120_1176_p000092.tif,local_data\organization\trace_net\raw_to_answer_context_engineered_native_gemma4_001\ocr_route_scan_pack_tesseract_full\ocr_text\t_p_120_1176_p000092.txt,repaired_from_ocr_scan_pack,True,[],graph_source_map_plus_validated_evidence_links,False,True,validated_page_or_evidence_summary,False,True,joined_target_specific_dry_run_plans,"[""postgres_graph"", ""qdrant"", ""opensearch""]","{""opensearch"": ""ready"", ""postgres_graph"": ""ready"", ""qdrant"": ""ready""}","{""opensearch"": [], ""postgres_graph"": [], ""qdrant"": []}","[""postgres_graph"", ""qdrant"", ""opensearch""]",True,True,True,False,[],ready_dry_run_only,validated_table_or_exact_evidence,False,True
False,False,True,False,plain_text,False,"[""postgres_graph"", ""qdrant""]",False,t_p_120_1176_p000093,93,True,True,00000093.tif,93,96b08716ab2e09c0a34c31ee2b282c24c5bd0ad0acf27ed75c53bd55255218e9,00000093.tif,False,validated_graph_and_semantic_index,False,False,False,plain_text,local_data\organization\trace_net\raw_to_answer_context_engineered_native_gemma4_001\ocr_route_scan_pack_tesseract_full\page_images\t_p_120_1176_p000093.tif,local_data\organization\trace_net\raw_to_answer_context_engineered_native_gemma4_001\ocr_route_scan_pack_tesseract_full\ocr_text\t_p_120_1176_p000093.txt,repaired_from_ocr_scan_pack,True,[],graph_source_map_plus_validated_evidence_links,False,True,validated_page_or_evidence_summary,False,True,joined_target_specific_dry_run_plans,"[""postgres_graph"", ""qdrant""]","{""postgres_graph"": ""ready"", ""qdrant"": ""ready""}","{""postgres_graph"": [], ""qdrant"": []}","[""postgres_graph"", ""qdrant""]",True,True,False,False,[],ready_dry_run_only,,,
False,True,True,True,table,False,"[""postgres_graph""]",False,t_p_120_1176_p000094,94,True,False,00000094.tif,94,e5a73e62d11e8aedd77ec845a823ea4e129d29ec2aa061f17d3630d7cd1bebb5,00000094.tif,False,graph_only_validator_gated,False,True,False,table,local_data\organization\trace_net\raw_to_answer_context_engineered_native_gemma4_001\ocr_route_scan_pack_tesseract_full\page_images\t_p_120_1176_p000094.tif,local_data\organization\trace_net\raw_to_answer_context_engineered_native_gemma4_001\ocr_route_scan_pack_tesseract_full\ocr_text\t_p_120_1176_p000094.txt,repaired_from_ocr_scan_pack,True,[],graph_source_map_only,False,True,,,,joined_target_specific_dry_run_plans,"[""postgres_graph""]","{""postgres_graph"": ""ready""}","{""postgres_graph"": []}","[""postgres_graph""]",True,False,False,False,[],ready_dry_run_only,,,
False,False,True,False,table,False,"[""postgres_graph"", ""qdrant"", ""opensearch""]",True,t_p_120_1176_p000095,95,True,True,00000095.tif,95,54b2346051107a572f935aa3f05eab3c311fc239faf077a2e00119753ee5cc7d,00000095.tif,False,validated_graph_semantic_and_exact_index,False,False,False,table,local_data\organization\trace_net\raw_to_answer_context_engineered_native_gemma4_001\ocr_route_scan_pack_tesseract_full\page_images\t_p_120_1176_p000095.tif,local_data\organization\trace_net\raw_to_answer_context_engineered_native_gemma4_001\ocr_route_scan_pack_tesseract_full\ocr_text\t_p_120_1176_p000095.txt,repaired_from_ocr_scan_pack,True,[],graph_source_map_plus_validated_evidence_links,False,True,validated_page_or_evidence_summary,False,True,joined_target_specific_dry_run_plans,"[""postgres_graph"", ""qdrant"", ""opensearch""]","{""opensearch"": ""ready"", ""postgres_graph"": ""ready"", ""qdrant"": ""ready""}","{""opensearch"": [], ""postgres_graph"": [], ""qdrant"": []}","[""postgres_graph"", ""qdrant"", ""opensearch""]",True,True,True,False,[],ready_dry_run_only,validated_table_or_exact_evidence,False,True
False,False,True,False,table,False,"[""postgres_graph"", ""qdrant"", ""opensearch""]",True,t_p_120_1176_p000096,96,True,True,00000096.tif,96,ac4ab12b4a86fba23b053f402e4b6c063124b0807e881ebb7901d88a6b54a438,00000096.tif,False,validated_graph_semantic_and_exact_index,False,False,False,table,local_data\organization\trace_net\raw_to_answer_context_engineered_native_gemma4_001\ocr_route_scan_pack_tesseract_full\page_images\t_p_120_1176_p000096.tif,local_data\organization\trace_net\raw_to_answer_context_engineered_native_gemma4_001\ocr_route_scan_pack_tesseract_full\ocr_text\t_p_120_1176_p000096.txt,repaired_from_ocr_scan_pack,True,[],graph_source_map_plus_validated_evidence_links,False,True,validated_page_or_evidence_summary,False,True,joined_target_specific_dry_run_plans,"[""postgres_graph"", ""qdrant"", ""opensearch""]","{""opensearch"": ""ready"", ""postgres_graph"": ""ready"", ""qdrant"": ""ready""}","{""opensearch"": [], ""postgres_graph"": [], ""qdrant"": []}","[""postgres_graph"", ""qdrant"", ""opensearch""]",True,True,True,False,[],ready_dry_run_only,validated_table_or_exact_evidence,False,True
False,False,True,False,plain_text,False,"[""postgres_graph"", ""qdrant""]",False,t_p_120_1176_p000097,97,True,True,00000097.tif,97,28370c9c9c56162f36c813392c0b074c5419f584695f9dc2d7a9acd7051c4b18,00000097.tif,False,validated_graph_and_semantic_index,False,False,False,plain_text,local_data\organization\trace_net\raw_to_answer_context_engineered_native_gemma4_001\ocr_route_scan_pack_tesseract_full\page_images\t_p_120_1176_p000097.tif,local_data\organization\trace_net\raw_to_answer_context_engineered_native_gemma4_001\ocr_route_scan_pack_tesseract_full\ocr_text\t_p_120_1176_p000097.txt,repaired_from_ocr_scan_pack,True,[],graph_source_map_plus_validated_evidence_links,False,True,validated_page_or_evidence_summary,False,True,joined_target_specific_dry_run_plans,"[""postgres_graph"", ""qdrant""]","{""postgres_graph"": ""ready"", ""qdrant"": ""ready""}","{""postgres_graph"": [], ""qdrant"": []}","[""postgres_graph"", ""qdrant""]",True,True,False,False,[],ready_dry_run_only,,,
False,False,True,False,table,False,"[""postgres_graph"", ""qdrant"", ""opensearch""]",True,t_p_120_1176_p000098,98,True,True,00000098.tif,98,eaf296f476d37c9530542182554c664a940e0d3a48ffd75b373f1a05303972ca,00000098.tif,False,validated_graph_semantic_and_exact_index,False,False,False,table,local_data\organization\trace_net\raw_to_answer_context_engineered_native_gemma4_001\ocr_route_scan_pack_tesseract_full\page_images\t_p_120_1176_p000098.tif,local_data\organization\trace_net\raw_to_answer_context_engineered_native_gemma4_001\ocr_route_scan_pack_tesseract_full\ocr_text\t_p_120_1176_p000098.txt,repaired_from_ocr_scan_pack,True,[],graph_source_map_plus_validated_evidence_links,False,True,validated_page_or_evidence_summary,False,True,joined_target_specific_dry_run_plans,"[""postgres_graph"", ""qdrant"", ""opensearch""]","{""opensearch"": ""ready"", ""postgres_graph"": ""ready"", ""qdrant"": ""ready""}","{""opensearch"": [], ""postgres_graph"": [], ""qdrant"": []}","[""postgres_graph"", ""qdrant"", ""opensearch""]",True,True,True,False,[],ready_dry_run_only,validated_table_or_exact_evidence,False,True
False,False,True,False,table,False,"[""postgres_graph"", ""qdrant"", ""opensearch""]",True,t_p_120_1176_p000099,99,True,True,00000099.tif,99,2c6c089a958410c067a23ad04b4bcac6ced2209a2c9a932b4bce498279a2890f,00000099.tif,False,validated_graph_semantic_and_exact_index,False,False,False,table,local_data\organization\trace_net\raw_to_answer_context_engineered_native_gemma4_001\ocr_route_scan_pack_tesseract_full\page_images\t_p_120_1176_p000099.tif,local_data\organization\trace_net\raw_to_answer_context_engineered_native_gemma4_001\ocr_route_scan_pack_tesseract_full\ocr_text\t_p_120_1176_p000099.txt,repaired_from_ocr_scan_pack,True,[],graph_source_map_plus_validated_evidence_links,False,True,validated_page_or_evidence_summary,False,True,joined_target_specific_dry_run_plans,"[""postgres_graph"", ""qdrant"", ""opensearch""]","{""opensearch"": ""ready"", ""postgres_graph"": ""ready"", ""qdrant"": ""ready""}","{""opensearch"": [], ""postgres_graph"": [], ""qdrant"": []}","[""postgres_graph"", ""qdrant"", ""opensearch""]",True,True,True,False,[],ready_dry_run_only,validated_table_or_exact_evidence,False,True
False,False,True,False,plain_text,False,"[""postgres_graph"", ""qdrant""]",False,t_p_120_1176_p000100,100,True,True,00000100.tif,100,dc59f3cd62839043fb35f17aff6d19c998a666bd727b92a51aedf2baa240bcc6,00000100.tif,False,validated_graph_and_semantic_index,False,False,False,plain_text,local_data\organization\trace_net\raw_to_answer_context_engineered_native_gemma4_001\ocr_route_scan_pack_tesseract_full\page_images\t_p_120_1176_p000100.tif,local_data\organization\trace_net\raw_to_answer_context_engineered_native_gemma4_001\ocr_route_scan_pack_tesseract_full\ocr_text\t_p_120_1176_p000100.txt,repaired_from_ocr_scan_pack,True,[],graph_source_map_plus_validated_evidence_links,False,True,validated_page_or_evidence_summary,False,True,joined_target_specific_dry_run_plans,"[""postgres_graph"", ""qdrant""]","{""postgres_graph"": ""ready"", ""qdrant"": ""ready""}","{""postgres_graph"": [], ""qdrant"": []}","[""postgres_graph"", ""qdrant""]",True,True,False,False,[],ready_dry_run_only,,,
False,False,True,False,table,False,"[""postgres_graph"", ""qdrant"", ""opensearch""]",True,t_p_120_1176_p000101,101,True,True,00000101.tif,101,5cc1b430fe8314fcc95fefda7d235f2acfcf1e5f95ba8bf34748e38a52c4a3c0,00000101.tif,False,validated_graph_semantic_and_exact_index,False,False,False,table,local_data\organization\trace_net\raw_to_answer_context_engineered_native_gemma4_001\ocr_route_scan_pack_tesseract_full\page_images\t_p_120_1176_p000101.tif,local_data\organization\trace_net\raw_to_answer_context_engineered_native_gemma4_001\ocr_route_scan_pack_tesseract_full\ocr_text\t_p_120_1176_p000101.txt,repaired_from_ocr_scan_pack,True,[],graph_source_map_plus_validated_evidence_links,False,True,validated_page_or_evidence_summary,False,True,joined_target_specific_dry_run_plans,"[""postgres_graph"", ""qdrant"", ""opensearch""]","{""opensearch"": ""ready"", ""postgres_graph"": ""ready"", ""qdrant"": ""ready""}","{""opensearch"": [], ""postgres_graph"": [], ""qdrant"": []}","[""postgres_graph"", ""qdrant"", ""opensearch""]",True,True,True,False,[],ready_dry_run_only,validated_table_or_exact_evidence,False,True
False,False,True,False,table,False,"[""postgres_graph"", ""qdrant"", ""opensearch""]",True,t_p_120_1176_p000102,102,True,True,00000102.tif,102,64b82016563971cf768921ea0aeceabb94748eda7386357f1ec31badb6d71217,00000102.tif,False,validated_graph_semantic_and_exact_index,False,False,False,table,local_data\organization\trace_net\raw_to_answer_context_engineered_native_gemma4_001\ocr_route_scan_pack_tesseract_full\page_images\t_p_120_1176_p000102.tif,local_data\organization\trace_net\raw_to_answer_context_engineered_native_gemma4_001\ocr_route_scan_pack_tesseract_full\ocr_text\t_p_120_1176_p000102.txt,repaired_from_ocr_scan_pack,True,[],graph_source_map_plus_validated_evidence_links,False,True,validated_page_or_evidence_summary,False,True,joined_target_specific_dry_run_plans,"[""postgres_graph"", ""qdrant"", ""opensearch""]","{""opensearch"": ""ready"", ""postgres_graph"": ""ready"", ""qdrant"": ""ready""}","{""opensearch"": [], ""postgres_graph"": [], ""qdrant"": []}","[""postgres_graph"", ""qdrant"", ""opensearch""]",True,True,True,False,[],ready_dry_run_only,validated_table_or_exact_evidence,False,True
False,True,True,True,blank,False,"[""postgres_graph""]",False,t_p_120_1176_p000103,103,True,False,00000103.tif,103,74dc4dac9efd598a63ec94642dfd98b4a1ef6bda276fe464a5ae2785838cec8d,00000103.tif,False,graph_only_blank,False,False,False,blank,local_data\organization\trace_net\raw_to_answer_context_engineered_native_gemma4_001\ocr_route_scan_pack_tesseract_full\page_images\t_p_120_1176_p000103.tif,,repaired_from_ocr_scan_pack,True,[],graph_source_map_only,False,True,,,,joined_target_specific_dry_run_plans,"[""postgres_graph""]","{""postgres_graph"": ""ready""}","{""postgres_graph"": []}","[""postgres_graph""]",True,False,False,False,[],ready_dry_run_only,,,
False,True,True,True,table,False,"[""postgres_graph""]",False,t_p_120_1176_p000104,104,True,False,00000104.tif,104,90a8ffea48739e1193f05b92d35b804cae1ced526e632b15174c737af9ac67fe,00000104.tif,False,graph_only_validator_gated,False,True,False,table,local_data\organization\trace_net\raw_to_answer_context_engineered_native_gemma4_001\ocr_route_scan_pack_tesseract_full\page_images\t_p_120_1176_p000104.tif,local_data\organization\trace_net\raw_to_answer_context_engineered_native_gemma4_001\ocr_route_scan_pack_tesseract_full\ocr_text\t_p_120_1176_p000104.txt,repaired_from_ocr_scan_pack,True,[],graph_source_map_only,False,True,,,,joined_target_specific_dry_run_plans,"[""postgres_graph""]","{""postgres_graph"": ""ready""}","{""postgres_graph"": []}","[""postgres_graph""]",True,False,False,False,[],ready_dry_run_only,,,
False,False,True,False,table,False,"[""postgres_graph"", ""qdrant"", ""opensearch""]",True,t_p_120_1176_p000105,105,True,True,00000105.tif,105,d6b387f0d300288ce3109a81d79d8719d4620d2b300525643b57bc4e7a4095af,00000105.tif,False,validated_graph_semantic_and_exact_index,False,False,False,table,local_data\organization\trace_net\raw_to_answer_context_engineered_native_gemma4_001\ocr_route_scan_pack_tesseract_full\page_images\t_p_120_1176_p000105.tif,local_data\organization\trace_net\raw_to_answer_context_engineered_native_gemma4_001\ocr_route_scan_pack_tesseract_full\ocr_text\t_p_120_1176_p000105.txt,repaired_from_ocr_scan_pack,True,[],graph_source_map_plus_validated_evidence_links,False,True,validated_page_or_evidence_summary,False,True,joined_target_specific_dry_run_plans,"[""postgres_graph"", ""qdrant"", ""opensearch""]","{""opensearch"": ""ready"", ""postgres_graph"": ""ready"", ""qdrant"": ""ready""}","{""opensearch"": [], ""postgres_graph"": [], ""qdrant"": []}","[""postgres_graph"", ""qdrant"", ""opensearch""]",True,True,True,False,[],ready_dry_run_only,validated_table_or_exact_evidence,False,True
False,False,True,False,table,False,"[""postgres_graph"", ""qdrant"", ""opensearch""]",True,t_p_120_1176_p000106,106,True,True,00000106.tif,106,d3cdb8a3e8187e2d941da2c85da585dd1eb29204de79e70d8deb8a67eff4a69e,00000106.tif,False,validated_graph_semantic_and_exact_index,False,False,False,table,local_data\organization\trace_net\raw_to_answer_context_engineered_native_gemma4_001\ocr_route_scan_pack_tesseract_full\page_images\t_p_120_1176_p000106.tif,local_data\organization\trace_net\raw_to_answer_context_engineered_native_gemma4_001\ocr_route_scan_pack_tesseract_full\ocr_text\t_p_120_1176_p000106.txt,repaired_from_ocr_scan_pack,True,[],graph_source_map_plus_validated_evidence_links,False,True,validated_page_or_evidence_summary,False,True,joined_target_specific_dry_run_plans,"[""postgres_graph"", ""qdrant"", ""opensearch""]","{""opensearch"": ""ready"", ""postgres_graph"": ""ready"", ""qdrant"": ""ready""}","{""opensearch"": [], ""postgres_graph"": [], ""qdrant"": []}","[""postgres_graph"", ""qdrant"", ""opensearch""]",True,True,True,False,[],ready_dry_run_only,validated_table_or_exact_evidence,False,True
False,True,True,True,table,False,"[""postgres_graph""]",False,t_p_120_1176_p000107,107,True,False,00000107.tif,107,eba8c3201393f77a6ad507869916d23f004e24aead7ab2c4f52a42986ee3a266,00000107.tif,False,graph_only_validator_gated,False,True,False,table,local_data\organization\trace_net\raw_to_answer_context_engineered_native_gemma4_001\ocr_route_scan_pack_tesseract_full\page_images\t_p_120_1176_p000107.tif,local_data\organization\trace_net\raw_to_answer_context_engineered_native_gemma4_001\ocr_route_scan_pack_tesseract_full\ocr_text\t_p_120_1176_p000107.txt,repaired_from_ocr_scan_pack,True,[],graph_source_map_only,False,True,,,,joined_target_specific_dry_run_plans,"[""postgres_graph""]","{""postgres_graph"": ""ready""}","{""postgres_graph"": []}","[""postgres_graph""]",True,False,False,False,[],ready_dry_run_only,,,
False,False,True,False,table,False,"[""postgres_graph"", ""qdrant"", ""opensearch""]",True,t_p_120_1176_p000108,108,True,True,00000108.tif,108,04553b5379814d956d91a5e1ce123f5379ad60bb7ce701c21eb21a4f31a1dd32,00000108.tif,False,validated_graph_semantic_and_exact_index,False,False,False,table,local_data\organization\trace_net\raw_to_answer_context_engineered_native_gemma4_001\ocr_route_scan_pack_tesseract_full\page_images\t_p_120_1176_p000108.tif,local_data\organization\trace_net\raw_to_answer_context_engineered_native_gemma4_001\ocr_route_scan_pack_tesseract_full\ocr_text\t_p_120_1176_p000108.txt,repaired_from_ocr_scan_pack,True,[],graph_source_map_plus_validated_evidence_links,False,True,validated_page_or_evidence_summary,False,True,joined_target_specific_dry_run_plans,"[""postgres_graph"", ""qdrant"", ""opensearch""]","{""opensearch"": ""ready"", ""postgres_graph"": ""ready"", ""qdrant"": ""ready""}","{""opensearch"": [], ""postgres_graph"": [], ""qdrant"": []}","[""postgres_graph"", ""qdrant"", ""opensearch""]",True,True,True,False,[],ready_dry_run_only,validated_table_or_exact_evidence,False,True
False,False,True,False,table,False,"[""postgres_graph"", ""qdrant"", ""opensearch""]",True,t_p_120_1176_p000109,109,True,True,00000109.tif,109,b94ebbe42ab10c7477bb8579990dff61dba9f9b0271602f2b208510d6d933c56,00000109.tif,False,validated_graph_semantic_and_exact_index,False,False,False,table,local_data\organization\trace_net\raw_to_answer_context_engineered_native_gemma4_001\ocr_route_scan_pack_tesseract_full\page_images\t_p_120_1176_p000109.tif,local_data\organization\trace_net\raw_to_answer_context_engineered_native_gemma4_001\ocr_route_scan_pack_tesseract_full\ocr_text\t_p_120_1176_p000109.txt,repaired_from_ocr_scan_pack,True,[],graph_source_map_plus_validated_evidence_links,False,True,validated_page_or_evidence_summary,False,True,joined_target_specific_dry_run_plans,"[""postgres_graph"", ""qdrant"", ""opensearch""]","{""opensearch"": ""ready"", ""postgres_graph"": ""ready"", ""qdrant"": ""ready""}","{""opensearch"": [], ""postgres_graph"": [], ""qdrant"": []}","[""postgres_graph"", ""qdrant"", ""opensearch""]",True,True,True,False,[],ready_dry_run_only,validated_table_or_exact_evidence,False,True
False,True,True,True,table,False,"[""postgres_graph""]",False,t_p_120_1176_p000110,110,True,False,00000110.tif,110,f4ec03bdfb4a9e469f1049755f06c220e299c458e375ab67199d7acef1909850,00000110.tif,False,graph_only_validator_gated,False,True,False,table,local_data\organization\trace_net\raw_to_answer_context_engineered_native_gemma4_001\ocr_route_scan_pack_tesseract_full\page_images\t_p_120_1176_p000110.tif,local_data\organization\trace_net\raw_to_answer_context_engineered_native_gemma4_001\ocr_route_scan_pack_tesseract_full\ocr_text\t_p_120_1176_p000110.txt,repaired_from_ocr_scan_pack,True,[],graph_source_map_only,False,True,,,,joined_target_specific_dry_run_plans,"[""postgres_graph""]","{""postgres_graph"": ""ready""}","{""postgres_graph"": []}","[""postgres_graph""]",True,False,False,False,[],ready_dry_run_only,,,
False,True,True,True,blank,False,"[""postgres_graph""]",False,t_p_120_1176_p000111,111,True,False,00000111.tif,111,0c731747dab1ab6fa030af2b1fe75c17ea160e90cf8c7cd76d18e55eb7a21721,00000111.tif,False,graph_only_blank,False,False,False,blank,local_data\organization\trace_net\raw_to_answer_context_engineered_native_gemma4_001\ocr_route_scan_pack_tesseract_full\page_images\t_p_120_1176_p000111.tif,,repaired_from_ocr_scan_pack,True,[],graph_source_map_only,False,True,,,,joined_target_specific_dry_run_plans,"[""postgres_graph""]","{""postgres_graph"": ""ready""}","{""postgres_graph"": []}","[""postgres_graph""]",True,False,False,False,[],ready_dry_run_only,,,
False,False,True,False,table,False,"[""postgres_graph"", ""qdrant"", ""opensearch""]",True,t_p_120_1176_p000112,112,True,True,00000112.tif,112,dabb2f9efc0f276e1a5118dd092ad9d536e2759c3b62dce079503f1bfd3a6c85,00000112.tif,False,validated_graph_semantic_and_exact_index,False,False,False,table,local_data\organization\trace_net\raw_to_answer_context_engineered_native_gemma4_001\ocr_route_scan_pack_tesseract_full\page_images\t_p_120_1176_p000112.tif,local_data\organization\trace_net\raw_to_answer_context_engineered_native_gemma4_001\ocr_route_scan_pack_tesseract_full\ocr_text\t_p_120_1176_p000112.txt,repaired_from_ocr_scan_pack,True,[],graph_source_map_plus_validated_evidence_links,False,True,validated_page_or_evidence_summary,False,True,joined_target_specific_dry_run_plans,"[""postgres_graph"", ""qdrant"", ""opensearch""]","{""opensearch"": ""ready"", ""postgres_graph"": ""ready"", ""qdrant"": ""ready""}","{""opensearch"": [], ""postgres_graph"": [], ""qdrant"": []}","[""postgres_graph"", ""qdrant"", ""opensearch""]",True,True,True,False,[],ready_dry_run_only,validated_table_or_exact_evidence,False,True
False,False,True,False,table,False,"[""postgres_graph"", ""qdrant"", ""opensearch""]",True,t_p_120_1176_p000113,113,True,True,00000113.tif,113,f8f7dd2428cb36c722ab5aaf1c00906e8791660cb81b4fdf5f2b2116dc12dd72,00000113.tif,False,validated_graph_semantic_and_exact_index,False,False,False,table,local_data\organization\trace_net\raw_to_answer_context_engineered_native_gemma4_001\ocr_route_scan_pack_tesseract_full\page_images\t_p_120_1176_p000113.tif,local_data\organization\trace_net\raw_to_answer_context_engineered_native_gemma4_001\ocr_route_scan_pack_tesseract_full\ocr_text\t_p_120_1176_p000113.txt,repaired_from_ocr_scan_pack,True,[],graph_source_map_plus_validated_evidence_links,False,True,validated_page_or_evidence_summary,False,True,joined_target_specific_dry_run_plans,"[""postgres_graph"", ""qdrant"", ""opensearch""]","{""opensearch"": ""ready"", ""postgres_graph"": ""ready"", ""qdrant"": ""ready""}","{""opensearch"": [], ""postgres_graph"": [], ""qdrant"": []}","[""postgres_graph"", ""qdrant"", ""opensearch""]",True,True,True,False,[],ready_dry_run_only,validated_table_or_exact_evidence,False,True
False,False,True,False,plain_text,False,"[""postgres_graph"", ""qdrant""]",False,t_p_120_1176_p000114,114,True,True,00000114.tif,114,7855c2575a14fcb6d467e296a6b0ab9affe1ff919bed5719a0bbefc71b1dbc04,00000114.tif,False,validated_graph_and_semantic_index,False,False,False,plain_text,local_data\organization\trace_net\raw_to_answer_context_engineered_native_gemma4_001\ocr_route_scan_pack_tesseract_full\page_images\t_p_120_1176_p000114.tif,local_data\organization\trace_net\raw_to_answer_context_engineered_native_gemma4_001\ocr_route_scan_pack_tesseract_full\ocr_text\t_p_120_1176_p000114.txt,repaired_from_ocr_scan_pack,True,[],graph_source_map_plus_validated_evidence_links,False,True,validated_page_or_evidence_summary,False,True,joined_target_specific_dry_run_plans,"[""postgres_graph"", ""qdrant""]","{""postgres_graph"": ""ready"", ""qdrant"": ""ready""}","{""postgres_graph"": [], ""qdrant"": []}","[""postgres_graph"", ""qdrant""]",True,True,False,False,[],ready_dry_run_only,,,
False,False,True,False,table,False,"[""postgres_graph"", ""qdrant"", ""opensearch""]",True,t_p_120_1176_p000115,115,True,True,00000115.tif,115,198bb5083328b9982d81272323ce0e7139ee32fe22a57c509b52ba81de6e630c,00000115.tif,False,validated_graph_semantic_and_exact_index,False,False,False,table,local_data\organization\trace_net\raw_to_answer_context_engineered_native_gemma4_001\ocr_route_scan_pack_tesseract_full\page_images\t_p_120_1176_p000115.tif,local_data\organization\trace_net\raw_to_answer_context_engineered_native_gemma4_001\ocr_route_scan_pack_tesseract_full\ocr_text\t_p_120_1176_p000115.txt,repaired_from_ocr_scan_pack,True,[],graph_source_map_plus_validated_evidence_links,False,True,validated_page_or_evidence_summary,False,True,joined_target_specific_dry_run_plans,"[""postgres_graph"", ""qdrant"", ""opensearch""]","{""opensearch"": ""ready"", ""postgres_graph"": ""ready"", ""qdrant"": ""ready""}","{""opensearch"": [], ""postgres_graph"": [], ""qdrant"": []}","[""postgres_graph"", ""qdrant"", ""opensearch""]",True,True,True,False,[],ready_dry_run_only,validated_table_or_exact_evidence,False,True
False,False,True,False,table,False,"[""postgres_graph"", ""qdrant"", ""opensearch""]",True,t_p_120_1176_p000116,116,True,True,00000116.tif,116,b4b11807b6f4957d1377a98d4c1114451b129acde5c9e09c7c150f2509eadcde,00000116.tif,False,validated_graph_semantic_and_exact_index,False,False,False,table,local_data\organization\trace_net\raw_to_answer_context_engineered_native_gemma4_001\ocr_route_scan_pack_tesseract_full\page_images\t_p_120_1176_p000116.tif,local_data\organization\trace_net\raw_to_answer_context_engineered_native_gemma4_001\ocr_route_scan_pack_tesseract_full\ocr_text\t_p_120_1176_p000116.txt,repaired_from_ocr_scan_pack,True,[],graph_source_map_plus_validated_evidence_links,False,True,validated_page_or_evidence_summary,False,True,joined_target_specific_dry_run_plans,"[""postgres_graph"", ""qdrant"", ""opensearch""]","{""opensearch"": ""ready"", ""postgres_graph"": ""ready"", ""qdrant"": ""ready""}","{""opensearch"": [], ""postgres_graph"": [], ""qdrant"": []}","[""postgres_graph"", ""qdrant"", ""opensearch""]",True,True,True,False,[],ready_dry_run_only,validated_table_or_exact_evidence,False,True
False,False,True,False,plain_text,False,"[""postgres_graph"", ""qdrant""]",False,t_p_120_1176_p000117,117,True,True,00000117.tif,117,d0c6287da7c7e15dbd60bc6d1ab92b20b9eaa4aa0ae59a698cec24542e566bd9,00000117.tif,False,validated_graph_and_semantic_index,False,False,False,plain_text,local_data\organization\trace_net\raw_to_answer_context_engineered_native_gemma4_001\ocr_route_scan_pack_tesseract_full\page_images\t_p_120_1176_p000117.tif,local_data\organization\trace_net\raw_to_answer_context_engineered_native_gemma4_001\ocr_route_scan_pack_tesseract_full\ocr_text\t_p_120_1176_p000117.txt,repaired_from_ocr_scan_pack,True,[],graph_source_map_plus_validated_evidence_links,False,True,validated_page_or_evidence_summary,False,True,joined_target_specific_dry_run_plans,"[""postgres_graph"", ""qdrant""]","{""postgres_graph"": ""ready"", ""qdrant"": ""ready""}","{""postgres_graph"": [], ""qdrant"": []}","[""postgres_graph"", ""qdrant""]",True,True,False,False,[],ready_dry_run_only,,,
False,False,True,False,table,False,"[""postgres_graph"", ""qdrant"", ""opensearch""]",True,t_p_120_1176_p000118,118,True,True,00000118.tif,118,79dedbfc14dd29a6195fe66a739432474214fc531ab0c1504c0b09e8a1e041e2,00000118.tif,False,validated_graph_semantic_and_exact_index,False,False,False,table,local_data\organization\trace_net\raw_to_answer_context_engineered_native_gemma4_001\ocr_route_scan_pack_tesseract_full\page_images\t_p_120_1176_p000118.tif,local_data\organization\trace_net\raw_to_answer_context_engineered_native_gemma4_001\ocr_route_scan_pack_tesseract_full\ocr_text\t_p_120_1176_p000118.txt,repaired_from_ocr_scan_pack,True,[],graph_source_map_plus_validated_evidence_links,False,True,validated_page_or_evidence_summary,False,True,joined_target_specific_dry_run_plans,"[""postgres_graph"", ""qdrant"", ""opensearch""]","{""opensearch"": ""ready"", ""postgres_graph"": ""ready"", ""qdrant"": ""ready""}","{""opensearch"": [], ""postgres_graph"": [], ""qdrant"": []}","[""postgres_graph"", ""qdrant"", ""opensearch""]",True,True,True,False,[],ready_dry_run_only,validated_table_or_exact_evidence,False,True
False,False,True,False,table,False,"[""postgres_graph"", ""qdrant"", ""opensearch""]",True,t_p_120_1176_p000119,119,True,True,00000119.tif,119,32b4faeac9046a3eb2c55e238428553cc6d8e739b3765b43866578011b3e9cb7,00000119.tif,False,validated_graph_semantic_and_exact_index,False,False,False,table,local_data\organization\trace_net\raw_to_answer_context_engineered_native_gemma4_001\ocr_route_scan_pack_tesseract_full\page_images\t_p_120_1176_p000119.tif,local_data\organization\trace_net\raw_to_answer_context_engineered_native_gemma4_001\ocr_route_scan_pack_tesseract_full\ocr_text\t_p_120_1176_p000119.txt,repaired_from_ocr_scan_pack,True,[],graph_source_map_plus_validated_evidence_links,False,True,validated_page_or_evidence_summary,False,True,joined_target_specific_dry_run_plans,"[""postgres_graph"", ""qdrant"", ""opensearch""]","{""opensearch"": ""ready"", ""postgres_graph"": ""ready"", ""qdrant"": ""ready""}","{""opensearch"": [], ""postgres_graph"": [], ""qdrant"": []}","[""postgres_graph"", ""qdrant"", ""opensearch""]",True,True,True,False,[],ready_dry_run_only,validated_table_or_exact_evidence,False,True
False,True,True,True,table,False,"[""postgres_graph""]",False,t_p_120_1176_p000120,120,True,False,00000120.tif,120,6faadcc1c7d43d8332555344f9753363e4b30ea014d2d22a5856244adec0db89,00000120.tif,False,graph_only_validator_gated,False,True,False,table,local_data\organization\trace_net\raw_to_answer_context_engineered_native_gemma4_001\ocr_route_scan_pack_tesseract_full\page_images\t_p_120_1176_p000120.tif,local_data\organization\trace_net\raw_to_answer_context_engineered_native_gemma4_001\ocr_route_scan_pack_tesseract_full\ocr_text\t_p_120_1176_p000120.txt,repaired_from_ocr_scan_pack,True,[],graph_source_map_only,False,True,,,,joined_target_specific_dry_run_plans,"[""postgres_graph""]","{""postgres_graph"": ""ready""}","{""postgres_graph"": []}","[""postgres_graph""]",True,False,False,False,[],ready_dry_run_only,,,
False,True,True,True,blank,False,"[""postgres_graph""]",False,t_p_120_1176_p000121,121,True,False,00000121.tif,121,ff31b807c4942408de5b400c2ccc441e95ccfd572c71a9adb6c69e4d3d3455c2,00000121.tif,False,graph_only_blank,False,False,False,blank,local_data\organization\trace_net\raw_to_answer_context_engineered_native_gemma4_001\ocr_route_scan_pack_tesseract_full\page_images\t_p_120_1176_p000121.tif,,repaired_from_ocr_scan_pack,True,[],graph_source_map_only,False,True,,,,joined_target_specific_dry_run_plans,"[""postgres_graph""]","{""postgres_graph"": ""ready""}","{""postgres_graph"": []}","[""postgres_graph""]",True,False,False,False,[],ready_dry_run_only,,,
False,False,True,False,table,False,"[""postgres_graph"", ""qdrant"", ""opensearch""]",True,t_p_120_1176_p000122,122,True,True,00000122.tif,122,e0797dfbb38d887ee467f855d0912716d327bc105529a09063b3a8247564b5ef,00000122.tif,False,validated_graph_semantic_and_exact_index,False,False,False,table,local_data\organization\trace_net\raw_to_answer_context_engineered_native_gemma4_001\ocr_route_scan_pack_tesseract_full\page_images\t_p_120_1176_p000122.tif,local_data\organization\trace_net\raw_to_answer_context_engineered_native_gemma4_001\ocr_route_scan_pack_tesseract_full\ocr_text\t_p_120_1176_p000122.txt,repaired_from_ocr_scan_pack,True,[],graph_source_map_plus_validated_evidence_links,False,True,validated_page_or_evidence_summary,False,True,joined_target_specific_dry_run_plans,"[""postgres_graph"", ""qdrant"", ""opensearch""]","{""opensearch"": ""ready"", ""postgres_graph"": ""ready"", ""qdrant"": ""ready""}","{""opensearch"": [], ""postgres_graph"": [], ""qdrant"": []}","[""postgres_graph"", ""qdrant"", ""opensearch""]",True,True,True,False,[],ready_dry_run_only,validated_table_or_exact_evidence,False,True
False,False,True,False,table,False,"[""postgres_graph"", ""qdrant"", ""opensearch""]",True,t_p_120_1176_p000123,123,True,True,00000123.tif,123,4957447313ae83ddfccf8b01f327661c88450bb19171538f239c2c893a365ae6,00000123.tif,False,validated_graph_semantic_and_exact_index,False,False,False,table,local_data\organization\trace_net\raw_to_answer_context_engineered_native_gemma4_001\ocr_route_scan_pack_tesseract_full\page_images\t_p_120_1176_p000123.tif,local_data\organization\trace_net\raw_to_answer_context_engineered_native_gemma4_001\ocr_route_scan_pack_tesseract_full\ocr_text\t_p_120_1176_p000123.txt,repaired_from_ocr_scan_pack,True,[],graph_source_map_plus_validated_evidence_links,False,True,validated_page_or_evidence_summary,False,True,joined_target_specific_dry_run_plans,"[""postgres_graph"", ""qdrant"", ""opensearch""]","{""opensearch"": ""ready"", ""postgres_graph"": ""ready"", ""qdrant"": ""ready""}","{""opensearch"": [], ""postgres_graph"": [], ""qdrant"": []}","[""postgres_graph"", ""qdrant"", ""opensearch""]",True,True,True,False,[],ready_dry_run_only,validated_table_or_exact_evidence,False,True
False,False,True,False,plain_text,False,"[""postgres_graph"", ""qdrant""]",False,t_p_120_1176_p000124,124,True,True,00000124.tif,124,b17ed9843b7e3dae69e5aa5fb82b68fded0a5ca8115cf6a05259633a23d3306b,00000124.tif,False,validated_graph_and_semantic_index,False,False,False,plain_text,local_data\organization\trace_net\raw_to_answer_context_engineered_native_gemma4_001\ocr_route_scan_pack_tesseract_full\page_images\t_p_120_1176_p000124.tif,local_data\organization\trace_net\raw_to_answer_context_engineered_native_gemma4_001\ocr_route_scan_pack_tesseract_full\ocr_text\t_p_120_1176_p000124.txt,repaired_from_ocr_scan_pack,True,[],graph_source_map_plus_validated_evidence_links,False,True,validated_page_or_evidence_summary,False,True,joined_target_specific_dry_run_plans,"[""postgres_graph"", ""qdrant""]","{""postgres_graph"": ""ready"", ""qdrant"": ""ready""}","{""postgres_graph"": [], ""qdrant"": []}","[""postgres_graph"", ""qdrant""]",True,True,False,False,[],ready_dry_run_only,,,
False,False,True,False,table,False,"[""postgres_graph"", ""qdrant"", ""opensearch""]",True,t_p_120_1176_p000125,125,True,True,00000125.tif,125,98e629e402c330207252f3c710334dc2cbeff1d6d24772deafa58e90c419f927,00000125.tif,False,validated_graph_semantic_and_exact_index,False,False,False,table,local_data\organization\trace_net\raw_to_answer_context_engineered_native_gemma4_001\ocr_route_scan_pack_tesseract_full\page_images\t_p_120_1176_p000125.tif,local_data\organization\trace_net\raw_to_answer_context_engineered_native_gemma4_001\ocr_route_scan_pack_tesseract_full\ocr_text\t_p_120_1176_p000125.txt,repaired_from_ocr_scan_pack,True,[],graph_source_map_plus_validated_evidence_links,False,True,validated_page_or_evidence_summary,False,True,joined_target_specific_dry_run_plans,"[""postgres_graph"", ""qdrant"", ""opensearch""]","{""opensearch"": ""ready"", ""postgres_graph"": ""ready"", ""qdrant"": ""ready""}","{""opensearch"": [], ""postgres_graph"": [], ""qdrant"": []}","[""postgres_graph"", ""qdrant"", ""opensearch""]",True,True,True,False,[],ready_dry_run_only,validated_table_or_exact_evidence,False,True
False,False,True,False,table,False,"[""postgres_graph"", ""qdrant"", ""opensearch""]",True,t_p_120_1176_p000126,126,True,True,00000126.tif,126,49123b9fda1e780c678481280c4695452a42625d6931aef40104d5c062a30829,00000126.tif,False,validated_graph_semantic_and_exact_index,False,False,False,table,local_data\organization\trace_net\raw_to_answer_context_engineered_native_gemma4_001\ocr_route_scan_pack_tesseract_full\page_images\t_p_120_1176_p000126.tif,local_data\organization\trace_net\raw_to_answer_context_engineered_native_gemma4_001\ocr_route_scan_pack_tesseract_full\ocr_text\t_p_120_1176_p000126.txt,repaired_from_ocr_scan_pack,True,[],graph_source_map_plus_validated_evidence_links,False,True,validated_page_or_evidence_summary,False,True,joined_target_specific_dry_run_plans,"[""postgres_graph"", ""qdrant"", ""opensearch""]","{""opensearch"": ""ready"", ""postgres_graph"": ""ready"", ""qdrant"": ""ready""}","{""opensearch"": [], ""postgres_graph"": [], ""qdrant"": []}","[""postgres_graph"", ""qdrant"", ""opensearch""]",True,True,True,False,[],ready_dry_run_only,validated_table_or_exact_evidence,False,True
False,False,True,False,plain_text,False,"[""postgres_graph"", ""qdrant""]",False,t_p_120_1176_p000127,127,True,True,00000127.tif,127,0b46616588e7088314b28a88510dc46295b829f9fad98be61202a089536f0540,00000127.tif,False,validated_graph_and_semantic_index,False,False,False,plain_text,local_data\organization\trace_net\raw_to_answer_context_engineered_native_gemma4_001\ocr_route_scan_pack_tesseract_full\page_images\t_p_120_1176_p000127.tif,local_data\organization\trace_net\raw_to_answer_context_engineered_native_gemma4_001\ocr_route_scan_pack_tesseract_full\ocr_text\t_p_120_1176_p000127.txt,repaired_from_ocr_scan_pack,True,[],graph_source_map_plus_validated_evidence_links,False,True,validated_page_or_evidence_summary,False,True,joined_target_specific_dry_run_plans,"[""postgres_graph"", ""qdrant""]","{""postgres_graph"": ""ready"", ""qdrant"": ""ready""}","{""postgres_graph"": [], ""qdrant"": []}","[""postgres_graph"", ""qdrant""]",True,True,False,False,[],ready_dry_run_only,,,
False,False,True,False,table,False,"[""postgres_graph"", ""qdrant"", ""opensearch""]",True,t_p_120_1176_p000128,128,True,True,00000128.tif,128,0547f6ffd8beb0c2feb5da2a7d71861575784b7579edbcb0186e1bf07a23f833,00000128.tif,False,validated_graph_semantic_and_exact_index,False,False,False,table,local_data\organization\trace_net\raw_to_answer_context_engineered_native_gemma4_001\ocr_route_scan_pack_tesseract_full\page_images\t_p_120_1176_p000128.tif,local_data\organization\trace_net\raw_to_answer_context_engineered_native_gemma4_001\ocr_route_scan_pack_tesseract_full\ocr_text\t_p_120_1176_p000128.txt,repaired_from_ocr_scan_pack,True,[],graph_source_map_plus_validated_evidence_links,False,True,validated_page_or_evidence_summary,False,True,joined_target_specific_dry_run_plans,"[""postgres_graph"", ""qdrant"", ""opensearch""]","{""opensearch"": ""ready"", ""postgres_graph"": ""ready"", ""qdrant"": ""ready""}","{""opensearch"": [], ""postgres_graph"": [], ""qdrant"": []}","[""postgres_graph"", ""qdrant"", ""opensearch""]",True,True,True,False,[],ready_dry_run_only,validated_table_or_exact_evidence,False,True
False,False,True,False,table,False,"[""postgres_graph"", ""qdrant"", ""opensearch""]",True,t_p_120_1176_p000129,129,True,True,00000129.tif,129,dc6b470218dffbe0d2343d03fa4ae1e5dd5a6d1ab284a551df63ee8f7abd848a,00000129.tif,False,validated_graph_semantic_and_exact_index,False,False,False,table,local_data\organization\trace_net\raw_to_answer_context_engineered_native_gemma4_001\ocr_route_scan_pack_tesseract_full\page_images\t_p_120_1176_p000129.tif,local_data\organization\trace_net\raw_to_answer_context_engineered_native_gemma4_001\ocr_route_scan_pack_tesseract_full\ocr_text\t_p_120_1176_p000129.txt,repaired_from_ocr_scan_pack,True,[],graph_source_map_plus_validated_evidence_links,False,True,validated_page_or_evidence_summary,False,True,joined_target_specific_dry_run_plans,"[""postgres_graph"", ""qdrant"", ""opensearch""]","{""opensearch"": ""ready"", ""postgres_graph"": ""ready"", ""qdrant"": ""ready""}","{""opensearch"": [], ""postgres_graph"": [], ""qdrant"": []}","[""postgres_graph"", ""qdrant"", ""opensearch""]",True,True,True,False,[],ready_dry_run_only,validated_table_or_exact_evidence,False,True
False,True,True,True,table,False,"[""postgres_graph""]",False,t_p_120_1176_p000130,130,True,False,00000130.tif,130,e8c3138b044b0e6cc227d38504b1165382719b8f5c337e46ffb7aa38dace2d58,00000130.tif,False,graph_only_validator_gated,False,True,False,table,local_data\organization\trace_net\raw_to_answer_context_engineered_native_gemma4_001\ocr_route_scan_pack_tesseract_full\page_images\t_p_120_1176_p000130.tif,local_data\organization\trace_net\raw_to_answer_context_engineered_native_gemma4_001\ocr_route_scan_pack_tesseract_full\ocr_text\t_p_120_1176_p000130.txt,repaired_from_ocr_scan_pack,True,[],graph_source_map_only,False,True,,,,joined_target_specific_dry_run_plans,"[""postgres_graph""]","{""postgres_graph"": ""ready""}","{""postgres_graph"": []}","[""postgres_graph""]",True,False,False,False,[],ready_dry_run_only,,,
False,False,True,False,table,False,"[""postgres_graph"", ""qdrant"", ""opensearch""]",True,t_p_120_1176_p000131,131,True,True,00000131.tif,131,68615f32172c0190fffa3a7412d9a7746ec238a7491f28e2595ba9e818ea4611,00000131.tif,False,validated_graph_semantic_and_exact_index,False,False,False,table,local_data\organization\trace_net\raw_to_answer_context_engineered_native_gemma4_001\ocr_route_scan_pack_tesseract_full\page_images\t_p_120_1176_p000131.tif,local_data\organization\trace_net\raw_to_answer_context_engineered_native_gemma4_001\ocr_route_scan_pack_tesseract_full\ocr_text\t_p_120_1176_p000131.txt,repaired_from_ocr_scan_pack,True,[],graph_source_map_plus_validated_evidence_links,False,True,validated_page_or_evidence_summary,False,True,joined_target_specific_dry_run_plans,"[""postgres_graph"", ""qdrant"", ""opensearch""]","{""opensearch"": ""ready"", ""postgres_graph"": ""ready"", ""qdrant"": ""ready""}","{""opensearch"": [], ""postgres_graph"": [], ""qdrant"": []}","[""postgres_graph"", ""qdrant"", ""opensearch""]",True,True,True,False,[],ready_dry_run_only,validated_table_or_exact_evidence,False,True
False,False,True,False,table,False,"[""postgres_graph"", ""qdrant"", ""opensearch""]",True,t_p_120_1176_p000132,132,True,True,00000132.tif,132,fdbbb49baef6201fe4b2d5da782754b5c73b14552b09fecb1c531b06ebd78761,00000132.tif,False,validated_graph_semantic_and_exact_index,False,False,False,table,local_data\organization\trace_net\raw_to_answer_context_engineered_native_gemma4_001\ocr_route_scan_pack_tesseract_full\page_images\t_p_120_1176_p000132.tif,local_data\organization\trace_net\raw_to_answer_context_engineered_native_gemma4_001\ocr_route_scan_pack_tesseract_full\ocr_text\t_p_120_1176_p000132.txt,repaired_from_ocr_scan_pack,True,[],graph_source_map_plus_validated_evidence_links,False,True,validated_page_or_evidence_summary,False,True,joined_target_specific_dry_run_plans,"[""postgres_graph"", ""qdrant"", ""opensearch""]","{""opensearch"": ""ready"", ""postgres_graph"": ""ready"", ""qdrant"": ""ready""}","{""opensearch"": [], ""postgres_graph"": [], ""qdrant"": []}","[""postgres_graph"", ""qdrant"", ""opensearch""]",True,True,True,False,[],ready_dry_run_only,validated_table_or_exact_evidence,False,True
False,True,True,True,table,False,"[""postgres_graph""]",False,t_p_120_1176_p000133,133,True,False,00000133.tif,133,982df39766275ef969880bc46d4a488c2b7ad973670cfd7de0339a67ca386909,00000133.tif,False,graph_only_validator_gated,False,True,False,table,local_data\organization\trace_net\raw_to_answer_context_engineered_native_gemma4_001\ocr_route_scan_pack_tesseract_full\page_images\t_p_120_1176_p000133.tif,local_data\organization\trace_net\raw_to_answer_context_engineered_native_gemma4_001\ocr_route_scan_pack_tesseract_full\ocr_text\t_p_120_1176_p000133.txt,repaired_from_ocr_scan_pack,True,[],graph_source_map_only,False,True,,,,joined_target_specific_dry_run_plans,"[""postgres_graph""]","{""postgres_graph"": ""ready""}","{""postgres_graph"": []}","[""postgres_graph""]",True,False,False,False,[],ready_dry_run_only,,,
False,False,True,False,table,False,"[""postgres_graph"", ""qdrant"", ""opensearch""]",True,t_p_120_1176_p000134,134,True,True,00000134.tif,134,ea1d8deda71a81610cf14c5d48fcaa093b78579812a01c21bc32d63c0a376b9e,00000134.tif,False,validated_graph_semantic_and_exact_index,False,False,False,table,local_data\organization\trace_net\raw_to_answer_context_engineered_native_gemma4_001\ocr_route_scan_pack_tesseract_full\page_images\t_p_120_1176_p000134.tif,local_data\organization\trace_net\raw_to_answer_context_engineered_native_gemma4_001\ocr_route_scan_pack_tesseract_full\ocr_text\t_p_120_1176_p000134.txt,repaired_from_ocr_scan_pack,True,[],graph_source_map_plus_validated_evidence_links,False,True,validated_page_or_evidence_summary,False,True,joined_target_specific_dry_run_plans,"[""postgres_graph"", ""qdrant"", ""opensearch""]","{""opensearch"": ""ready"", ""postgres_graph"": ""ready"", ""qdrant"": ""ready""}","{""opensearch"": [], ""postgres_graph"": [], ""qdrant"": []}","[""postgres_graph"", ""qdrant"", ""opensearch""]",True,True,True,False,[],ready_dry_run_only,validated_table_or_exact_evidence,False,True
False,False,True,False,table,False,"[""postgres_graph"", ""qdrant"", ""opensearch""]",True,t_p_120_1176_p000135,135,True,True,00000135.tif,135,78a912c67b2dcd3547cdef040eda38a40c92b89b2d7d6c6af8aa71976ea59800,00000135.tif,False,validated_graph_semantic_and_exact_index,False,False,False,table,local_data\organization\trace_net\raw_to_answer_context_engineered_native_gemma4_001\ocr_route_scan_pack_tesseract_full\page_images\t_p_120_1176_p000135.tif,local_data\organization\trace_net\raw_to_answer_context_engineered_native_gemma4_001\ocr_route_scan_pack_tesseract_full\ocr_text\t_p_120_1176_p000135.txt,repaired_from_ocr_scan_pack,True,[],graph_source_map_plus_validated_evidence_links,False,True,validated_page_or_evidence_summary,False,True,joined_target_specific_dry_run_plans,"[""postgres_graph"", ""qdrant"", ""opensearch""]","{""opensearch"": ""ready"", ""postgres_graph"": ""ready"", ""qdrant"": ""ready""}","{""opensearch"": [], ""postgres_graph"": [], ""qdrant"": []}","[""postgres_graph"", ""qdrant"", ""opensearch""]",True,True,True,False,[],ready_dry_run_only,validated_table_or_exact_evidence,False,True
False,True,True,True,table,False,"[""postgres_graph""]",False,t_p_120_1176_p000136,136,True,False,00000136.tif,136,dcecdf98708dbc099b3797e22d88642ea997109a51c92015b88dc12dcc533efa,00000136.tif,False,graph_only_validator_gated,False,True,False,table,local_data\organization\trace_net\raw_to_answer_context_engineered_native_gemma4_001\ocr_route_scan_pack_tesseract_full\page_images\t_p_120_1176_p000136.tif,local_data\organization\trace_net\raw_to_answer_context_engineered_native_gemma4_001\ocr_route_scan_pack_tesseract_full\ocr_text\t_p_120_1176_p000136.txt,repaired_from_ocr_scan_pack,True,[],graph_source_map_only,False,True,,,,joined_target_specific_dry_run_plans,"[""postgres_graph""]","{""postgres_graph"": ""ready""}","{""postgres_graph"": []}","[""postgres_graph""]",True,False,False,False,[],ready_dry_run_only,,,
False,False,True,False,table,False,"[""postgres_graph"", ""qdrant"", ""opensearch""]",True,t_p_120_1176_p000137,137,True,True,00000137.tif,137,2a0a7e055814f54f094820e07c4c6cd0b42b417b40521f7f0bca3b89841eb9cc,00000137.tif,False,validated_graph_semantic_and_exact_index,False,False,False,table,local_data\organization\trace_net\raw_to_answer_context_engineered_native_gemma4_001\ocr_route_scan_pack_tesseract_full\page_images\t_p_120_1176_p000137.tif,local_data\organization\trace_net\raw_to_answer_context_engineered_native_gemma4_001\ocr_route_scan_pack_tesseract_full\ocr_text\t_p_120_1176_p000137.txt,repaired_from_ocr_scan_pack,True,[],graph_source_map_plus_validated_evidence_links,False,True,validated_page_or_evidence_summary,False,True,joined_target_specific_dry_run_plans,"[""postgres_graph"", ""qdrant"", ""opensearch""]","{""opensearch"": ""ready"", ""postgres_graph"": ""ready"", ""qdrant"": ""ready""}","{""opensearch"": [], ""postgres_graph"": [], ""qdrant"": []}","[""postgres_graph"", ""qdrant"", ""opensearch""]",True,True,True,False,[],ready_dry_run_only,validated_table_or_exact_evidence,False,True
False,False,True,False,table,False,"[""postgres_graph"", ""qdrant"", ""opensearch""]",True,t_p_120_1176_p000138,138,True,True,00000138.tif,138,342f64631cb081a8c0ccd6069db24b3ff6a68bb313b0257c6d4a0fa22da278f4,00000138.tif,False,validated_graph_semantic_and_exact_index,False,False,False,table,local_data\organization\trace_net\raw_to_answer_context_engineered_native_gemma4_001\ocr_route_scan_pack_tesseract_full\page_images\t_p_120_1176_p000138.tif,local_data\organization\trace_net\raw_to_answer_context_engineered_native_gemma4_001\ocr_route_scan_pack_tesseract_full\ocr_text\t_p_120_1176_p000138.txt,repaired_from_ocr_scan_pack,True,[],graph_source_map_plus_validated_evidence_links,False,True,validated_page_or_evidence_summary,False,True,joined_target_specific_dry_run_plans,"[""postgres_graph"", ""qdrant"", ""opensearch""]","{""opensearch"": ""ready"", ""postgres_graph"": ""ready"", ""qdrant"": ""ready""}","{""opensearch"": [], ""postgres_graph"": [], ""qdrant"": []}","[""postgres_graph"", ""qdrant"", ""opensearch""]",True,True,True,False,[],ready_dry_run_only,validated_table_or_exact_evidence,False,True
False,False,True,False,plain_text,False,"[""postgres_graph"", ""qdrant""]",False,t_p_120_1176_p000139,139,True,True,00000139.tif,139,c8687f063a311ba50c328a9fcfaa856d7cda1db93e19484e8407f26e96fbbe15,00000139.tif,False,validated_graph_and_semantic_index,False,False,False,plain_text,local_data\organization\trace_net\raw_to_answer_context_engineered_native_gemma4_001\ocr_route_scan_pack_tesseract_full\page_images\t_p_120_1176_p000139.tif,local_data\organization\trace_net\raw_to_answer_context_engineered_native_gemma4_001\ocr_route_scan_pack_tesseract_full\ocr_text\t_p_120_1176_p000139.txt,repaired_from_ocr_scan_pack,True,[],graph_source_map_plus_validated_evidence_links,False,True,validated_page_or_evidence_summary,False,True,joined_target_specific_dry_run_plans,"[""postgres_graph"", ""qdrant""]","{""postgres_graph"": ""ready"", ""qdrant"": ""ready""}","{""postgres_graph"": [], ""qdrant"": []}","[""postgres_graph"", ""qdrant""]",True,True,False,False,[],ready_dry_run_only,,,
False,False,True,False,table,False,"[""postgres_graph"", ""qdrant"", ""opensearch""]",True,t_p_120_1176_p000140,140,True,True,00000140.tif,140,fc9c1d2c38f25d99408273c133ec5dc10fd1adca30366c90548aae047e1e2da5,00000140.tif,False,validated_graph_semantic_and_exact_index,False,False,False,table,local_data\organization\trace_net\raw_to_answer_context_engineered_native_gemma4_001\ocr_route_scan_pack_tesseract_full\page_images\t_p_120_1176_p000140.tif,local_data\organization\trace_net\raw_to_answer_context_engineered_native_gemma4_001\ocr_route_scan_pack_tesseract_full\ocr_text\t_p_120_1176_p000140.txt,repaired_from_ocr_scan_pack,True,[],graph_source_map_plus_validated_evidence_links,False,True,validated_page_or_evidence_summary,False,True,joined_target_specific_dry_run_plans,"[""postgres_graph"", ""qdrant"", ""opensearch""]","{""opensearch"": ""ready"", ""postgres_graph"": ""ready"", ""qdrant"": ""ready""}","{""opensearch"": [], ""postgres_graph"": [], ""qdrant"": []}","[""postgres_graph"", ""qdrant"", ""opensearch""]",True,True,True,False,[],ready_dry_run_only,validated_table_or_exact_evidence,False,True
False,True,True,True,table,False,"[""postgres_graph""]",False,t_p_120_1176_p000141,141,True,False,00000141.tif,141,b326cc1f36bc607731f2fcf5cb78b53f91915ad63253d2204734427e45aca70e,00000141.tif,False,graph_only_validator_gated,False,True,False,table,local_data\organization\trace_net\raw_to_answer_context_engineered_native_gemma4_001\ocr_route_scan_pack_tesseract_full\page_images\t_p_120_1176_p000141.tif,local_data\organization\trace_net\raw_to_answer_context_engineered_native_gemma4_001\ocr_route_scan_pack_tesseract_full\ocr_text\t_p_120_1176_p000141.txt,repaired_from_ocr_scan_pack,True,[],graph_source_map_only,False,True,,,,joined_target_specific_dry_run_plans,"[""postgres_graph""]","{""postgres_graph"": ""ready""}","{""postgres_graph"": []}","[""postgres_graph""]",True,False,False,False,[],ready_dry_run_only,,,
False,True,True,True,table,False,"[""postgres_graph""]",False,t_p_120_1176_p000142,142,True,False,00000142.tif,142,4e1da79800c8543089c538b9614def79a030f6a0302470c28187b663e1fa4d6a,00000142.tif,False,graph_only_validator_gated,False,True,False,table,local_data\organization\trace_net\raw_to_answer_context_engineered_native_gemma4_001\ocr_route_scan_pack_tesseract_full\page_images\t_p_120_1176_p000142.tif,local_data\organization\trace_net\raw_to_answer_context_engineered_native_gemma4_001\ocr_route_scan_pack_tesseract_full\ocr_text\t_p_120_1176_p000142.txt,repaired_from_ocr_scan_pack,True,[],graph_source_map_only,False,True,,,,joined_target_specific_dry_run_plans,"[""postgres_graph""]","{""postgres_graph"": ""ready""}","{""postgres_graph"": []}","[""postgres_graph""]",True,False,False,False,[],ready_dry_run_only,,,
False,False,True,False,table,False,"[""postgres_graph"", ""qdrant"", ""opensearch""]",True,t_p_120_1176_p000143,143,True,True,00000143.tif,143,0f07cf743422014e0653e14d0fb6a27ff6ce4837c6c819d7781c0f9e24a737da,00000143.tif,False,validated_graph_semantic_and_exact_index,False,False,False,table,local_data\organization\trace_net\raw_to_answer_context_engineered_native_gemma4_001\ocr_route_scan_pack_tesseract_full\page_images\t_p_120_1176_p000143.tif,local_data\organization\trace_net\raw_to_answer_context_engineered_native_gemma4_001\ocr_route_scan_pack_tesseract_full\ocr_text\t_p_120_1176_p000143.txt,repaired_from_ocr_scan_pack,True,[],graph_source_map_plus_validated_evidence_links,False,True,validated_page_or_evidence_summary,False,True,joined_target_specific_dry_run_plans,"[""postgres_graph"", ""qdrant"", ""opensearch""]","{""opensearch"": ""ready"", ""postgres_graph"": ""ready"", ""qdrant"": ""ready""}","{""opensearch"": [], ""postgres_graph"": [], ""qdrant"": []}","[""postgres_graph"", ""qdrant"", ""opensearch""]",True,True,True,False,[],ready_dry_run_only,validated_table_or_exact_evidence,False,True
False,False,True,False,table,False,"[""postgres_graph"", ""qdrant"", ""opensearch""]",True,t_p_120_1176_p000144,144,True,True,00000144.tif,144,c7d50c16e790f5e62b6b93ea21ddc6aaef6cb66cd8370388b6737daa4102df22,00000144.tif,False,validated_graph_semantic_and_exact_index,False,False,False,table,local_data\organization\trace_net\raw_to_answer_context_engineered_native_gemma4_001\ocr_route_scan_pack_tesseract_full\page_images\t_p_120_1176_p000144.tif,local_data\organization\trace_net\raw_to_answer_context_engineered_native_gemma4_001\ocr_route_scan_pack_tesseract_full\ocr_text\t_p_120_1176_p000144.txt,repaired_from_ocr_scan_pack,True,[],graph_source_map_plus_validated_evidence_links,False,True,validated_page_or_evidence_summary,False,True,joined_target_specific_dry_run_plans,"[""postgres_graph"", ""qdrant"", ""opensearch""]","{""opensearch"": ""ready"", ""postgres_graph"": ""ready"", ""qdrant"": ""ready""}","{""opensearch"": [], ""postgres_graph"": [], ""qdrant"": []}","[""postgres_graph"", ""qdrant"", ""opensearch""]",True,True,True,False,[],ready_dry_run_only,validated_table_or_exact_evidence,False,True
False,True,True,True,table,False,"[""postgres_graph""]",False,t_p_120_1176_p000145,145,True,False,00000145.tif,145,2bd0ab49f7f7c65b2a0b4c530e1c3c1fa27523c454f3a02b6c41994d8534a952,00000145.tif,False,graph_only_validator_gated,False,True,False,table,local_data\organization\trace_net\raw_to_answer_context_engineered_native_gemma4_001\ocr_route_scan_pack_tesseract_full\page_images\t_p_120_1176_p000145.tif,local_data\organization\trace_net\raw_to_answer_context_engineered_native_gemma4_001\ocr_route_scan_pack_tesseract_full\ocr_text\t_p_120_1176_p000145.txt,repaired_from_ocr_scan_pack,True,[],graph_source_map_only,False,True,,,,joined_target_specific_dry_run_plans,"[""postgres_graph""]","{""postgres_graph"": ""ready""}","{""postgres_graph"": []}","[""postgres_graph""]",True,False,False,False,[],ready_dry_run_only,,,
False,False,True,False,table,False,"[""postgres_graph"", ""qdrant"", ""opensearch""]",True,t_p_120_1176_p000146,146,True,True,00000146.tif,146,828abbf56618c4db78e39b838a2818efb1ca4dbe706298512fca1cf75caec95b,00000146.tif,False,validated_graph_semantic_and_exact_index,False,False,False,table,local_data\organization\trace_net\raw_to_answer_context_engineered_native_gemma4_001\ocr_route_scan_pack_tesseract_full\page_images\t_p_120_1176_p000146.tif,local_data\organization\trace_net\raw_to_answer_context_engineered_native_gemma4_001\ocr_route_scan_pack_tesseract_full\ocr_text\t_p_120_1176_p000146.txt,repaired_from_ocr_scan_pack,True,[],graph_source_map_plus_validated_evidence_links,False,True,validated_page_or_evidence_summary,False,True,joined_target_specific_dry_run_plans,"[""postgres_graph"", ""qdrant"", ""opensearch""]","{""opensearch"": ""ready"", ""postgres_graph"": ""ready"", ""qdrant"": ""ready""}","{""opensearch"": [], ""postgres_graph"": [], ""qdrant"": []}","[""postgres_graph"", ""qdrant"", ""opensearch""]",True,True,True,False,[],ready_dry_run_only,validated_table_or_exact_evidence,False,True
False,False,True,False,table,False,"[""postgres_graph"", ""qdrant"", ""opensearch""]",True,t_p_120_1176_p000147,147,True,True,00000147.tif,147,62044bf56bba37a8873c47a9585f539b6f90e28b1f19f7c04733ea7d1b1534e4,00000147.tif,False,validated_graph_semantic_and_exact_index,False,False,False,table,local_data\organization\trace_net\raw_to_answer_context_engineered_native_gemma4_001\ocr_route_scan_pack_tesseract_full\page_images\t_p_120_1176_p000147.tif,local_data\organization\trace_net\raw_to_answer_context_engineered_native_gemma4_001\ocr_route_scan_pack_tesseract_full\ocr_text\t_p_120_1176_p000147.txt,repaired_from_ocr_scan_pack,True,[],graph_source_map_plus_validated_evidence_links,False,True,validated_page_or_evidence_summary,False,True,joined_target_specific_dry_run_plans,"[""postgres_graph"", ""qdrant"", ""opensearch""]","{""opensearch"": ""ready"", ""postgres_graph"": ""ready"", ""qdrant"": ""ready""}","{""opensearch"": [], ""postgres_graph"": [], ""qdrant"": []}","[""postgres_graph"", ""qdrant"", ""opensearch""]",True,True,True,False,[],ready_dry_run_only,validated_table_or_exact_evidence,False,True
False,True,True,True,table,False,"[""postgres_graph""]",False,t_p_120_1176_p000148,148,True,False,00000148.tif,148,9f5f441e66fe6f394d1385003fabd3aac57ed35b24af4f877f2d994f2daf1876,00000148.tif,False,graph_only_validator_gated,False,True,False,table,local_data\organization\trace_net\raw_to_answer_context_engineered_native_gemma4_001\ocr_route_scan_pack_tesseract_full\page_images\t_p_120_1176_p000148.tif,local_data\organization\trace_net\raw_to_answer_context_engineered_native_gemma4_001\ocr_route_scan_pack_tesseract_full\ocr_text\t_p_120_1176_p000148.txt,repaired_from_ocr_scan_pack,True,[],graph_source_map_only,False,True,,,,joined_target_specific_dry_run_plans,"[""postgres_graph""]","{""postgres_graph"": ""ready""}","{""postgres_graph"": []}","[""postgres_graph""]",True,False,False,False,[],ready_dry_run_only,,,
False,False,True,False,table,False,"[""postgres_graph"", ""qdrant"", ""opensearch""]",True,t_p_120_1176_p000149,149,True,True,00000149.tif,149,49a7dfbae7a4a43796b85280bd00042f0ab2b0e6767e420093a2428bc4c88d47,00000149.tif,False,validated_graph_semantic_and_exact_index,False,False,False,table,local_data\organization\trace_net\raw_to_answer_context_engineered_native_gemma4_001\ocr_route_scan_pack_tesseract_full\page_images\t_p_120_1176_p000149.tif,local_data\organization\trace_net\raw_to_answer_context_engineered_native_gemma4_001\ocr_route_scan_pack_tesseract_full\ocr_text\t_p_120_1176_p000149.txt,repaired_from_ocr_scan_pack,True,[],graph_source_map_plus_validated_evidence_links,False,True,validated_page_or_evidence_summary,False,True,joined_target_specific_dry_run_plans,"[""postgres_graph"", ""qdrant"", ""opensearch""]","{""opensearch"": ""ready"", ""postgres_graph"": ""ready"", ""qdrant"": ""ready""}","{""opensearch"": [], ""postgres_graph"": [], ""qdrant"": []}","[""postgres_graph"", ""qdrant"", ""opensearch""]",True,True,True,False,[],ready_dry_run_only,validated_table_or_exact_evidence,False,True
False,False,True,False,table,False,"[""postgres_graph"", ""qdrant"", ""opensearch""]",True,t_p_120_1176_p000150,150,True,True,00000150.tif,150,52252642d3de1030ff67aa06185decd39103bed6c80018a5b4404e75c55666aa,00000150.tif,False,validated_graph_semantic_and_exact_index,False,False,False,table,local_data\organization\trace_net\raw_to_answer_context_engineered_native_gemma4_001\ocr_route_scan_pack_tesseract_full\page_images\t_p_120_1176_p000150.tif,local_data\organization\trace_net\raw_to_answer_context_engineered_native_gemma4_001\ocr_route_scan_pack_tesseract_full\ocr_text\t_p_120_1176_p000150.txt,repaired_from_ocr_scan_pack,True,[],graph_source_map_plus_validated_evidence_links,False,True,validated_page_or_evidence_summary,False,True,joined_target_specific_dry_run_plans,"[""postgres_graph"", ""qdrant"", ""opensearch""]","{""opensearch"": ""ready"", ""postgres_graph"": ""ready"", ""qdrant"": ""ready""}","{""opensearch"": [], ""postgres_graph"": [], ""qdrant"": []}","[""postgres_graph"", ""qdrant"", ""opensearch""]",True,True,True,False,[],ready_dry_run_only,validated_table_or_exact_evidence,False,True
False,True,True,True,table,False,"[""postgres_graph""]",False,t_p_120_1176_p000151,151,True,False,00000151.tif,151,a211789305e9a5ad6d59e985d18fb0507391e89435c7c1eb9f3b7cdac54a4842,00000151.tif,False,graph_only_validator_gated,False,True,False,table,local_data\organization\trace_net\raw_to_answer_context_engineered_native_gemma4_001\ocr_route_scan_pack_tesseract_full\page_images\t_p_120_1176_p000151.tif,local_data\organization\trace_net\raw_to_answer_context_engineered_native_gemma4_001\ocr_route_scan_pack_tesseract_full\ocr_text\t_p_120_1176_p000151.txt,repaired_from_ocr_scan_pack,True,[],graph_source_map_only,False,True,,,,joined_target_specific_dry_run_plans,"[""postgres_graph""]","{""postgres_graph"": ""ready""}","{""postgres_graph"": []}","[""postgres_graph""]",True,False,False,False,[],ready_dry_run_only,,,
False,False,True,False,table,False,"[""postgres_graph"", ""qdrant"", ""opensearch""]",True,t_p_120_1176_p000152,152,True,True,00000152.tif,152,1eb1346a38edbf3638f8fa10c7fe86035a954f8708dd82e402a649b7fe22a07a,00000152.tif,False,validated_graph_semantic_and_exact_index,False,False,False,table,local_data\organization\trace_net\raw_to_answer_context_engineered_native_gemma4_001\ocr_route_scan_pack_tesseract_full\page_images\t_p_120_1176_p000152.tif,local_data\organization\trace_net\raw_to_answer_context_engineered_native_gemma4_001\ocr_route_scan_pack_tesseract_full\ocr_text\t_p_120_1176_p000152.txt,repaired_from_ocr_scan_pack,True,[],graph_source_map_plus_validated_evidence_links,False,True,validated_page_or_evidence_summary,False,True,joined_target_specific_dry_run_plans,"[""postgres_graph"", ""qdrant"", ""opensearch""]","{""opensearch"": ""ready"", ""postgres_graph"": ""ready"", ""qdrant"": ""ready""}","{""opensearch"": [], ""postgres_graph"": [], ""qdrant"": []}","[""postgres_graph"", ""qdrant"", ""opensearch""]",True,True,True,False,[],ready_dry_run_only,validated_table_or_exact_evidence,False,True
False,False,True,False,table,False,"[""postgres_graph"", ""qdrant"", ""opensearch""]",True,t_p_120_1176_p000153,153,True,True,00000153.tif,153,218c5cf2d5435fb83bf33e3c27986015888a81afd0225f786d7d8e072121a96f,00000153.tif,False,validated_graph_semantic_and_exact_index,False,False,False,table,local_data\organization\trace_net\raw_to_answer_context_engineered_native_gemma4_001\ocr_route_scan_pack_tesseract_full\page_images\t_p_120_1176_p000153.tif,local_data\organization\trace_net\raw_to_answer_context_engineered_native_gemma4_001\ocr_route_scan_pack_tesseract_full\ocr_text\t_p_120_1176_p000153.txt,repaired_from_ocr_scan_pack,True,[],graph_source_map_plus_validated_evidence_links,False,True,validated_page_or_evidence_summary,False,True,joined_target_specific_dry_run_plans,"[""postgres_graph"", ""qdrant"", ""opensearch""]","{""opensearch"": ""ready"", ""postgres_graph"": ""ready"", ""qdrant"": ""ready""}","{""opensearch"": [], ""postgres_graph"": [], ""qdrant"": []}","[""postgres_graph"", ""qdrant"", ""opensearch""]",True,True,True,False,[],ready_dry_run_only,validated_table_or_exact_evidence,False,True
False,True,True,True,table,False,"[""postgres_graph""]",False,t_p_120_1176_p000154,154,True,False,00000154.tif,154,dca8354cd0e46f23f4b1e7dcae9acb97e454ca44ec744bddf828c81613f9dbbd,00000154.tif,False,graph_only_validator_gated,False,True,False,table,local_data\organization\trace_net\raw_to_answer_context_engineered_native_gemma4_001\ocr_route_scan_pack_tesseract_full\page_images\t_p_120_1176_p000154.tif,local_data\organization\trace_net\raw_to_answer_context_engineered_native_gemma4_001\ocr_route_scan_pack_tesseract_full\ocr_text\t_p_120_1176_p000154.txt,repaired_from_ocr_scan_pack,True,[],graph_source_map_only,False,True,,,,joined_target_specific_dry_run_plans,"[""postgres_graph""]","{""postgres_graph"": ""ready""}","{""postgres_graph"": []}","[""postgres_graph""]",True,False,False,False,[],ready_dry_run_only,,,
False,False,True,False,table,False,"[""postgres_graph"", ""qdrant"", ""opensearch""]",True,t_p_120_1176_p000155,155,True,True,00000155.tif,155,64f030511eed5b6e76892503f301fa01f1c04a07fef96f95b2e7750df69dad1f,00000155.tif,False,validated_graph_semantic_and_exact_index,False,False,False,table,local_data\organization\trace_net\raw_to_answer_context_engineered_native_gemma4_001\ocr_route_scan_pack_tesseract_full\page_images\t_p_120_1176_p000155.tif,local_data\organization\trace_net\raw_to_answer_context_engineered_native_gemma4_001\ocr_route_scan_pack_tesseract_full\ocr_text\t_p_120_1176_p000155.txt,repaired_from_ocr_scan_pack,True,[],graph_source_map_plus_validated_evidence_links,False,True,validated_page_or_evidence_summary,False,True,joined_target_specific_dry_run_plans,"[""postgres_graph"", ""qdrant"", ""opensearch""]","{""opensearch"": ""ready"", ""postgres_graph"": ""ready"", ""qdrant"": ""ready""}","{""opensearch"": [], ""postgres_graph"": [], ""qdrant"": []}","[""postgres_graph"", ""qdrant"", ""opensearch""]",True,True,True,False,[],ready_dry_run_only,validated_table_or_exact_evidence,False,True
False,False,True,False,table,False,"[""postgres_graph"", ""qdrant"", ""opensearch""]",True,t_p_120_1176_p000156,156,True,True,00000156.tif,156,7aa2a0be2fa371de746b71bde7e3ce1e40e3b8224ee3ed272e7745ad1c445e62,00000156.tif,False,validated_graph_semantic_and_exact_index,False,False,False,table,local_data\organization\trace_net\raw_to_answer_context_engineered_native_gemma4_001\ocr_route_scan_pack_tesseract_full\page_images\t_p_120_1176_p000156.tif,local_data\organization\trace_net\raw_to_answer_context_engineered_native_gemma4_001\ocr_route_scan_pack_tesseract_full\ocr_text\t_p_120_1176_p000156.txt,repaired_from_ocr_scan_pack,True,[],graph_source_map_plus_validated_evidence_links,False,True,validated_page_or_evidence_summary,False,True,joined_target_specific_dry_run_plans,"[""postgres_graph"", ""qdrant"", ""opensearch""]","{""opensearch"": ""ready"", ""postgres_graph"": ""ready"", ""qdrant"": ""ready""}","{""opensearch"": [], ""postgres_graph"": [], ""qdrant"": []}","[""postgres_graph"", ""qdrant"", ""opensearch""]",True,True,True,False,[],ready_dry_run_only,validated_table_or_exact_evidence,False,True
False,True,True,True,table,False,"[""postgres_graph""]",False,t_p_120_1176_p000157,157,True,False,00000157.tif,157,20415b43c1311306bb0f79f936266d0a7f8debe4d25453233396c5dee5ed2e7d,00000157.tif,False,graph_only_validator_gated,False,True,False,table,local_data\organization\trace_net\raw_to_answer_context_engineered_native_gemma4_001\ocr_route_scan_pack_tesseract_full\page_images\t_p_120_1176_p000157.tif,local_data\organization\trace_net\raw_to_answer_context_engineered_native_gemma4_001\ocr_route_scan_pack_tesseract_full\ocr_text\t_p_120_1176_p000157.txt,repaired_from_ocr_scan_pack,True,[],graph_source_map_only,False,True,,,,joined_target_specific_dry_run_plans,"[""postgres_graph""]","{""postgres_graph"": ""ready""}","{""postgres_graph"": []}","[""postgres_graph""]",True,False,False,False,[],ready_dry_run_only,,,
False,False,True,False,table,False,"[""postgres_graph"", ""qdrant"", ""opensearch""]",True,t_p_120_1176_p000158,158,True,True,00000158.tif,158,154503a7aaf745117bdf2f90bdbb94736d1a7e7ef6c5543e6dc04c36bfb2116e,00000158.tif,False,validated_graph_semantic_and_exact_index,False,False,False,table,local_data\organization\trace_net\raw_to_answer_context_engineered_native_gemma4_001\ocr_route_scan_pack_tesseract_full\page_images\t_p_120_1176_p000158.tif,local_data\organization\trace_net\raw_to_answer_context_engineered_native_gemma4_001\ocr_route_scan_pack_tesseract_full\ocr_text\t_p_120_1176_p000158.txt,repaired_from_ocr_scan_pack,True,[],graph_source_map_plus_validated_evidence_links,False,True,validated_page_or_evidence_summary,False,True,joined_target_specific_dry_run_plans,"[""postgres_graph"", ""qdrant"", ""opensearch""]","{""opensearch"": ""ready"", ""postgres_graph"": ""ready"", ""qdrant"": ""ready""}","{""opensearch"": [], ""postgres_graph"": [], ""qdrant"": []}","[""postgres_graph"", ""qdrant"", ""opensearch""]",True,True,True,False,[],ready_dry_run_only,validated_table_or_exact_evidence,False,True
False,False,True,False,table,False,"[""postgres_graph"", ""qdrant"", ""opensearch""]",True,t_p_120_1176_p000159,159,True,True,00000159.tif,159,e81d0dcbb522cf0e6f85b47ae40d99b65c71c75a0738f76fdcf368d277e039e7,00000159.tif,False,validated_graph_semantic_and_exact_index,False,False,False,table,local_data\organization\trace_net\raw_to_answer_context_engineered_native_gemma4_001\ocr_route_scan_pack_tesseract_full\page_images\t_p_120_1176_p000159.tif,local_data\organization\trace_net\raw_to_answer_context_engineered_native_gemma4_001\ocr_route_scan_pack_tesseract_full\ocr_text\t_p_120_1176_p000159.txt,repaired_from_ocr_scan_pack,True,[],graph_source_map_plus_validated_evidence_links,False,True,validated_page_or_evidence_summary,False,True,joined_target_specific_dry_run_plans,"[""postgres_graph"", ""qdrant"", ""opensearch""]","{""opensearch"": ""ready"", ""postgres_graph"": ""ready"", ""qdrant"": ""ready""}","{""opensearch"": [], ""postgres_graph"": [], ""qdrant"": []}","[""postgres_graph"", ""qdrant"", ""opensearch""]",True,True,True,False,[],ready_dry_run_only,validated_table_or_exact_evidence,False,True
False,True,True,True,table,False,"[""postgres_graph""]",False,t_p_120_1176_p000160,160,True,False,00000160.tif,160,426d9b5e0d830b8e3dfb2815462470c1eb3d5f4b3dff68f1ddeabb735389c8bd,00000160.tif,False,graph_only_validator_gated,False,True,False,table,local_data\organization\trace_net\raw_to_answer_context_engineered_native_gemma4_001\ocr_route_scan_pack_tesseract_full\page_images\t_p_120_1176_p000160.tif,local_data\organization\trace_net\raw_to_answer_context_engineered_native_gemma4_001\ocr_route_scan_pack_tesseract_full\ocr_text\t_p_120_1176_p000160.txt,repaired_from_ocr_scan_pack,True,[],graph_source_map_only,False,True,,,,joined_target_specific_dry_run_plans,"[""postgres_graph""]","{""postgres_graph"": ""ready""}","{""postgres_graph"": []}","[""postgres_graph""]",True,False,False,False,[],ready_dry_run_only,,,
False,False,True,False,table,False,"[""postgres_graph"", ""qdrant"", ""opensearch""]",True,t_p_120_1176_p000161,161,True,True,00000161.tif,161,a1c16ba32b2311d6fee33fc2302752074e19d3cc31a841857664b63a3be963ec,00000161.tif,False,validated_graph_semantic_and_exact_index,False,False,False,table,local_data\organization\trace_net\raw_to_answer_context_engineered_native_gemma4_001\ocr_route_scan_pack_tesseract_full\page_images\t_p_120_1176_p000161.tif,local_data\organization\trace_net\raw_to_answer_context_engineered_native_gemma4_001\ocr_route_scan_pack_tesseract_full\ocr_text\t_p_120_1176_p000161.txt,repaired_from_ocr_scan_pack,True,[],graph_source_map_plus_validated_evidence_links,False,True,validated_page_or_evidence_summary,False,True,joined_target_specific_dry_run_plans,"[""postgres_graph"", ""qdrant"", ""opensearch""]","{""opensearch"": ""ready"", ""postgres_graph"": ""ready"", ""qdrant"": ""ready""}","{""opensearch"": [], ""postgres_graph"": [], ""qdrant"": []}","[""postgres_graph"", ""qdrant"", ""opensearch""]",True,True,True,False,[],ready_dry_run_only,validated_table_or_exact_evidence,False,True
False,False,True,False,table,False,"[""postgres_graph"", ""qdrant"", ""opensearch""]",True,t_p_120_1176_p000162,162,True,True,00000162.tif,162,979492c40eb3f8dae8602fc4d6b13853134b465cd4c69e44e963339e0edc5adf,00000162.tif,False,validated_graph_semantic_and_exact_index,False,False,False,table,local_data\organization\trace_net\raw_to_answer_context_engineered_native_gemma4_001\ocr_route_scan_pack_tesseract_full\page_images\t_p_120_1176_p000162.tif,local_data\organization\trace_net\raw_to_answer_context_engineered_native_gemma4_001\ocr_route_scan_pack_tesseract_full\ocr_text\t_p_120_1176_p000162.txt,repaired_from_ocr_scan_pack,True,[],graph_source_map_plus_validated_evidence_links,False,True,validated_page_or_evidence_summary,False,True,joined_target_specific_dry_run_plans,"[""postgres_graph"", ""qdrant"", ""opensearch""]","{""opensearch"": ""ready"", ""postgres_graph"": ""ready"", ""qdrant"": ""ready""}","{""opensearch"": [], ""postgres_graph"": [], ""qdrant"": []}","[""postgres_graph"", ""qdrant"", ""opensearch""]",True,True,True,False,[],ready_dry_run_only,validated_table_or_exact_evidence,False,True
False,False,True,False,plain_text,False,"[""postgres_graph"", ""qdrant""]",False,t_p_120_1176_p000163,163,True,True,00000163.tif,163,1ba7a88926c36d8d8ee4811bc815514b5cab6d9d8b80406352fbf2e933ada0a7,00000163.tif,False,validated_graph_and_semantic_index,False,False,False,plain_text,local_data\organization\trace_net\raw_to_answer_context_engineered_native_gemma4_001\ocr_route_scan_pack_tesseract_full\page_images\t_p_120_1176_p000163.tif,local_data\organization\trace_net\raw_to_answer_context_engineered_native_gemma4_001\ocr_route_scan_pack_tesseract_full\ocr_text\t_p_120_1176_p000163.txt,repaired_from_ocr_scan_pack,True,[],graph_source_map_plus_validated_evidence_links,False,True,validated_page_or_evidence_summary,False,True,joined_target_specific_dry_run_plans,"[""postgres_graph"", ""qdrant""]","{""postgres_graph"": ""ready"", ""qdrant"": ""ready""}","{""postgres_graph"": [], ""qdrant"": []}","[""postgres_graph"", ""qdrant""]",True,True,False,False,[],ready_dry_run_only,,,
False,False,True,False,table,False,"[""postgres_graph"", ""qdrant"", ""opensearch""]",True,t_p_120_1176_p000164,164,True,True,00000164.tif,164,e74714ac7888ae0dc1b7365c8feb5f9cb5ee1b459881ea1065c2f7b84dcfabdf,00000164.tif,False,validated_graph_semantic_and_exact_index,False,False,False,table,local_data\organization\trace_net\raw_to_answer_context_engineered_native_gemma4_001\ocr_route_scan_pack_tesseract_full\page_images\t_p_120_1176_p000164.tif,local_data\organization\trace_net\raw_to_answer_context_engineered_native_gemma4_001\ocr_route_scan_pack_tesseract_full\ocr_text\t_p_120_1176_p000164.txt,repaired_from_ocr_scan_pack,True,[],graph_source_map_plus_validated_evidence_links,False,True,validated_page_or_evidence_summary,False,True,joined_target_specific_dry_run_plans,"[""postgres_graph"", ""qdrant"", ""opensearch""]","{""opensearch"": ""ready"", ""postgres_graph"": ""ready"", ""qdrant"": ""ready""}","{""opensearch"": [], ""postgres_graph"": [], ""qdrant"": []}","[""postgres_graph"", ""qdrant"", ""opensearch""]",True,True,True,False,[],ready_dry_run_only,validated_table_or_exact_evidence,False,True
False,False,True,False,table,False,"[""postgres_graph"", ""qdrant"", ""opensearch""]",True,t_p_120_1176_p000165,165,True,True,00000165.tif,165,29667c646cf712356e91c00fe0695dba56e0ef0edc9b645e72bb42ba343c4d95,00000165.tif,False,validated_graph_semantic_and_exact_index,False,False,False,table,local_data\organization\trace_net\raw_to_answer_context_engineered_native_gemma4_001\ocr_route_scan_pack_tesseract_full\page_images\t_p_120_1176_p000165.tif,local_data\organization\trace_net\raw_to_answer_context_engineered_native_gemma4_001\ocr_route_scan_pack_tesseract_full\ocr_text\t_p_120_1176_p000165.txt,repaired_from_ocr_scan_pack,True,[],graph_source_map_plus_validated_evidence_links,False,True,validated_page_or_evidence_summary,False,True,joined_target_specific_dry_run_plans,"[""postgres_graph"", ""qdrant"", ""opensearch""]","{""opensearch"": ""ready"", ""postgres_graph"": ""ready"", ""qdrant"": ""ready""}","{""opensearch"": [], ""postgres_graph"": [], ""qdrant"": []}","[""postgres_graph"", ""qdrant"", ""opensearch""]",True,True,True,False,[],ready_dry_run_only,validated_table_or_exact_evidence,False,True
False,False,True,False,plain_text,False,"[""postgres_graph"", ""qdrant""]",False,t_p_120_1176_p000166,166,True,True,00000166.tif,166,7323c0611c990698d63b61def4a6c209e6316cbe839627e1371eddb8830cd215,00000166.tif,False,validated_graph_and_semantic_index,False,False,False,plain_text,local_data\organization\trace_net\raw_to_answer_context_engineered_native_gemma4_001\ocr_route_scan_pack_tesseract_full\page_images\t_p_120_1176_p000166.tif,local_data\organization\trace_net\raw_to_answer_context_engineered_native_gemma4_001\ocr_route_scan_pack_tesseract_full\ocr_text\t_p_120_1176_p000166.txt,repaired_from_ocr_scan_pack,True,[],graph_source_map_plus_validated_evidence_links,False,True,validated_page_or_evidence_summary,False,True,joined_target_specific_dry_run_plans,"[""postgres_graph"", ""qdrant""]","{""postgres_graph"": ""ready"", ""qdrant"": ""ready""}","{""postgres_graph"": [], ""qdrant"": []}","[""postgres_graph"", ""qdrant""]",True,True,False,False,[],ready_dry_run_only,,,
False,False,True,False,table,False,"[""postgres_graph"", ""qdrant"", ""opensearch""]",True,t_p_120_1176_p000167,167,True,True,00000167.tif,167,1fe871f081d3d8ded0859a13984b13665cf1e92e96dd55dd14e51fe46e736dc7,00000167.tif,False,validated_graph_semantic_and_exact_index,False,False,False,table,local_data\organization\trace_net\raw_to_answer_context_engineered_native_gemma4_001\ocr_route_scan_pack_tesseract_full\page_images\t_p_120_1176_p000167.tif,local_data\organization\trace_net\raw_to_answer_context_engineered_native_gemma4_001\ocr_route_scan_pack_tesseract_full\ocr_text\t_p_120_1176_p000167.txt,repaired_from_ocr_scan_pack,True,[],graph_source_map_plus_validated_evidence_links,False,True,validated_page_or_evidence_summary,False,True,joined_target_specific_dry_run_plans,"[""postgres_graph"", ""qdrant"", ""opensearch""]","{""opensearch"": ""ready"", ""postgres_graph"": ""ready"", ""qdrant"": ""ready""}","{""opensearch"": [], ""postgres_graph"": [], ""qdrant"": []}","[""postgres_graph"", ""qdrant"", ""opensearch""]",True,True,True,False,[],ready_dry_run_only,validated_table_or_exact_evidence,False,True
False,False,True,False,table,False,"[""postgres_graph"", ""qdrant"", ""opensearch""]",True,t_p_120_1176_p000168,168,True,True,00000168.tif,168,c29b6e2170bdec78935d6c9ed552b6b8b3449198ac95f130534ec3c0548a3945,00000168.tif,False,validated_graph_semantic_and_exact_index,False,False,False,table,local_data\organization\trace_net\raw_to_answer_context_engineered_native_gemma4_001\ocr_route_scan_pack_tesseract_full\page_images\t_p_120_1176_p000168.tif,local_data\organization\trace_net\raw_to_answer_context_engineered_native_gemma4_001\ocr_route_scan_pack_tesseract_full\ocr_text\t_p_120_1176_p000168.txt,repaired_from_ocr_scan_pack,True,[],graph_source_map_plus_validated_evidence_links,False,True,validated_page_or_evidence_summary,False,True,joined_target_specific_dry_run_plans,"[""postgres_graph"", ""qdrant"", ""opensearch""]","{""opensearch"": ""ready"", ""postgres_graph"": ""ready"", ""qdrant"": ""ready""}","{""opensearch"": [], ""postgres_graph"": [], ""qdrant"": []}","[""postgres_graph"", ""qdrant"", ""opensearch""]",True,True,True,False,[],ready_dry_run_only,validated_table_or_exact_evidence,False,True
False,True,True,True,table,False,"[""postgres_graph""]",False,t_p_120_1176_p000169,169,True,False,00000169.tif,169,63c379373317e6c145c55d6eb756c6e4b5104d00341f8c2158950fa9a36dbd13,00000169.tif,False,graph_only_validator_gated,False,True,False,table,local_data\organization\trace_net\raw_to_answer_context_engineered_native_gemma4_001\ocr_route_scan_pack_tesseract_full\page_images\t_p_120_1176_p000169.tif,local_data\organization\trace_net\raw_to_answer_context_engineered_native_gemma4_001\ocr_route_scan_pack_tesseract_full\ocr_text\t_p_120_1176_p000169.txt,repaired_from_ocr_scan_pack,True,[],graph_source_map_only,False,True,,,,joined_target_specific_dry_run_plans,"[""postgres_graph""]","{""postgres_graph"": ""ready""}","{""postgres_graph"": []}","[""postgres_graph""]",True,False,False,False,[],ready_dry_run_only,,,
False,False,True,False,table,False,"[""postgres_graph"", ""qdrant"", ""opensearch""]",True,t_p_120_1176_p000170,170,True,True,00000170.tif,170,fdf5d910cce2b4d20f11c1f283aa32d60f5af913d56d31a41d04b7310a02707d,00000170.tif,False,validated_graph_semantic_and_exact_index,False,False,False,table,local_data\organization\trace_net\raw_to_answer_context_engineered_native_gemma4_001\ocr_route_scan_pack_tesseract_full\page_images\t_p_120_1176_p000170.tif,local_data\organization\trace_net\raw_to_answer_context_engineered_native_gemma4_001\ocr_route_scan_pack_tesseract_full\ocr_text\t_p_120_1176_p000170.txt,repaired_from_ocr_scan_pack,True,[],graph_source_map_plus_validated_evidence_links,False,True,validated_page_or_evidence_summary,False,True,joined_target_specific_dry_run_plans,"[""postgres_graph"", ""qdrant"", ""opensearch""]","{""opensearch"": ""ready"", ""postgres_graph"": ""ready"", ""qdrant"": ""ready""}","{""opensearch"": [], ""postgres_graph"": [], ""qdrant"": []}","[""postgres_graph"", ""qdrant"", ""opensearch""]",True,True,True,False,[],ready_dry_run_only,validated_table_or_exact_evidence,False,True
False,False,True,False,table,False,"[""postgres_graph"", ""qdrant"", ""opensearch""]",True,t_p_120_1176_p000171,171,True,True,00000171.tif,171,41d195d1d3e3351f18ccd2a3aff077c13e778596d9077b6fd557c024ab5976fb,00000171.tif,False,validated_graph_semantic_and_exact_index,False,False,False,table,local_data\organization\trace_net\raw_to_answer_context_engineered_native_gemma4_001\ocr_route_scan_pack_tesseract_full\page_images\t_p_120_1176_p000171.tif,local_data\organization\trace_net\raw_to_answer_context_engineered_native_gemma4_001\ocr_route_scan_pack_tesseract_full\ocr_text\t_p_120_1176_p000171.txt,repaired_from_ocr_scan_pack,True,[],graph_source_map_plus_validated_evidence_links,False,True,validated_page_or_evidence_summary,False,True,joined_target_specific_dry_run_plans,"[""postgres_graph"", ""qdrant"", ""opensearch""]","{""opensearch"": ""ready"", ""postgres_graph"": ""ready"", ""qdrant"": ""ready""}","{""opensearch"": [], ""postgres_graph"": [], ""qdrant"": []}","[""postgres_graph"", ""qdrant"", ""opensearch""]",True,True,True,False,[],ready_dry_run_only,validated_table_or_exact_evidence,False,True
False,True,True,True,table,False,"[""postgres_graph""]",False,t_p_120_1176_p000172,172,True,False,00000172.tif,172,d804e37029adc4455ebc93eb45e28a86f10182febd5e2855af223439c266d9ec,00000172.tif,False,graph_only_validator_gated,False,True,False,table,local_data\organization\trace_net\raw_to_answer_context_engineered_native_gemma4_001\ocr_route_scan_pack_tesseract_full\page_images\t_p_120_1176_p000172.tif,local_data\organization\trace_net\raw_to_answer_context_engineered_native_gemma4_001\ocr_route_scan_pack_tesseract_full\ocr_text\t_p_120_1176_p000172.txt,repaired_from_ocr_scan_pack,True,[],graph_source_map_only,False,True,,,,joined_target_specific_dry_run_plans,"[""postgres_graph""]","{""postgres_graph"": ""ready""}","{""postgres_graph"": []}","[""postgres_graph""]",True,False,False,False,[],ready_dry_run_only,,,
False,False,True,False,table,False,"[""postgres_graph"", ""qdrant"", ""opensearch""]",True,t_p_120_1176_p000173,173,True,True,00000173.tif,173,d82b08484ec90ef598879c630ce77407b6eb4764ab326665481240619305fff3,00000173.tif,False,validated_graph_semantic_and_exact_index,False,False,False,table,local_data\organization\trace_net\raw_to_answer_context_engineered_native_gemma4_001\ocr_route_scan_pack_tesseract_full\page_images\t_p_120_1176_p000173.tif,local_data\organization\trace_net\raw_to_answer_context_engineered_native_gemma4_001\ocr_route_scan_pack_tesseract_full\ocr_text\t_p_120_1176_p000173.txt,repaired_from_ocr_scan_pack,True,[],graph_source_map_plus_validated_evidence_links,False,True,validated_page_or_evidence_summary,False,True,joined_target_specific_dry_run_plans,"[""postgres_graph"", ""qdrant"", ""opensearch""]","{""opensearch"": ""ready"", ""postgres_graph"": ""ready"", ""qdrant"": ""ready""}","{""opensearch"": [], ""postgres_graph"": [], ""qdrant"": []}","[""postgres_graph"", ""qdrant"", ""opensearch""]",True,True,True,False,[],ready_dry_run_only,validated_table_or_exact_evidence,False,True
False,True,True,True,table,False,"[""postgres_graph""]",False,t_p_120_1176_p000174,174,True,False,00000174.tif,174,c93453817c26b0ba615a67241896827a56f569eee547b6a9c10a7e69b39d2f6f,00000174.tif,False,graph_only_validator_gated,False,True,False,table,local_data\organization\trace_net\raw_to_answer_context_engineered_native_gemma4_001\ocr_route_scan_pack_tesseract_full\page_images\t_p_120_1176_p000174.tif,local_data\organization\trace_net\raw_to_answer_context_engineered_native_gemma4_001\ocr_route_scan_pack_tesseract_full\ocr_text\t_p_120_1176_p000174.txt,repaired_from_ocr_scan_pack,True,[],graph_source_map_only,False,True,,,,joined_target_specific_dry_run_plans,"[""postgres_graph""]","{""postgres_graph"": ""ready""}","{""postgres_graph"": []}","[""postgres_graph""]",True,False,False,False,[],ready_dry_run_only,,,
False,True,True,True,table,False,"[""postgres_graph""]",False,t_p_120_1176_p000175,175,True,False,00000175.tif,175,4195c825e7a2c1e70462402dd72465cb5ca7db223acf27f6157927661eda06bf,00000175.tif,False,graph_only_validator_gated,False,True,False,table,local_data\organization\trace_net\raw_to_answer_context_engineered_native_gemma4_001\ocr_route_scan_pack_tesseract_full\page_images\t_p_120_1176_p000175.tif,local_data\organization\trace_net\raw_to_answer_context_engineered_native_gemma4_001\ocr_route_scan_pack_tesseract_full\ocr_text\t_p_120_1176_p000175.txt,repaired_from_ocr_scan_pack,True,[],graph_source_map_only,False,True,,,,joined_target_specific_dry_run_plans,"[""postgres_graph""]","{""postgres_graph"": ""ready""}","{""postgres_graph"": []}","[""postgres_graph""]",True,False,False,False,[],ready_dry_run_only,,,
False,False,True,False,table,False,"[""postgres_graph"", ""qdrant"", ""opensearch""]",True,t_p_120_1176_p000176,176,True,True,00000176.tif,176,87b9983d1d2496368d7527fbffb22a0a5978ddebd92a14a3c79d1de50de2fd63,00000176.tif,False,validated_graph_semantic_and_exact_index,False,False,False,table,local_data\organization\trace_net\raw_to_answer_context_engineered_native_gemma4_001\ocr_route_scan_pack_tesseract_full\page_images\t_p_120_1176_p000176.tif,local_data\organization\trace_net\raw_to_answer_context_engineered_native_gemma4_001\ocr_route_scan_pack_tesseract_full\ocr_text\t_p_120_1176_p000176.txt,repaired_from_ocr_scan_pack,True,[],graph_source_map_plus_validated_evidence_links,False,True,validated_page_or_evidence_summary,False,True,joined_target_specific_dry_run_plans,"[""postgres_graph"", ""qdrant"", ""opensearch""]","{""opensearch"": ""ready"", ""postgres_graph"": ""ready"", ""qdrant"": ""ready""}","{""opensearch"": [], ""postgres_graph"": [], ""qdrant"": []}","[""postgres_graph"", ""qdrant"", ""opensearch""]",True,True,True,False,[],ready_dry_run_only,validated_table_or_exact_evidence,False,True
False,False,True,False,table,False,"[""postgres_graph"", ""qdrant"", ""opensearch""]",True,t_p_120_1176_p000177,177,True,True,00000177.tif,177,d3ef4231ae925ac5d8ab35e1b630215913b79371364023de20c16aab0b0418fd,00000177.tif,False,validated_graph_semantic_and_exact_index,False,False,False,table,local_data\organization\trace_net\raw_to_answer_context_engineered_native_gemma4_001\ocr_route_scan_pack_tesseract_full\page_images\t_p_120_1176_p000177.tif,local_data\organization\trace_net\raw_to_answer_context_engineered_native_gemma4_001\ocr_route_scan_pack_tesseract_full\ocr_text\t_p_120_1176_p000177.txt,repaired_from_ocr_scan_pack,True,[],graph_source_map_plus_validated_evidence_links,False,True,validated_page_or_evidence_summary,False,True,joined_target_specific_dry_run_plans,"[""postgres_graph"", ""qdrant"", ""opensearch""]","{""opensearch"": ""ready"", ""postgres_graph"": ""ready"", ""qdrant"": ""ready""}","{""opensearch"": [], ""postgres_graph"": [], ""qdrant"": []}","[""postgres_graph"", ""qdrant"", ""opensearch""]",True,True,True,False,[],ready_dry_run_only,validated_table_or_exact_evidence,False,True
False,True,True,True,table,False,"[""postgres_graph""]",False,t_p_120_1176_p000178,178,True,False,00000178.tif,178,75b69d09ad5aabd00edaf3dd4cc8e043373046140a3ddc8e97c67de7cd3cce8f,00000178.tif,False,graph_only_validator_gated,False,True,False,table,local_data\organization\trace_net\raw_to_answer_context_engineered_native_gemma4_001\ocr_route_scan_pack_tesseract_full\page_images\t_p_120_1176_p000178.tif,local_data\organization\trace_net\raw_to_answer_context_engineered_native_gemma4_001\ocr_route_scan_pack_tesseract_full\ocr_text\t_p_120_1176_p000178.txt,repaired_from_ocr_scan_pack,True,[],graph_source_map_only,False,True,,,,joined_target_specific_dry_run_plans,"[""postgres_graph""]","{""postgres_graph"": ""ready""}","{""postgres_graph"": []}","[""postgres_graph""]",True,False,False,False,[],ready_dry_run_only,,,
False,False,True,False,table,False,"[""postgres_graph"", ""qdrant"", ""opensearch""]",True,t_p_120_1176_p000179,179,True,True,00000179.tif,179,797f1fd7b3d68899bfd5b80c527975d7f1ebca33df9ab083e746f7a4389bb933,00000179.tif,False,validated_graph_semantic_and_exact_index,False,False,False,table,local_data\organization\trace_net\raw_to_answer_context_engineered_native_gemma4_001\ocr_route_scan_pack_tesseract_full\page_images\t_p_120_1176_p000179.tif,local_data\organization\trace_net\raw_to_answer_context_engineered_native_gemma4_001\ocr_route_scan_pack_tesseract_full\ocr_text\t_p_120_1176_p000179.txt,repaired_from_ocr_scan_pack,True,[],graph_source_map_plus_validated_evidence_links,False,True,validated_page_or_evidence_summary,False,True,joined_target_specific_dry_run_plans,"[""postgres_graph"", ""qdrant"", ""opensearch""]","{""opensearch"": ""ready"", ""postgres_graph"": ""ready"", ""qdrant"": ""ready""}","{""opensearch"": [], ""postgres_graph"": [], ""qdrant"": []}","[""postgres_graph"", ""qdrant"", ""opensearch""]",True,True,True,False,[],ready_dry_run_only,validated_table_or_exact_evidence,False,True
False,True,True,True,table,False,"[""postgres_graph""]",False,t_p_120_1176_p000180,180,True,False,00000180.tif,180,590c27273436bebed317b9a0291bb89d835a204f63fe09651652b3f4908ca92d,00000180.tif,False,graph_only_validator_gated,False,True,False,table,local_data\organization\trace_net\raw_to_answer_context_engineered_native_gemma4_001\ocr_route_scan_pack_tesseract_full\page_images\t_p_120_1176_p000180.tif,local_data\organization\trace_net\raw_to_answer_context_engineered_native_gemma4_001\ocr_route_scan_pack_tesseract_full\ocr_text\t_p_120_1176_p000180.txt,repaired_from_ocr_scan_pack,True,[],graph_source_map_only,False,True,,,,joined_target_specific_dry_run_plans,"[""postgres_graph""]","{""postgres_graph"": ""ready""}","{""postgres_graph"": []}","[""postgres_graph""]",True,False,False,False,[],ready_dry_run_only,,,
False,False,True,False,plain_text,False,"[""postgres_graph"", ""qdrant""]",False,t_p_120_1176_p000181,181,True,True,00000181.tif,181,b52337c51ea9864564237423c06d27dc1ac2435441ea1c580e3da204f39d4a03,00000181.tif,False,validated_graph_and_semantic_index,False,False,False,plain_text,local_data\organization\trace_net\raw_to_answer_context_engineered_native_gemma4_001\ocr_route_scan_pack_tesseract_full\page_images\t_p_120_1176_p000181.tif,local_data\organization\trace_net\raw_to_answer_context_engineered_native_gemma4_001\ocr_route_scan_pack_tesseract_full\ocr_text\t_p_120_1176_p000181.txt,repaired_from_ocr_scan_pack,True,[],graph_source_map_plus_validated_evidence_links,False,True,validated_page_or_evidence_summary,False,True,joined_target_specific_dry_run_plans,"[""postgres_graph"", ""qdrant""]","{""postgres_graph"": ""ready"", ""qdrant"": ""ready""}","{""postgres_graph"": [], ""qdrant"": []}","[""postgres_graph"", ""qdrant""]",True,True,False,False,[],ready_dry_run_only,,,
False,False,True,False,table,False,"[""postgres_graph"", ""qdrant"", ""opensearch""]",True,t_p_120_1176_p000182,182,True,True,00000182.tif,182,c8a2ff2d062a72481f81f8f96e3299eae8c46e5f3c61405cefb4250f18e9c084,00000182.tif,False,validated_graph_semantic_and_exact_index,False,False,False,table,local_data\organization\trace_net\raw_to_answer_context_engineered_native_gemma4_001\ocr_route_scan_pack_tesseract_full\page_images\t_p_120_1176_p000182.tif,local_data\organization\trace_net\raw_to_answer_context_engineered_native_gemma4_001\ocr_route_scan_pack_tesseract_full\ocr_text\t_p_120_1176_p000182.txt,repaired_from_ocr_scan_pack,True,[],graph_source_map_plus_validated_evidence_links,False,True,validated_page_or_evidence_summary,False,True,joined_target_specific_dry_run_plans,"[""postgres_graph"", ""qdrant"", ""opensearch""]","{""opensearch"": ""ready"", ""postgres_graph"": ""ready"", ""qdrant"": ""ready""}","{""opensearch"": [], ""postgres_graph"": [], ""qdrant"": []}","[""postgres_graph"", ""qdrant"", ""opensearch""]",True,True,True,False,[],ready_dry_run_only,validated_table_or_exact_evidence,False,True
False,False,True,False,table,False,"[""postgres_graph"", ""qdrant"", ""opensearch""]",True,t_p_120_1176_p000183,183,True,True,00000183.tif,183,14d7b19d9f6d56b283d3fc63d514ffd94ddda093758949d1202b656b62c228af,00000183.tif,False,validated_graph_semantic_and_exact_index,False,False,False,table,local_data\organization\trace_net\raw_to_answer_context_engineered_native_gemma4_001\ocr_route_scan_pack_tesseract_full\page_images\t_p_120_1176_p000183.tif,local_data\organization\trace_net\raw_to_answer_context_engineered_native_gemma4_001\ocr_route_scan_pack_tesseract_full\ocr_text\t_p_120_1176_p000183.txt,repaired_from_ocr_scan_pack,True,[],graph_source_map_plus_validated_evidence_links,False,True,validated_page_or_evidence_summary,False,True,joined_target_specific_dry_run_plans,"[""postgres_graph"", ""qdrant"", ""opensearch""]","{""opensearch"": ""ready"", ""postgres_graph"": ""ready"", ""qdrant"": ""ready""}","{""opensearch"": [], ""postgres_graph"": [], ""qdrant"": []}","[""postgres_graph"", ""qdrant"", ""opensearch""]",True,True,True,False,[],ready_dry_run_only,validated_table_or_exact_evidence,False,True
False,False,True,False,plain_text,False,"[""postgres_graph"", ""qdrant""]",False,t_p_120_1176_p000184,184,True,True,00000184.tif,184,4bf79c92f1bdba9ebbc136f7462351824a8e0fa13b3d357c3dbe41264632680f,00000184.tif,False,validated_graph_and_semantic_index,False,False,False,plain_text,local_data\organization\trace_net\raw_to_answer_context_engineered_native_gemma4_001\ocr_route_scan_pack_tesseract_full\page_images\t_p_120_1176_p000184.tif,local_data\organization\trace_net\raw_to_answer_context_engineered_native_gemma4_001\ocr_route_scan_pack_tesseract_full\ocr_text\t_p_120_1176_p000184.txt,repaired_from_ocr_scan_pack,True,[],graph_source_map_plus_validated_evidence_links,False,True,validated_page_or_evidence_summary,False,True,joined_target_specific_dry_run_plans,"[""postgres_graph"", ""qdrant""]","{""postgres_graph"": ""ready"", ""qdrant"": ""ready""}","{""postgres_graph"": [], ""qdrant"": []}","[""postgres_graph"", ""qdrant""]",True,True,False,False,[],ready_dry_run_only,,,
False,False,True,False,table,False,"[""postgres_graph"", ""qdrant"", ""opensearch""]",True,t_p_120_1176_p000185,185,True,True,00000185.tif,185,287f1064ab16621a073a019ba1cea740f917825fdaf7d0fffe98894628d2f743,00000185.tif,False,validated_graph_semantic_and_exact_index,False,False,False,table,local_data\organization\trace_net\raw_to_answer_context_engineered_native_gemma4_001\ocr_route_scan_pack_tesseract_full\page_images\t_p_120_1176_p000185.tif,local_data\organization\trace_net\raw_to_answer_context_engineered_native_gemma4_001\ocr_route_scan_pack_tesseract_full\ocr_text\t_p_120_1176_p000185.txt,repaired_from_ocr_scan_pack,True,[],graph_source_map_plus_validated_evidence_links,False,True,validated_page_or_evidence_summary,False,True,joined_target_specific_dry_run_plans,"[""postgres_graph"", ""qdrant"", ""opensearch""]","{""opensearch"": ""ready"", ""postgres_graph"": ""ready"", ""qdrant"": ""ready""}","{""opensearch"": [], ""postgres_graph"": [], ""qdrant"": []}","[""postgres_graph"", ""qdrant"", ""opensearch""]",True,True,True,False,[],ready_dry_run_only,validated_table_or_exact_evidence,False,True
False,False,True,False,table,False,"[""postgres_graph"", ""qdrant"", ""opensearch""]",True,t_p_120_1176_p000186,186,True,True,00000186.tif,186,830acb0183dff7e526735bdd589a19d06a8d298964ea276ba7beed687db11e9b,00000186.tif,False,validated_graph_semantic_and_exact_index,False,False,False,table,local_data\organization\trace_net\raw_to_answer_context_engineered_native_gemma4_001\ocr_route_scan_pack_tesseract_full\page_images\t_p_120_1176_p000186.tif,local_data\organization\trace_net\raw_to_answer_context_engineered_native_gemma4_001\ocr_route_scan_pack_tesseract_full\ocr_text\t_p_120_1176_p000186.txt,repaired_from_ocr_scan_pack,True,[],graph_source_map_plus_validated_evidence_links,False,True,validated_page_or_evidence_summary,False,True,joined_target_specific_dry_run_plans,"[""postgres_graph"", ""qdrant"", ""opensearch""]","{""opensearch"": ""ready"", ""postgres_graph"": ""ready"", ""qdrant"": ""ready""}","{""opensearch"": [], ""postgres_graph"": [], ""qdrant"": []}","[""postgres_graph"", ""qdrant"", ""opensearch""]",True,True,True,False,[],ready_dry_run_only,validated_table_or_exact_evidence,False,True
False,True,True,True,blank,False,"[""postgres_graph""]",False,t_p_120_1176_p000187,187,True,False,00000187.tif,187,7048283bd1bb8c3ed93fe9796fad1b75acbdb201fb6de4c4081cd3adc28c411c,00000187.tif,False,graph_only_blank,False,False,False,blank,local_data\organization\trace_net\raw_to_answer_context_engineered_native_gemma4_001\ocr_route_scan_pack_tesseract_full\page_images\t_p_120_1176_p000187.tif,,repaired_from_ocr_scan_pack,True,[],graph_source_map_only,False,True,,,,joined_target_specific_dry_run_plans,"[""postgres_graph""]","{""postgres_graph"": ""ready""}","{""postgres_graph"": []}","[""postgres_graph""]",True,False,False,False,[],ready_dry_run_only,,,
False,False,True,False,plain_text,False,"[""postgres_graph"", ""qdrant""]",False,t_p_120_1176_p000188,188,True,True,00000188.tif,188,c62a0f115a9cea8989be46d7248e633226a64072543f909d55667449ebd0fdb5,00000188.tif,False,validated_graph_and_semantic_index,False,False,False,plain_text,local_data\organization\trace_net\raw_to_answer_context_engineered_native_gemma4_001\ocr_route_scan_pack_tesseract_full\page_images\t_p_120_1176_p000188.tif,local_data\organization\trace_net\raw_to_answer_context_engineered_native_gemma4_001\ocr_route_scan_pack_tesseract_full\ocr_text\t_p_120_1176_p000188.txt,repaired_from_ocr_scan_pack,True,[],graph_source_map_plus_validated_evidence_links,False,True,validated_page_or_evidence_summary,False,True,joined_target_specific_dry_run_plans,"[""postgres_graph"", ""qdrant""]","{""postgres_graph"": ""ready"", ""qdrant"": ""ready""}","{""postgres_graph"": [], ""qdrant"": []}","[""postgres_graph"", ""qdrant""]",True,True,False,False,[],ready_dry_run_only,,,
False,False,True,False,table,False,"[""postgres_graph"", ""qdrant"", ""opensearch""]",True,t_p_120_1176_p000189,189,True,True,00000189.tif,189,eb62786143d1cd0e9e5181e36c5a8ea519f5e6e154826ec6c3b635448b1709d4,00000189.tif,False,validated_graph_semantic_and_exact_index,False,False,False,table,local_data\organization\trace_net\raw_to_answer_context_engineered_native_gemma4_001\ocr_route_scan_pack_tesseract_full\page_images\t_p_120_1176_p000189.tif,local_data\organization\trace_net\raw_to_answer_context_engineered_native_gemma4_001\ocr_route_scan_pack_tesseract_full\ocr_text\t_p_120_1176_p000189.txt,repaired_from_ocr_scan_pack,True,[],graph_source_map_plus_validated_evidence_links,False,True,validated_page_or_evidence_summary,False,True,joined_target_specific_dry_run_plans,"[""postgres_graph"", ""qdrant"", ""opensearch""]","{""opensearch"": ""ready"", ""postgres_graph"": ""ready"", ""qdrant"": ""ready""}","{""opensearch"": [], ""postgres_graph"": [], ""qdrant"": []}","[""postgres_graph"", ""qdrant"", ""opensearch""]",True,True,True,False,[],ready_dry_run_only,validated_table_or_exact_evidence,False,True
False,False,True,False,table,False,"[""postgres_graph"", ""qdrant"", ""opensearch""]",True,t_p_120_1176_p000190,190,True,True,00000190.tif,190,dd0dfdba83502a50fb04390c95c864fd5019ff11436006006a0a33595908ab78,00000190.tif,False,validated_graph_semantic_and_exact_index,False,False,False,table,local_data\organization\trace_net\raw_to_answer_context_engineered_native_gemma4_001\ocr_route_scan_pack_tesseract_full\page_images\t_p_120_1176_p000190.tif,local_data\organization\trace_net\raw_to_answer_context_engineered_native_gemma4_001\ocr_route_scan_pack_tesseract_full\ocr_text\t_p_120_1176_p000190.txt,repaired_from_ocr_scan_pack,True,[],graph_source_map_plus_validated_evidence_links,False,True,validated_page_or_evidence_summary,False,True,joined_target_specific_dry_run_plans,"[""postgres_graph"", ""qdrant"", ""opensearch""]","{""opensearch"": ""ready"", ""postgres_graph"": ""ready"", ""qdrant"": ""ready""}","{""opensearch"": [], ""postgres_graph"": [], ""qdrant"": []}","[""postgres_graph"", ""qdrant"", ""opensearch""]",True,True,True,False,[],ready_dry_run_only,validated_table_or_exact_evidence,False,True
False,False,True,False,plain_text,False,"[""postgres_graph"", ""qdrant""]",False,t_p_120_1176_p000191,191,True,True,00000191.tif,191,2d536262569309e521b62924e103f03bdbf6e75e67491c49e2b9eeb0de448a7b,00000191.tif,False,validated_graph_and_semantic_index,False,False,False,plain_text,local_data\organization\trace_net\raw_to_answer_context_engineered_native_gemma4_001\ocr_route_scan_pack_tesseract_full\page_images\t_p_120_1176_p000191.tif,local_data\organization\trace_net\raw_to_answer_context_engineered_native_gemma4_001\ocr_route_scan_pack_tesseract_full\ocr_text\t_p_120_1176_p000191.txt,repaired_from_ocr_scan_pack,True,[],graph_source_map_plus_validated_evidence_links,False,True,validated_page_or_evidence_summary,False,True,joined_target_specific_dry_run_plans,"[""postgres_graph"", ""qdrant""]","{""postgres_graph"": ""ready"", ""qdrant"": ""ready""}","{""postgres_graph"": [], ""qdrant"": []}","[""postgres_graph"", ""qdrant""]",True,True,False,False,[],ready_dry_run_only,,,
False,False,True,False,table,False,"[""postgres_graph"", ""qdrant"", ""opensearch""]",True,t_p_120_1176_p000192,192,True,True,00000192.tif,192,277ea9fae1eb1aa1d9369f4c0a6a39b14a6ac44654c393cd7c4164bf636605b9,00000192.tif,False,validated_graph_semantic_and_exact_index,False,False,False,table,local_data\organization\trace_net\raw_to_answer_context_engineered_native_gemma4_001\ocr_route_scan_pack_tesseract_full\page_images\t_p_120_1176_p000192.tif,local_data\organization\trace_net\raw_to_answer_context_engineered_native_gemma4_001\ocr_route_scan_pack_tesseract_full\ocr_text\t_p_120_1176_p000192.txt,repaired_from_ocr_scan_pack,True,[],graph_source_map_plus_validated_evidence_links,False,True,validated_page_or_evidence_summary,False,True,joined_target_specific_dry_run_plans,"[""postgres_graph"", ""qdrant"", ""opensearch""]","{""opensearch"": ""ready"", ""postgres_graph"": ""ready"", ""qdrant"": ""ready""}","{""opensearch"": [], ""postgres_graph"": [], ""qdrant"": []}","[""postgres_graph"", ""qdrant"", ""opensearch""]",True,True,True,False,[],ready_dry_run_only,validated_table_or_exact_evidence,False,True
False,False,True,False,table,False,"[""postgres_graph"", ""qdrant"", ""opensearch""]",True,t_p_120_1176_p000193,193,True,True,00000193.tif,193,5cf30f8a2501d2b41423f4d3ca1356c3dc024c4e8f070aab6fd80782637c8ede,00000193.tif,False,validated_graph_semantic_and_exact_index,False,False,False,table,local_data\organization\trace_net\raw_to_answer_context_engineered_native_gemma4_001\ocr_route_scan_pack_tesseract_full\page_images\t_p_120_1176_p000193.tif,local_data\organization\trace_net\raw_to_answer_context_engineered_native_gemma4_001\ocr_route_scan_pack_tesseract_full\ocr_text\t_p_120_1176_p000193.txt,repaired_from_ocr_scan_pack,True,[],graph_source_map_plus_validated_evidence_links,False,True,validated_page_or_evidence_summary,False,True,joined_target_specific_dry_run_plans,"[""postgres_graph"", ""qdrant"", ""opensearch""]","{""opensearch"": ""ready"", ""postgres_graph"": ""ready"", ""qdrant"": ""ready""}","{""opensearch"": [], ""postgres_graph"": [], ""qdrant"": []}","[""postgres_graph"", ""qdrant"", ""opensearch""]",True,True,True,False,[],ready_dry_run_only,validated_table_or_exact_evidence,False,True
False,False,True,False,plain_text,False,"[""postgres_graph"", ""qdrant""]",False,t_p_120_1176_p000194,194,True,True,00000194.tif,194,eb83994b76ec91b5fb98a0a628655dacdf007922ee33eb34889255ea9f8aea89,00000194.tif,False,validated_graph_and_semantic_index,False,False,False,plain_text,local_data\organization\trace_net\raw_to_answer_context_engineered_native_gemma4_001\ocr_route_scan_pack_tesseract_full\page_images\t_p_120_1176_p000194.tif,local_data\organization\trace_net\raw_to_answer_context_engineered_native_gemma4_001\ocr_route_scan_pack_tesseract_full\ocr_text\t_p_120_1176_p000194.txt,repaired_from_ocr_scan_pack,True,[],graph_source_map_plus_validated_evidence_links,False,True,validated_page_or_evidence_summary,False,True,joined_target_specific_dry_run_plans,"[""postgres_graph"", ""qdrant""]","{""postgres_graph"": ""ready"", ""qdrant"": ""ready""}","{""postgres_graph"": [], ""qdrant"": []}","[""postgres_graph"", ""qdrant""]",True,True,False,False,[],ready_dry_run_only,,,
False,True,True,True,blank,False,"[""postgres_graph""]",False,t_p_120_1176_p000195,195,True,False,00000195.tif,195,ae264a6e701d82abe9ee9d866bffb299dc666ff1c6f98e2ee4f8f41501840b90,00000195.tif,False,graph_only_blank,False,False,False,blank,local_data\organization\trace_net\raw_to_answer_context_engineered_native_gemma4_001\ocr_route_scan_pack_tesseract_full\page_images\t_p_120_1176_p000195.tif,,repaired_from_ocr_scan_pack,True,[],graph_source_map_only,False,True,,,,joined_target_specific_dry_run_plans,"[""postgres_graph""]","{""postgres_graph"": ""ready""}","{""postgres_graph"": []}","[""postgres_graph""]",True,False,False,False,[],ready_dry_run_only,,,
False,False,True,False,table,False,"[""postgres_graph"", ""qdrant"", ""opensearch""]",True,t_p_120_1176_p000196,196,True,True,00000196.tif,196,8c7c2587c0c87c19c1fafe8cab1fcaa6aafd141d2d91f6b7aeb9d85762ed697a,00000196.tif,False,validated_graph_semantic_and_exact_index,False,False,False,table,local_data\organization\trace_net\raw_to_answer_context_engineered_native_gemma4_001\ocr_route_scan_pack_tesseract_full\page_images\t_p_120_1176_p000196.tif,local_data\organization\trace_net\raw_to_answer_context_engineered_native_gemma4_001\ocr_route_scan_pack_tesseract_full\ocr_text\t_p_120_1176_p000196.txt,repaired_from_ocr_scan_pack,True,[],graph_source_map_plus_validated_evidence_links,False,True,validated_page_or_evidence_summary,False,True,joined_target_specific_dry_run_plans,"[""postgres_graph"", ""qdrant"", ""opensearch""]","{""opensearch"": ""ready"", ""postgres_graph"": ""ready"", ""qdrant"": ""ready""}","{""opensearch"": [], ""postgres_graph"": [], ""qdrant"": []}","[""postgres_graph"", ""qdrant"", ""opensearch""]",True,True,True,False,[],ready_dry_run_only,validated_table_or_exact_evidence,False,True
False,False,True,False,table,False,"[""postgres_graph"", ""qdrant"", ""opensearch""]",True,t_p_120_1176_p000197,197,True,True,00000197.tif,197,68e590ee1f0338efd14a894efe0bc8a977d82e01b257a3996d46ab893f0dd872,00000197.tif,False,validated_graph_semantic_and_exact_index,False,False,False,table,local_data\organization\trace_net\raw_to_answer_context_engineered_native_gemma4_001\ocr_route_scan_pack_tesseract_full\page_images\t_p_120_1176_p000197.tif,local_data\organization\trace_net\raw_to_answer_context_engineered_native_gemma4_001\ocr_route_scan_pack_tesseract_full\ocr_text\t_p_120_1176_p000197.txt,repaired_from_ocr_scan_pack,True,[],graph_source_map_plus_validated_evidence_links,False,True,validated_page_or_evidence_summary,False,True,joined_target_specific_dry_run_plans,"[""postgres_graph"", ""qdrant"", ""opensearch""]","{""opensearch"": ""ready"", ""postgres_graph"": ""ready"", ""qdrant"": ""ready""}","{""opensearch"": [], ""postgres_graph"": [], ""qdrant"": []}","[""postgres_graph"", ""qdrant"", ""opensearch""]",True,True,True,False,[],ready_dry_run_only,validated_table_or_exact_evidence,False,True
False,False,True,False,plain_text,False,"[""postgres_graph"", ""qdrant""]",False,t_p_120_1176_p000198,198,True,True,00000198.tif,198,99a16f645fdd53fc6e9272e82b7c8012b347195c2f319b07cef71eb2ebcecc77,00000198.tif,False,validated_graph_and_semantic_index,False,False,False,plain_text,local_data\organization\trace_net\raw_to_answer_context_engineered_native_gemma4_001\ocr_route_scan_pack_tesseract_full\page_images\t_p_120_1176_p000198.tif,local_data\organization\trace_net\raw_to_answer_context_engineered_native_gemma4_001\ocr_route_scan_pack_tesseract_full\ocr_text\t_p_120_1176_p000198.txt,repaired_from_ocr_scan_pack,True,[],graph_source_map_plus_validated_evidence_links,False,True,validated_page_or_evidence_summary,False,True,joined_target_specific_dry_run_plans,"[""postgres_graph"", ""qdrant""]","{""postgres_graph"": ""ready"", ""qdrant"": ""ready""}","{""postgres_graph"": [], ""qdrant"": []}","[""postgres_graph"", ""qdrant""]",True,True,False,False,[],ready_dry_run_only,,,
False,False,True,False,table,False,"[""postgres_graph"", ""qdrant"", ""opensearch""]",True,t_p_120_1176_p000199,199,True,True,00000199.tif,199,5c8d9b8cec099f2d13169fdc2c5f95146f062224d41991f64a8106b4070434c1,00000199.tif,False,validated_graph_semantic_and_exact_index,False,False,False,table,local_data\organization\trace_net\raw_to_answer_context_engineered_native_gemma4_001\ocr_route_scan_pack_tesseract_full\page_images\t_p_120_1176_p000199.tif,local_data\organization\trace_net\raw_to_answer_context_engineered_native_gemma4_001\ocr_route_scan_pack_tesseract_full\ocr_text\t_p_120_1176_p000199.txt,repaired_from_ocr_scan_pack,True,[],graph_source_map_plus_validated_evidence_links,False,True,validated_page_or_evidence_summary,False,True,joined_target_specific_dry_run_plans,"[""postgres_graph"", ""qdrant"", ""opensearch""]","{""opensearch"": ""ready"", ""postgres_graph"": ""ready"", ""qdrant"": ""ready""}","{""opensearch"": [], ""postgres_graph"": [], ""qdrant"": []}","[""postgres_graph"", ""qdrant"", ""opensearch""]",True,True,True,False,[],ready_dry_run_only,validated_table_or_exact_evidence,False,True
False,False,True,False,table,False,"[""postgres_graph"", ""qdrant"", ""opensearch""]",True,t_p_120_1176_p000200,200,True,True,00000200.tif,200,7b53d49f336ae8b0f9a53cfcdcfdf198cfd06307df24d88c962f2e09c37871db,00000200.tif,False,validated_graph_semantic_and_exact_index,False,False,False,table,local_data\organization\trace_net\raw_to_answer_context_engineered_native_gemma4_001\ocr_route_scan_pack_tesseract_full\page_images\t_p_120_1176_p000200.tif,local_data\organization\trace_net\raw_to_answer_context_engineered_native_gemma4_001\ocr_route_scan_pack_tesseract_full\ocr_text\t_p_120_1176_p000200.txt,repaired_from_ocr_scan_pack,True,[],graph_source_map_plus_validated_evidence_links,False,True,validated_page_or_evidence_summary,False,True,joined_target_specific_dry_run_plans,"[""postgres_graph"", ""qdrant"", ""opensearch""]","{""opensearch"": ""ready"", ""postgres_graph"": ""ready"", ""qdrant"": ""ready""}","{""opensearch"": [], ""postgres_graph"": [], ""qdrant"": []}","[""postgres_graph"", ""qdrant"", ""opensearch""]",True,True,True,False,[],ready_dry_run_only,validated_table_or_exact_evidence,False,True
False,True,True,True,blank,False,"[""postgres_graph""]",False,t_p_120_1176_p000201,201,True,False,00000201.tif,201,06af6d64332f4feaad7e7afd333eaada0e51cd141431eade51a8e2420dfcd3c1,00000201.tif,False,graph_only_blank,False,False,False,blank,local_data\organization\trace_net\raw_to_answer_context_engineered_native_gemma4_001\ocr_route_scan_pack_tesseract_full\page_images\t_p_120_1176_p000201.tif,,repaired_from_ocr_scan_pack,True,[],graph_source_map_only,False,True,,,,joined_target_specific_dry_run_plans,"[""postgres_graph""]","{""postgres_graph"": ""ready""}","{""postgres_graph"": []}","[""postgres_graph""]",True,False,False,False,[],ready_dry_run_only,,,
False,False,True,False,plain_text,False,"[""postgres_graph"", ""qdrant""]",False,t_p_120_1176_p000202,202,True,True,00000202.tif,202,f4410cfea5e43b5827499ba246ad1d0665262961da9da81a76e53b29f69a5a60,00000202.tif,False,validated_graph_and_semantic_index,False,False,False,plain_text,local_data\organization\trace_net\raw_to_answer_context_engineered_native_gemma4_001\ocr_route_scan_pack_tesseract_full\page_images\t_p_120_1176_p000202.tif,local_data\organization\trace_net\raw_to_answer_context_engineered_native_gemma4_001\ocr_route_scan_pack_tesseract_full\ocr_text\t_p_120_1176_p000202.txt,repaired_from_ocr_scan_pack,True,[],graph_source_map_plus_validated_evidence_links,False,True,validated_page_or_evidence_summary,False,True,joined_target_specific_dry_run_plans,"[""postgres_graph"", ""qdrant""]","{""postgres_graph"": ""ready"", ""qdrant"": ""ready""}","{""postgres_graph"": [], ""qdrant"": []}","[""postgres_graph"", ""qdrant""]",True,True,False,False,[],ready_dry_run_only,,,
False,False,True,False,table,False,"[""postgres_graph"", ""qdrant"", ""opensearch""]",True,t_p_120_1176_p000203,203,True,True,00000203.tif,203,7af36e0e9c89f2383dbf70873ed78379c95bca0267e7c0eff657981a4ec0f578,00000203.tif,False,validated_graph_semantic_and_exact_index,False,False,False,table,local_data\organization\trace_net\raw_to_answer_context_engineered_native_gemma4_001\ocr_route_scan_pack_tesseract_full\page_images\t_p_120_1176_p000203.tif,local_data\organization\trace_net\raw_to_answer_context_engineered_native_gemma4_001\ocr_route_scan_pack_tesseract_full\ocr_text\t_p_120_1176_p000203.txt,repaired_from_ocr_scan_pack,True,[],graph_source_map_plus_validated_evidence_links,False,True,validated_page_or_evidence_summary,False,True,joined_target_specific_dry_run_plans,"[""postgres_graph"", ""qdrant"", ""opensearch""]","{""opensearch"": ""ready"", ""postgres_graph"": ""ready"", ""qdrant"": ""ready""}","{""opensearch"": [], ""postgres_graph"": [], ""qdrant"": []}","[""postgres_graph"", ""qdrant"", ""opensearch""]",True,True,True,False,[],ready_dry_run_only,validated_table_or_exact_evidence,False,True
False,False,True,False,table,False,"[""postgres_graph"", ""qdrant"", ""opensearch""]",True,t_p_120_1176_p000204,204,True,True,00000204.tif,204,05c90d57da4547eac75596b3b54548c1db4a268171d94c4d2d9294c040b71476,00000204.tif,False,validated_graph_semantic_and_exact_index,False,False,False,table,local_data\organization\trace_net\raw_to_answer_context_engineered_native_gemma4_001\ocr_route_scan_pack_tesseract_full\page_images\t_p_120_1176_p000204.tif,local_data\organization\trace_net\raw_to_answer_context_engineered_native_gemma4_001\ocr_route_scan_pack_tesseract_full\ocr_text\t_p_120_1176_p000204.txt,repaired_from_ocr_scan_pack,True,[],graph_source_map_plus_validated_evidence_links,False,True,validated_page_or_evidence_summary,False,True,joined_target_specific_dry_run_plans,"[""postgres_graph"", ""qdrant"", ""opensearch""]","{""opensearch"": ""ready"", ""postgres_graph"": ""ready"", ""qdrant"": ""ready""}","{""opensearch"": [], ""postgres_graph"": [], ""qdrant"": []}","[""postgres_graph"", ""qdrant"", ""opensearch""]",True,True,True,False,[],ready_dry_run_only,validated_table_or_exact_evidence,False,True
False,False,True,False,plain_text,False,"[""postgres_graph"", ""qdrant""]",False,t_p_120_1176_p000205,205,True,True,00000205.tif,205,d0f8b1ad58b1cb54295fcb706454bb1a332724a3c1cec41a51aeb9e4a9a8c198,00000205.tif,False,validated_graph_and_semantic_index,False,False,False,plain_text,local_data\organization\trace_net\raw_to_answer_context_engineered_native_gemma4_001\ocr_route_scan_pack_tesseract_full\page_images\t_p_120_1176_p000205.tif,local_data\organization\trace_net\raw_to_answer_context_engineered_native_gemma4_001\ocr_route_scan_pack_tesseract_full\ocr_text\t_p_120_1176_p000205.txt,repaired_from_ocr_scan_pack,True,[],graph_source_map_plus_validated_evidence_links,False,True,validated_page_or_evidence_summary,False,True,joined_target_specific_dry_run_plans,"[""postgres_graph"", ""qdrant""]","{""postgres_graph"": ""ready"", ""qdrant"": ""ready""}","{""postgres_graph"": [], ""qdrant"": []}","[""postgres_graph"", ""qdrant""]",True,True,False,False,[],ready_dry_run_only,,,
False,False,True,False,table,False,"[""postgres_graph"", ""qdrant"", ""opensearch""]",True,t_p_120_1176_p000206,206,True,True,00000206.tif,206,026e8ea9737c784b10cf74fea4cb1a6c1f398d9e6b86db4f7b4668e46c9a6dff,00000206.tif,False,validated_graph_semantic_and_exact_index,False,False,False,table,local_data\organization\trace_net\raw_to_answer_context_engineered_native_gemma4_001\ocr_route_scan_pack_tesseract_full\page_images\t_p_120_1176_p000206.tif,local_data\organization\trace_net\raw_to_answer_context_engineered_native_gemma4_001\ocr_route_scan_pack_tesseract_full\ocr_text\t_p_120_1176_p000206.txt,repaired_from_ocr_scan_pack,True,[],graph_source_map_plus_validated_evidence_links,False,True,validated_page_or_evidence_summary,False,True,joined_target_specific_dry_run_plans,"[""postgres_graph"", ""qdrant"", ""opensearch""]","{""opensearch"": ""ready"", ""postgres_graph"": ""ready"", ""qdrant"": ""ready""}","{""opensearch"": [], ""postgres_graph"": [], ""qdrant"": []}","[""postgres_graph"", ""qdrant"", ""opensearch""]",True,True,True,False,[],ready_dry_run_only,validated_table_or_exact_evidence,False,True
False,False,True,False,table,False,"[""postgres_graph"", ""qdrant"", ""opensearch""]",True,t_p_120_1176_p000207,207,True,True,00000207.tif,207,a16783ccafdb6eda63610b7ad8d26fb33bd0b205cfa652975c7c83bc7d26daee,00000207.tif,False,validated_graph_semantic_and_exact_index,False,False,False,table,local_data\organization\trace_net\raw_to_answer_context_engineered_native_gemma4_001\ocr_route_scan_pack_tesseract_full\page_images\t_p_120_1176_p000207.tif,local_data\organization\trace_net\raw_to_answer_context_engineered_native_gemma4_001\ocr_route_scan_pack_tesseract_full\ocr_text\t_p_120_1176_p000207.txt,repaired_from_ocr_scan_pack,True,[],graph_source_map_plus_validated_evidence_links,False,True,validated_page_or_evidence_summary,False,True,joined_target_specific_dry_run_plans,"[""postgres_graph"", ""qdrant"", ""opensearch""]","{""opensearch"": ""ready"", ""postgres_graph"": ""ready"", ""qdrant"": ""ready""}","{""opensearch"": [], ""postgres_graph"": [], ""qdrant"": []}","[""postgres_graph"", ""qdrant"", ""opensearch""]",True,True,True,False,[],ready_dry_run_only,validated_table_or_exact_evidence,False,True
False,False,True,False,plain_text,False,"[""postgres_graph"", ""qdrant""]",False,t_p_120_1176_p000208,208,True,True,00000208.tif,208,7a8f650a0dda1a3e4d59974326bc199a8425e9df989dda79ff73d1f1ba76609b,00000208.tif,False,validated_graph_and_semantic_index,False,False,False,plain_text,local_data\organization\trace_net\raw_to_answer_context_engineered_native_gemma4_001\ocr_route_scan_pack_tesseract_full\page_images\t_p_120_1176_p000208.tif,local_data\organization\trace_net\raw_to_answer_context_engineered_native_gemma4_001\ocr_route_scan_pack_tesseract_full\ocr_text\t_p_120_1176_p000208.txt,repaired_from_ocr_scan_pack,True,[],graph_source_map_plus_validated_evidence_links,False,True,validated_page_or_evidence_summary,False,True,joined_target_specific_dry_run_plans,"[""postgres_graph"", ""qdrant""]","{""postgres_graph"": ""ready"", ""qdrant"": ""ready""}","{""postgres_graph"": [], ""qdrant"": []}","[""postgres_graph"", ""qdrant""]",True,True,False,False,[],ready_dry_run_only,,,
False,False,True,False,table,False,"[""postgres_graph"", ""qdrant"", ""opensearch""]",True,t_p_120_1176_p000209,209,True,True,00000209.tif,209,057e448769dafcb5d4e202fd15228c3953eccae41e940d5c098fd61e62694c2c,00000209.tif,False,validated_graph_semantic_and_exact_index,False,False,False,table,local_data\organization\trace_net\raw_to_answer_context_engineered_native_gemma4_001\ocr_route_scan_pack_tesseract_full\page_images\t_p_120_1176_p000209.tif,local_data\organization\trace_net\raw_to_answer_context_engineered_native_gemma4_001\ocr_route_scan_pack_tesseract_full\ocr_text\t_p_120_1176_p000209.txt,repaired_from_ocr_scan_pack,True,[],graph_source_map_plus_validated_evidence_links,False,True,validated_page_or_evidence_summary,False,True,joined_target_specific_dry_run_plans,"[""postgres_graph"", ""qdrant"", ""opensearch""]","{""opensearch"": ""ready"", ""postgres_graph"": ""ready"", ""qdrant"": ""ready""}","{""opensearch"": [], ""postgres_graph"": [], ""qdrant"": []}","[""postgres_graph"", ""qdrant"", ""opensearch""]",True,True,True,False,[],ready_dry_run_only,validated_table_or_exact_evidence,False,True
False,False,True,False,table,False,"[""postgres_graph"", ""qdrant"", ""opensearch""]",True,t_p_120_1176_p000210,210,True,True,00000210.tif,210,a77115a113c239d5b470a2d4e95bb4727db40f32a2f8b85f0458f49ac7db02e8,00000210.tif,False,validated_graph_semantic_and_exact_index,False,False,False,table,local_data\organization\trace_net\raw_to_answer_context_engineered_native_gemma4_001\ocr_route_scan_pack_tesseract_full\page_images\t_p_120_1176_p000210.tif,local_data\organization\trace_net\raw_to_answer_context_engineered_native_gemma4_001\ocr_route_scan_pack_tesseract_full\ocr_text\t_p_120_1176_p000210.txt,repaired_from_ocr_scan_pack,True,[],graph_source_map_plus_validated_evidence_links,False,True,validated_page_or_evidence_summary,False,True,joined_target_specific_dry_run_plans,"[""postgres_graph"", ""qdrant"", ""opensearch""]","{""opensearch"": ""ready"", ""postgres_graph"": ""ready"", ""qdrant"": ""ready""}","{""opensearch"": [], ""postgres_graph"": [], ""qdrant"": []}","[""postgres_graph"", ""qdrant"", ""opensearch""]",True,True,True,False,[],ready_dry_run_only,validated_table_or_exact_evidence,False,True
False,False,True,False,plain_text,False,"[""postgres_graph"", ""qdrant""]",False,t_p_120_1176_p000211,211,True,True,00000211.tif,211,4ff2a8368e612150cab5c34710abff65067f32513ad6cfdf4affa35f5648a477,00000211.tif,False,validated_graph_and_semantic_index,False,False,False,plain_text,local_data\organization\trace_net\raw_to_answer_context_engineered_native_gemma4_001\ocr_route_scan_pack_tesseract_full\page_images\t_p_120_1176_p000211.tif,local_data\organization\trace_net\raw_to_answer_context_engineered_native_gemma4_001\ocr_route_scan_pack_tesseract_full\ocr_text\t_p_120_1176_p000211.txt,repaired_from_ocr_scan_pack,True,[],graph_source_map_plus_validated_evidence_links,False,True,validated_page_or_evidence_summary,False,True,joined_target_specific_dry_run_plans,"[""postgres_graph"", ""qdrant""]","{""postgres_graph"": ""ready"", ""qdrant"": ""ready""}","{""postgres_graph"": [], ""qdrant"": []}","[""postgres_graph"", ""qdrant""]",True,True,False,False,[],ready_dry_run_only,,,
False,False,True,False,table,False,"[""postgres_graph"", ""qdrant"", ""opensearch""]",True,t_p_120_1176_p000212,212,True,True,00000212.tif,212,b995b68fe05d092cb4154b8e6a7dc117858868b95a325d137234340fe2f71cd8,00000212.tif,False,validated_graph_semantic_and_exact_index,False,False,False,table,local_data\organization\trace_net\raw_to_answer_context_engineered_native_gemma4_001\ocr_route_scan_pack_tesseract_full\page_images\t_p_120_1176_p000212.tif,local_data\organization\trace_net\raw_to_answer_context_engineered_native_gemma4_001\ocr_route_scan_pack_tesseract_full\ocr_text\t_p_120_1176_p000212.txt,repaired_from_ocr_scan_pack,True,[],graph_source_map_plus_validated_evidence_links,False,True,validated_page_or_evidence_summary,False,True,joined_target_specific_dry_run_plans,"[""postgres_graph"", ""qdrant"", ""opensearch""]","{""opensearch"": ""ready"", ""postgres_graph"": ""ready"", ""qdrant"": ""ready""}","{""opensearch"": [], ""postgres_graph"": [], ""qdrant"": []}","[""postgres_graph"", ""qdrant"", ""opensearch""]",True,True,True,False,[],ready_dry_run_only,validated_table_or_exact_evidence,False,True
False,False,True,False,table,False,"[""postgres_graph"", ""qdrant"", ""opensearch""]",True,t_p_120_1176_p000213,213,True,True,00000213.tif,213,6fd3fd8fecbffce367b29f20612d48979b86786a961464a7de7f304e41be18c1,00000213.tif,False,validated_graph_semantic_and_exact_index,False,False,False,table,local_data\organization\trace_net\raw_to_answer_context_engineered_native_gemma4_001\ocr_route_scan_pack_tesseract_full\page_images\t_p_120_1176_p000213.tif,local_data\organization\trace_net\raw_to_answer_context_engineered_native_gemma4_001\ocr_route_scan_pack_tesseract_full\ocr_text\t_p_120_1176_p000213.txt,repaired_from_ocr_scan_pack,True,[],graph_source_map_plus_validated_evidence_links,False,True,validated_page_or_evidence_summary,False,True,joined_target_specific_dry_run_plans,"[""postgres_graph"", ""qdrant"", ""opensearch""]","{""opensearch"": ""ready"", ""postgres_graph"": ""ready"", ""qdrant"": ""ready""}","{""opensearch"": [], ""postgres_graph"": [], ""qdrant"": []}","[""postgres_graph"", ""qdrant"", ""opensearch""]",True,True,True,False,[],ready_dry_run_only,validated_table_or_exact_evidence,False,True
False,False,True,False,plain_text,False,"[""postgres_graph"", ""qdrant""]",False,t_p_120_1176_p000214,214,True,True,00000214.tif,214,d70e140589bbfeaf7175753e5982d3ab34d6d97cc2df3b9f66b5fb828f8986c0,00000214.tif,False,validated_graph_and_semantic_index,False,False,False,plain_text,local_data\organization\trace_net\raw_to_answer_context_engineered_native_gemma4_001\ocr_route_scan_pack_tesseract_full\page_images\t_p_120_1176_p000214.tif,local_data\organization\trace_net\raw_to_answer_context_engineered_native_gemma4_001\ocr_route_scan_pack_tesseract_full\ocr_text\t_p_120_1176_p000214.txt,repaired_from_ocr_scan_pack,True,[],graph_source_map_plus_validated_evidence_links,False,True,validated_page_or_evidence_summary,False,True,joined_target_specific_dry_run_plans,"[""postgres_graph"", ""qdrant""]","{""postgres_graph"": ""ready"", ""qdrant"": ""ready""}","{""postgres_graph"": [], ""qdrant"": []}","[""postgres_graph"", ""qdrant""]",True,True,False,False,[],ready_dry_run_only,,,
False,False,True,False,table,False,"[""postgres_graph"", ""qdrant"", ""opensearch""]",True,t_p_120_1176_p000215,215,True,True,00000215.tif,215,14d4edeb45e36eb1a8fadaab505453151e10ca6b227e5d7b559620b3737dd7fd,00000215.tif,False,validated_graph_semantic_and_exact_index,False,False,False,table,local_data\organization\trace_net\raw_to_answer_context_engineered_native_gemma4_001\ocr_route_scan_pack_tesseract_full\page_images\t_p_120_1176_p000215.tif,local_data\organization\trace_net\raw_to_answer_context_engineered_native_gemma4_001\ocr_route_scan_pack_tesseract_full\ocr_text\t_p_120_1176_p000215.txt,repaired_from_ocr_scan_pack,True,[],graph_source_map_plus_validated_evidence_links,False,True,validated_page_or_evidence_summary,False,True,joined_target_specific_dry_run_plans,"[""postgres_graph"", ""qdrant"", ""opensearch""]","{""opensearch"": ""ready"", ""postgres_graph"": ""ready"", ""qdrant"": ""ready""}","{""opensearch"": [], ""postgres_graph"": [], ""qdrant"": []}","[""postgres_graph"", ""qdrant"", ""opensearch""]",True,True,True,False,[],ready_dry_run_only,validated_table_or_exact_evidence,False,True
False,False,True,False,table,False,"[""postgres_graph"", ""qdrant"", ""opensearch""]",True,t_p_120_1176_p000216,216,True,True,00000216.tif,216,2ad8567025bc3d1778753d5c57a12ee9ed79187e326353292893e3c269017149,00000216.tif,False,validated_graph_semantic_and_exact_index,False,False,False,table,local_data\organization\trace_net\raw_to_answer_context_engineered_native_gemma4_001\ocr_route_scan_pack_tesseract_full\page_images\t_p_120_1176_p000216.tif,local_data\organization\trace_net\raw_to_answer_context_engineered_native_gemma4_001\ocr_route_scan_pack_tesseract_full\ocr_text\t_p_120_1176_p000216.txt,repaired_from_ocr_scan_pack,True,[],graph_source_map_plus_validated_evidence_links,False,True,validated_page_or_evidence_summary,False,True,joined_target_specific_dry_run_plans,"[""postgres_graph"", ""qdrant"", ""opensearch""]","{""opensearch"": ""ready"", ""postgres_graph"": ""ready"", ""qdrant"": ""ready""}","{""opensearch"": [], ""postgres_graph"": [], ""qdrant"": []}","[""postgres_graph"", ""qdrant"", ""opensearch""]",True,True,True,False,[],ready_dry_run_only,validated_table_or_exact_evidence,False,True
False,True,True,True,blank,False,"[""postgres_graph""]",False,t_p_120_1176_p000217,217,True,False,00000217.tif,217,6036499f2b01be19d87d5fa920cb8c3c49e42e31ca701de5410255e45def6526,00000217.tif,False,graph_only_blank,False,False,False,blank,local_data\organization\trace_net\raw_to_answer_context_engineered_native_gemma4_001\ocr_route_scan_pack_tesseract_full\page_images\t_p_120_1176_p000217.tif,,repaired_from_ocr_scan_pack,True,[],graph_source_map_only,False,True,,,,joined_target_specific_dry_run_plans,"[""postgres_graph""]","{""postgres_graph"": ""ready""}","{""postgres_graph"": []}","[""postgres_graph""]",True,False,False,False,[],ready_dry_run_only,,,
False,False,True,False,plain_text,False,"[""postgres_graph"", ""qdrant""]",False,t_p_120_1176_p000218,218,True,True,00000218.tif,218,25dc97ecb4efd9eed46331336f530e7d4429bb40f3191454839b56f67d5bb1b6,00000218.tif,False,validated_graph_and_semantic_index,False,False,False,plain_text,local_data\organization\trace_net\raw_to_answer_context_engineered_native_gemma4_001\ocr_route_scan_pack_tesseract_full\page_images\t_p_120_1176_p000218.tif,local_data\organization\trace_net\raw_to_answer_context_engineered_native_gemma4_001\ocr_route_scan_pack_tesseract_full\ocr_text\t_p_120_1176_p000218.txt,repaired_from_ocr_scan_pack,True,[],graph_source_map_plus_validated_evidence_links,False,True,validated_page_or_evidence_summary,False,True,joined_target_specific_dry_run_plans,"[""postgres_graph"", ""qdrant""]","{""postgres_graph"": ""ready"", ""qdrant"": ""ready""}","{""postgres_graph"": [], ""qdrant"": []}","[""postgres_graph"", ""qdrant""]",True,True,False,False,[],ready_dry_run_only,,,
False,False,True,False,table,False,"[""postgres_graph"", ""qdrant"", ""opensearch""]",True,t_p_120_1176_p000219,219,True,True,00000219.tif,219,1cb0087ad96f72245a9faf4138d38b020ebaa9883ba47e9809af22b3e76ad1bc,00000219.tif,False,validated_graph_semantic_and_exact_index,False,False,False,table,local_data\organization\trace_net\raw_to_answer_context_engineered_native_gemma4_001\ocr_route_scan_pack_tesseract_full\page_images\t_p_120_1176_p000219.tif,local_data\organization\trace_net\raw_to_answer_context_engineered_native_gemma4_001\ocr_route_scan_pack_tesseract_full\ocr_text\t_p_120_1176_p000219.txt,repaired_from_ocr_scan_pack,True,[],graph_source_map_plus_validated_evidence_links,False,True,validated_page_or_evidence_summary,False,True,joined_target_specific_dry_run_plans,"[""postgres_graph"", ""qdrant"", ""opensearch""]","{""opensearch"": ""ready"", ""postgres_graph"": ""ready"", ""qdrant"": ""ready""}","{""opensearch"": [], ""postgres_graph"": [], ""qdrant"": []}","[""postgres_graph"", ""qdrant"", ""opensearch""]",True,True,True,False,[],ready_dry_run_only,validated_table_or_exact_evidence,False,True
False,False,True,False,table,False,"[""postgres_graph"", ""qdrant"", ""opensearch""]",True,t_p_120_1176_p000220,220,True,True,00000220.tif,220,ecc5249eb737982b757943c931bc3640a7af45856429938c65282c83b94436e7,00000220.tif,False,validated_graph_semantic_and_exact_index,False,False,False,table,local_data\organization\trace_net\raw_to_answer_context_engineered_native_gemma4_001\ocr_route_scan_pack_tesseract_full\page_images\t_p_120_1176_p000220.tif,local_data\organization\trace_net\raw_to_answer_context_engineered_native_gemma4_001\ocr_route_scan_pack_tesseract_full\ocr_text\t_p_120_1176_p000220.txt,repaired_from_ocr_scan_pack,True,[],graph_source_map_plus_validated_evidence_links,False,True,validated_page_or_evidence_summary,False,True,joined_target_specific_dry_run_plans,"[""postgres_graph"", ""qdrant"", ""opensearch""]","{""opensearch"": ""ready"", ""postgres_graph"": ""ready"", ""qdrant"": ""ready""}","{""opensearch"": [], ""postgres_graph"": [], ""qdrant"": []}","[""postgres_graph"", ""qdrant"", ""opensearch""]",True,True,True,False,[],ready_dry_run_only,validated_table_or_exact_evidence,False,True
False,False,True,False,plain_text,False,"[""postgres_graph"", ""qdrant""]",False,t_p_120_1176_p000221,221,True,True,00000221.tif,221,cc49947cec797189774703c1c1a1a0e23192a7b6bd1cc250f39899a45e3688cd,00000221.tif,False,validated_graph_and_semantic_index,False,False,False,plain_text,local_data\organization\trace_net\raw_to_answer_context_engineered_native_gemma4_001\ocr_route_scan_pack_tesseract_full\page_images\t_p_120_1176_p000221.tif,local_data\organization\trace_net\raw_to_answer_context_engineered_native_gemma4_001\ocr_route_scan_pack_tesseract_full\ocr_text\t_p_120_1176_p000221.txt,repaired_from_ocr_scan_pack,True,[],graph_source_map_plus_validated_evidence_links,False,True,validated_page_or_evidence_summary,False,True,joined_target_specific_dry_run_plans,"[""postgres_graph"", ""qdrant""]","{""postgres_graph"": ""ready"", ""qdrant"": ""ready""}","{""postgres_graph"": [], ""qdrant"": []}","[""postgres_graph"", ""qdrant""]",True,True,False,False,[],ready_dry_run_only,,,
False,False,True,False,table,False,"[""postgres_graph"", ""qdrant"", ""opensearch""]",True,t_p_120_1176_p000222,222,True,True,00000222.tif,222,5df3754700f4517e183ccaa36c18584a70ed026b99117ea2490c25f4e190fdba,00000222.tif,False,validated_graph_semantic_and_exact_index,False,False,False,table,local_data\organization\trace_net\raw_to_answer_context_engineered_native_gemma4_001\ocr_route_scan_pack_tesseract_full\page_images\t_p_120_1176_p000222.tif,local_data\organization\trace_net\raw_to_answer_context_engineered_native_gemma4_001\ocr_route_scan_pack_tesseract_full\ocr_text\t_p_120_1176_p000222.txt,repaired_from_ocr_scan_pack,True,[],graph_source_map_plus_validated_evidence_links,False,True,validated_page_or_evidence_summary,False,True,joined_target_specific_dry_run_plans,"[""postgres_graph"", ""qdrant"", ""opensearch""]","{""opensearch"": ""ready"", ""postgres_graph"": ""ready"", ""qdrant"": ""ready""}","{""opensearch"": [], ""postgres_graph"": [], ""qdrant"": []}","[""postgres_graph"", ""qdrant"", ""opensearch""]",True,True,True,False,[],ready_dry_run_only,validated_table_or_exact_evidence,False,True
False,False,True,False,table,False,"[""postgres_graph"", ""qdrant"", ""opensearch""]",True,t_p_120_1176_p000223,223,True,True,00000223.tif,223,1b23a56d3babd87bfefc6e0e1810202f5448b441d365b6a99465d889991fb162,00000223.tif,False,validated_graph_semantic_and_exact_index,False,False,False,table,local_data\organization\trace_net\raw_to_answer_context_engineered_native_gemma4_001\ocr_route_scan_pack_tesseract_full\page_images\t_p_120_1176_p000223.tif,local_data\organization\trace_net\raw_to_answer_context_engineered_native_gemma4_001\ocr_route_scan_pack_tesseract_full\ocr_text\t_p_120_1176_p000223.txt,repaired_from_ocr_scan_pack,True,[],graph_source_map_plus_validated_evidence_links,False,True,validated_page_or_evidence_summary,False,True,joined_target_specific_dry_run_plans,"[""postgres_graph"", ""qdrant"", ""opensearch""]","{""opensearch"": ""ready"", ""postgres_graph"": ""ready"", ""qdrant"": ""ready""}","{""opensearch"": [], ""postgres_graph"": [], ""qdrant"": []}","[""postgres_graph"", ""qdrant"", ""opensearch""]",True,True,True,False,[],ready_dry_run_only,validated_table_or_exact_evidence,False,True
False,False,True,False,plain_text,False,"[""postgres_graph"", ""qdrant""]",False,t_p_120_1176_p000224,224,True,True,00000224.tif,224,ecaec499e34cca3ca6309f0db6c730c17870d17a4fcb4585881235fe3a2d4e89,00000224.tif,False,validated_graph_and_semantic_index,False,False,False,plain_text,local_data\organization\trace_net\raw_to_answer_context_engineered_native_gemma4_001\ocr_route_scan_pack_tesseract_full\page_images\t_p_120_1176_p000224.tif,local_data\organization\trace_net\raw_to_answer_context_engineered_native_gemma4_001\ocr_route_scan_pack_tesseract_full\ocr_text\t_p_120_1176_p000224.txt,repaired_from_ocr_scan_pack,True,[],graph_source_map_plus_validated_evidence_links,False,True,validated_page_or_evidence_summary,False,True,joined_target_specific_dry_run_plans,"[""postgres_graph"", ""qdrant""]","{""postgres_graph"": ""ready"", ""qdrant"": ""ready""}","{""postgres_graph"": [], ""qdrant"": []}","[""postgres_graph"", ""qdrant""]",True,True,False,False,[],ready_dry_run_only,,,
False,False,True,False,table,False,"[""postgres_graph"", ""qdrant"", ""opensearch""]",True,t_p_120_1176_p000225,225,True,True,00000225.tif,225,a7ff96f3a29a3680ac397ae11bc18f7fe0e72b5c212b24db94c04df8eaca73c7,00000225.tif,False,validated_graph_semantic_and_exact_index,False,False,False,table,local_data\organization\trace_net\raw_to_answer_context_engineered_native_gemma4_001\ocr_route_scan_pack_tesseract_full\page_images\t_p_120_1176_p000225.tif,local_data\organization\trace_net\raw_to_answer_context_engineered_native_gemma4_001\ocr_route_scan_pack_tesseract_full\ocr_text\t_p_120_1176_p000225.txt,repaired_from_ocr_scan_pack,True,[],graph_source_map_plus_validated_evidence_links,False,True,validated_page_or_evidence_summary,False,True,joined_target_specific_dry_run_plans,"[""postgres_graph"", ""qdrant"", ""opensearch""]","{""opensearch"": ""ready"", ""postgres_graph"": ""ready"", ""qdrant"": ""ready""}","{""opensearch"": [], ""postgres_graph"": [], ""qdrant"": []}","[""postgres_graph"", ""qdrant"", ""opensearch""]",True,True,True,False,[],ready_dry_run_only,validated_table_or_exact_evidence,False,True
False,False,True,False,table,False,"[""postgres_graph"", ""qdrant"", ""opensearch""]",True,t_p_120_1176_p000226,226,True,True,00000226.tif,226,e866b881cb09826fbd7a9f08895730df29181d23629415fbd9a6320c3cd520bd,00000226.tif,False,validated_graph_semantic_and_exact_index,False,False,False,table,local_data\organization\trace_net\raw_to_answer_context_engineered_native_gemma4_001\ocr_route_scan_pack_tesseract_full\page_images\t_p_120_1176_p000226.tif,local_data\organization\trace_net\raw_to_answer_context_engineered_native_gemma4_001\ocr_route_scan_pack_tesseract_full\ocr_text\t_p_120_1176_p000226.txt,repaired_from_ocr_scan_pack,True,[],graph_source_map_plus_validated_evidence_links,False,True,validated_page_or_evidence_summary,False,True,joined_target_specific_dry_run_plans,"[""postgres_graph"", ""qdrant"", ""opensearch""]","{""opensearch"": ""ready"", ""postgres_graph"": ""ready"", ""qdrant"": ""ready""}","{""opensearch"": [], ""postgres_graph"": [], ""qdrant"": []}","[""postgres_graph"", ""qdrant"", ""opensearch""]",True,True,True,False,[],ready_dry_run_only,validated_table_or_exact_evidence,False,True
False,False,True,False,plain_text,False,"[""postgres_graph"", ""qdrant""]",False,t_p_120_1176_p000227,227,True,True,00000227.tif,227,908b9a488560f7f15262ae1fb526415962f68ce269ab88fd8fa3391d6dcea498,00000227.tif,False,validated_graph_and_semantic_index,False,False,False,plain_text,local_data\organization\trace_net\raw_to_answer_context_engineered_native_gemma4_001\ocr_route_scan_pack_tesseract_full\page_images\t_p_120_1176_p000227.tif,local_data\organization\trace_net\raw_to_answer_context_engineered_native_gemma4_001\ocr_route_scan_pack_tesseract_full\ocr_text\t_p_120_1176_p000227.txt,repaired_from_ocr_scan_pack,True,[],graph_source_map_plus_validated_evidence_links,False,True,validated_page_or_evidence_summary,False,True,joined_target_specific_dry_run_plans,"[""postgres_graph"", ""qdrant""]","{""postgres_graph"": ""ready"", ""qdrant"": ""ready""}","{""postgres_graph"": [], ""qdrant"": []}","[""postgres_graph"", ""qdrant""]",True,True,False,False,[],ready_dry_run_only,,,
False,False,True,False,table,False,"[""postgres_graph"", ""qdrant"", ""opensearch""]",True,t_p_120_1176_p000228,228,True,True,00000228.tif,228,6b1c333ea97d974d69aced4736a6ea2451bac442dda7df25fc6b103cafaa4608,00000228.tif,False,validated_graph_semantic_and_exact_index,False,False,False,table,local_data\organization\trace_net\raw_to_answer_context_engineered_native_gemma4_001\ocr_route_scan_pack_tesseract_full\page_images\t_p_120_1176_p000228.tif,local_data\organization\trace_net\raw_to_answer_context_engineered_native_gemma4_001\ocr_route_scan_pack_tesseract_full\ocr_text\t_p_120_1176_p000228.txt,repaired_from_ocr_scan_pack,True,[],graph_source_map_plus_validated_evidence_links,False,True,validated_page_or_evidence_summary,False,True,joined_target_specific_dry_run_plans,"[""postgres_graph"", ""qdrant"", ""opensearch""]","{""opensearch"": ""ready"", ""postgres_graph"": ""ready"", ""qdrant"": ""ready""}","{""opensearch"": [], ""postgres_graph"": [], ""qdrant"": []}","[""postgres_graph"", ""qdrant"", ""opensearch""]",True,True,True,False,[],ready_dry_run_only,validated_table_or_exact_evidence,False,True
False,False,True,False,table,False,"[""postgres_graph"", ""qdrant"", ""opensearch""]",True,t_p_120_1176_p000229,229,True,True,00000229.tif,229,b08c6378782d973a518e1a7e7b55a9788f97c27900360e74371f7e39d039cf7f,00000229.tif,False,validated_graph_semantic_and_exact_index,False,False,False,table,local_data\organization\trace_net\raw_to_answer_context_engineered_native_gemma4_001\ocr_route_scan_pack_tesseract_full\page_images\t_p_120_1176_p000229.tif,local_data\organization\trace_net\raw_to_answer_context_engineered_native_gemma4_001\ocr_route_scan_pack_tesseract_full\ocr_text\t_p_120_1176_p000229.txt,repaired_from_ocr_scan_pack,True,[],graph_source_map_plus_validated_evidence_links,False,True,validated_page_or_evidence_summary,False,True,joined_target_specific_dry_run_plans,"[""postgres_graph"", ""qdrant"", ""opensearch""]","{""opensearch"": ""ready"", ""postgres_graph"": ""ready"", ""qdrant"": ""ready""}","{""opensearch"": [], ""postgres_graph"": [], ""qdrant"": []}","[""postgres_graph"", ""qdrant"", ""opensearch""]",True,True,True,False,[],ready_dry_run_only,validated_table_or_exact_evidence,False,True
False,False,True,False,plain_text,False,"[""postgres_graph"", ""qdrant""]",False,t_p_120_1176_p000230,230,True,True,00000230.tif,230,bb16d1bf5bf2b4eb250170c6f3174ff3e7e777ca2d50b66b846e657f0e4b4f18,00000230.tif,False,validated_graph_and_semantic_index,False,False,False,plain_text,local_data\organization\trace_net\raw_to_answer_context_engineered_native_gemma4_001\ocr_route_scan_pack_tesseract_full\page_images\t_p_120_1176_p000230.tif,local_data\organization\trace_net\raw_to_answer_context_engineered_native_gemma4_001\ocr_route_scan_pack_tesseract_full\ocr_text\t_p_120_1176_p000230.txt,repaired_from_ocr_scan_pack,True,[],graph_source_map_plus_validated_evidence_links,False,True,validated_page_or_evidence_summary,False,True,joined_target_specific_dry_run_plans,"[""postgres_graph"", ""qdrant""]","{""postgres_graph"": ""ready"", ""qdrant"": ""ready""}","{""postgres_graph"": [], ""qdrant"": []}","[""postgres_graph"", ""qdrant""]",True,True,False,False,[],ready_dry_run_only,,,
False,False,True,False,table,False,"[""postgres_graph"", ""qdrant"", ""opensearch""]",True,t_p_120_1176_p000231,231,True,True,00000231.tif,231,9f7cef531fa413c592b27005537341f797a61c050ed4f990500dc2829be06702,00000231.tif,False,validated_graph_semantic_and_exact_index,False,False,False,table,local_data\organization\trace_net\raw_to_answer_context_engineered_native_gemma4_001\ocr_route_scan_pack_tesseract_full\page_images\t_p_120_1176_p000231.tif,local_data\organization\trace_net\raw_to_answer_context_engineered_native_gemma4_001\ocr_route_scan_pack_tesseract_full\ocr_text\t_p_120_1176_p000231.txt,repaired_from_ocr_scan_pack,True,[],graph_source_map_plus_validated_evidence_links,False,True,validated_page_or_evidence_summary,False,True,joined_target_specific_dry_run_plans,"[""postgres_graph"", ""qdrant"", ""opensearch""]","{""opensearch"": ""ready"", ""postgres_graph"": ""ready"", ""qdrant"": ""ready""}","{""opensearch"": [], ""postgres_graph"": [], ""qdrant"": []}","[""postgres_graph"", ""qdrant"", ""opensearch""]",True,True,True,False,[],ready_dry_run_only,validated_table_or_exact_evidence,False,True
False,False,True,False,table,False,"[""postgres_graph"", ""qdrant"", ""opensearch""]",True,t_p_120_1176_p000232,232,True,True,00000232.tif,232,f40e712684a4f906e18821262c2243b96416bd87a90a2295f28b63b9761ab576,00000232.tif,False,validated_graph_semantic_and_exact_index,False,False,False,table,local_data\organization\trace_net\raw_to_answer_context_engineered_native_gemma4_001\ocr_route_scan_pack_tesseract_full\page_images\t_p_120_1176_p000232.tif,local_data\organization\trace_net\raw_to_answer_context_engineered_native_gemma4_001\ocr_route_scan_pack_tesseract_full\ocr_text\t_p_120_1176_p000232.txt,repaired_from_ocr_scan_pack,True,[],graph_source_map_plus_validated_evidence_links,False,True,validated_page_or_evidence_summary,False,True,joined_target_specific_dry_run_plans,"[""postgres_graph"", ""qdrant"", ""opensearch""]","{""opensearch"": ""ready"", ""postgres_graph"": ""ready"", ""qdrant"": ""ready""}","{""opensearch"": [], ""postgres_graph"": [], ""qdrant"": []}","[""postgres_graph"", ""qdrant"", ""opensearch""]",True,True,True,False,[],ready_dry_run_only,validated_table_or_exact_evidence,False,True
False,False,True,False,plain_text,False,"[""postgres_graph"", ""qdrant""]",False,t_p_120_1176_p000233,233,True,True,00000233.tif,233,154fed381b5e1b9bfe68a50c4505500a08c6eed3a854ddb287596dff99b7ab9b,00000233.tif,False,validated_graph_and_semantic_index,False,False,False,plain_text,local_data\organization\trace_net\raw_to_answer_context_engineered_native_gemma4_001\ocr_route_scan_pack_tesseract_full\page_images\t_p_120_1176_p000233.tif,local_data\organization\trace_net\raw_to_answer_context_engineered_native_gemma4_001\ocr_route_scan_pack_tesseract_full\ocr_text\t_p_120_1176_p000233.txt,repaired_from_ocr_scan_pack,True,[],graph_source_map_plus_validated_evidence_links,False,True,validated_page_or_evidence_summary,False,True,joined_target_specific_dry_run_plans,"[""postgres_graph"", ""qdrant""]","{""postgres_graph"": ""ready"", ""qdrant"": ""ready""}","{""postgres_graph"": [], ""qdrant"": []}","[""postgres_graph"", ""qdrant""]",True,True,False,False,[],ready_dry_run_only,,,
False,False,True,False,table,False,"[""postgres_graph"", ""qdrant"", ""opensearch""]",True,t_p_120_1176_p000234,234,True,True,00000234.tif,234,7b7e8478e99719ae14ca49c5a8b1c6caf3baf658aa2356a2ca18786a3fd09a15,00000234.tif,False,validated_graph_semantic_and_exact_index,False,False,False,table,local_data\organization\trace_net\raw_to_answer_context_engineered_native_gemma4_001\ocr_route_scan_pack_tesseract_full\page_images\t_p_120_1176_p000234.tif,local_data\organization\trace_net\raw_to_answer_context_engineered_native_gemma4_001\ocr_route_scan_pack_tesseract_full\ocr_text\t_p_120_1176_p000234.txt,repaired_from_ocr_scan_pack,True,[],graph_source_map_plus_validated_evidence_links,False,True,validated_page_or_evidence_summary,False,True,joined_target_specific_dry_run_plans,"[""postgres_graph"", ""qdrant"", ""opensearch""]","{""opensearch"": ""ready"", ""postgres_graph"": ""ready"", ""qdrant"": ""ready""}","{""opensearch"": [], ""postgres_graph"": [], ""qdrant"": []}","[""postgres_graph"", ""qdrant"", ""opensearch""]",True,True,True,False,[],ready_dry_run_only,validated_table_or_exact_evidence,False,True
False,False,True,False,table,False,"[""postgres_graph"", ""qdrant"", ""opensearch""]",True,t_p_120_1176_p000235,235,True,True,00000235.tif,235,bf21c85a938629963fbc345895f03e14a5e7985456fabb93435a3dd6c3b7103e,00000235.tif,False,validated_graph_semantic_and_exact_index,False,False,False,table,local_data\organization\trace_net\raw_to_answer_context_engineered_native_gemma4_001\ocr_route_scan_pack_tesseract_full\page_images\t_p_120_1176_p000235.tif,local_data\organization\trace_net\raw_to_answer_context_engineered_native_gemma4_001\ocr_route_scan_pack_tesseract_full\ocr_text\t_p_120_1176_p000235.txt,repaired_from_ocr_scan_pack,True,[],graph_source_map_plus_validated_evidence_links,False,True,validated_page_or_evidence_summary,False,True,joined_target_specific_dry_run_plans,"[""postgres_graph"", ""qdrant"", ""opensearch""]","{""opensearch"": ""ready"", ""postgres_graph"": ""ready"", ""qdrant"": ""ready""}","{""opensearch"": [], ""postgres_graph"": [], ""qdrant"": []}","[""postgres_graph"", ""qdrant"", ""opensearch""]",True,True,True,False,[],ready_dry_run_only,validated_table_or_exact_evidence,False,True
False,False,True,False,plain_text,False,"[""postgres_graph"", ""qdrant""]",False,t_p_120_1176_p000236,236,True,True,00000236.tif,236,858ddedbd512acc64956ccbc658ca09227751f870ff251310ec43e889eec9fbd,00000236.tif,False,validated_graph_and_semantic_index,False,False,False,plain_text,local_data\organization\trace_net\raw_to_answer_context_engineered_native_gemma4_001\ocr_route_scan_pack_tesseract_full\page_images\t_p_120_1176_p000236.tif,local_data\organization\trace_net\raw_to_answer_context_engineered_native_gemma4_001\ocr_route_scan_pack_tesseract_full\ocr_text\t_p_120_1176_p000236.txt,repaired_from_ocr_scan_pack,True,[],graph_source_map_plus_validated_evidence_links,False,True,validated_page_or_evidence_summary,False,True,joined_target_specific_dry_run_plans,"[""postgres_graph"", ""qdrant""]","{""postgres_graph"": ""ready"", ""qdrant"": ""ready""}","{""postgres_graph"": [], ""qdrant"": []}","[""postgres_graph"", ""qdrant""]",True,True,False,False,[],ready_dry_run_only,,,
False,False,True,False,table,False,"[""postgres_graph"", ""qdrant"", ""opensearch""]",True,t_p_120_1176_p000237,237,True,True,00000237.tif,237,8e700b48ed2bc7c19e6fe7c4e0b627e7ee8a08ed4ccc7bb532d02d5552d89b76,00000237.tif,False,validated_graph_semantic_and_exact_index,False,False,False,table,local_data\organization\trace_net\raw_to_answer_context_engineered_native_gemma4_001\ocr_route_scan_pack_tesseract_full\page_images\t_p_120_1176_p000237.tif,local_data\organization\trace_net\raw_to_answer_context_engineered_native_gemma4_001\ocr_route_scan_pack_tesseract_full\ocr_text\t_p_120_1176_p000237.txt,repaired_from_ocr_scan_pack,True,[],graph_source_map_plus_validated_evidence_links,False,True,validated_page_or_evidence_summary,False,True,joined_target_specific_dry_run_plans,"[""postgres_graph"", ""qdrant"", ""opensearch""]","{""opensearch"": ""ready"", ""postgres_graph"": ""ready"", ""qdrant"": ""ready""}","{""opensearch"": [], ""postgres_graph"": [], ""qdrant"": []}","[""postgres_graph"", ""qdrant"", ""opensearch""]",True,True,True,False,[],ready_dry_run_only,validated_table_or_exact_evidence,False,True
False,False,True,False,table,False,"[""postgres_graph"", ""qdrant"", ""opensearch""]",True,t_p_120_1176_p000238,238,True,True,00000238.tif,238,76eba35ea3de978e8c7d36932e453389e6d7c9a37568457e96a1884c1b92d767,00000238.tif,False,validated_graph_semantic_and_exact_index,False,False,False,table,local_data\organization\trace_net\raw_to_answer_context_engineered_native_gemma4_001\ocr_route_scan_pack_tesseract_full\page_images\t_p_120_1176_p000238.tif,local_data\organization\trace_net\raw_to_answer_context_engineered_native_gemma4_001\ocr_route_scan_pack_tesseract_full\ocr_text\t_p_120_1176_p000238.txt,repaired_from_ocr_scan_pack,True,[],graph_source_map_plus_validated_evidence_links,False,True,validated_page_or_evidence_summary,False,True,joined_target_specific_dry_run_plans,"[""postgres_graph"", ""qdrant"", ""opensearch""]","{""opensearch"": ""ready"", ""postgres_graph"": ""ready"", ""qdrant"": ""ready""}","{""opensearch"": [], ""postgres_graph"": [], ""qdrant"": []}","[""postgres_graph"", ""qdrant"", ""opensearch""]",True,True,True,False,[],ready_dry_run_only,validated_table_or_exact_evidence,False,True
False,False,True,False,plain_text,False,"[""postgres_graph"", ""qdrant""]",False,t_p_120_1176_p000239,239,True,True,00000239.tif,239,604e72bdf7ffd1cc5d92df8b6470b9ce43f4e376a62674618c2864d2c0ef4b45,00000239.tif,False,validated_graph_and_semantic_index,False,False,False,plain_text,local_data\organization\trace_net\raw_to_answer_context_engineered_native_gemma4_001\ocr_route_scan_pack_tesseract_full\page_images\t_p_120_1176_p000239.tif,local_data\organization\trace_net\raw_to_answer_context_engineered_native_gemma4_001\ocr_route_scan_pack_tesseract_full\ocr_text\t_p_120_1176_p000239.txt,repaired_from_ocr_scan_pack,True,[],graph_source_map_plus_validated_evidence_links,False,True,validated_page_or_evidence_summary,False,True,joined_target_specific_dry_run_plans,"[""postgres_graph"", ""qdrant""]","{""postgres_graph"": ""ready"", ""qdrant"": ""ready""}","{""postgres_graph"": [], ""qdrant"": []}","[""postgres_graph"", ""qdrant""]",True,True,False,False,[],ready_dry_run_only,,,
False,False,True,False,table,False,"[""postgres_graph"", ""qdrant"", ""opensearch""]",True,t_p_120_1176_p000240,240,True,True,00000240.tif,240,80e975dc31f1a340ba8d548e77b9df4d2334535241e54f115be01d3dd75968f5,00000240.tif,False,validated_graph_semantic_and_exact_index,False,False,False,table,local_data\organization\trace_net\raw_to_answer_context_engineered_native_gemma4_001\ocr_route_scan_pack_tesseract_full\page_images\t_p_120_1176_p000240.tif,local_data\organization\trace_net\raw_to_answer_context_engineered_native_gemma4_001\ocr_route_scan_pack_tesseract_full\ocr_text\t_p_120_1176_p000240.txt,repaired_from_ocr_scan_pack,True,[],graph_source_map_plus_validated_evidence_links,False,True,validated_page_or_evidence_summary,False,True,joined_target_specific_dry_run_plans,"[""postgres_graph"", ""qdrant"", ""opensearch""]","{""opensearch"": ""ready"", ""postgres_graph"": ""ready"", ""qdrant"": ""ready""}","{""opensearch"": [], ""postgres_graph"": [], ""qdrant"": []}","[""postgres_graph"", ""qdrant"", ""opensearch""]",True,True,True,False,[],ready_dry_run_only,validated_table_or_exact_evidence,False,True
False,False,True,False,table,False,"[""postgres_graph"", ""qdrant"", ""opensearch""]",True,t_p_120_1176_p000241,241,True,True,00000241.tif,241,dd21978b27f10661f0350a88cfac1fae0da55cc4baf1db17ae1f0fc124061176,00000241.tif,False,validated_graph_semantic_and_exact_index,False,False,False,table,local_data\organization\trace_net\raw_to_answer_context_engineered_native_gemma4_001\ocr_route_scan_pack_tesseract_full\page_images\t_p_120_1176_p000241.tif,local_data\organization\trace_net\raw_to_answer_context_engineered_native_gemma4_001\ocr_route_scan_pack_tesseract_full\ocr_text\t_p_120_1176_p000241.txt,repaired_from_ocr_scan_pack,True,[],graph_source_map_plus_validated_evidence_links,False,True,validated_page_or_evidence_summary,False,True,joined_target_specific_dry_run_plans,"[""postgres_graph"", ""qdrant"", ""opensearch""]","{""opensearch"": ""ready"", ""postgres_graph"": ""ready"", ""qdrant"": ""ready""}","{""opensearch"": [], ""postgres_graph"": [], ""qdrant"": []}","[""postgres_graph"", ""qdrant"", ""opensearch""]",True,True,True,False,[],ready_dry_run_only,validated_table_or_exact_evidence,False,True
False,False,True,False,plain_text,False,"[""postgres_graph"", ""qdrant""]",False,t_p_120_1176_p000242,242,True,True,00000242.tif,242,ad48d6e3020530d763e2ab55df2ee532550d9c18d292bab23c45e0749c33d0e0,00000242.tif,False,validated_graph_and_semantic_index,False,False,False,plain_text,local_data\organization\trace_net\raw_to_answer_context_engineered_native_gemma4_001\ocr_route_scan_pack_tesseract_full\page_images\t_p_120_1176_p000242.tif,local_data\organization\trace_net\raw_to_answer_context_engineered_native_gemma4_001\ocr_route_scan_pack_tesseract_full\ocr_text\t_p_120_1176_p000242.txt,repaired_from_ocr_scan_pack,True,[],graph_source_map_plus_validated_evidence_links,False,True,validated_page_or_evidence_summary,False,True,joined_target_specific_dry_run_plans,"[""postgres_graph"", ""qdrant""]","{""postgres_graph"": ""ready"", ""qdrant"": ""ready""}","{""postgres_graph"": [], ""qdrant"": []}","[""postgres_graph"", ""qdrant""]",True,True,False,False,[],ready_dry_run_only,,,
False,False,True,False,table,False,"[""postgres_graph"", ""qdrant"", ""opensearch""]",True,t_p_120_1176_p000243,243,True,True,00000243.tif,243,2d69fafee22235c1c69fea2d4feae8d5058a6ccbf3dfd5c7146840348bd44915,00000243.tif,False,validated_graph_semantic_and_exact_index,False,False,False,table,local_data\organization\trace_net\raw_to_answer_context_engineered_native_gemma4_001\ocr_route_scan_pack_tesseract_full\page_images\t_p_120_1176_p000243.tif,local_data\organization\trace_net\raw_to_answer_context_engineered_native_gemma4_001\ocr_route_scan_pack_tesseract_full\ocr_text\t_p_120_1176_p000243.txt,repaired_from_ocr_scan_pack,True,[],graph_source_map_plus_validated_evidence_links,False,True,validated_page_or_evidence_summary,False,True,joined_target_specific_dry_run_plans,"[""postgres_graph"", ""qdrant"", ""opensearch""]","{""opensearch"": ""ready"", ""postgres_graph"": ""ready"", ""qdrant"": ""ready""}","{""opensearch"": [], ""postgres_graph"": [], ""qdrant"": []}","[""postgres_graph"", ""qdrant"", ""opensearch""]",True,True,True,False,[],ready_dry_run_only,validated_table_or_exact_evidence,False,True
False,False,True,False,table,False,"[""postgres_graph"", ""qdrant"", ""opensearch""]",True,t_p_120_1176_p000244,244,True,True,00000244.tif,244,2c344d1a4626ee1a83c5bbfd0887a6043cac5f4758abebd363296790685138dc,00000244.tif,False,validated_graph_semantic_and_exact_index,False,False,False,table,local_data\organization\trace_net\raw_to_answer_context_engineered_native_gemma4_001\ocr_route_scan_pack_tesseract_full\page_images\t_p_120_1176_p000244.tif,local_data\organization\trace_net\raw_to_answer_context_engineered_native_gemma4_001\ocr_route_scan_pack_tesseract_full\ocr_text\t_p_120_1176_p000244.txt,repaired_from_ocr_scan_pack,True,[],graph_source_map_plus_validated_evidence_links,False,True,validated_page_or_evidence_summary,False,True,joined_target_specific_dry_run_plans,"[""postgres_graph"", ""qdrant"", ""opensearch""]","{""opensearch"": ""ready"", ""postgres_graph"": ""ready"", ""qdrant"": ""ready""}","{""opensearch"": [], ""postgres_graph"": [], ""qdrant"": []}","[""postgres_graph"", ""qdrant"", ""opensearch""]",True,True,True,False,[],ready_dry_run_only,validated_table_or_exact_evidence,False,True
False,False,True,False,plain_text,False,"[""postgres_graph"", ""qdrant""]",False,t_p_120_1176_p000245,245,True,True,00000245.tif,245,244cc597a1a4730bbd5ba454475e853d9bc9e424741a81fdd1a110fa824566cb,00000245.tif,False,validated_graph_and_semantic_index,False,False,False,plain_text,local_data\organization\trace_net\raw_to_answer_context_engineered_native_gemma4_001\ocr_route_scan_pack_tesseract_full\page_images\t_p_120_1176_p000245.tif,local_data\organization\trace_net\raw_to_answer_context_engineered_native_gemma4_001\ocr_route_scan_pack_tesseract_full\ocr_text\t_p_120_1176_p000245.txt,repaired_from_ocr_scan_pack,True,[],graph_source_map_plus_validated_evidence_links,False,True,validated_page_or_evidence_summary,False,True,joined_target_specific_dry_run_plans,"[""postgres_graph"", ""qdrant""]","{""postgres_graph"": ""ready"", ""qdrant"": ""ready""}","{""postgres_graph"": [], ""qdrant"": []}","[""postgres_graph"", ""qdrant""]",True,True,False,False,[],ready_dry_run_only,,,
False,False,True,False,table,False,"[""postgres_graph"", ""qdrant"", ""opensearch""]",True,t_p_120_1176_p000246,246,True,True,00000246.tif,246,2af00211b6a8e3a079cfe92d71d6ddb60fa5b1a3541618d4d17c8b2b4e3768cb,00000246.tif,False,validated_graph_semantic_and_exact_index,False,False,False,table,local_data\organization\trace_net\raw_to_answer_context_engineered_native_gemma4_001\ocr_route_scan_pack_tesseract_full\page_images\t_p_120_1176_p000246.tif,local_data\organization\trace_net\raw_to_answer_context_engineered_native_gemma4_001\ocr_route_scan_pack_tesseract_full\ocr_text\t_p_120_1176_p000246.txt,repaired_from_ocr_scan_pack,True,[],graph_source_map_plus_validated_evidence_links,False,True,validated_page_or_evidence_summary,False,True,joined_target_specific_dry_run_plans,"[""postgres_graph"", ""qdrant"", ""opensearch""]","{""opensearch"": ""ready"", ""postgres_graph"": ""ready"", ""qdrant"": ""ready""}","{""opensearch"": [], ""postgres_graph"": [], ""qdrant"": []}","[""postgres_graph"", ""qdrant"", ""opensearch""]",True,True,True,False,[],ready_dry_run_only,validated_table_or_exact_evidence,False,True
False,False,True,False,table,False,"[""postgres_graph"", ""qdrant"", ""opensearch""]",True,t_p_120_1176_p000247,247,True,True,00000247.tif,247,0ab66f2acd78470cbe2e0a2086707388495bf3ffa5573aeefc20177158e75d54,00000247.tif,False,validated_graph_semantic_and_exact_index,False,False,False,table,local_data\organization\trace_net\raw_to_answer_context_engineered_native_gemma4_001\ocr_route_scan_pack_tesseract_full\page_images\t_p_120_1176_p000247.tif,local_data\organization\trace_net\raw_to_answer_context_engineered_native_gemma4_001\ocr_route_scan_pack_tesseract_full\ocr_text\t_p_120_1176_p000247.txt,repaired_from_ocr_scan_pack,True,[],graph_source_map_plus_validated_evidence_links,False,True,validated_page_or_evidence_summary,False,True,joined_target_specific_dry_run_plans,"[""postgres_graph"", ""qdrant"", ""opensearch""]","{""opensearch"": ""ready"", ""postgres_graph"": ""ready"", ""qdrant"": ""ready""}","{""opensearch"": [], ""postgres_graph"": [], ""qdrant"": []}","[""postgres_graph"", ""qdrant"", ""opensearch""]",True,True,True,False,[],ready_dry_run_only,validated_table_or_exact_evidence,False,True
False,False,True,False,plain_text,False,"[""postgres_graph"", ""qdrant""]",False,t_p_120_1176_p000248,248,True,True,00000248.tif,248,fc01e0a16e01494ff40f642bc43440d27d90d65f0af7cf6dfcefd931d3962c8f,00000248.tif,False,validated_graph_and_semantic_index,False,False,False,plain_text,local_data\organization\trace_net\raw_to_answer_context_engineered_native_gemma4_001\ocr_route_scan_pack_tesseract_full\page_images\t_p_120_1176_p000248.tif,local_data\organization\trace_net\raw_to_answer_context_engineered_native_gemma4_001\ocr_route_scan_pack_tesseract_full\ocr_text\t_p_120_1176_p000248.txt,repaired_from_ocr_scan_pack,True,[],graph_source_map_plus_validated_evidence_links,False,True,validated_page_or_evidence_summary,False,True,joined_target_specific_dry_run_plans,"[""postgres_graph"", ""qdrant""]","{""postgres_graph"": ""ready"", ""qdrant"": ""ready""}","{""postgres_graph"": [], ""qdrant"": []}","[""postgres_graph"", ""qdrant""]",True,True,False,False,[],ready_dry_run_only,,,
False,False,True,False,table,False,"[""postgres_graph"", ""qdrant"", ""opensearch""]",True,t_p_120_1176_p000249,249,True,True,00000249.tif,249,380489e1e1d5311e180e761976833a796d3d48b9207671e16e96e60eaaf1a5c2,00000249.tif,False,validated_graph_semantic_and_exact_index,False,False,False,table,local_data\organization\trace_net\raw_to_answer_context_engineered_native_gemma4_001\ocr_route_scan_pack_tesseract_full\page_images\t_p_120_1176_p000249.tif,local_data\organization\trace_net\raw_to_answer_context_engineered_native_gemma4_001\ocr_route_scan_pack_tesseract_full\ocr_text\t_p_120_1176_p000249.txt,repaired_from_ocr_scan_pack,True,[],graph_source_map_plus_validated_evidence_links,False,True,validated_page_or_evidence_summary,False,True,joined_target_specific_dry_run_plans,"[""postgres_graph"", ""qdrant"", ""opensearch""]","{""opensearch"": ""ready"", ""postgres_graph"": ""ready"", ""qdrant"": ""ready""}","{""opensearch"": [], ""postgres_graph"": [], ""qdrant"": []}","[""postgres_graph"", ""qdrant"", ""opensearch""]",True,True,True,False,[],ready_dry_run_only,validated_table_or_exact_evidence,False,True
False,False,True,False,table,False,"[""postgres_graph"", ""qdrant"", ""opensearch""]",True,t_p_120_1176_p000250,250,True,True,00000250.tif,250,d011aea5970d29595c276a76ca76f5c885e651d766ed140a0fd99dc7f9a6b21c,00000250.tif,False,validated_graph_semantic_and_exact_index,False,False,False,table,local_data\organization\trace_net\raw_to_answer_context_engineered_native_gemma4_001\ocr_route_scan_pack_tesseract_full\page_images\t_p_120_1176_p000250.tif,local_data\organization\trace_net\raw_to_answer_context_engineered_native_gemma4_001\ocr_route_scan_pack_tesseract_full\ocr_text\t_p_120_1176_p000250.txt,repaired_from_ocr_scan_pack,True,[],graph_source_map_plus_validated_evidence_links,False,True,validated_page_or_evidence_summary,False,True,joined_target_specific_dry_run_plans,"[""postgres_graph"", ""qdrant"", ""opensearch""]","{""opensearch"": ""ready"", ""postgres_graph"": ""ready"", ""qdrant"": ""ready""}","{""opensearch"": [], ""postgres_graph"": [], ""qdrant"": []}","[""postgres_graph"", ""qdrant"", ""opensearch""]",True,True,True,False,[],ready_dry_run_only,validated_table_or_exact_evidence,False,True
False,False,True,False,plain_text,False,"[""postgres_graph"", ""qdrant""]",False,t_p_120_1176_p000251,251,True,True,00000251.tif,251,a33fe79b9e9026ff159306429921bca0e1af2be494dd299baf301881cc02e381,00000251.tif,False,validated_graph_and_semantic_index,False,False,False,plain_text,local_data\organization\trace_net\raw_to_answer_context_engineered_native_gemma4_001\ocr_route_scan_pack_tesseract_full\page_images\t_p_120_1176_p000251.tif,local_data\organization\trace_net\raw_to_answer_context_engineered_native_gemma4_001\ocr_route_scan_pack_tesseract_full\ocr_text\t_p_120_1176_p000251.txt,repaired_from_ocr_scan_pack,True,[],graph_source_map_plus_validated_evidence_links,False,True,validated_page_or_evidence_summary,False,True,joined_target_specific_dry_run_plans,"[""postgres_graph"", ""qdrant""]","{""postgres_graph"": ""ready"", ""qdrant"": ""ready""}","{""postgres_graph"": [], ""qdrant"": []}","[""postgres_graph"", ""qdrant""]",True,True,False,False,[],ready_dry_run_only,,,
False,False,True,False,table,False,"[""postgres_graph"", ""qdrant"", ""opensearch""]",True,t_p_120_1176_p000252,252,True,True,00000252.tif,252,92d02a927fd6f69d868ccadfeddd58290e1ad9a0eb51667a52f00c7616ad3b5b,00000252.tif,False,validated_graph_semantic_and_exact_index,False,False,False,table,local_data\organization\trace_net\raw_to_answer_context_engineered_native_gemma4_001\ocr_route_scan_pack_tesseract_full\page_images\t_p_120_1176_p000252.tif,local_data\organization\trace_net\raw_to_answer_context_engineered_native_gemma4_001\ocr_route_scan_pack_tesseract_full\ocr_text\t_p_120_1176_p000252.txt,repaired_from_ocr_scan_pack,True,[],graph_source_map_plus_validated_evidence_links,False,True,validated_page_or_evidence_summary,False,True,joined_target_specific_dry_run_plans,"[""postgres_graph"", ""qdrant"", ""opensearch""]","{""opensearch"": ""ready"", ""postgres_graph"": ""ready"", ""qdrant"": ""ready""}","{""opensearch"": [], ""postgres_graph"": [], ""qdrant"": []}","[""postgres_graph"", ""qdrant"", ""opensearch""]",True,True,True,False,[],ready_dry_run_only,validated_table_or_exact_evidence,False,True
False,False,True,False,table,False,"[""postgres_graph"", ""qdrant"", ""opensearch""]",True,t_p_120_1176_p000253,253,True,True,00000253.tif,253,e711e79c7e9f5bae7eb63f9a0819f6d5c285f6c71305992373bde7895f9517aa,00000253.tif,False,validated_graph_semantic_and_exact_index,False,False,False,table,local_data\organization\trace_net\raw_to_answer_context_engineered_native_gemma4_001\ocr_route_scan_pack_tesseract_full\page_images\t_p_120_1176_p000253.tif,local_data\organization\trace_net\raw_to_answer_context_engineered_native_gemma4_001\ocr_route_scan_pack_tesseract_full\ocr_text\t_p_120_1176_p000253.txt,repaired_from_ocr_scan_pack,True,[],graph_source_map_plus_validated_evidence_links,False,True,validated_page_or_evidence_summary,False,True,joined_target_specific_dry_run_plans,"[""postgres_graph"", ""qdrant"", ""opensearch""]","{""opensearch"": ""ready"", ""postgres_graph"": ""ready"", ""qdrant"": ""ready""}","{""opensearch"": [], ""postgres_graph"": [], ""qdrant"": []}","[""postgres_graph"", ""qdrant"", ""opensearch""]",True,True,True,False,[],ready_dry_run_only,validated_table_or_exact_evidence,False,True
False,False,True,False,plain_text,False,"[""postgres_graph"", ""qdrant""]",False,t_p_120_1176_p000254,254,True,True,00000254.tif,254,ff9a743fa7df0477a877d42c00245933c6d9a7a9c15748304d5c286698e4d759,00000254.tif,False,validated_graph_and_semantic_index,False,False,False,plain_text,local_data\organization\trace_net\raw_to_answer_context_engineered_native_gemma4_001\ocr_route_scan_pack_tesseract_full\page_images\t_p_120_1176_p000254.tif,local_data\organization\trace_net\raw_to_answer_context_engineered_native_gemma4_001\ocr_route_scan_pack_tesseract_full\ocr_text\t_p_120_1176_p000254.txt,repaired_from_ocr_scan_pack,True,[],graph_source_map_plus_validated_evidence_links,False,True,validated_page_or_evidence_summary,False,True,joined_target_specific_dry_run_plans,"[""postgres_graph"", ""qdrant""]","{""postgres_graph"": ""ready"", ""qdrant"": ""ready""}","{""postgres_graph"": [], ""qdrant"": []}","[""postgres_graph"", ""qdrant""]",True,True,False,False,[],ready_dry_run_only,,,
False,False,True,False,table,False,"[""postgres_graph"", ""qdrant"", ""opensearch""]",True,t_p_120_1176_p000255,255,True,True,00000255.tif,255,9faed56daef5b98321ded6c629bd3408c603df5cba0ea728c3a1325537f50e9d,00000255.tif,False,validated_graph_semantic_and_exact_index,False,False,False,table,local_data\organization\trace_net\raw_to_answer_context_engineered_native_gemma4_001\ocr_route_scan_pack_tesseract_full\page_images\t_p_120_1176_p000255.tif,local_data\organization\trace_net\raw_to_answer_context_engineered_native_gemma4_001\ocr_route_scan_pack_tesseract_full\ocr_text\t_p_120_1176_p000255.txt,repaired_from_ocr_scan_pack,True,[],graph_source_map_plus_validated_evidence_links,False,True,validated_page_or_evidence_summary,False,True,joined_target_specific_dry_run_plans,"[""postgres_graph"", ""qdrant"", ""opensearch""]","{""opensearch"": ""ready"", ""postgres_graph"": ""ready"", ""qdrant"": ""ready""}","{""opensearch"": [], ""postgres_graph"": [], ""qdrant"": []}","[""postgres_graph"", ""qdrant"", ""opensearch""]",True,True,True,False,[],ready_dry_run_only,validated_table_or_exact_evidence,False,True
False,False,True,False,table,False,"[""postgres_graph"", ""qdrant"", ""opensearch""]",True,t_p_120_1176_p000256,256,True,True,00000256.tif,256,d0893a4f99450bae243826a0a95a85a5c1cf29e8caa71969cfced4669b87931a,00000256.tif,False,validated_graph_semantic_and_exact_index,False,False,False,table,local_data\organization\trace_net\raw_to_answer_context_engineered_native_gemma4_001\ocr_route_scan_pack_tesseract_full\page_images\t_p_120_1176_p000256.tif,local_data\organization\trace_net\raw_to_answer_context_engineered_native_gemma4_001\ocr_route_scan_pack_tesseract_full\ocr_text\t_p_120_1176_p000256.txt,repaired_from_ocr_scan_pack,True,[],graph_source_map_plus_validated_evidence_links,False,True,validated_page_or_evidence_summary,False,True,joined_target_specific_dry_run_plans,"[""postgres_graph"", ""qdrant"", ""opensearch""]","{""opensearch"": ""ready"", ""postgres_graph"": ""ready"", ""qdrant"": ""ready""}","{""opensearch"": [], ""postgres_graph"": [], ""qdrant"": []}","[""postgres_graph"", ""qdrant"", ""opensearch""]",True,True,True,False,[],ready_dry_run_only,validated_table_or_exact_evidence,False,True
False,False,True,False,plain_text,False,"[""postgres_graph"", ""qdrant""]",False,t_p_120_1176_p000257,257,True,True,00000257.tif,257,0753ec3748b03f15557c5ba2e8de050a33a58259c57e5d04000298af44737bb2,00000257.tif,False,validated_graph_and_semantic_index,False,False,False,plain_text,local_data\organization\trace_net\raw_to_answer_context_engineered_native_gemma4_001\ocr_route_scan_pack_tesseract_full\page_images\t_p_120_1176_p000257.tif,local_data\organization\trace_net\raw_to_answer_context_engineered_native_gemma4_001\ocr_route_scan_pack_tesseract_full\ocr_text\t_p_120_1176_p000257.txt,repaired_from_ocr_scan_pack,True,[],graph_source_map_plus_validated_evidence_links,False,True,validated_page_or_evidence_summary,False,True,joined_target_specific_dry_run_plans,"[""postgres_graph"", ""qdrant""]","{""postgres_graph"": ""ready"", ""qdrant"": ""ready""}","{""postgres_graph"": [], ""qdrant"": []}","[""postgres_graph"", ""qdrant""]",True,True,False,False,[],ready_dry_run_only,,,
False,False,True,False,table,False,"[""postgres_graph"", ""qdrant"", ""opensearch""]",True,t_p_120_1176_p000258,258,True,True,00000258.tif,258,15fb32654ef317c490bc68832d910e95d949c863aeed91eae3436bf5fec69b36,00000258.tif,False,validated_graph_semantic_and_exact_index,False,False,False,table,local_data\organization\trace_net\raw_to_answer_context_engineered_native_gemma4_001\ocr_route_scan_pack_tesseract_full\page_images\t_p_120_1176_p000258.tif,local_data\organization\trace_net\raw_to_answer_context_engineered_native_gemma4_001\ocr_route_scan_pack_tesseract_full\ocr_text\t_p_120_1176_p000258.txt,repaired_from_ocr_scan_pack,True,[],graph_source_map_plus_validated_evidence_links,False,True,validated_page_or_evidence_summary,False,True,joined_target_specific_dry_run_plans,"[""postgres_graph"", ""qdrant"", ""opensearch""]","{""opensearch"": ""ready"", ""postgres_graph"": ""ready"", ""qdrant"": ""ready""}","{""opensearch"": [], ""postgres_graph"": [], ""qdrant"": []}","[""postgres_graph"", ""qdrant"", ""opensearch""]",True,True,True,False,[],ready_dry_run_only,validated_table_or_exact_evidence,False,True
False,False,True,False,table,False,"[""postgres_graph"", ""qdrant"", ""opensearch""]",True,t_p_120_1176_p000259,259,True,True,00000259.tif,259,ab2999d17b57267c952e910d440f541cc4e0e190dc4defe1eaa77b006bbfb42c,00000259.tif,False,validated_graph_semantic_and_exact_index,False,False,False,table,local_data\organization\trace_net\raw_to_answer_context_engineered_native_gemma4_001\ocr_route_scan_pack_tesseract_full\page_images\t_p_120_1176_p000259.tif,local_data\organization\trace_net\raw_to_answer_context_engineered_native_gemma4_001\ocr_route_scan_pack_tesseract_full\ocr_text\t_p_120_1176_p000259.txt,repaired_from_ocr_scan_pack,True,[],graph_source_map_plus_validated_evidence_links,False,True,validated_page_or_evidence_summary,False,True,joined_target_specific_dry_run_plans,"[""postgres_graph"", ""qdrant"", ""opensearch""]","{""opensearch"": ""ready"", ""postgres_graph"": ""ready"", ""qdrant"": ""ready""}","{""opensearch"": [], ""postgres_graph"": [], ""qdrant"": []}","[""postgres_graph"", ""qdrant"", ""opensearch""]",True,True,True,False,[],ready_dry_run_only,validated_table_or_exact_evidence,False,True
False,False,True,False,plain_text,False,"[""postgres_graph"", ""qdrant""]",False,t_p_120_1176_p000260,260,True,True,00000260.tif,260,a772dc51118b91ff80ad3c15e334abf31b276cc76e23dc0f34f40e69ef0da0f3,00000260.tif,False,validated_graph_and_semantic_index,False,False,False,plain_text,local_data\organization\trace_net\raw_to_answer_context_engineered_native_gemma4_001\ocr_route_scan_pack_tesseract_full\page_images\t_p_120_1176_p000260.tif,local_data\organization\trace_net\raw_to_answer_context_engineered_native_gemma4_001\ocr_route_scan_pack_tesseract_full\ocr_text\t_p_120_1176_p000260.txt,repaired_from_ocr_scan_pack,True,[],graph_source_map_plus_validated_evidence_links,False,True,validated_page_or_evidence_summary,False,True,joined_target_specific_dry_run_plans,"[""postgres_graph"", ""qdrant""]","{""postgres_graph"": ""ready"", ""qdrant"": ""ready""}","{""postgres_graph"": [], ""qdrant"": []}","[""postgres_graph"", ""qdrant""]",True,True,False,False,[],ready_dry_run_only,,,
False,False,True,False,table,False,"[""postgres_graph"", ""qdrant"", ""opensearch""]",True,t_p_120_1176_p000261,261,True,True,00000261.tif,261,f3a79489721798bb44af2781d6806bc0c70337377d145c0d3295b81ece45a4ed,00000261.tif,False,validated_graph_semantic_and_exact_index,False,False,False,table,local_data\organization\trace_net\raw_to_answer_context_engineered_native_gemma4_001\ocr_route_scan_pack_tesseract_full\page_images\t_p_120_1176_p000261.tif,local_data\organization\trace_net\raw_to_answer_context_engineered_native_gemma4_001\ocr_route_scan_pack_tesseract_full\ocr_text\t_p_120_1176_p000261.txt,repaired_from_ocr_scan_pack,True,[],graph_source_map_plus_validated_evidence_links,False,True,validated_page_or_evidence_summary,False,True,joined_target_specific_dry_run_plans,"[""postgres_graph"", ""qdrant"", ""opensearch""]","{""opensearch"": ""ready"", ""postgres_graph"": ""ready"", ""qdrant"": ""ready""}","{""opensearch"": [], ""postgres_graph"": [], ""qdrant"": []}","[""postgres_graph"", ""qdrant"", ""opensearch""]",True,True,True,False,[],ready_dry_run_only,validated_table_or_exact_evidence,False,True
False,False,True,False,table,False,"[""postgres_graph"", ""qdrant"", ""opensearch""]",True,t_p_120_1176_p000262,262,True,True,00000262.tif,262,63d1f24c236b36686da81b4d6d4a9795d408dbb8aa6b00448309047fc5983d19,00000262.tif,False,validated_graph_semantic_and_exact_index,False,False,False,table,local_data\organization\trace_net\raw_to_answer_context_engineered_native_gemma4_001\ocr_route_scan_pack_tesseract_full\page_images\t_p_120_1176_p000262.tif,local_data\organization\trace_net\raw_to_answer_context_engineered_native_gemma4_001\ocr_route_scan_pack_tesseract_full\ocr_text\t_p_120_1176_p000262.txt,repaired_from_ocr_scan_pack,True,[],graph_source_map_plus_validated_evidence_links,False,True,validated_page_or_evidence_summary,False,True,joined_target_specific_dry_run_plans,"[""postgres_graph"", ""qdrant"", ""opensearch""]","{""opensearch"": ""ready"", ""postgres_graph"": ""ready"", ""qdrant"": ""ready""}","{""opensearch"": [], ""postgres_graph"": [], ""qdrant"": []}","[""postgres_graph"", ""qdrant"", ""opensearch""]",True,True,True,False,[],ready_dry_run_only,validated_table_or_exact_evidence,False,True
False,False,True,False,plain_text,False,"[""postgres_graph"", ""qdrant""]",False,t_p_120_1176_p000263,263,True,True,00000263.tif,263,6a12dbb4a46d3c1a8b6b45b42abc1f95dc0b0b14f3acf9dd1796dba27244c177,00000263.tif,False,validated_graph_and_semantic_index,False,False,False,plain_text,local_data\organization\trace_net\raw_to_answer_context_engineered_native_gemma4_001\ocr_route_scan_pack_tesseract_full\page_images\t_p_120_1176_p000263.tif,local_data\organization\trace_net\raw_to_answer_context_engineered_native_gemma4_001\ocr_route_scan_pack_tesseract_full\ocr_text\t_p_120_1176_p000263.txt,repaired_from_ocr_scan_pack,True,[],graph_source_map_plus_validated_evidence_links,False,True,validated_page_or_evidence_summary,False,True,joined_target_specific_dry_run_plans,"[""postgres_graph"", ""qdrant""]","{""postgres_graph"": ""ready"", ""qdrant"": ""ready""}","{""postgres_graph"": [], ""qdrant"": []}","[""postgres_graph"", ""qdrant""]",True,True,False,False,[],ready_dry_run_only,,,
False,False,True,False,table,False,"[""postgres_graph"", ""qdrant"", ""opensearch""]",True,t_p_120_1176_p000264,264,True,True,00000264.tif,264,83bc0eae2bb82ea4bd4bda4ad3c2e15e7e2b566e754d2bda9d377d87ce9a9acf,00000264.tif,False,validated_graph_semantic_and_exact_index,False,False,False,table,local_data\organization\trace_net\raw_to_answer_context_engineered_native_gemma4_001\ocr_route_scan_pack_tesseract_full\page_images\t_p_120_1176_p000264.tif,local_data\organization\trace_net\raw_to_answer_context_engineered_native_gemma4_001\ocr_route_scan_pack_tesseract_full\ocr_text\t_p_120_1176_p000264.txt,repaired_from_ocr_scan_pack,True,[],graph_source_map_plus_validated_evidence_links,False,True,validated_page_or_evidence_summary,False,True,joined_target_specific_dry_run_plans,"[""postgres_graph"", ""qdrant"", ""opensearch""]","{""opensearch"": ""ready"", ""postgres_graph"": ""ready"", ""qdrant"": ""ready""}","{""opensearch"": [], ""postgres_graph"": [], ""qdrant"": []}","[""postgres_graph"", ""qdrant"", ""opensearch""]",True,True,True,False,[],ready_dry_run_only,validated_table_or_exact_evidence,False,True
False,False,True,False,table,False,"[""postgres_graph"", ""qdrant"", ""opensearch""]",True,t_p_120_1176_p000265,265,True,True,00000265.tif,265,a6a6958cf16c5bbc67fc1a0d07de57f7714890173e18b4f57d65b11f03e133f6,00000265.tif,False,validated_graph_semantic_and_exact_index,False,False,False,table,local_data\organization\trace_net\raw_to_answer_context_engineered_native_gemma4_001\ocr_route_scan_pack_tesseract_full\page_images\t_p_120_1176_p000265.tif,local_data\organization\trace_net\raw_to_answer_context_engineered_native_gemma4_001\ocr_route_scan_pack_tesseract_full\ocr_text\t_p_120_1176_p000265.txt,repaired_from_ocr_scan_pack,True,[],graph_source_map_plus_validated_evidence_links,False,True,validated_page_or_evidence_summary,False,True,joined_target_specific_dry_run_plans,"[""postgres_graph"", ""qdrant"", ""opensearch""]","{""opensearch"": ""ready"", ""postgres_graph"": ""ready"", ""qdrant"": ""ready""}","{""opensearch"": [], ""postgres_graph"": [], ""qdrant"": []}","[""postgres_graph"", ""qdrant"", ""opensearch""]",True,True,True,False,[],ready_dry_run_only,validated_table_or_exact_evidence,False,True
False,False,True,False,plain_text,False,"[""postgres_graph"", ""qdrant""]",False,t_p_120_1176_p000266,266,True,True,00000266.tif,266,5b729081324f3b8fad01d8739f932bc950960535af655ee180e9d3b79f8556fd,00000266.tif,False,validated_graph_and_semantic_index,False,False,False,plain_text,local_data\organization\trace_net\raw_to_answer_context_engineered_native_gemma4_001\ocr_route_scan_pack_tesseract_full\page_images\t_p_120_1176_p000266.tif,local_data\organization\trace_net\raw_to_answer_context_engineered_native_gemma4_001\ocr_route_scan_pack_tesseract_full\ocr_text\t_p_120_1176_p000266.txt,repaired_from_ocr_scan_pack,True,[],graph_source_map_plus_validated_evidence_links,False,True,validated_page_or_evidence_summary,False,True,joined_target_specific_dry_run_plans,"[""postgres_graph"", ""qdrant""]","{""postgres_graph"": ""ready"", ""qdrant"": ""ready""}","{""postgres_graph"": [], ""qdrant"": []}","[""postgres_graph"", ""qdrant""]",True,True,False,False,[],ready_dry_run_only,,,
False,False,True,False,table,False,"[""postgres_graph"", ""qdrant"", ""opensearch""]",True,t_p_120_1176_p000267,267,True,True,00000267.tif,267,642e2f4696f900430a205f33fdb4eb78ab8f18bd71fc58ace8912896ee6c37a1,00000267.tif,False,validated_graph_semantic_and_exact_index,False,False,False,table,local_data\organization\trace_net\raw_to_answer_context_engineered_native_gemma4_001\ocr_route_scan_pack_tesseract_full\page_images\t_p_120_1176_p000267.tif,local_data\organization\trace_net\raw_to_answer_context_engineered_native_gemma4_001\ocr_route_scan_pack_tesseract_full\ocr_text\t_p_120_1176_p000267.txt,repaired_from_ocr_scan_pack,True,[],graph_source_map_plus_validated_evidence_links,False,True,validated_page_or_evidence_summary,False,True,joined_target_specific_dry_run_plans,"[""postgres_graph"", ""qdrant"", ""opensearch""]","{""opensearch"": ""ready"", ""postgres_graph"": ""ready"", ""qdrant"": ""ready""}","{""opensearch"": [], ""postgres_graph"": [], ""qdrant"": []}","[""postgres_graph"", ""qdrant"", ""opensearch""]",True,True,True,False,[],ready_dry_run_only,validated_table_or_exact_evidence,False,True
False,False,True,False,table,False,"[""postgres_graph"", ""qdrant"", ""opensearch""]",True,t_p_120_1176_p000268,268,True,True,00000268.tif,268,909dbd33be0ea804ba369da76b46119a8f27d70e166cfca56b29f0fafd7423cb,00000268.tif,False,validated_graph_semantic_and_exact_index,False,False,False,table,local_data\organization\trace_net\raw_to_answer_context_engineered_native_gemma4_001\ocr_route_scan_pack_tesseract_full\page_images\t_p_120_1176_p000268.tif,local_data\organization\trace_net\raw_to_answer_context_engineered_native_gemma4_001\ocr_route_scan_pack_tesseract_full\ocr_text\t_p_120_1176_p000268.txt,repaired_from_ocr_scan_pack,True,[],graph_source_map_plus_validated_evidence_links,False,True,validated_page_or_evidence_summary,False,True,joined_target_specific_dry_run_plans,"[""postgres_graph"", ""qdrant"", ""opensearch""]","{""opensearch"": ""ready"", ""postgres_graph"": ""ready"", ""qdrant"": ""ready""}","{""opensearch"": [], ""postgres_graph"": [], ""qdrant"": []}","[""postgres_graph"", ""qdrant"", ""opensearch""]",True,True,True,False,[],ready_dry_run_only,validated_table_or_exact_evidence,False,True
False,False,True,False,plain_text,False,"[""postgres_graph"", ""qdrant""]",False,t_p_120_1176_p000269,269,True,True,00000269.tif,269,aac93d7e253b6c0d4c6c2355bd95151d33d897162b0d4c3878daae7c35012879,00000269.tif,False,validated_graph_and_semantic_index,False,False,False,plain_text,local_data\organization\trace_net\raw_to_answer_context_engineered_native_gemma4_001\ocr_route_scan_pack_tesseract_full\page_images\t_p_120_1176_p000269.tif,local_data\organization\trace_net\raw_to_answer_context_engineered_native_gemma4_001\ocr_route_scan_pack_tesseract_full\ocr_text\t_p_120_1176_p000269.txt,repaired_from_ocr_scan_pack,True,[],graph_source_map_plus_validated_evidence_links,False,True,validated_page_or_evidence_summary,False,True,joined_target_specific_dry_run_plans,"[""postgres_graph"", ""qdrant""]","{""postgres_graph"": ""ready"", ""qdrant"": ""ready""}","{""postgres_graph"": [], ""qdrant"": []}","[""postgres_graph"", ""qdrant""]",True,True,False,False,[],ready_dry_run_only,,,
False,False,True,False,table,False,"[""postgres_graph"", ""qdrant"", ""opensearch""]",True,t_p_120_1176_p000270,270,True,True,00000270.tif,270,2ad312aa3acb3b9197121c7f606949d80a6928c95d1b93f5cf753a772ffef980,00000270.tif,False,validated_graph_semantic_and_exact_index,False,False,False,table,local_data\organization\trace_net\raw_to_answer_context_engineered_native_gemma4_001\ocr_route_scan_pack_tesseract_full\page_images\t_p_120_1176_p000270.tif,local_data\organization\trace_net\raw_to_answer_context_engineered_native_gemma4_001\ocr_route_scan_pack_tesseract_full\ocr_text\t_p_120_1176_p000270.txt,repaired_from_ocr_scan_pack,True,[],graph_source_map_plus_validated_evidence_links,False,True,validated_page_or_evidence_summary,False,True,joined_target_specific_dry_run_plans,"[""postgres_graph"", ""qdrant"", ""opensearch""]","{""opensearch"": ""ready"", ""postgres_graph"": ""ready"", ""qdrant"": ""ready""}","{""opensearch"": [], ""postgres_graph"": [], ""qdrant"": []}","[""postgres_graph"", ""qdrant"", ""opensearch""]",True,True,True,False,[],ready_dry_run_only,validated_table_or_exact_evidence,False,True
False,False,True,False,table,False,"[""postgres_graph"", ""qdrant"", ""opensearch""]",True,t_p_120_1176_p000271,271,True,True,00000271.tif,271,b858a2ddccac000874013a3423e7d7bf6f120b629d7c5056568a35a53facbeeb,00000271.tif,False,validated_graph_semantic_and_exact_index,False,False,False,table,local_data\organization\trace_net\raw_to_answer_context_engineered_native_gemma4_001\ocr_route_scan_pack_tesseract_full\page_images\t_p_120_1176_p000271.tif,local_data\organization\trace_net\raw_to_answer_context_engineered_native_gemma4_001\ocr_route_scan_pack_tesseract_full\ocr_text\t_p_120_1176_p000271.txt,repaired_from_ocr_scan_pack,True,[],graph_source_map_plus_validated_evidence_links,False,True,validated_page_or_evidence_summary,False,True,joined_target_specific_dry_run_plans,"[""postgres_graph"", ""qdrant"", ""opensearch""]","{""opensearch"": ""ready"", ""postgres_graph"": ""ready"", ""qdrant"": ""ready""}","{""opensearch"": [], ""postgres_graph"": [], ""qdrant"": []}","[""postgres_graph"", ""qdrant"", ""opensearch""]",True,True,True,False,[],ready_dry_run_only,validated_table_or_exact_evidence,False,True
False,False,True,False,plain_text,False,"[""postgres_graph"", ""qdrant""]",False,t_p_120_1176_p000272,272,True,True,00000272.tif,272,a731dd54e89e3eea9b5452cbcba2f50eedea5e75f72277863185dddf6b9c4978,00000272.tif,False,validated_graph_and_semantic_index,False,False,False,plain_text,local_data\organization\trace_net\raw_to_answer_context_engineered_native_gemma4_001\ocr_route_scan_pack_tesseract_full\page_images\t_p_120_1176_p000272.tif,local_data\organization\trace_net\raw_to_answer_context_engineered_native_gemma4_001\ocr_route_scan_pack_tesseract_full\ocr_text\t_p_120_1176_p000272.txt,repaired_from_ocr_scan_pack,True,[],graph_source_map_plus_validated_evidence_links,False,True,validated_page_or_evidence_summary,False,True,joined_target_specific_dry_run_plans,"[""postgres_graph"", ""qdrant""]","{""postgres_graph"": ""ready"", ""qdrant"": ""ready""}","{""postgres_graph"": [], ""qdrant"": []}","[""postgres_graph"", ""qdrant""]",True,True,False,False,[],ready_dry_run_only,,,
False,False,True,False,table,False,"[""postgres_graph"", ""qdrant"", ""opensearch""]",True,t_p_120_1176_p000273,273,True,True,00000273.tif,273,97e626c23c86ed07413659bc5ccb699ce7ed41133d3f6fdda12eda82530acfc9,00000273.tif,False,validated_graph_semantic_and_exact_index,False,False,False,table,local_data\organization\trace_net\raw_to_answer_context_engineered_native_gemma4_001\ocr_route_scan_pack_tesseract_full\page_images\t_p_120_1176_p000273.tif,local_data\organization\trace_net\raw_to_answer_context_engineered_native_gemma4_001\ocr_route_scan_pack_tesseract_full\ocr_text\t_p_120_1176_p000273.txt,repaired_from_ocr_scan_pack,True,[],graph_source_map_plus_validated_evidence_links,False,True,validated_page_or_evidence_summary,False,True,joined_target_specific_dry_run_plans,"[""postgres_graph"", ""qdrant"", ""opensearch""]","{""opensearch"": ""ready"", ""postgres_graph"": ""ready"", ""qdrant"": ""ready""}","{""opensearch"": [], ""postgres_graph"": [], ""qdrant"": []}","[""postgres_graph"", ""qdrant"", ""opensearch""]",True,True,True,False,[],ready_dry_run_only,validated_table_or_exact_evidence,False,True
False,False,True,False,table,False,"[""postgres_graph"", ""qdrant"", ""opensearch""]",True,t_p_120_1176_p000274,274,True,True,00000274.tif,274,1c1bc00a2a97e37a872207631f1ff37b233b37963faeeceeef823d3bf81b23bd,00000274.tif,False,validated_graph_semantic_and_exact_index,False,False,False,table,local_data\organization\trace_net\raw_to_answer_context_engineered_native_gemma4_001\ocr_route_scan_pack_tesseract_full\page_images\t_p_120_1176_p000274.tif,local_data\organization\trace_net\raw_to_answer_context_engineered_native_gemma4_001\ocr_route_scan_pack_tesseract_full\ocr_text\t_p_120_1176_p000274.txt,repaired_from_ocr_scan_pack,True,[],graph_source_map_plus_validated_evidence_links,False,True,validated_page_or_evidence_summary,False,True,joined_target_specific_dry_run_plans,"[""postgres_graph"", ""qdrant"", ""opensearch""]","{""opensearch"": ""ready"", ""postgres_graph"": ""ready"", ""qdrant"": ""ready""}","{""opensearch"": [], ""postgres_graph"": [], ""qdrant"": []}","[""postgres_graph"", ""qdrant"", ""opensearch""]",True,True,True,False,[],ready_dry_run_only,validated_table_or_exact_evidence,False,True
False,False,True,False,plain_text,False,"[""postgres_graph"", ""qdrant""]",False,t_p_120_1176_p000275,275,True,True,00000275.tif,275,01e379081e48eef3536ba4a046b172edde07b2440e8691d522332119e0c5cf20,00000275.tif,False,validated_graph_and_semantic_index,False,False,False,plain_text,local_data\organization\trace_net\raw_to_answer_context_engineered_native_gemma4_001\ocr_route_scan_pack_tesseract_full\page_images\t_p_120_1176_p000275.tif,local_data\organization\trace_net\raw_to_answer_context_engineered_native_gemma4_001\ocr_route_scan_pack_tesseract_full\ocr_text\t_p_120_1176_p000275.txt,repaired_from_ocr_scan_pack,True,[],graph_source_map_plus_validated_evidence_links,False,True,validated_page_or_evidence_summary,False,True,joined_target_specific_dry_run_plans,"[""postgres_graph"", ""qdrant""]","{""postgres_graph"": ""ready"", ""qdrant"": ""ready""}","{""postgres_graph"": [], ""qdrant"": []}","[""postgres_graph"", ""qdrant""]",True,True,False,False,[],ready_dry_run_only,,,
False,False,True,False,table,False,"[""postgres_graph"", ""qdrant"", ""opensearch""]",True,t_p_120_1176_p000276,276,True,True,00000276.tif,276,2944bd789add1b735372daa35c82e65ba690abf83f291f0c40d8f7e37d8055b4,00000276.tif,False,validated_graph_semantic_and_exact_index,False,False,False,table,local_data\organization\trace_net\raw_to_answer_context_engineered_native_gemma4_001\ocr_route_scan_pack_tesseract_full\page_images\t_p_120_1176_p000276.tif,local_data\organization\trace_net\raw_to_answer_context_engineered_native_gemma4_001\ocr_route_scan_pack_tesseract_full\ocr_text\t_p_120_1176_p000276.txt,repaired_from_ocr_scan_pack,True,[],graph_source_map_plus_validated_evidence_links,False,True,validated_page_or_evidence_summary,False,True,joined_target_specific_dry_run_plans,"[""postgres_graph"", ""qdrant"", ""opensearch""]","{""opensearch"": ""ready"", ""postgres_graph"": ""ready"", ""qdrant"": ""ready""}","{""opensearch"": [], ""postgres_graph"": [], ""qdrant"": []}","[""postgres_graph"", ""qdrant"", ""opensearch""]",True,True,True,False,[],ready_dry_run_only,validated_table_or_exact_evidence,False,True
False,False,True,False,table,False,"[""postgres_graph"", ""qdrant"", ""opensearch""]",True,t_p_120_1176_p000277,277,True,True,00000277.tif,277,219b5d294a32664cf8ece4539c8e01ea4880691c5accc05844438bbc2d48bd29,00000277.tif,False,validated_graph_semantic_and_exact_index,False,False,False,table,local_data\organization\trace_net\raw_to_answer_context_engineered_native_gemma4_001\ocr_route_scan_pack_tesseract_full\page_images\t_p_120_1176_p000277.tif,local_data\organization\trace_net\raw_to_answer_context_engineered_native_gemma4_001\ocr_route_scan_pack_tesseract_full\ocr_text\t_p_120_1176_p000277.txt,repaired_from_ocr_scan_pack,True,[],graph_source_map_plus_validated_evidence_links,False,True,validated_page_or_evidence_summary,False,True,joined_target_specific_dry_run_plans,"[""postgres_graph"", ""qdrant"", ""opensearch""]","{""opensearch"": ""ready"", ""postgres_graph"": ""ready"", ""qdrant"": ""ready""}","{""opensearch"": [], ""postgres_graph"": [], ""qdrant"": []}","[""postgres_graph"", ""qdrant"", ""opensearch""]",True,True,True,False,[],ready_dry_run_only,validated_table_or_exact_evidence,False,True
False,False,True,False,plain_text,False,"[""postgres_graph"", ""qdrant""]",False,t_p_120_1176_p000278,278,True,True,00000278.tif,278,010bfb45fd69b51f2e2dbbe5429eaf0425f0c421823b7783673d9264e0b5ebed,00000278.tif,False,validated_graph_and_semantic_index,False,False,False,plain_text,local_data\organization\trace_net\raw_to_answer_context_engineered_native_gemma4_001\ocr_route_scan_pack_tesseract_full\page_images\t_p_120_1176_p000278.tif,local_data\organization\trace_net\raw_to_answer_context_engineered_native_gemma4_001\ocr_route_scan_pack_tesseract_full\ocr_text\t_p_120_1176_p000278.txt,repaired_from_ocr_scan_pack,True,[],graph_source_map_plus_validated_evidence_links,False,True,validated_page_or_evidence_summary,False,True,joined_target_specific_dry_run_plans,"[""postgres_graph"", ""qdrant""]","{""postgres_graph"": ""ready"", ""qdrant"": ""ready""}","{""postgres_graph"": [], ""qdrant"": []}","[""postgres_graph"", ""qdrant""]",True,True,False,False,[],ready_dry_run_only,,,
False,False,True,False,table,False,"[""postgres_graph"", ""qdrant"", ""opensearch""]",True,t_p_120_1176_p000279,279,True,True,00000279.tif,279,02f3676db5b658c30c617d02a9235a36a33d57b5d0a771b67fec49a4052fa63f,00000279.tif,False,validated_graph_semantic_and_exact_index,False,False,False,table,local_data\organization\trace_net\raw_to_answer_context_engineered_native_gemma4_001\ocr_route_scan_pack_tesseract_full\page_images\t_p_120_1176_p000279.tif,local_data\organization\trace_net\raw_to_answer_context_engineered_native_gemma4_001\ocr_route_scan_pack_tesseract_full\ocr_text\t_p_120_1176_p000279.txt,repaired_from_ocr_scan_pack,True,[],graph_source_map_plus_validated_evidence_links,False,True,validated_page_or_evidence_summary,False,True,joined_target_specific_dry_run_plans,"[""postgres_graph"", ""qdrant"", ""opensearch""]","{""opensearch"": ""ready"", ""postgres_graph"": ""ready"", ""qdrant"": ""ready""}","{""opensearch"": [], ""postgres_graph"": [], ""qdrant"": []}","[""postgres_graph"", ""qdrant"", ""opensearch""]",True,True,True,False,[],ready_dry_run_only,validated_table_or_exact_evidence,False,True
False,False,True,False,table,False,"[""postgres_graph"", ""qdrant"", ""opensearch""]",True,t_p_120_1176_p000280,280,True,True,00000280.tif,280,a1403c685007ddd64281427941dd6e14aa890ad78089527cdc63b3aa1d562ab0,00000280.tif,False,validated_graph_semantic_and_exact_index,False,False,False,table,local_data\organization\trace_net\raw_to_answer_context_engineered_native_gemma4_001\ocr_route_scan_pack_tesseract_full\page_images\t_p_120_1176_p000280.tif,local_data\organization\trace_net\raw_to_answer_context_engineered_native_gemma4_001\ocr_route_scan_pack_tesseract_full\ocr_text\t_p_120_1176_p000280.txt,repaired_from_ocr_scan_pack,True,[],graph_source_map_plus_validated_evidence_links,False,True,validated_page_or_evidence_summary,False,True,joined_target_specific_dry_run_plans,"[""postgres_graph"", ""qdrant"", ""opensearch""]","{""opensearch"": ""ready"", ""postgres_graph"": ""ready"", ""qdrant"": ""ready""}","{""opensearch"": [], ""postgres_graph"": [], ""qdrant"": []}","[""postgres_graph"", ""qdrant"", ""opensearch""]",True,True,True,False,[],ready_dry_run_only,validated_table_or_exact_evidence,False,True
False,False,True,False,plain_text,False,"[""postgres_graph"", ""qdrant""]",False,t_p_120_1176_p000281,281,True,True,00000281.tif,281,130618d33ae8308959c13db8c96e88f90bf98d7279c79cebe896bf29fc0881a5,00000281.tif,False,validated_graph_and_semantic_index,False,False,False,plain_text,local_data\organization\trace_net\raw_to_answer_context_engineered_native_gemma4_001\ocr_route_scan_pack_tesseract_full\page_images\t_p_120_1176_p000281.tif,local_data\organization\trace_net\raw_to_answer_context_engineered_native_gemma4_001\ocr_route_scan_pack_tesseract_full\ocr_text\t_p_120_1176_p000281.txt,repaired_from_ocr_scan_pack,True,[],graph_source_map_plus_validated_evidence_links,False,True,validated_page_or_evidence_summary,False,True,joined_target_specific_dry_run_plans,"[""postgres_graph"", ""qdrant""]","{""postgres_graph"": ""ready"", ""qdrant"": ""ready""}","{""postgres_graph"": [], ""qdrant"": []}","[""postgres_graph"", ""qdrant""]",True,True,False,False,[],ready_dry_run_only,,,
False,False,True,False,table,False,"[""postgres_graph"", ""qdrant"", ""opensearch""]",True,t_p_120_1176_p000282,282,True,True,00000282.tif,282,181df6441fad59e8fe9525477c127f6cdfec890f77c7a4e89c73650a454d9329,00000282.tif,False,validated_graph_semantic_and_exact_index,False,False,False,table,local_data\organization\trace_net\raw_to_answer_context_engineered_native_gemma4_001\ocr_route_scan_pack_tesseract_full\page_images\t_p_120_1176_p000282.tif,local_data\organization\trace_net\raw_to_answer_context_engineered_native_gemma4_001\ocr_route_scan_pack_tesseract_full\ocr_text\t_p_120_1176_p000282.txt,repaired_from_ocr_scan_pack,True,[],graph_source_map_plus_validated_evidence_links,False,True,validated_page_or_evidence_summary,False,True,joined_target_specific_dry_run_plans,"[""postgres_graph"", ""qdrant"", ""opensearch""]","{""opensearch"": ""ready"", ""postgres_graph"": ""ready"", ""qdrant"": ""ready""}","{""opensearch"": [], ""postgres_graph"": [], ""qdrant"": []}","[""postgres_graph"", ""qdrant"", ""opensearch""]",True,True,True,False,[],ready_dry_run_only,validated_table_or_exact_evidence,False,True
False,False,True,False,table,False,"[""postgres_graph"", ""qdrant"", ""opensearch""]",True,t_p_120_1176_p000283,283,True,True,00000283.tif,283,b9f538d646d114139f180b10179493de1f3ab0df348cb4e2844b0ed7ddcb3cb0,00000283.tif,False,validated_graph_semantic_and_exact_index,False,False,False,table,local_data\organization\trace_net\raw_to_answer_context_engineered_native_gemma4_001\ocr_route_scan_pack_tesseract_full\page_images\t_p_120_1176_p000283.tif,local_data\organization\trace_net\raw_to_answer_context_engineered_native_gemma4_001\ocr_route_scan_pack_tesseract_full\ocr_text\t_p_120_1176_p000283.txt,repaired_from_ocr_scan_pack,True,[],graph_source_map_plus_validated_evidence_links,False,True,validated_page_or_evidence_summary,False,True,joined_target_specific_dry_run_plans,"[""postgres_graph"", ""qdrant"", ""opensearch""]","{""opensearch"": ""ready"", ""postgres_graph"": ""ready"", ""qdrant"": ""ready""}","{""opensearch"": [], ""postgres_graph"": [], ""qdrant"": []}","[""postgres_graph"", ""qdrant"", ""opensearch""]",True,True,True,False,[],ready_dry_run_only,validated_table_or_exact_evidence,False,True
False,False,True,False,plain_text,False,"[""postgres_graph"", ""qdrant""]",False,t_p_120_1176_p000284,284,True,True,00000284.tif,284,06d71b95e7c1b78833040c1d453db957fb825b6825ee0da7e5ef55d42530ac53,00000284.tif,False,validated_graph_and_semantic_index,False,False,False,plain_text,local_data\organization\trace_net\raw_to_answer_context_engineered_native_gemma4_001\ocr_route_scan_pack_tesseract_full\page_images\t_p_120_1176_p000284.tif,local_data\organization\trace_net\raw_to_answer_context_engineered_native_gemma4_001\ocr_route_scan_pack_tesseract_full\ocr_text\t_p_120_1176_p000284.txt,repaired_from_ocr_scan_pack,True,[],graph_source_map_plus_validated_evidence_links,False,True,validated_page_or_evidence_summary,False,True,joined_target_specific_dry_run_plans,"[""postgres_graph"", ""qdrant""]","{""postgres_graph"": ""ready"", ""qdrant"": ""ready""}","{""postgres_graph"": [], ""qdrant"": []}","[""postgres_graph"", ""qdrant""]",True,True,False,False,[],ready_dry_run_only,,,
False,False,True,False,table,False,"[""postgres_graph"", ""qdrant"", ""opensearch""]",True,t_p_120_1176_p000285,285,True,True,00000285.tif,285,9f2d950235ef9517c02e29aa1933534c344c8fb4a61f6289aac917e0c2d58236,00000285.tif,False,validated_graph_semantic_and_exact_index,False,False,False,table,local_data\organization\trace_net\raw_to_answer_context_engineered_native_gemma4_001\ocr_route_scan_pack_tesseract_full\page_images\t_p_120_1176_p000285.tif,local_data\organization\trace_net\raw_to_answer_context_engineered_native_gemma4_001\ocr_route_scan_pack_tesseract_full\ocr_text\t_p_120_1176_p000285.txt,repaired_from_ocr_scan_pack,True,[],graph_source_map_plus_validated_evidence_links,False,True,validated_page_or_evidence_summary,False,True,joined_target_specific_dry_run_plans,"[""postgres_graph"", ""qdrant"", ""opensearch""]","{""opensearch"": ""ready"", ""postgres_graph"": ""ready"", ""qdrant"": ""ready""}","{""opensearch"": [], ""postgres_graph"": [], ""qdrant"": []}","[""postgres_graph"", ""qdrant"", ""opensearch""]",True,True,True,False,[],ready_dry_run_only,validated_table_or_exact_evidence,False,True
False,False,True,False,table,False,"[""postgres_graph"", ""qdrant"", ""opensearch""]",True,t_p_120_1176_p000286,286,True,True,00000286.tif,286,c4998f85ea88fda8790f3dfe23d3bb0753946aab2e96e82f21b0cd9802f1aeb0,00000286.tif,False,validated_graph_semantic_and_exact_index,False,False,False,table,local_data\organization\trace_net\raw_to_answer_context_engineered_native_gemma4_001\ocr_route_scan_pack_tesseract_full\page_images\t_p_120_1176_p000286.tif,local_data\organization\trace_net\raw_to_answer_context_engineered_native_gemma4_001\ocr_route_scan_pack_tesseract_full\ocr_text\t_p_120_1176_p000286.txt,repaired_from_ocr_scan_pack,True,[],graph_source_map_plus_validated_evidence_links,False,True,validated_page_or_evidence_summary,False,True,joined_target_specific_dry_run_plans,"[""postgres_graph"", ""qdrant"", ""opensearch""]","{""opensearch"": ""ready"", ""postgres_graph"": ""ready"", ""qdrant"": ""ready""}","{""opensearch"": [], ""postgres_graph"": [], ""qdrant"": []}","[""postgres_graph"", ""qdrant"", ""opensearch""]",True,True,True,False,[],ready_dry_run_only,validated_table_or_exact_evidence,False,True
False,False,True,False,plain_text,False,"[""postgres_graph"", ""qdrant""]",False,t_p_120_1176_p000287,287,True,True,00000287.tif,287,3a1e4c124f4e73cfbe9079d8a90b9b7d0e3d50e8e35b81bfedc0480b140fd19d,00000287.tif,False,validated_graph_and_semantic_index,False,False,False,plain_text,local_data\organization\trace_net\raw_to_answer_context_engineered_native_gemma4_001\ocr_route_scan_pack_tesseract_full\page_images\t_p_120_1176_p000287.tif,local_data\organization\trace_net\raw_to_answer_context_engineered_native_gemma4_001\ocr_route_scan_pack_tesseract_full\ocr_text\t_p_120_1176_p000287.txt,repaired_from_ocr_scan_pack,True,[],graph_source_map_plus_validated_evidence_links,False,True,validated_page_or_evidence_summary,False,True,joined_target_specific_dry_run_plans,"[""postgres_graph"", ""qdrant""]","{""postgres_graph"": ""ready"", ""qdrant"": ""ready""}","{""postgres_graph"": [], ""qdrant"": []}","[""postgres_graph"", ""qdrant""]",True,True,False,False,[],ready_dry_run_only,,,
False,False,True,False,table,False,"[""postgres_graph"", ""qdrant"", ""opensearch""]",True,t_p_120_1176_p000288,288,True,True,00000288.tif,288,fccda01b868517afc6454f77ccdf0ac335788ca08cb193c1a331e6b195bc2c99,00000288.tif,False,validated_graph_semantic_and_exact_index,False,False,False,table,local_data\organization\trace_net\raw_to_answer_context_engineered_native_gemma4_001\ocr_route_scan_pack_tesseract_full\page_images\t_p_120_1176_p000288.tif,local_data\organization\trace_net\raw_to_answer_context_engineered_native_gemma4_001\ocr_route_scan_pack_tesseract_full\ocr_text\t_p_120_1176_p000288.txt,repaired_from_ocr_scan_pack,True,[],graph_source_map_plus_validated_evidence_links,False,True,validated_page_or_evidence_summary,False,True,joined_target_specific_dry_run_plans,"[""postgres_graph"", ""qdrant"", ""opensearch""]","{""opensearch"": ""ready"", ""postgres_graph"": ""ready"", ""qdrant"": ""ready""}","{""opensearch"": [], ""postgres_graph"": [], ""qdrant"": []}","[""postgres_graph"", ""qdrant"", ""opensearch""]",True,True,True,False,[],ready_dry_run_only,validated_table_or_exact_evidence,False,True
False,False,True,False,table,False,"[""postgres_graph"", ""qdrant"", ""opensearch""]",True,t_p_120_1176_p000289,289,True,True,00000289.tif,289,c6cfc988dd39f34bf6c0e12f12f586ba2910717d84b2896da19e5435149a22cc,00000289.tif,False,validated_graph_semantic_and_exact_index,False,False,False,table,local_data\organization\trace_net\raw_to_answer_context_engineered_native_gemma4_001\ocr_route_scan_pack_tesseract_full\page_images\t_p_120_1176_p000289.tif,local_data\organization\trace_net\raw_to_answer_context_engineered_native_gemma4_001\ocr_route_scan_pack_tesseract_full\ocr_text\t_p_120_1176_p000289.txt,repaired_from_ocr_scan_pack,True,[],graph_source_map_plus_validated_evidence_links,False,True,validated_page_or_evidence_summary,False,True,joined_target_specific_dry_run_plans,"[""postgres_graph"", ""qdrant"", ""opensearch""]","{""opensearch"": ""ready"", ""postgres_graph"": ""ready"", ""qdrant"": ""ready""}","{""opensearch"": [], ""postgres_graph"": [], ""qdrant"": []}","[""postgres_graph"", ""qdrant"", ""opensearch""]",True,True,True,False,[],ready_dry_run_only,validated_table_or_exact_evidence,False,True
False,False,True,False,plain_text,False,"[""postgres_graph"", ""qdrant""]",False,t_p_120_1176_p000290,290,True,True,00000290.tif,290,c37e2e2827c0c5e545581846156e530d15b90ba6fcd14ec2a09838ba75f3b824,00000290.tif,False,validated_graph_and_semantic_index,False,False,False,plain_text,local_data\organization\trace_net\raw_to_answer_context_engineered_native_gemma4_001\ocr_route_scan_pack_tesseract_full\page_images\t_p_120_1176_p000290.tif,local_data\organization\trace_net\raw_to_answer_context_engineered_native_gemma4_001\ocr_route_scan_pack_tesseract_full\ocr_text\t_p_120_1176_p000290.txt,repaired_from_ocr_scan_pack,True,[],graph_source_map_plus_validated_evidence_links,False,True,validated_page_or_evidence_summary,False,True,joined_target_specific_dry_run_plans,"[""postgres_graph"", ""qdrant""]","{""postgres_graph"": ""ready"", ""qdrant"": ""ready""}","{""postgres_graph"": [], ""qdrant"": []}","[""postgres_graph"", ""qdrant""]",True,True,False,False,[],ready_dry_run_only,,,
False,False,True,False,table,False,"[""postgres_graph"", ""qdrant"", ""opensearch""]",True,t_p_120_1176_p000291,291,True,True,00000291.tif,291,d183839c18e0008c73121ef17c8dead7196bb905d5ae25e6cfee91864b632ca9,00000291.tif,False,validated_graph_semantic_and_exact_index,False,False,False,table,local_data\organization\trace_net\raw_to_answer_context_engineered_native_gemma4_001\ocr_route_scan_pack_tesseract_full\page_images\t_p_120_1176_p000291.tif,local_data\organization\trace_net\raw_to_answer_context_engineered_native_gemma4_001\ocr_route_scan_pack_tesseract_full\ocr_text\t_p_120_1176_p000291.txt,repaired_from_ocr_scan_pack,True,[],graph_source_map_plus_validated_evidence_links,False,True,validated_page_or_evidence_summary,False,True,joined_target_specific_dry_run_plans,"[""postgres_graph"", ""qdrant"", ""opensearch""]","{""opensearch"": ""ready"", ""postgres_graph"": ""ready"", ""qdrant"": ""ready""}","{""opensearch"": [], ""postgres_graph"": [], ""qdrant"": []}","[""postgres_graph"", ""qdrant"", ""opensearch""]",True,True,True,False,[],ready_dry_run_only,validated_table_or_exact_evidence,False,True
False,False,True,False,table,False,"[""postgres_graph"", ""qdrant"", ""opensearch""]",True,t_p_120_1176_p000292,292,True,True,00000292.tif,292,381bc0496c36bb75f913e7f6e9967b3a416bf7040398699da53c6f3c1ef612eb,00000292.tif,False,validated_graph_semantic_and_exact_index,False,False,False,table,local_data\organization\trace_net\raw_to_answer_context_engineered_native_gemma4_001\ocr_route_scan_pack_tesseract_full\page_images\t_p_120_1176_p000292.tif,local_data\organization\trace_net\raw_to_answer_context_engineered_native_gemma4_001\ocr_route_scan_pack_tesseract_full\ocr_text\t_p_120_1176_p000292.txt,repaired_from_ocr_scan_pack,True,[],graph_source_map_plus_validated_evidence_links,False,True,validated_page_or_evidence_summary,False,True,joined_target_specific_dry_run_plans,"[""postgres_graph"", ""qdrant"", ""opensearch""]","{""opensearch"": ""ready"", ""postgres_graph"": ""ready"", ""qdrant"": ""ready""}","{""opensearch"": [], ""postgres_graph"": [], ""qdrant"": []}","[""postgres_graph"", ""qdrant"", ""opensearch""]",True,True,True,False,[],ready_dry_run_only,validated_table_or_exact_evidence,False,True
False,False,True,False,plain_text,False,"[""postgres_graph"", ""qdrant""]",False,t_p_120_1176_p000293,293,True,True,00000293.tif,293,bc0758df653a948c67c184857bdea8a52eafb89e87ad8588d4ed8914d3fe6321,00000293.tif,False,validated_graph_and_semantic_index,False,False,False,plain_text,local_data\organization\trace_net\raw_to_answer_context_engineered_native_gemma4_001\ocr_route_scan_pack_tesseract_full\page_images\t_p_120_1176_p000293.tif,local_data\organization\trace_net\raw_to_answer_context_engineered_native_gemma4_001\ocr_route_scan_pack_tesseract_full\ocr_text\t_p_120_1176_p000293.txt,repaired_from_ocr_scan_pack,True,[],graph_source_map_plus_validated_evidence_links,False,True,validated_page_or_evidence_summary,False,True,joined_target_specific_dry_run_plans,"[""postgres_graph"", ""qdrant""]","{""postgres_graph"": ""ready"", ""qdrant"": ""ready""}","{""postgres_graph"": [], ""qdrant"": []}","[""postgres_graph"", ""qdrant""]",True,True,False,False,[],ready_dry_run_only,,,
False,False,True,False,table,False,"[""postgres_graph"", ""qdrant"", ""opensearch""]",True,t_p_120_1176_p000294,294,True,True,00000294.tif,294,651729b3804f0e47fea463155b1456f0cbb86c89042f7e92922858054db47bc7,00000294.tif,False,validated_graph_semantic_and_exact_index,False,False,False,table,local_data\organization\trace_net\raw_to_answer_context_engineered_native_gemma4_001\ocr_route_scan_pack_tesseract_full\page_images\t_p_120_1176_p000294.tif,local_data\organization\trace_net\raw_to_answer_context_engineered_native_gemma4_001\ocr_route_scan_pack_tesseract_full\ocr_text\t_p_120_1176_p000294.txt,repaired_from_ocr_scan_pack,True,[],graph_source_map_plus_validated_evidence_links,False,True,validated_page_or_evidence_summary,False,True,joined_target_specific_dry_run_plans,"[""postgres_graph"", ""qdrant"", ""opensearch""]","{""opensearch"": ""ready"", ""postgres_graph"": ""ready"", ""qdrant"": ""ready""}","{""opensearch"": [], ""postgres_graph"": [], ""qdrant"": []}","[""postgres_graph"", ""qdrant"", ""opensearch""]",True,True,True,False,[],ready_dry_run_only,validated_table_or_exact_evidence,False,True
False,False,True,False,table,False,"[""postgres_graph"", ""qdrant"", ""opensearch""]",True,t_p_120_1176_p000295,295,True,True,00000295.tif,295,abcc1c1e4045e49d4130b75821eae6eeceb63479607668e5a952e44647c7f00b,00000295.tif,False,validated_graph_semantic_and_exact_index,False,False,False,table,local_data\organization\trace_net\raw_to_answer_context_engineered_native_gemma4_001\ocr_route_scan_pack_tesseract_full\page_images\t_p_120_1176_p000295.tif,local_data\organization\trace_net\raw_to_answer_context_engineered_native_gemma4_001\ocr_route_scan_pack_tesseract_full\ocr_text\t_p_120_1176_p000295.txt,repaired_from_ocr_scan_pack,True,[],graph_source_map_plus_validated_evidence_links,False,True,validated_page_or_evidence_summary,False,True,joined_target_specific_dry_run_plans,"[""postgres_graph"", ""qdrant"", ""opensearch""]","{""opensearch"": ""ready"", ""postgres_graph"": ""ready"", ""qdrant"": ""ready""}","{""opensearch"": [], ""postgres_graph"": [], ""qdrant"": []}","[""postgres_graph"", ""qdrant"", ""opensearch""]",True,True,True,False,[],ready_dry_run_only,validated_table_or_exact_evidence,False,True
False,False,True,False,plain_text,False,"[""postgres_graph"", ""qdrant""]",False,t_p_120_1176_p000296,296,True,True,00000296.tif,296,2281368efe40ae4656adea095e18ee5678538f68e3b17adfeb1632ee84fa2754,00000296.tif,False,validated_graph_and_semantic_index,False,False,False,plain_text,local_data\organization\trace_net\raw_to_answer_context_engineered_native_gemma4_001\ocr_route_scan_pack_tesseract_full\page_images\t_p_120_1176_p000296.tif,local_data\organization\trace_net\raw_to_answer_context_engineered_native_gemma4_001\ocr_route_scan_pack_tesseract_full\ocr_text\t_p_120_1176_p000296.txt,repaired_from_ocr_scan_pack,True,[],graph_source_map_plus_validated_evidence_links,False,True,validated_page_or_evidence_summary,False,True,joined_target_specific_dry_run_plans,"[""postgres_graph"", ""qdrant""]","{""postgres_graph"": ""ready"", ""qdrant"": ""ready""}","{""postgres_graph"": [], ""qdrant"": []}","[""postgres_graph"", ""qdrant""]",True,True,False,False,[],ready_dry_run_only,,,
False,False,True,False,table,False,"[""postgres_graph"", ""qdrant"", ""opensearch""]",True,t_p_120_1176_p000297,297,True,True,00000297.tif,297,2e053058093b8c85d8d0cabfd708523ac518210f6f63297362ee3cf5e0bc65db,00000297.tif,False,validated_graph_semantic_and_exact_index,False,False,False,table,local_data\organization\trace_net\raw_to_answer_context_engineered_native_gemma4_001\ocr_route_scan_pack_tesseract_full\page_images\t_p_120_1176_p000297.tif,local_data\organization\trace_net\raw_to_answer_context_engineered_native_gemma4_001\ocr_route_scan_pack_tesseract_full\ocr_text\t_p_120_1176_p000297.txt,repaired_from_ocr_scan_pack,True,[],graph_source_map_plus_validated_evidence_links,False,True,validated_page_or_evidence_summary,False,True,joined_target_specific_dry_run_plans,"[""postgres_graph"", ""qdrant"", ""opensearch""]","{""opensearch"": ""ready"", ""postgres_graph"": ""ready"", ""qdrant"": ""ready""}","{""opensearch"": [], ""postgres_graph"": [], ""qdrant"": []}","[""postgres_graph"", ""qdrant"", ""opensearch""]",True,True,True,False,[],ready_dry_run_only,validated_table_or_exact_evidence,False,True
False,True,True,True,table,False,"[""postgres_graph""]",False,t_p_120_1176_p000298,298,True,False,00000298.tif,298,6ccde234f40e5babac19b605971b1eccd3c150b9fb72d3625c95de0a1f5d95b2,00000298.tif,False,graph_only_validator_gated,False,True,False,table,local_data\organization\trace_net\raw_to_answer_context_engineered_native_gemma4_001\ocr_route_scan_pack_tesseract_full\page_images\t_p_120_1176_p000298.tif,local_data\organization\trace_net\raw_to_answer_context_engineered_native_gemma4_001\ocr_route_scan_pack_tesseract_full\ocr_text\t_p_120_1176_p000298.txt,repaired_from_ocr_scan_pack,True,[],graph_source_map_only,False,True,,,,joined_target_specific_dry_run_plans,"[""postgres_graph""]","{""postgres_graph"": ""ready""}","{""postgres_graph"": []}","[""postgres_graph""]",True,False,False,False,[],ready_dry_run_only,,,
False,False,True,False,plain_text,False,"[""postgres_graph"", ""qdrant""]",False,t_p_120_1176_p000299,299,True,True,00000299.tif,299,60bc392290be4cec28d3fd72800b554812f640f5fcc7e0e82c7a3da75ba36b9a,00000299.tif,False,validated_graph_and_semantic_index,False,False,False,plain_text,local_data\organization\trace_net\raw_to_answer_context_engineered_native_gemma4_001\ocr_route_scan_pack_tesseract_full\page_images\t_p_120_1176_p000299.tif,local_data\organization\trace_net\raw_to_answer_context_engineered_native_gemma4_001\ocr_route_scan_pack_tesseract_full\ocr_text\t_p_120_1176_p000299.txt,repaired_from_ocr_scan_pack,True,[],graph_source_map_plus_validated_evidence_links,False,True,validated_page_or_evidence_summary,False,True,joined_target_specific_dry_run_plans,"[""postgres_graph"", ""qdrant""]","{""postgres_graph"": ""ready"", ""qdrant"": ""ready""}","{""postgres_graph"": [], ""qdrant"": []}","[""postgres_graph"", ""qdrant""]",True,True,False,False,[],ready_dry_run_only,,,
False,False,True,False,table,False,"[""postgres_graph"", ""qdrant"", ""opensearch""]",True,t_p_120_1176_p000300,300,True,True,00000300.tif,300,0e236389915dbe950f4e589000d20a514aa9e27830f69197263a5d737ef9abf3,00000300.tif,False,validated_graph_semantic_and_exact_index,False,False,False,table,local_data\organization\trace_net\raw_to_answer_context_engineered_native_gemma4_001\ocr_route_scan_pack_tesseract_full\page_images\t_p_120_1176_p000300.tif,local_data\organization\trace_net\raw_to_answer_context_engineered_native_gemma4_001\ocr_route_scan_pack_tesseract_full\ocr_text\t_p_120_1176_p000300.txt,repaired_from_ocr_scan_pack,True,[],graph_source_map_plus_validated_evidence_links,False,True,validated_page_or_evidence_summary,False,True,joined_target_specific_dry_run_plans,"[""postgres_graph"", ""qdrant"", ""opensearch""]","{""opensearch"": ""ready"", ""postgres_graph"": ""ready"", ""qdrant"": ""ready""}","{""opensearch"": [], ""postgres_graph"": [], ""qdrant"": []}","[""postgres_graph"", ""qdrant"", ""opensearch""]",True,True,True,False,[],ready_dry_run_only,validated_table_or_exact_evidence,False,True
False,False,True,False,table,False,"[""postgres_graph"", ""qdrant"", ""opensearch""]",True,t_p_120_1176_p000301,301,True,True,00000301.tif,301,d53c4bc9383e992863cdb426599e2a2efb8b8c89b9542a4aa33135d6c09e393f,00000301.tif,False,validated_graph_semantic_and_exact_index,False,False,False,table,local_data\organization\trace_net\raw_to_answer_context_engineered_native_gemma4_001\ocr_route_scan_pack_tesseract_full\page_images\t_p_120_1176_p000301.tif,local_data\organization\trace_net\raw_to_answer_context_engineered_native_gemma4_001\ocr_route_scan_pack_tesseract_full\ocr_text\t_p_120_1176_p000301.txt,repaired_from_ocr_scan_pack,True,[],graph_source_map_plus_validated_evidence_links,False,True,validated_page_or_evidence_summary,False,True,joined_target_specific_dry_run_plans,"[""postgres_graph"", ""qdrant"", ""opensearch""]","{""opensearch"": ""ready"", ""postgres_graph"": ""ready"", ""qdrant"": ""ready""}","{""opensearch"": [], ""postgres_graph"": [], ""qdrant"": []}","[""postgres_graph"", ""qdrant"", ""opensearch""]",True,True,True,False,[],ready_dry_run_only,validated_table_or_exact_evidence,False,True
False,False,True,False,plain_text,False,"[""postgres_graph"", ""qdrant""]",False,t_p_120_1176_p000302,302,True,True,00000302.tif,302,a7d9ffb62225bbac8d0279fda81e10683738c7ff91895acba94fdd2cd3686818,00000302.tif,False,validated_graph_and_semantic_index,False,False,False,plain_text,local_data\organization\trace_net\raw_to_answer_context_engineered_native_gemma4_001\ocr_route_scan_pack_tesseract_full\page_images\t_p_120_1176_p000302.tif,local_data\organization\trace_net\raw_to_answer_context_engineered_native_gemma4_001\ocr_route_scan_pack_tesseract_full\ocr_text\t_p_120_1176_p000302.txt,repaired_from_ocr_scan_pack,True,[],graph_source_map_plus_validated_evidence_links,False,True,validated_page_or_evidence_summary,False,True,joined_target_specific_dry_run_plans,"[""postgres_graph"", ""qdrant""]","{""postgres_graph"": ""ready"", ""qdrant"": ""ready""}","{""postgres_graph"": [], ""qdrant"": []}","[""postgres_graph"", ""qdrant""]",True,True,False,False,[],ready_dry_run_only,,,
False,False,True,False,table,False,"[""postgres_graph"", ""qdrant"", ""opensearch""]",True,t_p_120_1176_p000303,303,True,True,00000303.tif,303,6e49411d7fbf260c868ed28600cd9365f750076c221ccc4c9442756fb3845747,00000303.tif,False,validated_graph_semantic_and_exact_index,False,False,False,table,local_data\organization\trace_net\raw_to_answer_context_engineered_native_gemma4_001\ocr_route_scan_pack_tesseract_full\page_images\t_p_120_1176_p000303.tif,local_data\organization\trace_net\raw_to_answer_context_engineered_native_gemma4_001\ocr_route_scan_pack_tesseract_full\ocr_text\t_p_120_1176_p000303.txt,repaired_from_ocr_scan_pack,True,[],graph_source_map_plus_validated_evidence_links,False,True,validated_page_or_evidence_summary,False,True,joined_target_specific_dry_run_plans,"[""postgres_graph"", ""qdrant"", ""opensearch""]","{""opensearch"": ""ready"", ""postgres_graph"": ""ready"", ""qdrant"": ""ready""}","{""opensearch"": [], ""postgres_graph"": [], ""qdrant"": []}","[""postgres_graph"", ""qdrant"", ""opensearch""]",True,True,True,False,[],ready_dry_run_only,validated_table_or_exact_evidence,False,True
False,False,True,False,table,False,"[""postgres_graph"", ""qdrant"", ""opensearch""]",True,t_p_120_1176_p000304,304,True,True,00000304.tif,304,05ced5cf19b79399de1908cfa6eef19d2bbac04a622d0f2cf04d59a67b821a14,00000304.tif,False,validated_graph_semantic_and_exact_index,False,False,False,table,local_data\organization\trace_net\raw_to_answer_context_engineered_native_gemma4_001\ocr_route_scan_pack_tesseract_full\page_images\t_p_120_1176_p000304.tif,local_data\organization\trace_net\raw_to_answer_context_engineered_native_gemma4_001\ocr_route_scan_pack_tesseract_full\ocr_text\t_p_120_1176_p000304.txt,repaired_from_ocr_scan_pack,True,[],graph_source_map_plus_validated_evidence_links,False,True,validated_page_or_evidence_summary,False,True,joined_target_specific_dry_run_plans,"[""postgres_graph"", ""qdrant"", ""opensearch""]","{""opensearch"": ""ready"", ""postgres_graph"": ""ready"", ""qdrant"": ""ready""}","{""opensearch"": [], ""postgres_graph"": [], ""qdrant"": []}","[""postgres_graph"", ""qdrant"", ""opensearch""]",True,True,True,False,[],ready_dry_run_only,validated_table_or_exact_evidence,False,True
False,False,True,False,plain_text,False,"[""postgres_graph"", ""qdrant""]",False,t_p_120_1176_p000305,305,True,True,00000305.tif,305,67a6b7af3696f0fa0bd42446bf62f14dc11b62ef3b574a38597d482f209b1b30,00000305.tif,False,validated_graph_and_semantic_index,False,False,False,plain_text,local_data\organization\trace_net\raw_to_answer_context_engineered_native_gemma4_001\ocr_route_scan_pack_tesseract_full\page_images\t_p_120_1176_p000305.tif,local_data\organization\trace_net\raw_to_answer_context_engineered_native_gemma4_001\ocr_route_scan_pack_tesseract_full\ocr_text\t_p_120_1176_p000305.txt,repaired_from_ocr_scan_pack,True,[],graph_source_map_plus_validated_evidence_links,False,True,validated_page_or_evidence_summary,False,True,joined_target_specific_dry_run_plans,"[""postgres_graph"", ""qdrant""]","{""postgres_graph"": ""ready"", ""qdrant"": ""ready""}","{""postgres_graph"": [], ""qdrant"": []}","[""postgres_graph"", ""qdrant""]",True,True,False,False,[],ready_dry_run_only,,,
False,False,True,False,table,False,"[""postgres_graph"", ""qdrant"", ""opensearch""]",True,t_p_120_1176_p000306,306,True,True,00000306.tif,306,5422a89fd5f3ba9d51fd04b40a8aca45de203acbee5e3ad86a568633bc34d3ef,00000306.tif,False,validated_graph_semantic_and_exact_index,False,False,False,table,local_data\organization\trace_net\raw_to_answer_context_engineered_native_gemma4_001\ocr_route_scan_pack_tesseract_full\page_images\t_p_120_1176_p000306.tif,local_data\organization\trace_net\raw_to_answer_context_engineered_native_gemma4_001\ocr_route_scan_pack_tesseract_full\ocr_text\t_p_120_1176_p000306.txt,repaired_from_ocr_scan_pack,True,[],graph_source_map_plus_validated_evidence_links,False,True,validated_page_or_evidence_summary,False,True,joined_target_specific_dry_run_plans,"[""postgres_graph"", ""qdrant"", ""opensearch""]","{""opensearch"": ""ready"", ""postgres_graph"": ""ready"", ""qdrant"": ""ready""}","{""opensearch"": [], ""postgres_graph"": [], ""qdrant"": []}","[""postgres_graph"", ""qdrant"", ""opensearch""]",True,True,True,False,[],ready_dry_run_only,validated_table_or_exact_evidence,False,True
False,False,True,False,table,False,"[""postgres_graph"", ""qdrant"", ""opensearch""]",True,t_p_120_1176_p000307,307,True,True,00000307.tif,307,b0a90b6a87b794d6a27d652a70344b952813858a9028869811ca51fc9c0630c3,00000307.tif,False,validated_graph_semantic_and_exact_index,False,False,False,table,local_data\organization\trace_net\raw_to_answer_context_engineered_native_gemma4_001\ocr_route_scan_pack_tesseract_full\page_images\t_p_120_1176_p000307.tif,local_data\organization\trace_net\raw_to_answer_context_engineered_native_gemma4_001\ocr_route_scan_pack_tesseract_full\ocr_text\t_p_120_1176_p000307.txt,repaired_from_ocr_scan_pack,True,[],graph_source_map_plus_validated_evidence_links,False,True,validated_page_or_evidence_summary,False,True,joined_target_specific_dry_run_plans,"[""postgres_graph"", ""qdrant"", ""opensearch""]","{""opensearch"": ""ready"", ""postgres_graph"": ""ready"", ""qdrant"": ""ready""}","{""opensearch"": [], ""postgres_graph"": [], ""qdrant"": []}","[""postgres_graph"", ""qdrant"", ""opensearch""]",True,True,True,False,[],ready_dry_run_only,validated_table_or_exact_evidence,False,True
False,False,True,False,plain_text,False,"[""postgres_graph"", ""qdrant""]",False,t_p_120_1176_p000308,308,True,True,00000308.tif,308,44aba819cb5b9e713430e640113f29879e6f51f0124f4e89d96ce1859c28c7ef,00000308.tif,False,validated_graph_and_semantic_index,False,False,False,plain_text,local_data\organization\trace_net\raw_to_answer_context_engineered_native_gemma4_001\ocr_route_scan_pack_tesseract_full\page_images\t_p_120_1176_p000308.tif,local_data\organization\trace_net\raw_to_answer_context_engineered_native_gemma4_001\ocr_route_scan_pack_tesseract_full\ocr_text\t_p_120_1176_p000308.txt,repaired_from_ocr_scan_pack,True,[],graph_source_map_plus_validated_evidence_links,False,True,validated_page_or_evidence_summary,False,True,joined_target_specific_dry_run_plans,"[""postgres_graph"", ""qdrant""]","{""postgres_graph"": ""ready"", ""qdrant"": ""ready""}","{""postgres_graph"": [], ""qdrant"": []}","[""postgres_graph"", ""qdrant""]",True,True,False,False,[],ready_dry_run_only,,,
False,False,True,False,table,False,"[""postgres_graph"", ""qdrant"", ""opensearch""]",True,t_p_120_1176_p000309,309,True,True,00000309.tif,309,5fd533ac995dbeaed0bd9c35a7dee920760404b5322fd6509025a0a777943a89,00000309.tif,False,validated_graph_semantic_and_exact_index,False,False,False,table,local_data\organization\trace_net\raw_to_answer_context_engineered_native_gemma4_001\ocr_route_scan_pack_tesseract_full\page_images\t_p_120_1176_p000309.tif,local_data\organization\trace_net\raw_to_answer_context_engineered_native_gemma4_001\ocr_route_scan_pack_tesseract_full\ocr_text\t_p_120_1176_p000309.txt,repaired_from_ocr_scan_pack,True,[],graph_source_map_plus_validated_evidence_links,False,True,validated_page_or_evidence_summary,False,True,joined_target_specific_dry_run_plans,"[""postgres_graph"", ""qdrant"", ""opensearch""]","{""opensearch"": ""ready"", ""postgres_graph"": ""ready"", ""qdrant"": ""ready""}","{""opensearch"": [], ""postgres_graph"": [], ""qdrant"": []}","[""postgres_graph"", ""qdrant"", ""opensearch""]",True,True,True,False,[],ready_dry_run_only,validated_table_or_exact_evidence,False,True
False,False,True,False,table,False,"[""postgres_graph"", ""qdrant"", ""opensearch""]",True,t_p_120_1176_p000310,310,True,True,00000310.tif,310,8eaa637e797679c55e5971847b167d63c6d0bda643cc267dfac64e90776f54a6,00000310.tif,False,validated_graph_semantic_and_exact_index,False,False,False,table,local_data\organization\trace_net\raw_to_answer_context_engineered_native_gemma4_001\ocr_route_scan_pack_tesseract_full\page_images\t_p_120_1176_p000310.tif,local_data\organization\trace_net\raw_to_answer_context_engineered_native_gemma4_001\ocr_route_scan_pack_tesseract_full\ocr_text\t_p_120_1176_p000310.txt,repaired_from_ocr_scan_pack,True,[],graph_source_map_plus_validated_evidence_links,False,True,validated_page_or_evidence_summary,False,True,joined_target_specific_dry_run_plans,"[""postgres_graph"", ""qdrant"", ""opensearch""]","{""opensearch"": ""ready"", ""postgres_graph"": ""ready"", ""qdrant"": ""ready""}","{""opensearch"": [], ""postgres_graph"": [], ""qdrant"": []}","[""postgres_graph"", ""qdrant"", ""opensearch""]",True,True,True,False,[],ready_dry_run_only,validated_table_or_exact_evidence,False,True
False,False,True,False,plain_text,False,"[""postgres_graph"", ""qdrant""]",False,t_p_120_1176_p000311,311,True,True,00000311.tif,311,fa7d6219f2838ed07be3103e6065aca00deac2a6e06aa723c820e41f53b551c0,00000311.tif,False,validated_graph_and_semantic_index,False,False,False,plain_text,local_data\organization\trace_net\raw_to_answer_context_engineered_native_gemma4_001\ocr_route_scan_pack_tesseract_full\page_images\t_p_120_1176_p000311.tif,local_data\organization\trace_net\raw_to_answer_context_engineered_native_gemma4_001\ocr_route_scan_pack_tesseract_full\ocr_text\t_p_120_1176_p000311.txt,repaired_from_ocr_scan_pack,True,[],graph_source_map_plus_validated_evidence_links,False,True,validated_page_or_evidence_summary,False,True,joined_target_specific_dry_run_plans,"[""postgres_graph"", ""qdrant""]","{""postgres_graph"": ""ready"", ""qdrant"": ""ready""}","{""postgres_graph"": [], ""qdrant"": []}","[""postgres_graph"", ""qdrant""]",True,True,False,False,[],ready_dry_run_only,,,
False,False,True,False,table,False,"[""postgres_graph"", ""qdrant"", ""opensearch""]",True,t_p_120_1176_p000312,312,True,True,00000312.tif,312,b17b3cece504b29f19016b543fa5e6695f078fa6236422cf5ffc50d4104c0d49,00000312.tif,False,validated_graph_semantic_and_exact_index,False,False,False,table,local_data\organization\trace_net\raw_to_answer_context_engineered_native_gemma4_001\ocr_route_scan_pack_tesseract_full\page_images\t_p_120_1176_p000312.tif,local_data\organization\trace_net\raw_to_answer_context_engineered_native_gemma4_001\ocr_route_scan_pack_tesseract_full\ocr_text\t_p_120_1176_p000312.txt,repaired_from_ocr_scan_pack,True,[],graph_source_map_plus_validated_evidence_links,False,True,validated_page_or_evidence_summary,False,True,joined_target_specific_dry_run_plans,"[""postgres_graph"", ""qdrant"", ""opensearch""]","{""opensearch"": ""ready"", ""postgres_graph"": ""ready"", ""qdrant"": ""ready""}","{""opensearch"": [], ""postgres_graph"": [], ""qdrant"": []}","[""postgres_graph"", ""qdrant"", ""opensearch""]",True,True,True,False,[],ready_dry_run_only,validated_table_or_exact_evidence,False,True
False,False,True,False,plain_text,False,"[""postgres_graph"", ""qdrant""]",False,t_p_120_1176_p000313,313,True,True,00000313.tif,313,c1bc8e33e874d5f8240c0f1531b77730ee4c7c14b944b46cbaee0c3008c365c2,00000313.tif,False,validated_graph_and_semantic_index,False,False,False,plain_text,local_data\organization\trace_net\raw_to_answer_context_engineered_native_gemma4_001\ocr_route_scan_pack_tesseract_full\page_images\t_p_120_1176_p000313.tif,local_data\organization\trace_net\raw_to_answer_context_engineered_native_gemma4_001\ocr_route_scan_pack_tesseract_full\ocr_text\t_p_120_1176_p000313.txt,repaired_from_ocr_scan_pack,True,[],graph_source_map_plus_validated_evidence_links,False,True,validated_page_or_evidence_summary,False,True,joined_target_specific_dry_run_plans,"[""postgres_graph"", ""qdrant""]","{""postgres_graph"": ""ready"", ""qdrant"": ""ready""}","{""postgres_graph"": [], ""qdrant"": []}","[""postgres_graph"", ""qdrant""]",True,True,False,False,[],ready_dry_run_only,,,
False,False,True,False,table,False,"[""postgres_graph"", ""qdrant"", ""opensearch""]",True,t_p_120_1176_p000314,314,True,True,00000314.tif,314,442c3518a41dee8e0921283dfe12da1af73cb16fe069ad4d3ff6e68bfb2e7f92,00000314.tif,False,validated_graph_semantic_and_exact_index,False,False,False,table,local_data\organization\trace_net\raw_to_answer_context_engineered_native_gemma4_001\ocr_route_scan_pack_tesseract_full\page_images\t_p_120_1176_p000314.tif,local_data\organization\trace_net\raw_to_answer_context_engineered_native_gemma4_001\ocr_route_scan_pack_tesseract_full\ocr_text\t_p_120_1176_p000314.txt,repaired_from_ocr_scan_pack,True,[],graph_source_map_plus_validated_evidence_links,False,True,validated_page_or_evidence_summary,False,True,joined_target_specific_dry_run_plans,"[""postgres_graph"", ""qdrant"", ""opensearch""]","{""opensearch"": ""ready"", ""postgres_graph"": ""ready"", ""qdrant"": ""ready""}","{""opensearch"": [], ""postgres_graph"": [], ""qdrant"": []}","[""postgres_graph"", ""qdrant"", ""opensearch""]",True,True,True,False,[],ready_dry_run_only,validated_table_or_exact_evidence,False,True
False,False,True,False,plain_text,False,"[""postgres_graph"", ""qdrant""]",False,t_p_120_1176_p000315,315,True,True,00000315.tif,315,8a301a8d72b0df781ef6f882bb7fbe111a0f9b391450278458a5749094078c01,00000315.tif,False,validated_graph_and_semantic_index,False,False,False,plain_text,local_data\organization\trace_net\raw_to_answer_context_engineered_native_gemma4_001\ocr_route_scan_pack_tesseract_full\page_images\t_p_120_1176_p000315.tif,local_data\organization\trace_net\raw_to_answer_context_engineered_native_gemma4_001\ocr_route_scan_pack_tesseract_full\ocr_text\t_p_120_1176_p000315.txt,repaired_from_ocr_scan_pack,True,[],graph_source_map_plus_validated_evidence_links,False,True,validated_page_or_evidence_summary,False,True,joined_target_specific_dry_run_plans,"[""postgres_graph"", ""qdrant""]","{""postgres_graph"": ""ready"", ""qdrant"": ""ready""}","{""postgres_graph"": [], ""qdrant"": []}","[""postgres_graph"", ""qdrant""]",True,True,False,False,[],ready_dry_run_only,,,
False,False,True,False,table,False,"[""postgres_graph"", ""qdrant"", ""opensearch""]",True,t_p_120_1176_p000316,316,True,True,00000316.tif,316,869760775403fbc14b61bc38c6b0500600637662ec029f37baa297e6f0012c13,00000316.tif,False,validated_graph_semantic_and_exact_index,False,False,False,table,local_data\organization\trace_net\raw_to_answer_context_engineered_native_gemma4_001\ocr_route_scan_pack_tesseract_full\page_images\t_p_120_1176_p000316.tif,local_data\organization\trace_net\raw_to_answer_context_engineered_native_gemma4_001\ocr_route_scan_pack_tesseract_full\ocr_text\t_p_120_1176_p000316.txt,repaired_from_ocr_scan_pack,True,[],graph_source_map_plus_validated_evidence_links,False,True,validated_page_or_evidence_summary,False,True,joined_target_specific_dry_run_plans,"[""postgres_graph"", ""qdrant"", ""opensearch""]","{""opensearch"": ""ready"", ""postgres_graph"": ""ready"", ""qdrant"": ""ready""}","{""opensearch"": [], ""postgres_graph"": [], ""qdrant"": []}","[""postgres_graph"", ""qdrant"", ""opensearch""]",True,True,True,False,[],ready_dry_run_only,validated_table_or_exact_evidence,False,True
False,False,True,False,plain_text,False,"[""postgres_graph"", ""qdrant""]",False,t_p_120_1176_p000317,317,True,True,00000317.tif,317,a3e77a51e63fe31067238df549e565dbb59ecd06f284eb6ca23a9124e4152698,00000317.tif,False,validated_graph_and_semantic_index,False,False,False,plain_text,local_data\organization\trace_net\raw_to_answer_context_engineered_native_gemma4_001\ocr_route_scan_pack_tesseract_full\page_images\t_p_120_1176_p000317.tif,local_data\organization\trace_net\raw_to_answer_context_engineered_native_gemma4_001\ocr_route_scan_pack_tesseract_full\ocr_text\t_p_120_1176_p000317.txt,repaired_from_ocr_scan_pack,True,[],graph_source_map_plus_validated_evidence_links,False,True,validated_page_or_evidence_summary,False,True,joined_target_specific_dry_run_plans,"[""postgres_graph"", ""qdrant""]","{""postgres_graph"": ""ready"", ""qdrant"": ""ready""}","{""postgres_graph"": [], ""qdrant"": []}","[""postgres_graph"", ""qdrant""]",True,True,False,False,[],ready_dry_run_only,,,
False,False,True,False,table,False,"[""postgres_graph"", ""qdrant"", ""opensearch""]",True,t_p_120_1176_p000318,318,True,True,00000318.tif,318,0ed5217fc3ce4bdeb3daaee6065ffbc6544e4ee497cb3eb0b5e1767259f45507,00000318.tif,False,validated_graph_semantic_and_exact_index,False,False,False,table,local_data\organization\trace_net\raw_to_answer_context_engineered_native_gemma4_001\ocr_route_scan_pack_tesseract_full\page_images\t_p_120_1176_p000318.tif,local_data\organization\trace_net\raw_to_answer_context_engineered_native_gemma4_001\ocr_route_scan_pack_tesseract_full\ocr_text\t_p_120_1176_p000318.txt,repaired_from_ocr_scan_pack,True,[],graph_source_map_plus_validated_evidence_links,False,True,validated_page_or_evidence_summary,False,True,joined_target_specific_dry_run_plans,"[""postgres_graph"", ""qdrant"", ""opensearch""]","{""opensearch"": ""ready"", ""postgres_graph"": ""ready"", ""qdrant"": ""ready""}","{""opensearch"": [], ""postgres_graph"": [], ""qdrant"": []}","[""postgres_graph"", ""qdrant"", ""opensearch""]",True,True,True,False,[],ready_dry_run_only,validated_table_or_exact_evidence,False,True
False,False,True,False,plain_text,False,"[""postgres_graph"", ""qdrant""]",False,t_p_120_1176_p000319,319,True,True,00000319.tif,319,b1fc66e78a87ceb3925005eae7101cf82058e00d096626ef90a6fb5b4dedaf79,00000319.tif,False,validated_graph_and_semantic_index,False,False,False,plain_text,local_data\organization\trace_net\raw_to_answer_context_engineered_native_gemma4_001\ocr_route_scan_pack_tesseract_full\page_images\t_p_120_1176_p000319.tif,local_data\organization\trace_net\raw_to_answer_context_engineered_native_gemma4_001\ocr_route_scan_pack_tesseract_full\ocr_text\t_p_120_1176_p000319.txt,repaired_from_ocr_scan_pack,True,[],graph_source_map_plus_validated_evidence_links,False,True,validated_page_or_evidence_summary,False,True,joined_target_specific_dry_run_plans,"[""postgres_graph"", ""qdrant""]","{""postgres_graph"": ""ready"", ""qdrant"": ""ready""}","{""postgres_graph"": [], ""qdrant"": []}","[""postgres_graph"", ""qdrant""]",True,True,False,False,[],ready_dry_run_only,,,
False,False,True,False,table,False,"[""postgres_graph"", ""qdrant"", ""opensearch""]",True,t_p_120_1176_p000320,320,True,True,00000320.tif,320,37a06ae39fcb58de06549af0fb8b76ab82697e7b486960a52aa174718e3da4cd,00000320.tif,False,validated_graph_semantic_and_exact_index,False,False,False,table,local_data\organization\trace_net\raw_to_answer_context_engineered_native_gemma4_001\ocr_route_scan_pack_tesseract_full\page_images\t_p_120_1176_p000320.tif,local_data\organization\trace_net\raw_to_answer_context_engineered_native_gemma4_001\ocr_route_scan_pack_tesseract_full\ocr_text\t_p_120_1176_p000320.txt,repaired_from_ocr_scan_pack,True,[],graph_source_map_plus_validated_evidence_links,False,True,validated_page_or_evidence_summary,False,True,joined_target_specific_dry_run_plans,"[""postgres_graph"", ""qdrant"", ""opensearch""]","{""opensearch"": ""ready"", ""postgres_graph"": ""ready"", ""qdrant"": ""ready""}","{""opensearch"": [], ""postgres_graph"": [], ""qdrant"": []}","[""postgres_graph"", ""qdrant"", ""opensearch""]",True,True,True,False,[],ready_dry_run_only,validated_table_or_exact_evidence,False,True
False,False,True,False,plain_text,False,"[""postgres_graph"", ""qdrant""]",False,t_p_120_1176_p000321,321,True,True,00000321.tif,321,8f2e042c38994c683e6f5a9198e931e6b696b4dfad1d2b5e7d8b00d82c17f2a2,00000321.tif,False,validated_graph_and_semantic_index,False,False,False,plain_text,local_data\organization\trace_net\raw_to_answer_context_engineered_native_gemma4_001\ocr_route_scan_pack_tesseract_full\page_images\t_p_120_1176_p000321.tif,local_data\organization\trace_net\raw_to_answer_context_engineered_native_gemma4_001\ocr_route_scan_pack_tesseract_full\ocr_text\t_p_120_1176_p000321.txt,repaired_from_ocr_scan_pack,True,[],graph_source_map_plus_validated_evidence_links,False,True,validated_page_or_evidence_summary,False,True,joined_target_specific_dry_run_plans,"[""postgres_graph"", ""qdrant""]","{""postgres_graph"": ""ready"", ""qdrant"": ""ready""}","{""postgres_graph"": [], ""qdrant"": []}","[""postgres_graph"", ""qdrant""]",True,True,False,False,[],ready_dry_run_only,,,
False,False,True,False,table,False,"[""postgres_graph"", ""qdrant"", ""opensearch""]",True,t_p_120_1176_p000322,322,True,True,00000322.tif,322,6602d9d76a7a94a96f759309f2af68761a3d88ac82497618a3a025deb55c65fb,00000322.tif,False,validated_graph_semantic_and_exact_index,False,False,False,table,local_data\organization\trace_net\raw_to_answer_context_engineered_native_gemma4_001\ocr_route_scan_pack_tesseract_full\page_images\t_p_120_1176_p000322.tif,local_data\organization\trace_net\raw_to_answer_context_engineered_native_gemma4_001\ocr_route_scan_pack_tesseract_full\ocr_text\t_p_120_1176_p000322.txt,repaired_from_ocr_scan_pack,True,[],graph_source_map_plus_validated_evidence_links,False,True,validated_page_or_evidence_summary,False,True,joined_target_specific_dry_run_plans,"[""postgres_graph"", ""qdrant"", ""opensearch""]","{""opensearch"": ""ready"", ""postgres_graph"": ""ready"", ""qdrant"": ""ready""}","{""opensearch"": [], ""postgres_graph"": [], ""qdrant"": []}","[""postgres_graph"", ""qdrant"", ""opensearch""]",True,True,True,False,[],ready_dry_run_only,validated_table_or_exact_evidence,False,True
False,False,True,False,plain_text,False,"[""postgres_graph"", ""qdrant""]",False,t_p_120_1176_p000323,323,True,True,00000323.tif,323,27581b257d34a4b05cbef50e0b78a6aa9b9247cb1f427867f48f40490423ae75,00000323.tif,False,validated_graph_and_semantic_index,False,False,False,plain_text,local_data\organization\trace_net\raw_to_answer_context_engineered_native_gemma4_001\ocr_route_scan_pack_tesseract_full\page_images\t_p_120_1176_p000323.tif,local_data\organization\trace_net\raw_to_answer_context_engineered_native_gemma4_001\ocr_route_scan_pack_tesseract_full\ocr_text\t_p_120_1176_p000323.txt,repaired_from_ocr_scan_pack,True,[],graph_source_map_plus_validated_evidence_links,False,True,validated_page_or_evidence_summary,False,True,joined_target_specific_dry_run_plans,"[""postgres_graph"", ""qdrant""]","{""postgres_graph"": ""ready"", ""qdrant"": ""ready""}","{""postgres_graph"": [], ""qdrant"": []}","[""postgres_graph"", ""qdrant""]",True,True,False,False,[],ready_dry_run_only,,,
False,False,True,False,table,False,"[""postgres_graph"", ""qdrant"", ""opensearch""]",True,t_p_120_1176_p000324,324,True,True,00000324.tif,324,a04ee2330bc61740bc6ea770ce1efae0d013217395675d7b1a3818c513103da8,00000324.tif,False,validated_graph_semantic_and_exact_index,False,False,False,table,local_data\organization\trace_net\raw_to_answer_context_engineered_native_gemma4_001\ocr_route_scan_pack_tesseract_full\page_images\t_p_120_1176_p000324.tif,local_data\organization\trace_net\raw_to_answer_context_engineered_native_gemma4_001\ocr_route_scan_pack_tesseract_full\ocr_text\t_p_120_1176_p000324.txt,repaired_from_ocr_scan_pack,True,[],graph_source_map_plus_validated_evidence_links,False,True,validated_page_or_evidence_summary,False,True,joined_target_specific_dry_run_plans,"[""postgres_graph"", ""qdrant"", ""opensearch""]","{""opensearch"": ""ready"", ""postgres_graph"": ""ready"", ""qdrant"": ""ready""}","{""opensearch"": [], ""postgres_graph"": [], ""qdrant"": []}","[""postgres_graph"", ""qdrant"", ""opensearch""]",True,True,True,False,[],ready_dry_run_only,validated_table_or_exact_evidence,False,True
False,False,True,False,plain_text,False,"[""postgres_graph"", ""qdrant""]",False,t_p_120_1176_p000325,325,True,True,00000325.tif,325,1c9b3eea409f1a0cb521539f2784511c3bf72134f942e9a454cd75bb0f9655df,00000325.tif,False,validated_graph_and_semantic_index,False,False,False,plain_text,local_data\organization\trace_net\raw_to_answer_context_engineered_native_gemma4_001\ocr_route_scan_pack_tesseract_full\page_images\t_p_120_1176_p000325.tif,local_data\organization\trace_net\raw_to_answer_context_engineered_native_gemma4_001\ocr_route_scan_pack_tesseract_full\ocr_text\t_p_120_1176_p000325.txt,repaired_from_ocr_scan_pack,True,[],graph_source_map_plus_validated_evidence_links,False,True,validated_page_or_evidence_summary,False,True,joined_target_specific_dry_run_plans,"[""postgres_graph"", ""qdrant""]","{""postgres_graph"": ""ready"", ""qdrant"": ""ready""}","{""postgres_graph"": [], ""qdrant"": []}","[""postgres_graph"", ""qdrant""]",True,True,False,False,[],ready_dry_run_only,,,
False,False,True,False,table,False,"[""postgres_graph"", ""qdrant"", ""opensearch""]",True,t_p_120_1176_p000326,326,True,True,00000326.tif,326,b2e1babd85de44152204d890064988bd76b63f84054714616f20b34adbc95a31,00000326.tif,False,validated_graph_semantic_and_exact_index,False,False,False,table,local_data\organization\trace_net\raw_to_answer_context_engineered_native_gemma4_001\ocr_route_scan_pack_tesseract_full\page_images\t_p_120_1176_p000326.tif,local_data\organization\trace_net\raw_to_answer_context_engineered_native_gemma4_001\ocr_route_scan_pack_tesseract_full\ocr_text\t_p_120_1176_p000326.txt,repaired_from_ocr_scan_pack,True,[],graph_source_map_plus_validated_evidence_links,False,True,validated_page_or_evidence_summary,False,True,joined_target_specific_dry_run_plans,"[""postgres_graph"", ""qdrant"", ""opensearch""]","{""opensearch"": ""ready"", ""postgres_graph"": ""ready"", ""qdrant"": ""ready""}","{""opensearch"": [], ""postgres_graph"": [], ""qdrant"": []}","[""postgres_graph"", ""qdrant"", ""opensearch""]",True,True,True,False,[],ready_dry_run_only,validated_table_or_exact_evidence,False,True
False,False,True,False,plain_text,False,"[""postgres_graph"", ""qdrant""]",False,t_p_120_1176_p000327,327,True,True,00000327.tif,327,f05329f717e4facc4406b53e2a7881383d24efb5d1bc653067c6822cd2bcee48,00000327.tif,False,validated_graph_and_semantic_index,False,False,False,plain_text,local_data\organization\trace_net\raw_to_answer_context_engineered_native_gemma4_001\ocr_route_scan_pack_tesseract_full\page_images\t_p_120_1176_p000327.tif,local_data\organization\trace_net\raw_to_answer_context_engineered_native_gemma4_001\ocr_route_scan_pack_tesseract_full\ocr_text\t_p_120_1176_p000327.txt,repaired_from_ocr_scan_pack,True,[],graph_source_map_plus_validated_evidence_links,False,True,validated_page_or_evidence_summary,False,True,joined_target_specific_dry_run_plans,"[""postgres_graph"", ""qdrant""]","{""postgres_graph"": ""ready"", ""qdrant"": ""ready""}","{""postgres_graph"": [], ""qdrant"": []}","[""postgres_graph"", ""qdrant""]",True,True,False,False,[],ready_dry_run_only,,,
False,False,True,False,table,False,"[""postgres_graph"", ""qdrant"", ""opensearch""]",True,t_p_120_1176_p000328,328,True,True,00000328.tif,328,ab12bc29d8be7a732e00fe897ed3bf1d742d07626f2187cb13495e89fdce8ef9,00000328.tif,False,validated_graph_semantic_and_exact_index,False,False,False,table,local_data\organization\trace_net\raw_to_answer_context_engineered_native_gemma4_001\ocr_route_scan_pack_tesseract_full\page_images\t_p_120_1176_p000328.tif,local_data\organization\trace_net\raw_to_answer_context_engineered_native_gemma4_001\ocr_route_scan_pack_tesseract_full\ocr_text\t_p_120_1176_p000328.txt,repaired_from_ocr_scan_pack,True,[],graph_source_map_plus_validated_evidence_links,False,True,validated_page_or_evidence_summary,False,True,joined_target_specific_dry_run_plans,"[""postgres_graph"", ""qdrant"", ""opensearch""]","{""opensearch"": ""ready"", ""postgres_graph"": ""ready"", ""qdrant"": ""ready""}","{""opensearch"": [], ""postgres_graph"": [], ""qdrant"": []}","[""postgres_graph"", ""qdrant"", ""opensearch""]",True,True,True,False,[],ready_dry_run_only,validated_table_or_exact_evidence,False,True
False,True,True,True,plain_text,False,"[""postgres_graph""]",False,t_p_120_1176_p000329,329,True,False,00000329.tif,329,c2a838817d73a5447285851fbee34bc634764d3ec0af1c0be0134134ef6ab90a,00000329.tif,False,graph_only_validator_gated,False,True,False,plain_text,local_data\organization\trace_net\raw_to_answer_context_engineered_native_gemma4_001\ocr_route_scan_pack_tesseract_full\page_images\t_p_120_1176_p000329.tif,local_data\organization\trace_net\raw_to_answer_context_engineered_native_gemma4_001\ocr_route_scan_pack_tesseract_full\ocr_text\t_p_120_1176_p000329.txt,repaired_from_ocr_scan_pack,True,[],graph_source_map_only,False,True,,,,joined_target_specific_dry_run_plans,"[""postgres_graph""]","{""postgres_graph"": ""ready""}","{""postgres_graph"": []}","[""postgres_graph""]",True,False,False,False,[],ready_dry_run_only,,,
False,False,True,False,table,False,"[""postgres_graph"", ""qdrant"", ""opensearch""]",True,t_p_120_1176_p000330,330,True,True,00000330.tif,330,8b5042e44ed195877ca69a6947320be2c131b068ca710eab17d0897279e78e7d,00000330.tif,False,validated_graph_semantic_and_exact_index,False,False,False,table,local_data\organization\trace_net\raw_to_answer_context_engineered_native_gemma4_001\ocr_route_scan_pack_tesseract_full\page_images\t_p_120_1176_p000330.tif,local_data\organization\trace_net\raw_to_answer_context_engineered_native_gemma4_001\ocr_route_scan_pack_tesseract_full\ocr_text\t_p_120_1176_p000330.txt,repaired_from_ocr_scan_pack,True,[],graph_source_map_plus_validated_evidence_links,False,True,validated_page_or_evidence_summary,False,True,joined_target_specific_dry_run_plans,"[""postgres_graph"", ""qdrant"", ""opensearch""]","{""opensearch"": ""ready"", ""postgres_graph"": ""ready"", ""qdrant"": ""ready""}","{""opensearch"": [], ""postgres_graph"": [], ""qdrant"": []}","[""postgres_graph"", ""qdrant"", ""opensearch""]",True,True,True,False,[],ready_dry_run_only,validated_table_or_exact_evidence,False,True
False,False,True,False,plain_text,False,"[""postgres_graph"", ""qdrant""]",False,t_p_120_1176_p000331,331,True,True,00000331.tif,331,613483316d6adec8d7096704d169853fd756845a0b7a9afb7a2f2c6e379b2c38,00000331.tif,False,validated_graph_and_semantic_index,False,False,False,plain_text,local_data\organization\trace_net\raw_to_answer_context_engineered_native_gemma4_001\ocr_route_scan_pack_tesseract_full\page_images\t_p_120_1176_p000331.tif,local_data\organization\trace_net\raw_to_answer_context_engineered_native_gemma4_001\ocr_route_scan_pack_tesseract_full\ocr_text\t_p_120_1176_p000331.txt,repaired_from_ocr_scan_pack,True,[],graph_source_map_plus_validated_evidence_links,False,True,validated_page_or_evidence_summary,False,True,joined_target_specific_dry_run_plans,"[""postgres_graph"", ""qdrant""]","{""postgres_graph"": ""ready"", ""qdrant"": ""ready""}","{""postgres_graph"": [], ""qdrant"": []}","[""postgres_graph"", ""qdrant""]",True,True,False,False,[],ready_dry_run_only,,,
False,False,True,False,plain_text,False,"[""postgres_graph"", ""qdrant""]",False,t_p_120_1176_p000332,332,True,True,00000332.tif,332,c51b59f529ef8a0d36beee69446f307f2020bece10f70e92731295c87f4e8bba,00000332.tif,False,validated_graph_and_semantic_index,False,False,False,plain_text,local_data\organization\trace_net\raw_to_answer_context_engineered_native_gemma4_001\ocr_route_scan_pack_tesseract_full\page_images\t_p_120_1176_p000332.tif,local_data\organization\trace_net\raw_to_answer_context_engineered_native_gemma4_001\ocr_route_scan_pack_tesseract_full\ocr_text\t_p_120_1176_p000332.txt,repaired_from_ocr_scan_pack,True,[],graph_source_map_plus_validated_evidence_links,False,True,validated_page_or_evidence_summary,False,True,joined_target_specific_dry_run_plans,"[""postgres_graph"", ""qdrant""]","{""postgres_graph"": ""ready"", ""qdrant"": ""ready""}","{""postgres_graph"": [], ""qdrant"": []}","[""postgres_graph"", ""qdrant""]",True,True,False,False,[],ready_dry_run_only,,,
False,False,True,False,table,False,"[""postgres_graph"", ""qdrant"", ""opensearch""]",True,t_p_120_1176_p000333,333,True,True,00000333.tif,333,a925009d83be8b2d41ba19dd85fdc711e98c602a922d7746f496c863177ad3b9,00000333.tif,False,validated_graph_semantic_and_exact_index,False,False,False,table,local_data\organization\trace_net\raw_to_answer_context_engineered_native_gemma4_001\ocr_route_scan_pack_tesseract_full\page_images\t_p_120_1176_p000333.tif,local_data\organization\trace_net\raw_to_answer_context_engineered_native_gemma4_001\ocr_route_scan_pack_tesseract_full\ocr_text\t_p_120_1176_p000333.txt,repaired_from_ocr_scan_pack,True,[],graph_source_map_plus_validated_evidence_links,False,True,validated_page_or_evidence_summary,False,True,joined_target_specific_dry_run_plans,"[""postgres_graph"", ""qdrant"", ""opensearch""]","{""opensearch"": ""ready"", ""postgres_graph"": ""ready"", ""qdrant"": ""ready""}","{""opensearch"": [], ""postgres_graph"": [], ""qdrant"": []}","[""postgres_graph"", ""qdrant"", ""opensearch""]",True,True,True,False,[],ready_dry_run_only,validated_table_or_exact_evidence,False,True
False,False,True,False,table,False,"[""postgres_graph"", ""qdrant"", ""opensearch""]",True,t_p_120_1176_p000334,334,True,True,00000334.tif,334,6d159bb5c0242a6cfd4cd8a582e5944723e4288af9728baf7dc52d9deb6d6ecf,00000334.tif,False,validated_graph_semantic_and_exact_index,False,False,False,table,local_data\organization\trace_net\raw_to_answer_context_engineered_native_gemma4_001\ocr_route_scan_pack_tesseract_full\page_images\t_p_120_1176_p000334.tif,local_data\organization\trace_net\raw_to_answer_context_engineered_native_gemma4_001\ocr_route_scan_pack_tesseract_full\ocr_text\t_p_120_1176_p000334.txt,repaired_from_ocr_scan_pack,True,[],graph_source_map_plus_validated_evidence_links,False,True,validated_page_or_evidence_summary,False,True,joined_target_specific_dry_run_plans,"[""postgres_graph"", ""qdrant"", ""opensearch""]","{""opensearch"": ""ready"", ""postgres_graph"": ""ready"", ""qdrant"": ""ready""}","{""opensearch"": [], ""postgres_graph"": [], ""qdrant"": []}","[""postgres_graph"", ""qdrant"", ""opensearch""]",True,True,True,False,[],ready_dry_run_only,validated_table_or_exact_evidence,False,True
False,True,True,True,blank,False,"[""postgres_graph""]",False,t_p_120_1176_p000335,335,True,False,00000335.tif,335,b96db1c40b1543b3522833ff33c109bf80dd3902a8e533910b60ae7d6ce75cc6,00000335.tif,False,graph_only_blank,False,False,False,blank,local_data\organization\trace_net\raw_to_answer_context_engineered_native_gemma4_001\ocr_route_scan_pack_tesseract_full\page_images\t_p_120_1176_p000335.tif,,repaired_from_ocr_scan_pack,True,[],graph_source_map_only,False,True,,,,joined_target_specific_dry_run_plans,"[""postgres_graph""]","{""postgres_graph"": ""ready""}","{""postgres_graph"": []}","[""postgres_graph""]",True,False,False,False,[],ready_dry_run_only,,,
False,False,True,False,plain_text,False,"[""postgres_graph"", ""qdrant""]",False,t_p_120_1176_p000336,336,True,True,00000336.tif,336,c8a2916733ceb404d645b379cf19a94eeed09efe929528a0bad2c7a74d5312a2,00000336.tif,False,validated_graph_and_semantic_index,False,False,False,plain_text,local_data\organization\trace_net\raw_to_answer_context_engineered_native_gemma4_001\ocr_route_scan_pack_tesseract_full\page_images\t_p_120_1176_p000336.tif,local_data\organization\trace_net\raw_to_answer_context_engineered_native_gemma4_001\ocr_route_scan_pack_tesseract_full\ocr_text\t_p_120_1176_p000336.txt,repaired_from_ocr_scan_pack,True,[],graph_source_map_plus_validated_evidence_links,False,True,validated_page_or_evidence_summary,False,True,joined_target_specific_dry_run_plans,"[""postgres_graph"", ""qdrant""]","{""postgres_graph"": ""ready"", ""qdrant"": ""ready""}","{""postgres_graph"": [], ""qdrant"": []}","[""postgres_graph"", ""qdrant""]",True,True,False,False,[],ready_dry_run_only,,,
False,False,True,False,table,False,"[""postgres_graph"", ""qdrant"", ""opensearch""]",True,t_p_120_1176_p000337,337,True,True,00000337.tif,337,c52e6f011cb006811334a67c7355146b078a05b2a1541a8150a852ad15647c40,00000337.tif,False,validated_graph_semantic_and_exact_index,False,False,False,table,local_data\organization\trace_net\raw_to_answer_context_engineered_native_gemma4_001\ocr_route_scan_pack_tesseract_full\page_images\t_p_120_1176_p000337.tif,local_data\organization\trace_net\raw_to_answer_context_engineered_native_gemma4_001\ocr_route_scan_pack_tesseract_full\ocr_text\t_p_120_1176_p000337.txt,repaired_from_ocr_scan_pack,True,[],graph_source_map_plus_validated_evidence_links,False,True,validated_page_or_evidence_summary,False,True,joined_target_specific_dry_run_plans,"[""postgres_graph"", ""qdrant"", ""opensearch""]","{""opensearch"": ""ready"", ""postgres_graph"": ""ready"", ""qdrant"": ""ready""}","{""opensearch"": [], ""postgres_graph"": [], ""qdrant"": []}","[""postgres_graph"", ""qdrant"", ""opensearch""]",True,True,True,False,[],ready_dry_run_only,validated_table_or_exact_evidence,False,True
False,True,True,True,table,False,"[""postgres_graph""]",False,t_p_120_1176_p000338,338,True,False,00000338.tif,338,c9b2f95e8aa2e3e4790565753fff324323c1e510376bccc39196aac718dcbb92,00000338.tif,False,graph_only_validator_gated,False,True,False,table,local_data\organization\trace_net\raw_to_answer_context_engineered_native_gemma4_001\ocr_route_scan_pack_tesseract_full\page_images\t_p_120_1176_p000338.tif,local_data\organization\trace_net\raw_to_answer_context_engineered_native_gemma4_001\ocr_route_scan_pack_tesseract_full\ocr_text\t_p_120_1176_p000338.txt,repaired_from_ocr_scan_pack,True,[],graph_source_map_only,False,True,,,,joined_target_specific_dry_run_plans,"[""postgres_graph""]","{""postgres_graph"": ""ready""}","{""postgres_graph"": []}","[""postgres_graph""]",True,False,False,False,[],ready_dry_run_only,,,
False,False,True,False,plain_text,False,"[""postgres_graph"", ""qdrant""]",False,t_p_120_1176_p000339,339,True,True,00000339.tif,339,485ba45fb3d9ae821f430edb9eefc7315fb6209a0c4ba224b5ce1bc97e39c4ae,00000339.tif,False,validated_graph_and_semantic_index,False,False,False,plain_text,local_data\organization\trace_net\raw_to_answer_context_engineered_native_gemma4_001\ocr_route_scan_pack_tesseract_full\page_images\t_p_120_1176_p000339.tif,local_data\organization\trace_net\raw_to_answer_context_engineered_native_gemma4_001\ocr_route_scan_pack_tesseract_full\ocr_text\t_p_120_1176_p000339.txt,repaired_from_ocr_scan_pack,True,[],graph_source_map_plus_validated_evidence_links,False,True,validated_page_or_evidence_summary,False,True,joined_target_specific_dry_run_plans,"[""postgres_graph"", ""qdrant""]","{""postgres_graph"": ""ready"", ""qdrant"": ""ready""}","{""postgres_graph"": [], ""qdrant"": []}","[""postgres_graph"", ""qdrant""]",True,True,False,False,[],ready_dry_run_only,,,
False,False,True,False,table,False,"[""postgres_graph"", ""qdrant"", ""opensearch""]",True,t_p_120_1176_p000340,340,True,True,00000340.tif,340,3e3aa25759fd0c5745b13af886752a9a9a564308c76930fef25a1950c1d5998e,00000340.tif,False,validated_graph_semantic_and_exact_index,False,False,False,table,local_data\organization\trace_net\raw_to_answer_context_engineered_native_gemma4_001\ocr_route_scan_pack_tesseract_full\page_images\t_p_120_1176_p000340.tif,local_data\organization\trace_net\raw_to_answer_context_engineered_native_gemma4_001\ocr_route_scan_pack_tesseract_full\ocr_text\t_p_120_1176_p000340.txt,repaired_from_ocr_scan_pack,True,[],graph_source_map_plus_validated_evidence_links,False,True,validated_page_or_evidence_summary,False,True,joined_target_specific_dry_run_plans,"[""postgres_graph"", ""qdrant"", ""opensearch""]","{""opensearch"": ""ready"", ""postgres_graph"": ""ready"", ""qdrant"": ""ready""}","{""opensearch"": [], ""postgres_graph"": [], ""qdrant"": []}","[""postgres_graph"", ""qdrant"", ""opensearch""]",True,True,True,False,[],ready_dry_run_only,validated_table_or_exact_evidence,False,True
False,True,True,True,table,False,"[""postgres_graph""]",False,t_p_120_1176_p000341,341,True,False,00000341.tif,341,9e077d62325c3aa34cd99ebd67e4d1a32bb923418d241f1fad81eeb212c6d06b,00000341.tif,False,graph_only_validator_gated,False,True,False,table,local_data\organization\trace_net\raw_to_answer_context_engineered_native_gemma4_001\ocr_route_scan_pack_tesseract_full\page_images\t_p_120_1176_p000341.tif,local_data\organization\trace_net\raw_to_answer_context_engineered_native_gemma4_001\ocr_route_scan_pack_tesseract_full\ocr_text\t_p_120_1176_p000341.txt,repaired_from_ocr_scan_pack,True,[],graph_source_map_only,False,True,,,,joined_target_specific_dry_run_plans,"[""postgres_graph""]","{""postgres_graph"": ""ready""}","{""postgres_graph"": []}","[""postgres_graph""]",True,False,False,False,[],ready_dry_run_only,,,
False,False,True,False,plain_text,False,"[""postgres_graph"", ""qdrant""]",False,t_p_120_1176_p000342,342,True,True,00000342.tif,342,e4a86647dfa46b551a02909a28f987170a2765a0f7d90415f35f2bf55701ae88,00000342.tif,False,validated_graph_and_semantic_index,False,False,False,plain_text,local_data\organization\trace_net\raw_to_answer_context_engineered_native_gemma4_001\ocr_route_scan_pack_tesseract_full\page_images\t_p_120_1176_p000342.tif,local_data\organization\trace_net\raw_to_answer_context_engineered_native_gemma4_001\ocr_route_scan_pack_tesseract_full\ocr_text\t_p_120_1176_p000342.txt,repaired_from_ocr_scan_pack,True,[],graph_source_map_plus_validated_evidence_links,False,True,validated_page_or_evidence_summary,False,True,joined_target_specific_dry_run_plans,"[""postgres_graph"", ""qdrant""]","{""postgres_graph"": ""ready"", ""qdrant"": ""ready""}","{""postgres_graph"": [], ""qdrant"": []}","[""postgres_graph"", ""qdrant""]",True,True,False,False,[],ready_dry_run_only,,,
False,False,True,False,table,False,"[""postgres_graph"", ""qdrant"", ""opensearch""]",True,t_p_120_1176_p000343,343,True,True,00000343.tif,343,203c3d8ab9741c517ba0527da601cf614889e4b5529ee79135c0244aa571fcd5,00000343.tif,False,validated_graph_semantic_and_exact_index,False,False,False,table,local_data\organization\trace_net\raw_to_answer_context_engineered_native_gemma4_001\ocr_route_scan_pack_tesseract_full\page_images\t_p_120_1176_p000343.tif,local_data\organization\trace_net\raw_to_answer_context_engineered_native_gemma4_001\ocr_route_scan_pack_tesseract_full\ocr_text\t_p_120_1176_p000343.txt,repaired_from_ocr_scan_pack,True,[],graph_source_map_plus_validated_evidence_links,False,True,validated_page_or_evidence_summary,False,True,joined_target_specific_dry_run_plans,"[""postgres_graph"", ""qdrant"", ""opensearch""]","{""opensearch"": ""ready"", ""postgres_graph"": ""ready"", ""qdrant"": ""ready""}","{""opensearch"": [], ""postgres_graph"": [], ""qdrant"": []}","[""postgres_graph"", ""qdrant"", ""opensearch""]",True,True,True,False,[],ready_dry_run_only,validated_table_or_exact_evidence,False,True
False,False,True,False,table,False,"[""postgres_graph"", ""qdrant"", ""opensearch""]",True,t_p_120_1176_p000344,344,True,True,00000344.tif,344,f98a298d87c2f5a918251241c649754c2e490f23473301d84e66d7d998e82ea6,00000344.tif,False,validated_graph_semantic_and_exact_index,False,False,False,table,local_data\organization\trace_net\raw_to_answer_context_engineered_native_gemma4_001\ocr_route_scan_pack_tesseract_full\page_images\t_p_120_1176_p000344.tif,local_data\organization\trace_net\raw_to_answer_context_engineered_native_gemma4_001\ocr_route_scan_pack_tesseract_full\ocr_text\t_p_120_1176_p000344.txt,repaired_from_ocr_scan_pack,True,[],graph_source_map_plus_validated_evidence_links,False,True,validated_page_or_evidence_summary,False,True,joined_target_specific_dry_run_plans,"[""postgres_graph"", ""qdrant"", ""opensearch""]","{""opensearch"": ""ready"", ""postgres_graph"": ""ready"", ""qdrant"": ""ready""}","{""opensearch"": [], ""postgres_graph"": [], ""qdrant"": []}","[""postgres_graph"", ""qdrant"", ""opensearch""]",True,True,True,False,[],ready_dry_run_only,validated_table_or_exact_evidence,False,True
False,False,True,False,plain_text,False,"[""postgres_graph"", ""qdrant""]",False,t_p_120_1176_p000345,345,True,True,00000345.tif,345,1b64ec464bd788df7ced22c1085d6ba7796e8b50c2ca1fc44b0c1eb397b59779,00000345.tif,False,validated_graph_and_semantic_index,False,False,False,plain_text,local_data\organization\trace_net\raw_to_answer_context_engineered_native_gemma4_001\ocr_route_scan_pack_tesseract_full\page_images\t_p_120_1176_p000345.tif,local_data\organization\trace_net\raw_to_answer_context_engineered_native_gemma4_001\ocr_route_scan_pack_tesseract_full\ocr_text\t_p_120_1176_p000345.txt,repaired_from_ocr_scan_pack,True,[],graph_source_map_plus_validated_evidence_links,False,True,validated_page_or_evidence_summary,False,True,joined_target_specific_dry_run_plans,"[""postgres_graph"", ""qdrant""]","{""postgres_graph"": ""ready"", ""qdrant"": ""ready""}","{""postgres_graph"": [], ""qdrant"": []}","[""postgres_graph"", ""qdrant""]",True,True,False,False,[],ready_dry_run_only,,,
False,False,True,False,table,False,"[""postgres_graph"", ""qdrant"", ""opensearch""]",True,t_p_120_1176_p000346,346,True,True,00000346.tif,346,8dffe9dfc0a70ffa55b76d4a4157e51d6d3635cfc3d0eff4d34d9ccb2027c9a8,00000346.tif,False,validated_graph_semantic_and_exact_index,False,False,False,table,local_data\organization\trace_net\raw_to_answer_context_engineered_native_gemma4_001\ocr_route_scan_pack_tesseract_full\page_images\t_p_120_1176_p000346.tif,local_data\organization\trace_net\raw_to_answer_context_engineered_native_gemma4_001\ocr_route_scan_pack_tesseract_full\ocr_text\t_p_120_1176_p000346.txt,repaired_from_ocr_scan_pack,True,[],graph_source_map_plus_validated_evidence_links,False,True,validated_page_or_evidence_summary,False,True,joined_target_specific_dry_run_plans,"[""postgres_graph"", ""qdrant"", ""opensearch""]","{""opensearch"": ""ready"", ""postgres_graph"": ""ready"", ""qdrant"": ""ready""}","{""opensearch"": [], ""postgres_graph"": [], ""qdrant"": []}","[""postgres_graph"", ""qdrant"", ""opensearch""]",True,True,True,False,[],ready_dry_run_only,validated_table_or_exact_evidence,False,True
False,False,True,False,table,False,"[""postgres_graph"", ""qdrant"", ""opensearch""]",True,t_p_120_1176_p000347,347,True,True,00000347.tif,347,5273feda6f51cbef873028fce5bb82b30b3258f3e79764b9ec839324d67f92eb,00000347.tif,False,validated_graph_semantic_and_exact_index,False,False,False,table,local_data\organization\trace_net\raw_to_answer_context_engineered_native_gemma4_001\ocr_route_scan_pack_tesseract_full\page_images\t_p_120_1176_p000347.tif,local_data\organization\trace_net\raw_to_answer_context_engineered_native_gemma4_001\ocr_route_scan_pack_tesseract_full\ocr_text\t_p_120_1176_p000347.txt,repaired_from_ocr_scan_pack,True,[],graph_source_map_plus_validated_evidence_links,False,True,validated_page_or_evidence_summary,False,True,joined_target_specific_dry_run_plans,"[""postgres_graph"", ""qdrant"", ""opensearch""]","{""opensearch"": ""ready"", ""postgres_graph"": ""ready"", ""qdrant"": ""ready""}","{""opensearch"": [], ""postgres_graph"": [], ""qdrant"": []}","[""postgres_graph"", ""qdrant"", ""opensearch""]",True,True,True,False,[],ready_dry_run_only,validated_table_or_exact_evidence,False,True
False,False,True,False,plain_text,False,"[""postgres_graph"", ""qdrant""]",False,t_p_120_1176_p000348,348,True,True,00000348.tif,348,5a7877c3e0cf221455b2136d39144a6a776210d1fe229cd09b9538152e255e53,00000348.tif,False,validated_graph_and_semantic_index,False,False,False,plain_text,local_data\organization\trace_net\raw_to_answer_context_engineered_native_gemma4_001\ocr_route_scan_pack_tesseract_full\page_images\t_p_120_1176_p000348.tif,local_data\organization\trace_net\raw_to_answer_context_engineered_native_gemma4_001\ocr_route_scan_pack_tesseract_full\ocr_text\t_p_120_1176_p000348.txt,repaired_from_ocr_scan_pack,True,[],graph_source_map_plus_validated_evidence_links,False,True,validated_page_or_evidence_summary,False,True,joined_target_specific_dry_run_plans,"[""postgres_graph"", ""qdrant""]","{""postgres_graph"": ""ready"", ""qdrant"": ""ready""}","{""postgres_graph"": [], ""qdrant"": []}","[""postgres_graph"", ""qdrant""]",True,True,False,False,[],ready_dry_run_only,,,
False,False,True,False,table,False,"[""postgres_graph"", ""qdrant"", ""opensearch""]",True,t_p_120_1176_p000349,349,True,True,00000349.tif,349,11cfde31bc0dcd5b7c9a44fbc66a10de79d383d50d75723269b9d23714c8e9eb,00000349.tif,False,validated_graph_semantic_and_exact_index,False,False,False,table,local_data\organization\trace_net\raw_to_answer_context_engineered_native_gemma4_001\ocr_route_scan_pack_tesseract_full\page_images\t_p_120_1176_p000349.tif,local_data\organization\trace_net\raw_to_answer_context_engineered_native_gemma4_001\ocr_route_scan_pack_tesseract_full\ocr_text\t_p_120_1176_p000349.txt,repaired_from_ocr_scan_pack,True,[],graph_source_map_plus_validated_evidence_links,False,True,validated_page_or_evidence_summary,False,True,joined_target_specific_dry_run_plans,"[""postgres_graph"", ""qdrant"", ""opensearch""]","{""opensearch"": ""ready"", ""postgres_graph"": ""ready"", ""qdrant"": ""ready""}","{""opensearch"": [], ""postgres_graph"": [], ""qdrant"": []}","[""postgres_graph"", ""qdrant"", ""opensearch""]",True,True,True,False,[],ready_dry_run_only,validated_table_or_exact_evidence,False,True
False,False,True,False,table,False,"[""postgres_graph"", ""qdrant"", ""opensearch""]",True,t_p_120_1176_p000350,350,True,True,00000350.tif,350,5d96dc579503715a13039b0ddf275b23bc69d2f51332e2ff3bb7aea998785b7b,00000350.tif,False,validated_graph_semantic_and_exact_index,False,False,False,table,local_data\organization\trace_net\raw_to_answer_context_engineered_native_gemma4_001\ocr_route_scan_pack_tesseract_full\page_images\t_p_120_1176_p000350.tif,local_data\organization\trace_net\raw_to_answer_context_engineered_native_gemma4_001\ocr_route_scan_pack_tesseract_full\ocr_text\t_p_120_1176_p000350.txt,repaired_from_ocr_scan_pack,True,[],graph_source_map_plus_validated_evidence_links,False,True,validated_page_or_evidence_summary,False,True,joined_target_specific_dry_run_plans,"[""postgres_graph"", ""qdrant"", ""opensearch""]","{""opensearch"": ""ready"", ""postgres_graph"": ""ready"", ""qdrant"": ""ready""}","{""opensearch"": [], ""postgres_graph"": [], ""qdrant"": []}","[""postgres_graph"", ""qdrant"", ""opensearch""]",True,True,True,False,[],ready_dry_run_only,validated_table_or_exact_evidence,False,True
False,False,True,False,plain_text,False,"[""postgres_graph"", ""qdrant""]",False,t_p_120_1176_p000351,351,True,True,00000351.tif,351,b0291488f7c3021b9c08450ebe375c0cc26c639a8907d08b462dad14d370e0ac,00000351.tif,False,validated_graph_and_semantic_index,False,False,False,plain_text,local_data\organization\trace_net\raw_to_answer_context_engineered_native_gemma4_001\ocr_route_scan_pack_tesseract_full\page_images\t_p_120_1176_p000351.tif,local_data\organization\trace_net\raw_to_answer_context_engineered_native_gemma4_001\ocr_route_scan_pack_tesseract_full\ocr_text\t_p_120_1176_p000351.txt,repaired_from_ocr_scan_pack,True,[],graph_source_map_plus_validated_evidence_links,False,True,validated_page_or_evidence_summary,False,True,joined_target_specific_dry_run_plans,"[""postgres_graph"", ""qdrant""]","{""postgres_graph"": ""ready"", ""qdrant"": ""ready""}","{""postgres_graph"": [], ""qdrant"": []}","[""postgres_graph"", ""qdrant""]",True,True,False,False,[],ready_dry_run_only,,,
False,False,True,False,table,False,"[""postgres_graph"", ""qdrant"", ""opensearch""]",True,t_p_120_1176_p000352,352,True,True,00000352.tif,352,f57395f3d4b3da8c2a6d158dfbe2fa11097633d421a1b47534de15d3c291e980,00000352.tif,False,validated_graph_semantic_and_exact_index,False,False,False,table,local_data\organization\trace_net\raw_to_answer_context_engineered_native_gemma4_001\ocr_route_scan_pack_tesseract_full\page_images\t_p_120_1176_p000352.tif,local_data\organization\trace_net\raw_to_answer_context_engineered_native_gemma4_001\ocr_route_scan_pack_tesseract_full\ocr_text\t_p_120_1176_p000352.txt,repaired_from_ocr_scan_pack,True,[],graph_source_map_plus_validated_evidence_links,False,True,validated_page_or_evidence_summary,False,True,joined_target_specific_dry_run_plans,"[""postgres_graph"", ""qdrant"", ""opensearch""]","{""opensearch"": ""ready"", ""postgres_graph"": ""ready"", ""qdrant"": ""ready""}","{""opensearch"": [], ""postgres_graph"": [], ""qdrant"": []}","[""postgres_graph"", ""qdrant"", ""opensearch""]",True,True,True,False,[],ready_dry_run_only,validated_table_or_exact_evidence,False,True
False,False,True,False,table,False,"[""postgres_graph"", ""qdrant"", ""opensearch""]",True,t_p_120_1176_p000353,353,True,True,00000353.tif,353,c3884dea650b2652e97406a93eeeb95b4ff19add725ae2c64ab5d5bf634a0227,00000353.tif,False,validated_graph_semantic_and_exact_index,False,False,False,table,local_data\organization\trace_net\raw_to_answer_context_engineered_native_gemma4_001\ocr_route_scan_pack_tesseract_full\page_images\t_p_120_1176_p000353.tif,local_data\organization\trace_net\raw_to_answer_context_engineered_native_gemma4_001\ocr_route_scan_pack_tesseract_full\ocr_text\t_p_120_1176_p000353.txt,repaired_from_ocr_scan_pack,True,[],graph_source_map_plus_validated_evidence_links,False,True,validated_page_or_evidence_summary,False,True,joined_target_specific_dry_run_plans,"[""postgres_graph"", ""qdrant"", ""opensearch""]","{""opensearch"": ""ready"", ""postgres_graph"": ""ready"", ""qdrant"": ""ready""}","{""opensearch"": [], ""postgres_graph"": [], ""qdrant"": []}","[""postgres_graph"", ""qdrant"", ""opensearch""]",True,True,True,False,[],ready_dry_run_only,validated_table_or_exact_evidence,False,True
False,False,True,False,plain_text,False,"[""postgres_graph"", ""qdrant""]",False,t_p_120_1176_p000354,354,True,True,00000354.tif,354,1896677d180ea1c38b0c2730f1b38204aedf14876150372a8b463a41a674db82,00000354.tif,False,validated_graph_and_semantic_index,False,False,False,plain_text,local_data\organization\trace_net\raw_to_answer_context_engineered_native_gemma4_001\ocr_route_scan_pack_tesseract_full\page_images\t_p_120_1176_p000354.tif,local_data\organization\trace_net\raw_to_answer_context_engineered_native_gemma4_001\ocr_route_scan_pack_tesseract_full\ocr_text\t_p_120_1176_p000354.txt,repaired_from_ocr_scan_pack,True,[],graph_source_map_plus_validated_evidence_links,False,True,validated_page_or_evidence_summary,False,True,joined_target_specific_dry_run_plans,"[""postgres_graph"", ""qdrant""]","{""postgres_graph"": ""ready"", ""qdrant"": ""ready""}","{""postgres_graph"": [], ""qdrant"": []}","[""postgres_graph"", ""qdrant""]",True,True,False,False,[],ready_dry_run_only,,,
False,False,True,False,table,False,"[""postgres_graph"", ""qdrant"", ""opensearch""]",True,t_p_120_1176_p000355,355,True,True,00000355.tif,355,ff773b54c549a6db61ec2a63d0050ffb3375daa8155305ff9119fdb6f6f7f611,00000355.tif,False,validated_graph_semantic_and_exact_index,False,False,False,table,local_data\organization\trace_net\raw_to_answer_context_engineered_native_gemma4_001\ocr_route_scan_pack_tesseract_full\page_images\t_p_120_1176_p000355.tif,local_data\organization\trace_net\raw_to_answer_context_engineered_native_gemma4_001\ocr_route_scan_pack_tesseract_full\ocr_text\t_p_120_1176_p000355.txt,repaired_from_ocr_scan_pack,True,[],graph_source_map_plus_validated_evidence_links,False,True,validated_page_or_evidence_summary,False,True,joined_target_specific_dry_run_plans,"[""postgres_graph"", ""qdrant"", ""opensearch""]","{""opensearch"": ""ready"", ""postgres_graph"": ""ready"", ""qdrant"": ""ready""}","{""opensearch"": [], ""postgres_graph"": [], ""qdrant"": []}","[""postgres_graph"", ""qdrant"", ""opensearch""]",True,True,True,False,[],ready_dry_run_only,validated_table_or_exact_evidence,False,True
False,False,True,False,table,False,"[""postgres_graph"", ""qdrant"", ""opensearch""]",True,t_p_120_1176_p000356,356,True,True,00000356.tif,356,b01a2b25fe34959b2ec160b743bd6dcd4784a8658721fe716319125d5c3339fc,00000356.tif,False,validated_graph_semantic_and_exact_index,False,False,False,table,local_data\organization\trace_net\raw_to_answer_context_engineered_native_gemma4_001\ocr_route_scan_pack_tesseract_full\page_images\t_p_120_1176_p000356.tif,local_data\organization\trace_net\raw_to_answer_context_engineered_native_gemma4_001\ocr_route_scan_pack_tesseract_full\ocr_text\t_p_120_1176_p000356.txt,repaired_from_ocr_scan_pack,True,[],graph_source_map_plus_validated_evidence_links,False,True,validated_page_or_evidence_summary,False,True,joined_target_specific_dry_run_plans,"[""postgres_graph"", ""qdrant"", ""opensearch""]","{""opensearch"": ""ready"", ""postgres_graph"": ""ready"", ""qdrant"": ""ready""}","{""opensearch"": [], ""postgres_graph"": [], ""qdrant"": []}","[""postgres_graph"", ""qdrant"", ""opensearch""]",True,True,True,False,[],ready_dry_run_only,validated_table_or_exact_evidence,False,True
False,False,True,False,plain_text,False,"[""postgres_graph"", ""qdrant""]",False,t_p_120_1176_p000357,357,True,True,00000357.tif,357,cc3db61264719d62b165d00f2f80b7bfa35081992d8ebded48a0843c5e3f2ae0,00000357.tif,False,validated_graph_and_semantic_index,False,False,False,plain_text,local_data\organization\trace_net\raw_to_answer_context_engineered_native_gemma4_001\ocr_route_scan_pack_tesseract_full\page_images\t_p_120_1176_p000357.tif,local_data\organization\trace_net\raw_to_answer_context_engineered_native_gemma4_001\ocr_route_scan_pack_tesseract_full\ocr_text\t_p_120_1176_p000357.txt,repaired_from_ocr_scan_pack,True,[],graph_source_map_plus_validated_evidence_links,False,True,validated_page_or_evidence_summary,False,True,joined_target_specific_dry_run_plans,"[""postgres_graph"", ""qdrant""]","{""postgres_graph"": ""ready"", ""qdrant"": ""ready""}","{""postgres_graph"": [], ""qdrant"": []}","[""postgres_graph"", ""qdrant""]",True,True,False,False,[],ready_dry_run_only,,,
False,False,True,False,table,False,"[""postgres_graph"", ""qdrant"", ""opensearch""]",True,t_p_120_1176_p000358,358,True,True,00000358.tif,358,5045f3b1697df049dca6838e7b7e52c37c1b7e4b09cf97af8915c02f43d3966c,00000358.tif,False,validated_graph_semantic_and_exact_index,False,False,False,table,local_data\organization\trace_net\raw_to_answer_context_engineered_native_gemma4_001\ocr_route_scan_pack_tesseract_full\page_images\t_p_120_1176_p000358.tif,local_data\organization\trace_net\raw_to_answer_context_engineered_native_gemma4_001\ocr_route_scan_pack_tesseract_full\ocr_text\t_p_120_1176_p000358.txt,repaired_from_ocr_scan_pack,True,[],graph_source_map_plus_validated_evidence_links,False,True,validated_page_or_evidence_summary,False,True,joined_target_specific_dry_run_plans,"[""postgres_graph"", ""qdrant"", ""opensearch""]","{""opensearch"": ""ready"", ""postgres_graph"": ""ready"", ""qdrant"": ""ready""}","{""opensearch"": [], ""postgres_graph"": [], ""qdrant"": []}","[""postgres_graph"", ""qdrant"", ""opensearch""]",True,True,True,False,[],ready_dry_run_only,validated_table_or_exact_evidence,False,True
False,False,True,False,table,False,"[""postgres_graph"", ""qdrant"", ""opensearch""]",True,t_p_120_1176_p000359,359,True,True,00000359.tif,359,6c6740bd774c9f22e885586bd638e67d232f857f9f11f7aa8c09b7f8efc646f4,00000359.tif,False,validated_graph_semantic_and_exact_index,False,False,False,table,local_data\organization\trace_net\raw_to_answer_context_engineered_native_gemma4_001\ocr_route_scan_pack_tesseract_full\page_images\t_p_120_1176_p000359.tif,local_data\organization\trace_net\raw_to_answer_context_engineered_native_gemma4_001\ocr_route_scan_pack_tesseract_full\ocr_text\t_p_120_1176_p000359.txt,repaired_from_ocr_scan_pack,True,[],graph_source_map_plus_validated_evidence_links,False,True,validated_page_or_evidence_summary,False,True,joined_target_specific_dry_run_plans,"[""postgres_graph"", ""qdrant"", ""opensearch""]","{""opensearch"": ""ready"", ""postgres_graph"": ""ready"", ""qdrant"": ""ready""}","{""opensearch"": [], ""postgres_graph"": [], ""qdrant"": []}","[""postgres_graph"", ""qdrant"", ""opensearch""]",True,True,True,False,[],ready_dry_run_only,validated_table_or_exact_evidence,False,True
False,False,True,False,plain_text,False,"[""postgres_graph"", ""qdrant""]",False,t_p_120_1176_p000360,360,True,True,00000360.tif,360,dbfddcddc165983f92f0611d17483ccefcc6f916d82877f17da9272f98824ead,00000360.tif,False,validated_graph_and_semantic_index,False,False,False,plain_text,local_data\organization\trace_net\raw_to_answer_context_engineered_native_gemma4_001\ocr_route_scan_pack_tesseract_full\page_images\t_p_120_1176_p000360.tif,local_data\organization\trace_net\raw_to_answer_context_engineered_native_gemma4_001\ocr_route_scan_pack_tesseract_full\ocr_text\t_p_120_1176_p000360.txt,repaired_from_ocr_scan_pack,True,[],graph_source_map_plus_validated_evidence_links,False,True,validated_page_or_evidence_summary,False,True,joined_target_specific_dry_run_plans,"[""postgres_graph"", ""qdrant""]","{""postgres_graph"": ""ready"", ""qdrant"": ""ready""}","{""postgres_graph"": [], ""qdrant"": []}","[""postgres_graph"", ""qdrant""]",True,True,False,False,[],ready_dry_run_only,,,
False,False,True,False,table,False,"[""postgres_graph"", ""qdrant"", ""opensearch""]",True,t_p_120_1176_p000361,361,True,True,00000361.tif,361,b1912dbb2412f854c0be734a6d5d34d5297078f29c78d144edb5f388617e99a1,00000361.tif,False,validated_graph_semantic_and_exact_index,False,False,False,table,local_data\organization\trace_net\raw_to_answer_context_engineered_native_gemma4_001\ocr_route_scan_pack_tesseract_full\page_images\t_p_120_1176_p000361.tif,local_data\organization\trace_net\raw_to_answer_context_engineered_native_gemma4_001\ocr_route_scan_pack_tesseract_full\ocr_text\t_p_120_1176_p000361.txt,repaired_from_ocr_scan_pack,True,[],graph_source_map_plus_validated_evidence_links,False,True,validated_page_or_evidence_summary,False,True,joined_target_specific_dry_run_plans,"[""postgres_graph"", ""qdrant"", ""opensearch""]","{""opensearch"": ""ready"", ""postgres_graph"": ""ready"", ""qdrant"": ""ready""}","{""opensearch"": [], ""postgres_graph"": [], ""qdrant"": []}","[""postgres_graph"", ""qdrant"", ""opensearch""]",True,True,True,False,[],ready_dry_run_only,validated_table_or_exact_evidence,False,True
False,False,True,False,table,False,"[""postgres_graph"", ""qdrant"", ""opensearch""]",True,t_p_120_1176_p000362,362,True,True,00000362.tif,362,fecd16c9f4111c7a1d875da862420205d9d69f076f79380cb8f095673e25ef94,00000362.tif,False,validated_graph_semantic_and_exact_index,False,False,False,table,local_data\organization\trace_net\raw_to_answer_context_engineered_native_gemma4_001\ocr_route_scan_pack_tesseract_full\page_images\t_p_120_1176_p000362.tif,local_data\organization\trace_net\raw_to_answer_context_engineered_native_gemma4_001\ocr_route_scan_pack_tesseract_full\ocr_text\t_p_120_1176_p000362.txt,repaired_from_ocr_scan_pack,True,[],graph_source_map_plus_validated_evidence_links,False,True,validated_page_or_evidence_summary,False,True,joined_target_specific_dry_run_plans,"[""postgres_graph"", ""qdrant"", ""opensearch""]","{""opensearch"": ""ready"", ""postgres_graph"": ""ready"", ""qdrant"": ""ready""}","{""opensearch"": [], ""postgres_graph"": [], ""qdrant"": []}","[""postgres_graph"", ""qdrant"", ""opensearch""]",True,True,True,False,[],ready_dry_run_only,validated_table_or_exact_evidence,False,True
False,False,True,False,plain_text,False,"[""postgres_graph"", ""qdrant""]",False,t_p_120_1176_p000363,363,True,True,00000363.tif,363,53bf9276eb2b2e0987a15674c518d59b886bbe19c75524ecd8fa8150065c7d6c,00000363.tif,False,validated_graph_and_semantic_index,False,False,False,plain_text,local_data\organization\trace_net\raw_to_answer_context_engineered_native_gemma4_001\ocr_route_scan_pack_tesseract_full\page_images\t_p_120_1176_p000363.tif,local_data\organization\trace_net\raw_to_answer_context_engineered_native_gemma4_001\ocr_route_scan_pack_tesseract_full\ocr_text\t_p_120_1176_p000363.txt,repaired_from_ocr_scan_pack,True,[],graph_source_map_plus_validated_evidence_links,False,True,validated_page_or_evidence_summary,False,True,joined_target_specific_dry_run_plans,"[""postgres_graph"", ""qdrant""]","{""postgres_graph"": ""ready"", ""qdrant"": ""ready""}","{""postgres_graph"": [], ""qdrant"": []}","[""postgres_graph"", ""qdrant""]",True,True,False,False,[],ready_dry_run_only,,,
False,False,True,False,table,False,"[""postgres_graph"", ""qdrant"", ""opensearch""]",True,t_p_120_1176_p000364,364,True,True,00000364.tif,364,66ddcacd6b979413f9ebce6282c3be170c783b1a89c913d52839c440c77eb852,00000364.tif,False,validated_graph_semantic_and_exact_index,False,False,False,table,local_data\organization\trace_net\raw_to_answer_context_engineered_native_gemma4_001\ocr_route_scan_pack_tesseract_full\page_images\t_p_120_1176_p000364.tif,local_data\organization\trace_net\raw_to_answer_context_engineered_native_gemma4_001\ocr_route_scan_pack_tesseract_full\ocr_text\t_p_120_1176_p000364.txt,repaired_from_ocr_scan_pack,True,[],graph_source_map_plus_validated_evidence_links,False,True,validated_page_or_evidence_summary,False,True,joined_target_specific_dry_run_plans,"[""postgres_graph"", ""qdrant"", ""opensearch""]","{""opensearch"": ""ready"", ""postgres_graph"": ""ready"", ""qdrant"": ""ready""}","{""opensearch"": [], ""postgres_graph"": [], ""qdrant"": []}","[""postgres_graph"", ""qdrant"", ""opensearch""]",True,True,True,False,[],ready_dry_run_only,validated_table_or_exact_evidence,False,True
False,False,True,False,table,False,"[""postgres_graph"", ""qdrant"", ""opensearch""]",True,t_p_120_1176_p000365,365,True,True,00000365.tif,365,d8f321a6571719647a74d6f422a670dcfdd0a9c8eaa692aac960325f26fd8c91,00000365.tif,False,validated_graph_semantic_and_exact_index,False,False,False,table,local_data\organization\trace_net\raw_to_answer_context_engineered_native_gemma4_001\ocr_route_scan_pack_tesseract_full\page_images\t_p_120_1176_p000365.tif,local_data\organization\trace_net\raw_to_answer_context_engineered_native_gemma4_001\ocr_route_scan_pack_tesseract_full\ocr_text\t_p_120_1176_p000365.txt,repaired_from_ocr_scan_pack,True,[],graph_source_map_plus_validated_evidence_links,False,True,validated_page_or_evidence_summary,False,True,joined_target_specific_dry_run_plans,"[""postgres_graph"", ""qdrant"", ""opensearch""]","{""opensearch"": ""ready"", ""postgres_graph"": ""ready"", ""qdrant"": ""ready""}","{""opensearch"": [], ""postgres_graph"": [], ""qdrant"": []}","[""postgres_graph"", ""qdrant"", ""opensearch""]",True,True,True,False,[],ready_dry_run_only,validated_table_or_exact_evidence,False,True
False,False,True,False,plain_text,False,"[""postgres_graph"", ""qdrant""]",False,t_p_120_1176_p000366,366,True,True,00000366.tif,366,3831c8652e053802ff9536504b99a24e9ba7398c6516522df5aed6492d06eb4b,00000366.tif,False,validated_graph_and_semantic_index,False,False,False,plain_text,local_data\organization\trace_net\raw_to_answer_context_engineered_native_gemma4_001\ocr_route_scan_pack_tesseract_full\page_images\t_p_120_1176_p000366.tif,local_data\organization\trace_net\raw_to_answer_context_engineered_native_gemma4_001\ocr_route_scan_pack_tesseract_full\ocr_text\t_p_120_1176_p000366.txt,repaired_from_ocr_scan_pack,True,[],graph_source_map_plus_validated_evidence_links,False,True,validated_page_or_evidence_summary,False,True,joined_target_specific_dry_run_plans,"[""postgres_graph"", ""qdrant""]","{""postgres_graph"": ""ready"", ""qdrant"": ""ready""}","{""postgres_graph"": [], ""qdrant"": []}","[""postgres_graph"", ""qdrant""]",True,True,False,False,[],ready_dry_run_only,,,
False,False,True,False,plain_text,False,"[""postgres_graph"", ""qdrant""]",False,t_p_120_1176_p000367,367,True,True,00000367.tif,367,e15917a92727c4a76c9bfeffdf05358eac20e190582ae601fe591740c2c1c437,00000367.tif,False,validated_graph_and_semantic_index,False,False,False,plain_text,local_data\organization\trace_net\raw_to_answer_context_engineered_native_gemma4_001\ocr_route_scan_pack_tesseract_full\page_images\t_p_120_1176_p000367.tif,local_data\organization\trace_net\raw_to_answer_context_engineered_native_gemma4_001\ocr_route_scan_pack_tesseract_full\ocr_text\t_p_120_1176_p000367.txt,repaired_from_ocr_scan_pack,True,[],graph_source_map_plus_validated_evidence_links,False,True,validated_page_or_evidence_summary,False,True,joined_target_specific_dry_run_plans,"[""postgres_graph"", ""qdrant""]","{""postgres_graph"": ""ready"", ""qdrant"": ""ready""}","{""postgres_graph"": [], ""qdrant"": []}","[""postgres_graph"", ""qdrant""]",True,True,False,False,[],ready_dry_run_only,,,
False,False,True,False,table,False,"[""postgres_graph"", ""qdrant"", ""opensearch""]",True,t_p_120_1176_p000368,368,True,True,00000368.tif,368,ba98e68571d3654bd012273f51ded61e37033b4ddeb84366f5cd2d6ce8728fe1,00000368.tif,False,validated_graph_semantic_and_exact_index,False,False,False,table,local_data\organization\trace_net\raw_to_answer_context_engineered_native_gemma4_001\ocr_route_scan_pack_tesseract_full\page_images\t_p_120_1176_p000368.tif,local_data\organization\trace_net\raw_to_answer_context_engineered_native_gemma4_001\ocr_route_scan_pack_tesseract_full\ocr_text\t_p_120_1176_p000368.txt,repaired_from_ocr_scan_pack,True,[],graph_source_map_plus_validated_evidence_links,False,True,validated_page_or_evidence_summary,False,True,joined_target_specific_dry_run_plans,"[""postgres_graph"", ""qdrant"", ""opensearch""]","{""opensearch"": ""ready"", ""postgres_graph"": ""ready"", ""qdrant"": ""ready""}","{""opensearch"": [], ""postgres_graph"": [], ""qdrant"": []}","[""postgres_graph"", ""qdrant"", ""opensearch""]",True,True,True,False,[],ready_dry_run_only,validated_table_or_exact_evidence,False,True
False,False,True,False,plain_text,False,"[""postgres_graph"", ""qdrant""]",False,t_p_120_1176_p000369,369,True,True,00000369.tif,369,90725db7de2a43e29d1dd0c6ea7eb3b81801a6661a1f25d6908d7493f8a4d5b4,00000369.tif,False,validated_graph_and_semantic_index,False,False,False,plain_text,local_data\organization\trace_net\raw_to_answer_context_engineered_native_gemma4_001\ocr_route_scan_pack_tesseract_full\page_images\t_p_120_1176_p000369.tif,local_data\organization\trace_net\raw_to_answer_context_engineered_native_gemma4_001\ocr_route_scan_pack_tesseract_full\ocr_text\t_p_120_1176_p000369.txt,repaired_from_ocr_scan_pack,True,[],graph_source_map_plus_validated_evidence_links,False,True,validated_page_or_evidence_summary,False,True,joined_target_specific_dry_run_plans,"[""postgres_graph"", ""qdrant""]","{""postgres_graph"": ""ready"", ""qdrant"": ""ready""}","{""postgres_graph"": [], ""qdrant"": []}","[""postgres_graph"", ""qdrant""]",True,True,False,False,[],ready_dry_run_only,,,
False,False,True,False,plain_text,False,"[""postgres_graph"", ""qdrant""]",False,t_p_120_1176_p000370,370,True,True,00000370.tif,370,e3f8f05c031707aac27c6c43a66c6c5804c257caddd014c07d39f775c33ef89e,00000370.tif,False,validated_graph_and_semantic_index,False,False,False,plain_text,local_data\organization\trace_net\raw_to_answer_context_engineered_native_gemma4_001\ocr_route_scan_pack_tesseract_full\page_images\t_p_120_1176_p000370.tif,local_data\organization\trace_net\raw_to_answer_context_engineered_native_gemma4_001\ocr_route_scan_pack_tesseract_full\ocr_text\t_p_120_1176_p000370.txt,repaired_from_ocr_scan_pack,True,[],graph_source_map_plus_validated_evidence_links,False,True,validated_page_or_evidence_summary,False,True,joined_target_specific_dry_run_plans,"[""postgres_graph"", ""qdrant""]","{""postgres_graph"": ""ready"", ""qdrant"": ""ready""}","{""postgres_graph"": [], ""qdrant"": []}","[""postgres_graph"", ""qdrant""]",True,True,False,False,[],ready_dry_run_only,,,
False,False,True,False,plain_text,False,"[""postgres_graph"", ""qdrant""]",False,t_p_120_1176_p000371,371,True,True,00000371.tif,371,42eede82d860526fbe198cd20cff8ecac8a2e0c9df23e71ce67f5c95189c7926,00000371.tif,False,validated_graph_and_semantic_index,False,False,False,plain_text,local_data\organization\trace_net\raw_to_answer_context_engineered_native_gemma4_001\ocr_route_scan_pack_tesseract_full\page_images\t_p_120_1176_p000371.tif,local_data\organization\trace_net\raw_to_answer_context_engineered_native_gemma4_001\ocr_route_scan_pack_tesseract_full\ocr_text\t_p_120_1176_p000371.txt,repaired_from_ocr_scan_pack,True,[],graph_source_map_plus_validated_evidence_links,False,True,validated_page_or_evidence_summary,False,True,joined_target_specific_dry_run_plans,"[""postgres_graph"", ""qdrant""]","{""postgres_graph"": ""ready"", ""qdrant"": ""ready""}","{""postgres_graph"": [], ""qdrant"": []}","[""postgres_graph"", ""qdrant""]",True,True,False,False,[],ready_dry_run_only,,,
False,False,True,False,table,False,"[""postgres_graph"", ""qdrant"", ""opensearch""]",True,t_p_120_1176_p000372,372,True,True,00000372.tif,372,ea151546d0f12c34a948b5c88ce7cd9bf92c5ad4360a413d74f7197e07d4f06b,00000372.tif,False,validated_graph_semantic_and_exact_index,False,False,False,table,local_data\organization\trace_net\raw_to_answer_context_engineered_native_gemma4_001\ocr_route_scan_pack_tesseract_full\page_images\t_p_120_1176_p000372.tif,local_data\organization\trace_net\raw_to_answer_context_engineered_native_gemma4_001\ocr_route_scan_pack_tesseract_full\ocr_text\t_p_120_1176_p000372.txt,repaired_from_ocr_scan_pack,True,[],graph_source_map_plus_validated_evidence_links,False,True,validated_page_or_evidence_summary,False,True,joined_target_specific_dry_run_plans,"[""postgres_graph"", ""qdrant"", ""opensearch""]","{""opensearch"": ""ready"", ""postgres_graph"": ""ready"", ""qdrant"": ""ready""}","{""opensearch"": [], ""postgres_graph"": [], ""qdrant"": []}","[""postgres_graph"", ""qdrant"", ""opensearch""]",True,True,True,False,[],ready_dry_run_only,validated_table_or_exact_evidence,False,True
False,False,True,False,table,False,"[""postgres_graph"", ""qdrant"", ""opensearch""]",True,t_p_120_1176_p000373,373,True,True,00000373.tif,373,96164ed7d389ff7a791ffbfd8159a5efdba4a4d927b8ee0fef28f86fdee33e8f,00000373.tif,False,validated_graph_semantic_and_exact_index,False,False,False,table,local_data\organization\trace_net\raw_to_answer_context_engineered_native_gemma4_001\ocr_route_scan_pack_tesseract_full\page_images\t_p_120_1176_p000373.tif,local_data\organization\trace_net\raw_to_answer_context_engineered_native_gemma4_001\ocr_route_scan_pack_tesseract_full\ocr_text\t_p_120_1176_p000373.txt,repaired_from_ocr_scan_pack,True,[],graph_source_map_plus_validated_evidence_links,False,True,validated_page_or_evidence_summary,False,True,joined_target_specific_dry_run_plans,"[""postgres_graph"", ""qdrant"", ""opensearch""]","{""opensearch"": ""ready"", ""postgres_graph"": ""ready"", ""qdrant"": ""ready""}","{""opensearch"": [], ""postgres_graph"": [], ""qdrant"": []}","[""postgres_graph"", ""qdrant"", ""opensearch""]",True,True,True,False,[],ready_dry_run_only,validated_table_or_exact_evidence,False,True
False,False,True,False,plain_text,False,"[""postgres_graph"", ""qdrant""]",False,t_p_120_1176_p000374,374,True,True,00000374.tif,374,62f7d8764fb4c80936977d8c93feab89b578c21b526f079764db8c15f2d24060,00000374.tif,False,validated_graph_and_semantic_index,False,False,False,plain_text,local_data\organization\trace_net\raw_to_answer_context_engineered_native_gemma4_001\ocr_route_scan_pack_tesseract_full\page_images\t_p_120_1176_p000374.tif,local_data\organization\trace_net\raw_to_answer_context_engineered_native_gemma4_001\ocr_route_scan_pack_tesseract_full\ocr_text\t_p_120_1176_p000374.txt,repaired_from_ocr_scan_pack,True,[],graph_source_map_plus_validated_evidence_links,False,True,validated_page_or_evidence_summary,False,True,joined_target_specific_dry_run_plans,"[""postgres_graph"", ""qdrant""]","{""postgres_graph"": ""ready"", ""qdrant"": ""ready""}","{""postgres_graph"": [], ""qdrant"": []}","[""postgres_graph"", ""qdrant""]",True,True,False,False,[],ready_dry_run_only,,,
False,False,True,False,plain_text,False,"[""postgres_graph"", ""qdrant""]",False,t_p_120_1176_p000375,375,True,True,00000375.tif,375,0f1b2bc53b9c707b37ad9bca732e338b589f8dd677979ea586b1ca8f7c32b36c,00000375.tif,False,validated_graph_and_semantic_index,False,False,False,plain_text,local_data\organization\trace_net\raw_to_answer_context_engineered_native_gemma4_001\ocr_route_scan_pack_tesseract_full\page_images\t_p_120_1176_p000375.tif,local_data\organization\trace_net\raw_to_answer_context_engineered_native_gemma4_001\ocr_route_scan_pack_tesseract_full\ocr_text\t_p_120_1176_p000375.txt,repaired_from_ocr_scan_pack,True,[],graph_source_map_plus_validated_evidence_links,False,True,validated_page_or_evidence_summary,False,True,joined_target_specific_dry_run_plans,"[""postgres_graph"", ""qdrant""]","{""postgres_graph"": ""ready"", ""qdrant"": ""ready""}","{""postgres_graph"": [], ""qdrant"": []}","[""postgres_graph"", ""qdrant""]",True,True,False,False,[],ready_dry_run_only,,,
False,False,True,False,table,False,"[""postgres_graph"", ""qdrant"", ""opensearch""]",True,t_p_120_1176_p000376,376,True,True,00000376.tif,376,6a6ac3c30888546f637fe0e498a1294b72737dc4e53fbd7fe2190761a24bb632,00000376.tif,False,validated_graph_semantic_and_exact_index,False,False,False,table,local_data\organization\trace_net\raw_to_answer_context_engineered_native_gemma4_001\ocr_route_scan_pack_tesseract_full\page_images\t_p_120_1176_p000376.tif,local_data\organization\trace_net\raw_to_answer_context_engineered_native_gemma4_001\ocr_route_scan_pack_tesseract_full\ocr_text\t_p_120_1176_p000376.txt,repaired_from_ocr_scan_pack,True,[],graph_source_map_plus_validated_evidence_links,False,True,validated_page_or_evidence_summary,False,True,joined_target_specific_dry_run_plans,"[""postgres_graph"", ""qdrant"", ""opensearch""]","{""opensearch"": ""ready"", ""postgres_graph"": ""ready"", ""qdrant"": ""ready""}","{""opensearch"": [], ""postgres_graph"": [], ""qdrant"": []}","[""postgres_graph"", ""qdrant"", ""opensearch""]",True,True,True,False,[],ready_dry_run_only,validated_table_or_exact_evidence,False,True
False,False,True,False,table,False,"[""postgres_graph"", ""qdrant"", ""opensearch""]",True,t_p_120_1176_p000377,377,True,True,00000377.tif,377,98e277db02e6c42d491fc4609dfd25501f1d205fa82524d23ba65eb620f7a72e,00000377.tif,False,validated_graph_semantic_and_exact_index,False,False,False,table,local_data\organization\trace_net\raw_to_answer_context_engineered_native_gemma4_001\ocr_route_scan_pack_tesseract_full\page_images\t_p_120_1176_p000377.tif,local_data\organization\trace_net\raw_to_answer_context_engineered_native_gemma4_001\ocr_route_scan_pack_tesseract_full\ocr_text\t_p_120_1176_p000377.txt,repaired_from_ocr_scan_pack,True,[],graph_source_map_plus_validated_evidence_links,False,True,validated_page_or_evidence_summary,False,True,joined_target_specific_dry_run_plans,"[""postgres_graph"", ""qdrant"", ""opensearch""]","{""opensearch"": ""ready"", ""postgres_graph"": ""ready"", ""qdrant"": ""ready""}","{""opensearch"": [], ""postgres_graph"": [], ""qdrant"": []}","[""postgres_graph"", ""qdrant"", ""opensearch""]",True,True,True,False,[],ready_dry_run_only,validated_table_or_exact_evidence,False,True
False,False,True,False,plain_text,False,"[""postgres_graph"", ""qdrant""]",False,t_p_120_1176_p000378,378,True,True,00000378.tif,378,22afcacbd49ba06a574d8f76042a0a2e17b24983cca7143b1a2e24058e8aa7c7,00000378.tif,False,validated_graph_and_semantic_index,False,False,False,plain_text,local_data\organization\trace_net\raw_to_answer_context_engineered_native_gemma4_001\ocr_route_scan_pack_tesseract_full\page_images\t_p_120_1176_p000378.tif,local_data\organization\trace_net\raw_to_answer_context_engineered_native_gemma4_001\ocr_route_scan_pack_tesseract_full\ocr_text\t_p_120_1176_p000378.txt,repaired_from_ocr_scan_pack,True,[],graph_source_map_plus_validated_evidence_links,False,True,validated_page_or_evidence_summary,False,True,joined_target_specific_dry_run_plans,"[""postgres_graph"", ""qdrant""]","{""postgres_graph"": ""ready"", ""qdrant"": ""ready""}","{""postgres_graph"": [], ""qdrant"": []}","[""postgres_graph"", ""qdrant""]",True,True,False,False,[],ready_dry_run_only,,,
False,True,True,True,table,False,"[""postgres_graph""]",False,t_p_120_1176_p000379,379,True,False,00000379.tif,379,db801a6922a083ee73dc47ea02af150be8360014d42d82f132c4c927f01ffa38,00000379.tif,False,graph_only_validator_gated,False,True,False,table,local_data\organization\trace_net\raw_to_answer_context_engineered_native_gemma4_001\ocr_route_scan_pack_tesseract_full\page_images\t_p_120_1176_p000379.tif,local_data\organization\trace_net\raw_to_answer_context_engineered_native_gemma4_001\ocr_route_scan_pack_tesseract_full\ocr_text\t_p_120_1176_p000379.txt,repaired_from_ocr_scan_pack,True,[],graph_source_map_only,False,True,,,,joined_target_specific_dry_run_plans,"[""postgres_graph""]","{""postgres_graph"": ""ready""}","{""postgres_graph"": []}","[""postgres_graph""]",True,False,False,False,[],ready_dry_run_only,,,
False,False,True,False,table,False,"[""postgres_graph"", ""qdrant"", ""opensearch""]",True,t_p_120_1176_p000380,380,True,True,00000380.tif,380,2d14ee5e8b6191d8c98971757dea6c428728fb4936ff675ca359c786da5306d7,00000380.tif,False,validated_graph_semantic_and_exact_index,False,False,False,table,local_data\organization\trace_net\raw_to_answer_context_engineered_native_gemma4_001\ocr_route_scan_pack_tesseract_full\page_images\t_p_120_1176_p000380.tif,local_data\organization\trace_net\raw_to_answer_context_engineered_native_gemma4_001\ocr_route_scan_pack_tesseract_full\ocr_text\t_p_120_1176_p000380.txt,repaired_from_ocr_scan_pack,True,[],graph_source_map_plus_validated_evidence_links,False,True,validated_page_or_evidence_summary,False,True,joined_target_specific_dry_run_plans,"[""postgres_graph"", ""qdrant"", ""opensearch""]","{""opensearch"": ""ready"", ""postgres_graph"": ""ready"", ""qdrant"": ""ready""}","{""opensearch"": [], ""postgres_graph"": [], ""qdrant"": []}","[""postgres_graph"", ""qdrant"", ""opensearch""]",True,True,True,False,[],ready_dry_run_only,validated_table_or_exact_evidence,False,True
False,False,True,False,table,False,"[""postgres_graph"", ""qdrant"", ""opensearch""]",True,t_p_120_1176_p000381,381,True,True,00000381.tif,381,c14bd5bd5978691b793c395fbe87642eab7c6454032e5312c94ea4c27d324ba9,00000381.tif,False,validated_graph_semantic_and_exact_index,False,False,False,table,local_data\organization\trace_net\raw_to_answer_context_engineered_native_gemma4_001\ocr_route_scan_pack_tesseract_full\page_images\t_p_120_1176_p000381.tif,local_data\organization\trace_net\raw_to_answer_context_engineered_native_gemma4_001\ocr_route_scan_pack_tesseract_full\ocr_text\t_p_120_1176_p000381.txt,repaired_from_ocr_scan_pack,True,[],graph_source_map_plus_validated_evidence_links,False,True,validated_page_or_evidence_summary,False,True,joined_target_specific_dry_run_plans,"[""postgres_graph"", ""qdrant"", ""opensearch""]","{""opensearch"": ""ready"", ""postgres_graph"": ""ready"", ""qdrant"": ""ready""}","{""opensearch"": [], ""postgres_graph"": [], ""qdrant"": []}","[""postgres_graph"", ""qdrant"", ""opensearch""]",True,True,True,False,[],ready_dry_run_only,validated_table_or_exact_evidence,False,True
False,False,True,False,plain_text,False,"[""postgres_graph"", ""qdrant""]",False,t_p_120_1176_p000382,382,True,True,00000382.tif,382,a0a505d448a451888a70a756270f2347364ba7ae3365fb9db14acaddde203617,00000382.tif,False,validated_graph_and_semantic_index,False,False,False,plain_text,local_data\organization\trace_net\raw_to_answer_context_engineered_native_gemma4_001\ocr_route_scan_pack_tesseract_full\page_images\t_p_120_1176_p000382.tif,local_data\organization\trace_net\raw_to_answer_context_engineered_native_gemma4_001\ocr_route_scan_pack_tesseract_full\ocr_text\t_p_120_1176_p000382.txt,repaired_from_ocr_scan_pack,True,[],graph_source_map_plus_validated_evidence_links,False,True,validated_page_or_evidence_summary,False,True,joined_target_specific_dry_run_plans,"[""postgres_graph"", ""qdrant""]","{""postgres_graph"": ""ready"", ""qdrant"": ""ready""}","{""postgres_graph"": [], ""qdrant"": []}","[""postgres_graph"", ""qdrant""]",True,True,False,False,[],ready_dry_run_only,,,
False,False,True,False,plain_text,False,"[""postgres_graph"", ""qdrant""]",False,t_p_120_1176_p000383,383,True,True,00000383.tif,383,ee93c2eabbbd80c4fbe615d5006b130996455192c7d8d2bd7b31cd0944087abd,00000383.tif,False,validated_graph_and_semantic_index,False,False,False,plain_text,local_data\organization\trace_net\raw_to_answer_context_engineered_native_gemma4_001\ocr_route_scan_pack_tesseract_full\page_images\t_p_120_1176_p000383.tif,local_data\organization\trace_net\raw_to_answer_context_engineered_native_gemma4_001\ocr_route_scan_pack_tesseract_full\ocr_text\t_p_120_1176_p000383.txt,repaired_from_ocr_scan_pack,True,[],graph_source_map_plus_validated_evidence_links,False,True,validated_page_or_evidence_summary,False,True,joined_target_specific_dry_run_plans,"[""postgres_graph"", ""qdrant""]","{""postgres_graph"": ""ready"", ""qdrant"": ""ready""}","{""postgres_graph"": [], ""qdrant"": []}","[""postgres_graph"", ""qdrant""]",True,True,False,False,[],ready_dry_run_only,,,
False,False,True,False,table,False,"[""postgres_graph"", ""qdrant"", ""opensearch""]",True,t_p_120_1176_p000384,384,True,True,00000384.tif,384,397d0a9171408a7505975ee32b86d392bc0d1c300993ef02c84dc8a63ca148ca,00000384.tif,False,validated_graph_semantic_and_exact_index,False,False,False,table,local_data\organization\trace_net\raw_to_answer_context_engineered_native_gemma4_001\ocr_route_scan_pack_tesseract_full\page_images\t_p_120_1176_p000384.tif,local_data\organization\trace_net\raw_to_answer_context_engineered_native_gemma4_001\ocr_route_scan_pack_tesseract_full\ocr_text\t_p_120_1176_p000384.txt,repaired_from_ocr_scan_pack,True,[],graph_source_map_plus_validated_evidence_links,False,True,validated_page_or_evidence_summary,False,True,joined_target_specific_dry_run_plans,"[""postgres_graph"", ""qdrant"", ""opensearch""]","{""opensearch"": ""ready"", ""postgres_graph"": ""ready"", ""qdrant"": ""ready""}","{""opensearch"": [], ""postgres_graph"": [], ""qdrant"": []}","[""postgres_graph"", ""qdrant"", ""opensearch""]",True,True,True,False,[],ready_dry_run_only,validated_table_or_exact_evidence,False,True
False,False,True,False,plain_text,False,"[""postgres_graph"", ""qdrant""]",False,t_p_120_1176_p000385,385,True,True,00000385.tif,385,26e46340e3f7c10cac7d9d68fdf473cbcbae4a13fad01f8a4f4af87ec9ad85f7,00000385.tif,False,validated_graph_and_semantic_index,False,False,False,plain_text,local_data\organization\trace_net\raw_to_answer_context_engineered_native_gemma4_001\ocr_route_scan_pack_tesseract_full\page_images\t_p_120_1176_p000385.tif,local_data\organization\trace_net\raw_to_answer_context_engineered_native_gemma4_001\ocr_route_scan_pack_tesseract_full\ocr_text\t_p_120_1176_p000385.txt,repaired_from_ocr_scan_pack,True,[],graph_source_map_plus_validated_evidence_links,False,True,validated_page_or_evidence_summary,False,True,joined_target_specific_dry_run_plans,"[""postgres_graph"", ""qdrant""]","{""postgres_graph"": ""ready"", ""qdrant"": ""ready""}","{""postgres_graph"": [], ""qdrant"": []}","[""postgres_graph"", ""qdrant""]",True,True,False,False,[],ready_dry_run_only,,,
False,False,True,False,plain_text,False,"[""postgres_graph"", ""qdrant""]",False,t_p_120_1176_p000386,386,True,True,00000386.tif,386,2fd1e977e553c3eb1901969532b2d0dc629ac833c625773579bc3709acfb59f1,00000386.tif,False,validated_graph_and_semantic_index,False,False,False,plain_text,local_data\organization\trace_net\raw_to_answer_context_engineered_native_gemma4_001\ocr_route_scan_pack_tesseract_full\page_images\t_p_120_1176_p000386.tif,local_data\organization\trace_net\raw_to_answer_context_engineered_native_gemma4_001\ocr_route_scan_pack_tesseract_full\ocr_text\t_p_120_1176_p000386.txt,repaired_from_ocr_scan_pack,True,[],graph_source_map_plus_validated_evidence_links,False,True,validated_page_or_evidence_summary,False,True,joined_target_specific_dry_run_plans,"[""postgres_graph"", ""qdrant""]","{""postgres_graph"": ""ready"", ""qdrant"": ""ready""}","{""postgres_graph"": [], ""qdrant"": []}","[""postgres_graph"", ""qdrant""]",True,True,False,False,[],ready_dry_run_only,,,
False,False,True,False,plain_text,False,"[""postgres_graph"", ""qdrant""]",False,t_p_120_1176_p000387,387,True,True,00000387.tif,387,cdecf0ae93578f46bdc306576da702f3326c1b02297f81c167e5c0556513cf94,00000387.tif,False,validated_graph_and_semantic_index,False,False,False,plain_text,local_data\organization\trace_net\raw_to_answer_context_engineered_native_gemma4_001\ocr_route_scan_pack_tesseract_full\page_images\t_p_120_1176_p000387.tif,local_data\organization\trace_net\raw_to_answer_context_engineered_native_gemma4_001\ocr_route_scan_pack_tesseract_full\ocr_text\t_p_120_1176_p000387.txt,repaired_from_ocr_scan_pack,True,[],graph_source_map_plus_validated_evidence_links,False,True,validated_page_or_evidence_summary,False,True,joined_target_specific_dry_run_plans,"[""postgres_graph"", ""qdrant""]","{""postgres_graph"": ""ready"", ""qdrant"": ""ready""}","{""postgres_graph"": [], ""qdrant"": []}","[""postgres_graph"", ""qdrant""]",True,True,False,False,[],ready_dry_run_only,,,
False,False,True,False,table,False,"[""postgres_graph"", ""qdrant"", ""opensearch""]",True,t_p_120_1176_p000388,388,True,True,00000388.tif,388,c08e31c948269c46b8adb1a994d8100cc6b8730fcaeaff04e5d84609e0f5dd56,00000388.tif,False,validated_graph_semantic_and_exact_index,False,False,False,table,local_data\organization\trace_net\raw_to_answer_context_engineered_native_gemma4_001\ocr_route_scan_pack_tesseract_full\page_images\t_p_120_1176_p000388.tif,local_data\organization\trace_net\raw_to_answer_context_engineered_native_gemma4_001\ocr_route_scan_pack_tesseract_full\ocr_text\t_p_120_1176_p000388.txt,repaired_from_ocr_scan_pack,True,[],graph_source_map_plus_validated_evidence_links,False,True,validated_page_or_evidence_summary,False,True,joined_target_specific_dry_run_plans,"[""postgres_graph"", ""qdrant"", ""opensearch""]","{""opensearch"": ""ready"", ""postgres_graph"": ""ready"", ""qdrant"": ""ready""}","{""opensearch"": [], ""postgres_graph"": [], ""qdrant"": []}","[""postgres_graph"", ""qdrant"", ""opensearch""]",True,True,True,False,[],ready_dry_run_only,validated_table_or_exact_evidence,False,True
False,False,True,False,table,False,"[""postgres_graph"", ""qdrant"", ""opensearch""]",True,t_p_120_1176_p000389,389,True,True,00000389.tif,389,1051054f8b52745fdfabde27a2690e6b2a973313e178c68478c1fb0c0db90fcb,00000389.tif,False,validated_graph_semantic_and_exact_index,False,False,False,table,local_data\organization\trace_net\raw_to_answer_context_engineered_native_gemma4_001\ocr_route_scan_pack_tesseract_full\page_images\t_p_120_1176_p000389.tif,local_data\organization\trace_net\raw_to_answer_context_engineered_native_gemma4_001\ocr_route_scan_pack_tesseract_full\ocr_text\t_p_120_1176_p000389.txt,repaired_from_ocr_scan_pack,True,[],graph_source_map_plus_validated_evidence_links,False,True,validated_page_or_evidence_summary,False,True,joined_target_specific_dry_run_plans,"[""postgres_graph"", ""qdrant"", ""opensearch""]","{""opensearch"": ""ready"", ""postgres_graph"": ""ready"", ""qdrant"": ""ready""}","{""opensearch"": [], ""postgres_graph"": [], ""qdrant"": []}","[""postgres_graph"", ""qdrant"", ""opensearch""]",True,True,True,False,[],ready_dry_run_only,validated_table_or_exact_evidence,False,True
False,False,True,False,plain_text,False,"[""postgres_graph"", ""qdrant""]",False,t_p_120_1176_p000390,390,True,True,00000390.tif,390,4049ccba07216990372258fae0c1e2685652d07d9306364f0e96a98e407679ca,00000390.tif,False,validated_graph_and_semantic_index,False,False,False,plain_text,local_data\organization\trace_net\raw_to_answer_context_engineered_native_gemma4_001\ocr_route_scan_pack_tesseract_full\page_images\t_p_120_1176_p000390.tif,local_data\organization\trace_net\raw_to_answer_context_engineered_native_gemma4_001\ocr_route_scan_pack_tesseract_full\ocr_text\t_p_120_1176_p000390.txt,repaired_from_ocr_scan_pack,True,[],graph_source_map_plus_validated_evidence_links,False,True,validated_page_or_evidence_summary,False,True,joined_target_specific_dry_run_plans,"[""postgres_graph"", ""qdrant""]","{""postgres_graph"": ""ready"", ""qdrant"": ""ready""}","{""postgres_graph"": [], ""qdrant"": []}","[""postgres_graph"", ""qdrant""]",True,True,False,False,[],ready_dry_run_only,,,
False,False,True,False,plain_text,False,"[""postgres_graph"", ""qdrant""]",False,t_p_120_1176_p000391,391,True,True,00000391.tif,391,f8a320c936e13f332b095bdcaa2f568534b622ca64402e925ff08edca14de99f,00000391.tif,False,validated_graph_and_semantic_index,False,False,False,plain_text,local_data\organization\trace_net\raw_to_answer_context_engineered_native_gemma4_001\ocr_route_scan_pack_tesseract_full\page_images\t_p_120_1176_p000391.tif,local_data\organization\trace_net\raw_to_answer_context_engineered_native_gemma4_001\ocr_route_scan_pack_tesseract_full\ocr_text\t_p_120_1176_p000391.txt,repaired_from_ocr_scan_pack,True,[],graph_source_map_plus_validated_evidence_links,False,True,validated_page_or_evidence_summary,False,True,joined_target_specific_dry_run_plans,"[""postgres_graph"", ""qdrant""]","{""postgres_graph"": ""ready"", ""qdrant"": ""ready""}","{""postgres_graph"": [], ""qdrant"": []}","[""postgres_graph"", ""qdrant""]",True,True,False,False,[],ready_dry_run_only,,,
False,False,True,False,table,False,"[""postgres_graph"", ""qdrant"", ""opensearch""]",True,t_p_120_1176_p000392,392,True,True,00000392.tif,392,708348d4d2214d9580ae3966361bb3f9c11b1bea274845e23cd497020325f033,00000392.tif,False,validated_graph_semantic_and_exact_index,False,False,False,table,local_data\organization\trace_net\raw_to_answer_context_engineered_native_gemma4_001\ocr_route_scan_pack_tesseract_full\page_images\t_p_120_1176_p000392.tif,local_data\organization\trace_net\raw_to_answer_context_engineered_native_gemma4_001\ocr_route_scan_pack_tesseract_full\ocr_text\t_p_120_1176_p000392.txt,repaired_from_ocr_scan_pack,True,[],graph_source_map_plus_validated_evidence_links,False,True,validated_page_or_evidence_summary,False,True,joined_target_specific_dry_run_plans,"[""postgres_graph"", ""qdrant"", ""opensearch""]","{""opensearch"": ""ready"", ""postgres_graph"": ""ready"", ""qdrant"": ""ready""}","{""opensearch"": [], ""postgres_graph"": [], ""qdrant"": []}","[""postgres_graph"", ""qdrant"", ""opensearch""]",True,True,True,False,[],ready_dry_run_only,validated_table_or_exact_evidence,False,True
False,False,True,False,table,False,"[""postgres_graph"", ""qdrant"", ""opensearch""]",True,t_p_120_1176_p000393,393,True,True,00000393.tif,393,2879cf6c244e1949d89410703dd52df4567ef900745353c69633e35540ec3d04,00000393.tif,False,validated_graph_semantic_and_exact_index,False,False,False,table,local_data\organization\trace_net\raw_to_answer_context_engineered_native_gemma4_001\ocr_route_scan_pack_tesseract_full\page_images\t_p_120_1176_p000393.tif,local_data\organization\trace_net\raw_to_answer_context_engineered_native_gemma4_001\ocr_route_scan_pack_tesseract_full\ocr_text\t_p_120_1176_p000393.txt,repaired_from_ocr_scan_pack,True,[],graph_source_map_plus_validated_evidence_links,False,True,validated_page_or_evidence_summary,False,True,joined_target_specific_dry_run_plans,"[""postgres_graph"", ""qdrant"", ""opensearch""]","{""opensearch"": ""ready"", ""postgres_graph"": ""ready"", ""qdrant"": ""ready""}","{""opensearch"": [], ""postgres_graph"": [], ""qdrant"": []}","[""postgres_graph"", ""qdrant"", ""opensearch""]",True,True,True,False,[],ready_dry_run_only,validated_table_or_exact_evidence,False,True
False,False,True,False,plain_text,False,"[""postgres_graph"", ""qdrant""]",False,t_p_120_1176_p000394,394,True,True,00000394.tif,394,f347db53be9a381984845f2073fa8b596e584dc04e94b0612e8c404eceaa8757,00000394.tif,False,validated_graph_and_semantic_index,False,False,False,plain_text,local_data\organization\trace_net\raw_to_answer_context_engineered_native_gemma4_001\ocr_route_scan_pack_tesseract_full\page_images\t_p_120_1176_p000394.tif,local_data\organization\trace_net\raw_to_answer_context_engineered_native_gemma4_001\ocr_route_scan_pack_tesseract_full\ocr_text\t_p_120_1176_p000394.txt,repaired_from_ocr_scan_pack,True,[],graph_source_map_plus_validated_evidence_links,False,True,validated_page_or_evidence_summary,False,True,joined_target_specific_dry_run_plans,"[""postgres_graph"", ""qdrant""]","{""postgres_graph"": ""ready"", ""qdrant"": ""ready""}","{""postgres_graph"": [], ""qdrant"": []}","[""postgres_graph"", ""qdrant""]",True,True,False,False,[],ready_dry_run_only,,,
False,False,True,False,plain_text,False,"[""postgres_graph"", ""qdrant""]",False,t_p_120_1176_p000395,395,True,True,00000395.tif,395,c5e45be7757771f10a6c86e22c2b93ca21af3b611456086516ddb10b8e9f4de1,00000395.tif,False,validated_graph_and_semantic_index,False,False,False,plain_text,local_data\organization\trace_net\raw_to_answer_context_engineered_native_gemma4_001\ocr_route_scan_pack_tesseract_full\page_images\t_p_120_1176_p000395.tif,local_data\organization\trace_net\raw_to_answer_context_engineered_native_gemma4_001\ocr_route_scan_pack_tesseract_full\ocr_text\t_p_120_1176_p000395.txt,repaired_from_ocr_scan_pack,True,[],graph_source_map_plus_validated_evidence_links,False,True,validated_page_or_evidence_summary,False,True,joined_target_specific_dry_run_plans,"[""postgres_graph"", ""qdrant""]","{""postgres_graph"": ""ready"", ""qdrant"": ""ready""}","{""postgres_graph"": [], ""qdrant"": []}","[""postgres_graph"", ""qdrant""]",True,True,False,False,[],ready_dry_run_only,,,
False,False,True,False,table,False,"[""postgres_graph"", ""qdrant"", ""opensearch""]",True,t_p_120_1176_p000396,396,True,True,00000396.tif,396,d6ef45206ed031a68d9738269a259a43ee57e82ede17cdd5e632368f9a0f06fa,00000396.tif,False,validated_graph_semantic_and_exact_index,False,False,False,table,local_data\organization\trace_net\raw_to_answer_context_engineered_native_gemma4_001\ocr_route_scan_pack_tesseract_full\page_images\t_p_120_1176_p000396.tif,local_data\organization\trace_net\raw_to_answer_context_engineered_native_gemma4_001\ocr_route_scan_pack_tesseract_full\ocr_text\t_p_120_1176_p000396.txt,repaired_from_ocr_scan_pack,True,[],graph_source_map_plus_validated_evidence_links,False,True,validated_page_or_evidence_summary,False,True,joined_target_specific_dry_run_plans,"[""postgres_graph"", ""qdrant"", ""opensearch""]","{""opensearch"": ""ready"", ""postgres_graph"": ""ready"", ""qdrant"": ""ready""}","{""opensearch"": [], ""postgres_graph"": [], ""qdrant"": []}","[""postgres_graph"", ""qdrant"", ""opensearch""]",True,True,True,False,[],ready_dry_run_only,validated_table_or_exact_evidence,False,True
False,False,True,False,table,False,"[""postgres_graph"", ""qdrant"", ""opensearch""]",True,t_p_120_1176_p000397,397,True,True,00000397.tif,397,c8ee4a296e74bea98eb55baf11fbc1cd89c381ba2fca594b4969ad0321a67e87,00000397.tif,False,validated_graph_semantic_and_exact_index,False,False,False,table,local_data\organization\trace_net\raw_to_answer_context_engineered_native_gemma4_001\ocr_route_scan_pack_tesseract_full\page_images\t_p_120_1176_p000397.tif,local_data\organization\trace_net\raw_to_answer_context_engineered_native_gemma4_001\ocr_route_scan_pack_tesseract_full\ocr_text\t_p_120_1176_p000397.txt,repaired_from_ocr_scan_pack,True,[],graph_source_map_plus_validated_evidence_links,False,True,validated_page_or_evidence_summary,False,True,joined_target_specific_dry_run_plans,"[""postgres_graph"", ""qdrant"", ""opensearch""]","{""opensearch"": ""ready"", ""postgres_graph"": ""ready"", ""qdrant"": ""ready""}","{""opensearch"": [], ""postgres_graph"": [], ""qdrant"": []}","[""postgres_graph"", ""qdrant"", ""opensearch""]",True,True,True,False,[],ready_dry_run_only,validated_table_or_exact_evidence,False,True
False,False,True,False,plain_text,False,"[""postgres_graph"", ""qdrant""]",False,t_p_120_1176_p000398,398,True,True,00000398.tif,398,0ac44f15172b9cdea91dbd3afb8949874c0c02f05898db39d03e6d9bc00063b3,00000398.tif,False,validated_graph_and_semantic_index,False,False,False,plain_text,local_data\organization\trace_net\raw_to_answer_context_engineered_native_gemma4_001\ocr_route_scan_pack_tesseract_full\page_images\t_p_120_1176_p000398.tif,local_data\organization\trace_net\raw_to_answer_context_engineered_native_gemma4_001\ocr_route_scan_pack_tesseract_full\ocr_text\t_p_120_1176_p000398.txt,repaired_from_ocr_scan_pack,True,[],graph_source_map_plus_validated_evidence_links,False,True,validated_page_or_evidence_summary,False,True,joined_target_specific_dry_run_plans,"[""postgres_graph"", ""qdrant""]","{""postgres_graph"": ""ready"", ""qdrant"": ""ready""}","{""postgres_graph"": [], ""qdrant"": []}","[""postgres_graph"", ""qdrant""]",True,True,False,False,[],ready_dry_run_only,,,
False,False,True,False,plain_text,False,"[""postgres_graph"", ""qdrant""]",False,t_p_120_1176_p000399,399,True,True,00000399.tif,399,913a4b387cabf16c0492a25be2834c08a86b31d835e27f1f25615684277a5eb5,00000399.tif,False,validated_graph_and_semantic_index,False,False,False,plain_text,local_data\organization\trace_net\raw_to_answer_context_engineered_native_gemma4_001\ocr_route_scan_pack_tesseract_full\page_images\t_p_120_1176_p000399.tif,local_data\organization\trace_net\raw_to_answer_context_engineered_native_gemma4_001\ocr_route_scan_pack_tesseract_full\ocr_text\t_p_120_1176_p000399.txt,repaired_from_ocr_scan_pack,True,[],graph_source_map_plus_validated_evidence_links,False,True,validated_page_or_evidence_summary,False,True,joined_target_specific_dry_run_plans,"[""postgres_graph"", ""qdrant""]","{""postgres_graph"": ""ready"", ""qdrant"": ""ready""}","{""postgres_graph"": [], ""qdrant"": []}","[""postgres_graph"", ""qdrant""]",True,True,False,False,[],ready_dry_run_only,,,
False,False,True,False,table,False,"[""postgres_graph"", ""qdrant"", ""opensearch""]",True,t_p_120_1176_p000400,400,True,True,00000400.tif,400,44b518c2f28b6b9d39a359677eabab6a8453c2a16cf17ddcbad9099229044499,00000400.tif,False,validated_graph_semantic_and_exact_index,False,False,False,table,local_data\organization\trace_net\raw_to_answer_context_engineered_native_gemma4_001\ocr_route_scan_pack_tesseract_full\page_images\t_p_120_1176_p000400.tif,local_data\organization\trace_net\raw_to_answer_context_engineered_native_gemma4_001\ocr_route_scan_pack_tesseract_full\ocr_text\t_p_120_1176_p000400.txt,repaired_from_ocr_scan_pack,True,[],graph_source_map_plus_validated_evidence_links,False,True,validated_page_or_evidence_summary,False,True,joined_target_specific_dry_run_plans,"[""postgres_graph"", ""qdrant"", ""opensearch""]","{""opensearch"": ""ready"", ""postgres_graph"": ""ready"", ""qdrant"": ""ready""}","{""opensearch"": [], ""postgres_graph"": [], ""qdrant"": []}","[""postgres_graph"", ""qdrant"", ""opensearch""]",True,True,True,False,[],ready_dry_run_only,validated_table_or_exact_evidence,False,True
False,False,True,False,table,False,"[""postgres_graph"", ""qdrant"", ""opensearch""]",True,t_p_120_1176_p000401,401,True,True,00000401.tif,401,6f2911d1a4033ebaae209ed8ddf7778986dba659e330cf1c4dbd70cbf7bc9a63,00000401.tif,False,validated_graph_semantic_and_exact_index,False,False,False,table,local_data\organization\trace_net\raw_to_answer_context_engineered_native_gemma4_001\ocr_route_scan_pack_tesseract_full\page_images\t_p_120_1176_p000401.tif,local_data\organization\trace_net\raw_to_answer_context_engineered_native_gemma4_001\ocr_route_scan_pack_tesseract_full\ocr_text\t_p_120_1176_p000401.txt,repaired_from_ocr_scan_pack,True,[],graph_source_map_plus_validated_evidence_links,False,True,validated_page_or_evidence_summary,False,True,joined_target_specific_dry_run_plans,"[""postgres_graph"", ""qdrant"", ""opensearch""]","{""opensearch"": ""ready"", ""postgres_graph"": ""ready"", ""qdrant"": ""ready""}","{""opensearch"": [], ""postgres_graph"": [], ""qdrant"": []}","[""postgres_graph"", ""qdrant"", ""opensearch""]",True,True,True,False,[],ready_dry_run_only,validated_table_or_exact_evidence,False,True
False,False,True,False,plain_text,False,"[""postgres_graph"", ""qdrant""]",False,t_p_120_1176_p000402,402,True,True,00000402.tif,402,88d31ab22b019d7dca5d51d71524bf5c7b1e8305b61626309045d5254d5378aa,00000402.tif,False,validated_graph_and_semantic_index,False,False,False,plain_text,local_data\organization\trace_net\raw_to_answer_context_engineered_native_gemma4_001\ocr_route_scan_pack_tesseract_full\page_images\t_p_120_1176_p000402.tif,local_data\organization\trace_net\raw_to_answer_context_engineered_native_gemma4_001\ocr_route_scan_pack_tesseract_full\ocr_text\t_p_120_1176_p000402.txt,repaired_from_ocr_scan_pack,True,[],graph_source_map_plus_validated_evidence_links,False,True,validated_page_or_evidence_summary,False,True,joined_target_specific_dry_run_plans,"[""postgres_graph"", ""qdrant""]","{""postgres_graph"": ""ready"", ""qdrant"": ""ready""}","{""postgres_graph"": [], ""qdrant"": []}","[""postgres_graph"", ""qdrant""]",True,True,False,False,[],ready_dry_run_only,,,
False,True,True,True,table,False,"[""postgres_graph""]",False,t_p_120_1176_p000403,403,True,False,00000403.tif,403,635c44000d9db4c248cf84533ab4a6704ceda6a86f7cb1102dc64d3ee6910238,00000403.tif,False,graph_only_validator_gated,False,True,False,table,local_data\organization\trace_net\raw_to_answer_context_engineered_native_gemma4_001\ocr_route_scan_pack_tesseract_full\page_images\t_p_120_1176_p000403.tif,local_data\organization\trace_net\raw_to_answer_context_engineered_native_gemma4_001\ocr_route_scan_pack_tesseract_full\ocr_text\t_p_120_1176_p000403.txt,repaired_from_ocr_scan_pack,True,[],graph_source_map_only,False,True,,,,joined_target_specific_dry_run_plans,"[""postgres_graph""]","{""postgres_graph"": ""ready""}","{""postgres_graph"": []}","[""postgres_graph""]",True,False,False,False,[],ready_dry_run_only,,,
False,False,True,False,table,False,"[""postgres_graph"", ""qdrant"", ""opensearch""]",True,t_p_120_1176_p000404,404,True,True,00000404.tif,404,1a7f59650b0857fc4ca1d86a8f0811b408e7b17cca5ecd54fac66dc354ab702e,00000404.tif,False,validated_graph_semantic_and_exact_index,False,False,False,table,local_data\organization\trace_net\raw_to_answer_context_engineered_native_gemma4_001\ocr_route_scan_pack_tesseract_full\page_images\t_p_120_1176_p000404.tif,local_data\organization\trace_net\raw_to_answer_context_engineered_native_gemma4_001\ocr_route_scan_pack_tesseract_full\ocr_text\t_p_120_1176_p000404.txt,repaired_from_ocr_scan_pack,True,[],graph_source_map_plus_validated_evidence_links,False,True,validated_page_or_evidence_summary,False,True,joined_target_specific_dry_run_plans,"[""postgres_graph"", ""qdrant"", ""opensearch""]","{""opensearch"": ""ready"", ""postgres_graph"": ""ready"", ""qdrant"": ""ready""}","{""opensearch"": [], ""postgres_graph"": [], ""qdrant"": []}","[""postgres_graph"", ""qdrant"", ""opensearch""]",True,True,True,False,[],ready_dry_run_only,validated_table_or_exact_evidence,False,True
False,False,True,False,table,False,"[""postgres_graph"", ""qdrant"", ""opensearch""]",True,t_p_120_1176_p000405,405,True,True,00000405.tif,405,cecb0b6f08f97fa40e9f03158da5bf9a546da008182d8c0f380223b0d79a20de,00000405.tif,False,validated_graph_semantic_and_exact_index,False,False,False,table,local_data\organization\trace_net\raw_to_answer_context_engineered_native_gemma4_001\ocr_route_scan_pack_tesseract_full\page_images\t_p_120_1176_p000405.tif,local_data\organization\trace_net\raw_to_answer_context_engineered_native_gemma4_001\ocr_route_scan_pack_tesseract_full\ocr_text\t_p_120_1176_p000405.txt,repaired_from_ocr_scan_pack,True,[],graph_source_map_plus_validated_evidence_links,False,True,validated_page_or_evidence_summary,False,True,joined_target_specific_dry_run_plans,"[""postgres_graph"", ""qdrant"", ""opensearch""]","{""opensearch"": ""ready"", ""postgres_graph"": ""ready"", ""qdrant"": ""ready""}","{""opensearch"": [], ""postgres_graph"": [], ""qdrant"": []}","[""postgres_graph"", ""qdrant"", ""opensearch""]",True,True,True,False,[],ready_dry_run_only,validated_table_or_exact_evidence,False,True
False,False,True,False,plain_text,False,"[""postgres_graph"", ""qdrant""]",False,t_p_120_1176_p000406,406,True,True,00000406.tif,406,0ce0035b864d109f238a7532624512d7a56d7346d7c07d44882edd7a09a33417,00000406.tif,False,validated_graph_and_semantic_index,False,False,False,plain_text,local_data\organization\trace_net\raw_to_answer_context_engineered_native_gemma4_001\ocr_route_scan_pack_tesseract_full\page_images\t_p_120_1176_p000406.tif,local_data\organization\trace_net\raw_to_answer_context_engineered_native_gemma4_001\ocr_route_scan_pack_tesseract_full\ocr_text\t_p_120_1176_p000406.txt,repaired_from_ocr_scan_pack,True,[],graph_source_map_plus_validated_evidence_links,False,True,validated_page_or_evidence_summary,False,True,joined_target_specific_dry_run_plans,"[""postgres_graph"", ""qdrant""]","{""postgres_graph"": ""ready"", ""qdrant"": ""ready""}","{""postgres_graph"": [], ""qdrant"": []}","[""postgres_graph"", ""qdrant""]",True,True,False,False,[],ready_dry_run_only,,,
False,False,True,False,plain_text,False,"[""postgres_graph"", ""qdrant""]",False,t_p_120_1176_p000407,407,True,True,00000407.tif,407,baec421d009140eb0fd1d20e67e48fd261b8c45f7983e06765ebebfd6e7e5618,00000407.tif,False,validated_graph_and_semantic_index,False,False,False,plain_text,local_data\organization\trace_net\raw_to_answer_context_engineered_native_gemma4_001\ocr_route_scan_pack_tesseract_full\page_images\t_p_120_1176_p000407.tif,local_data\organization\trace_net\raw_to_answer_context_engineered_native_gemma4_001\ocr_route_scan_pack_tesseract_full\ocr_text\t_p_120_1176_p000407.txt,repaired_from_ocr_scan_pack,True,[],graph_source_map_plus_validated_evidence_links,False,True,validated_page_or_evidence_summary,False,True,joined_target_specific_dry_run_plans,"[""postgres_graph"", ""qdrant""]","{""postgres_graph"": ""ready"", ""qdrant"": ""ready""}","{""postgres_graph"": [], ""qdrant"": []}","[""postgres_graph"", ""qdrant""]",True,True,False,False,[],ready_dry_run_only,,,
False,False,True,False,table,False,"[""postgres_graph"", ""qdrant"", ""opensearch""]",True,t_p_120_1176_p000408,408,True,True,00000408.tif,408,d25e9ac84da4a743d8a0ac3fd46be4c7924bfe87c05e5d2b786374393a6bba04,00000408.tif,False,validated_graph_semantic_and_exact_index,False,False,False,table,local_data\organization\trace_net\raw_to_answer_context_engineered_native_gemma4_001\ocr_route_scan_pack_tesseract_full\page_images\t_p_120_1176_p000408.tif,local_data\organization\trace_net\raw_to_answer_context_engineered_native_gemma4_001\ocr_route_scan_pack_tesseract_full\ocr_text\t_p_120_1176_p000408.txt,repaired_from_ocr_scan_pack,True,[],graph_source_map_plus_validated_evidence_links,False,True,validated_page_or_evidence_summary,False,True,joined_target_specific_dry_run_plans,"[""postgres_graph"", ""qdrant"", ""opensearch""]","{""opensearch"": ""ready"", ""postgres_graph"": ""ready"", ""qdrant"": ""ready""}","{""opensearch"": [], ""postgres_graph"": [], ""qdrant"": []}","[""postgres_graph"", ""qdrant"", ""opensearch""]",True,True,True,False,[],ready_dry_run_only,validated_table_or_exact_evidence,False,True
False,False,True,False,table,False,"[""postgres_graph"", ""qdrant"", ""opensearch""]",True,t_p_120_1176_p000409,409,True,True,00000409.tif,409,2260740c76cbb8fe6962eb5498ba8636cafde68ae22aa9c56b8bd415923f1d22,00000409.tif,False,validated_graph_semantic_and_exact_index,False,False,False,table,local_data\organization\trace_net\raw_to_answer_context_engineered_native_gemma4_001\ocr_route_scan_pack_tesseract_full\page_images\t_p_120_1176_p000409.tif,local_data\organization\trace_net\raw_to_answer_context_engineered_native_gemma4_001\ocr_route_scan_pack_tesseract_full\ocr_text\t_p_120_1176_p000409.txt,repaired_from_ocr_scan_pack,True,[],graph_source_map_plus_validated_evidence_links,False,True,validated_page_or_evidence_summary,False,True,joined_target_specific_dry_run_plans,"[""postgres_graph"", ""qdrant"", ""opensearch""]","{""opensearch"": ""ready"", ""postgres_graph"": ""ready"", ""qdrant"": ""ready""}","{""opensearch"": [], ""postgres_graph"": [], ""qdrant"": []}","[""postgres_graph"", ""qdrant"", ""opensearch""]",True,True,True,False,[],ready_dry_run_only,validated_table_or_exact_evidence,False,True
False,False,True,False,plain_text,False,"[""postgres_graph"", ""qdrant""]",False,t_p_120_1176_p000410,410,True,True,00000410.tif,410,34bcceb098ace6f3f0439bf647a579359d7903e4c6daac6a27c45a0935cefe97,00000410.tif,False,validated_graph_and_semantic_index,False,False,False,plain_text,local_data\organization\trace_net\raw_to_answer_context_engineered_native_gemma4_001\ocr_route_scan_pack_tesseract_full\page_images\t_p_120_1176_p000410.tif,local_data\organization\trace_net\raw_to_answer_context_engineered_native_gemma4_001\ocr_route_scan_pack_tesseract_full\ocr_text\t_p_120_1176_p000410.txt,repaired_from_ocr_scan_pack,True,[],graph_source_map_plus_validated_evidence_links,False,True,validated_page_or_evidence_summary,False,True,joined_target_specific_dry_run_plans,"[""postgres_graph"", ""qdrant""]","{""postgres_graph"": ""ready"", ""qdrant"": ""ready""}","{""postgres_graph"": [], ""qdrant"": []}","[""postgres_graph"", ""qdrant""]",True,True,False,False,[],ready_dry_run_only,,,
False,False,True,False,plain_text,False,"[""postgres_graph"", ""qdrant""]",False,t_p_120_1176_p000411,411,True,True,00000411.tif,411,08cfa321b2cc7328d6a69a2ca064930b77ca93a20ffcb9f6c73305a224d1d6b9,00000411.tif,False,validated_graph_and_semantic_index,False,False,False,plain_text,local_data\organization\trace_net\raw_to_answer_context_engineered_native_gemma4_001\ocr_route_scan_pack_tesseract_full\page_images\t_p_120_1176_p000411.tif,local_data\organization\trace_net\raw_to_answer_context_engineered_native_gemma4_001\ocr_route_scan_pack_tesseract_full\ocr_text\t_p_120_1176_p000411.txt,repaired_from_ocr_scan_pack,True,[],graph_source_map_plus_validated_evidence_links,False,True,validated_page_or_evidence_summary,False,True,joined_target_specific_dry_run_plans,"[""postgres_graph"", ""qdrant""]","{""postgres_graph"": ""ready"", ""qdrant"": ""ready""}","{""postgres_graph"": [], ""qdrant"": []}","[""postgres_graph"", ""qdrant""]",True,True,False,False,[],ready_dry_run_only,,,
False,False,True,False,table,False,"[""postgres_graph"", ""qdrant"", ""opensearch""]",True,t_p_120_1176_p000412,412,True,True,00000412.tif,412,f107379ad5f58d87f6c71a7aea3960cdbe4880c2138273e2980e30debeebb616,00000412.tif,False,validated_graph_semantic_and_exact_index,False,False,False,table,local_data\organization\trace_net\raw_to_answer_context_engineered_native_gemma4_001\ocr_route_scan_pack_tesseract_full\page_images\t_p_120_1176_p000412.tif,local_data\organization\trace_net\raw_to_answer_context_engineered_native_gemma4_001\ocr_route_scan_pack_tesseract_full\ocr_text\t_p_120_1176_p000412.txt,repaired_from_ocr_scan_pack,True,[],graph_source_map_plus_validated_evidence_links,False,True,validated_page_or_evidence_summary,False,True,joined_target_specific_dry_run_plans,"[""postgres_graph"", ""qdrant"", ""opensearch""]","{""opensearch"": ""ready"", ""postgres_graph"": ""ready"", ""qdrant"": ""ready""}","{""opensearch"": [], ""postgres_graph"": [], ""qdrant"": []}","[""postgres_graph"", ""qdrant"", ""opensearch""]",True,True,True,False,[],ready_dry_run_only,validated_table_or_exact_evidence,False,True
False,False,True,False,table,False,"[""postgres_graph"", ""qdrant"", ""opensearch""]",True,t_p_120_1176_p000413,413,True,True,00000413.tif,413,4ad1547c2c3799667b5e50801a49ab8eb96d1abed7dca67b77c3a29b8e4e8846,00000413.tif,False,validated_graph_semantic_and_exact_index,False,False,False,table,local_data\organization\trace_net\raw_to_answer_context_engineered_native_gemma4_001\ocr_route_scan_pack_tesseract_full\page_images\t_p_120_1176_p000413.tif,local_data\organization\trace_net\raw_to_answer_context_engineered_native_gemma4_001\ocr_route_scan_pack_tesseract_full\ocr_text\t_p_120_1176_p000413.txt,repaired_from_ocr_scan_pack,True,[],graph_source_map_plus_validated_evidence_links,False,True,validated_page_or_evidence_summary,False,True,joined_target_specific_dry_run_plans,"[""postgres_graph"", ""qdrant"", ""opensearch""]","{""opensearch"": ""ready"", ""postgres_graph"": ""ready"", ""qdrant"": ""ready""}","{""opensearch"": [], ""postgres_graph"": [], ""qdrant"": []}","[""postgres_graph"", ""qdrant"", ""opensearch""]",True,True,True,False,[],ready_dry_run_only,validated_table_or_exact_evidence,False,True
False,False,True,False,plain_text,False,"[""postgres_graph"", ""qdrant""]",False,t_p_120_1176_p000414,414,True,True,00000414.tif,414,eddafa2f0a212767069aa8ee7e03ba870a382e951cc6604ab8167634b116dd1f,00000414.tif,False,validated_graph_and_semantic_index,False,False,False,plain_text,local_data\organization\trace_net\raw_to_answer_context_engineered_native_gemma4_001\ocr_route_scan_pack_tesseract_full\page_images\t_p_120_1176_p000414.tif,local_data\organization\trace_net\raw_to_answer_context_engineered_native_gemma4_001\ocr_route_scan_pack_tesseract_full\ocr_text\t_p_120_1176_p000414.txt,repaired_from_ocr_scan_pack,True,[],graph_source_map_plus_validated_evidence_links,False,True,validated_page_or_evidence_summary,False,True,joined_target_specific_dry_run_plans,"[""postgres_graph"", ""qdrant""]","{""postgres_graph"": ""ready"", ""qdrant"": ""ready""}","{""postgres_graph"": [], ""qdrant"": []}","[""postgres_graph"", ""qdrant""]",True,True,False,False,[],ready_dry_run_only,,,
False,False,True,False,plain_text,False,"[""postgres_graph"", ""qdrant""]",False,t_p_120_1176_p000415,415,True,True,00000415.tif,415,dbeef5b35ac06c6d1b7bc84ca8fb1f8739372aa952a729d59c977101171fdf5a,00000415.tif,False,validated_graph_and_semantic_index,False,False,False,plain_text,local_data\organization\trace_net\raw_to_answer_context_engineered_native_gemma4_001\ocr_route_scan_pack_tesseract_full\page_images\t_p_120_1176_p000415.tif,local_data\organization\trace_net\raw_to_answer_context_engineered_native_gemma4_001\ocr_route_scan_pack_tesseract_full\ocr_text\t_p_120_1176_p000415.txt,repaired_from_ocr_scan_pack,True,[],graph_source_map_plus_validated_evidence_links,False,True,validated_page_or_evidence_summary,False,True,joined_target_specific_dry_run_plans,"[""postgres_graph"", ""qdrant""]","{""postgres_graph"": ""ready"", ""qdrant"": ""ready""}","{""postgres_graph"": [], ""qdrant"": []}","[""postgres_graph"", ""qdrant""]",True,True,False,False,[],ready_dry_run_only,,,
False,False,True,False,table,False,"[""postgres_graph"", ""qdrant"", ""opensearch""]",True,t_p_120_1176_p000416,416,True,True,00000416.tif,416,d2c716c4c180a9dfe5b32e238d1aef701c3b53d342bfbe143b3a0c8a28324e63,00000416.tif,False,validated_graph_semantic_and_exact_index,False,False,False,table,local_data\organization\trace_net\raw_to_answer_context_engineered_native_gemma4_001\ocr_route_scan_pack_tesseract_full\page_images\t_p_120_1176_p000416.tif,local_data\organization\trace_net\raw_to_answer_context_engineered_native_gemma4_001\ocr_route_scan_pack_tesseract_full\ocr_text\t_p_120_1176_p000416.txt,repaired_from_ocr_scan_pack,True,[],graph_source_map_plus_validated_evidence_links,False,True,validated_page_or_evidence_summary,False,True,joined_target_specific_dry_run_plans,"[""postgres_graph"", ""qdrant"", ""opensearch""]","{""opensearch"": ""ready"", ""postgres_graph"": ""ready"", ""qdrant"": ""ready""}","{""opensearch"": [], ""postgres_graph"": [], ""qdrant"": []}","[""postgres_graph"", ""qdrant"", ""opensearch""]",True,True,True,False,[],ready_dry_run_only,validated_table_or_exact_evidence,False,True
False,False,True,False,table,False,"[""postgres_graph"", ""qdrant"", ""opensearch""]",True,t_p_120_1176_p000417,417,True,True,00000417.tif,417,500256f69a7a351e67c8428bae0f0b759f7ca336454f2b0f4a393e505c27087a,00000417.tif,False,validated_graph_semantic_and_exact_index,False,False,False,table,local_data\organization\trace_net\raw_to_answer_context_engineered_native_gemma4_001\ocr_route_scan_pack_tesseract_full\page_images\t_p_120_1176_p000417.tif,local_data\organization\trace_net\raw_to_answer_context_engineered_native_gemma4_001\ocr_route_scan_pack_tesseract_full\ocr_text\t_p_120_1176_p000417.txt,repaired_from_ocr_scan_pack,True,[],graph_source_map_plus_validated_evidence_links,False,True,validated_page_or_evidence_summary,False,True,joined_target_specific_dry_run_plans,"[""postgres_graph"", ""qdrant"", ""opensearch""]","{""opensearch"": ""ready"", ""postgres_graph"": ""ready"", ""qdrant"": ""ready""}","{""opensearch"": [], ""postgres_graph"": [], ""qdrant"": []}","[""postgres_graph"", ""qdrant"", ""opensearch""]",True,True,True,False,[],ready_dry_run_only,validated_table_or_exact_evidence,False,True
False,False,True,False,plain_text,False,"[""postgres_graph"", ""qdrant""]",False,t_p_120_1176_p000418,418,True,True,00000418.tif,418,eb9a4e965e555af78c5701358f41ee2df5be9aa119251025e6698647e57d24ac,00000418.tif,False,validated_graph_and_semantic_index,False,False,False,plain_text,local_data\organization\trace_net\raw_to_answer_context_engineered_native_gemma4_001\ocr_route_scan_pack_tesseract_full\page_images\t_p_120_1176_p000418.tif,local_data\organization\trace_net\raw_to_answer_context_engineered_native_gemma4_001\ocr_route_scan_pack_tesseract_full\ocr_text\t_p_120_1176_p000418.txt,repaired_from_ocr_scan_pack,True,[],graph_source_map_plus_validated_evidence_links,False,True,validated_page_or_evidence_summary,False,True,joined_target_specific_dry_run_plans,"[""postgres_graph"", ""qdrant""]","{""postgres_graph"": ""ready"", ""qdrant"": ""ready""}","{""postgres_graph"": [], ""qdrant"": []}","[""postgres_graph"", ""qdrant""]",True,True,False,False,[],ready_dry_run_only,,,
False,False,True,False,plain_text,False,"[""postgres_graph"", ""qdrant""]",False,t_p_120_1176_p000419,419,True,True,00000419.tif,419,5bc8e9d36b9d2baead0e0aecdeada1ca924c9627a7c53e2ce9ee049f7c2747a8,00000419.tif,False,validated_graph_and_semantic_index,False,False,False,plain_text,local_data\organization\trace_net\raw_to_answer_context_engineered_native_gemma4_001\ocr_route_scan_pack_tesseract_full\page_images\t_p_120_1176_p000419.tif,local_data\organization\trace_net\raw_to_answer_context_engineered_native_gemma4_001\ocr_route_scan_pack_tesseract_full\ocr_text\t_p_120_1176_p000419.txt,repaired_from_ocr_scan_pack,True,[],graph_source_map_plus_validated_evidence_links,False,True,validated_page_or_evidence_summary,False,True,joined_target_specific_dry_run_plans,"[""postgres_graph"", ""qdrant""]","{""postgres_graph"": ""ready"", ""qdrant"": ""ready""}","{""postgres_graph"": [], ""qdrant"": []}","[""postgres_graph"", ""qdrant""]",True,True,False,False,[],ready_dry_run_only,,,
False,False,True,False,table,False,"[""postgres_graph"", ""qdrant"", ""opensearch""]",True,t_p_120_1176_p000420,420,True,True,00000420.tif,420,694473224b2ec3cfd98816f2e0e489153c727691496fa5287003bdcc7c078174,00000420.tif,False,validated_graph_semantic_and_exact_index,False,False,False,table,local_data\organization\trace_net\raw_to_answer_context_engineered_native_gemma4_001\ocr_route_scan_pack_tesseract_full\page_images\t_p_120_1176_p000420.tif,local_data\organization\trace_net\raw_to_answer_context_engineered_native_gemma4_001\ocr_route_scan_pack_tesseract_full\ocr_text\t_p_120_1176_p000420.txt,repaired_from_ocr_scan_pack,True,[],graph_source_map_plus_validated_evidence_links,False,True,validated_page_or_evidence_summary,False,True,joined_target_specific_dry_run_plans,"[""postgres_graph"", ""qdrant"", ""opensearch""]","{""opensearch"": ""ready"", ""postgres_graph"": ""ready"", ""qdrant"": ""ready""}","{""opensearch"": [], ""postgres_graph"": [], ""qdrant"": []}","[""postgres_graph"", ""qdrant"", ""opensearch""]",True,True,True,False,[],ready_dry_run_only,validated_table_or_exact_evidence,False,True
False,False,True,False,table,False,"[""postgres_graph"", ""qdrant"", ""opensearch""]",True,t_p_120_1176_p000421,421,True,True,00000421.tif,421,aa85e8da8be4ba6b27ccf4bf0deab28fb65465ad11fddc72e3d3a4d5069decb2,00000421.tif,False,validated_graph_semantic_and_exact_index,False,False,False,table,local_data\organization\trace_net\raw_to_answer_context_engineered_native_gemma4_001\ocr_route_scan_pack_tesseract_full\page_images\t_p_120_1176_p000421.tif,local_data\organization\trace_net\raw_to_answer_context_engineered_native_gemma4_001\ocr_route_scan_pack_tesseract_full\ocr_text\t_p_120_1176_p000421.txt,repaired_from_ocr_scan_pack,True,[],graph_source_map_plus_validated_evidence_links,False,True,validated_page_or_evidence_summary,False,True,joined_target_specific_dry_run_plans,"[""postgres_graph"", ""qdrant"", ""opensearch""]","{""opensearch"": ""ready"", ""postgres_graph"": ""ready"", ""qdrant"": ""ready""}","{""opensearch"": [], ""postgres_graph"": [], ""qdrant"": []}","[""postgres_graph"", ""qdrant"", ""opensearch""]",True,True,True,False,[],ready_dry_run_only,validated_table_or_exact_evidence,False,True
False,False,True,False,plain_text,False,"[""postgres_graph"", ""qdrant""]",False,t_p_120_1176_p000422,422,True,True,00000422.tif,422,11023c5703fe4e68130682daa61c9525fb04b29beeb901c4c3eaa4e6dd880d60,00000422.tif,False,validated_graph_and_semantic_index,False,False,False,plain_text,local_data\organization\trace_net\raw_to_answer_context_engineered_native_gemma4_001\ocr_route_scan_pack_tesseract_full\page_images\t_p_120_1176_p000422.tif,local_data\organization\trace_net\raw_to_answer_context_engineered_native_gemma4_001\ocr_route_scan_pack_tesseract_full\ocr_text\t_p_120_1176_p000422.txt,repaired_from_ocr_scan_pack,True,[],graph_source_map_plus_validated_evidence_links,False,True,validated_page_or_evidence_summary,False,True,joined_target_specific_dry_run_plans,"[""postgres_graph"", ""qdrant""]","{""postgres_graph"": ""ready"", ""qdrant"": ""ready""}","{""postgres_graph"": [], ""qdrant"": []}","[""postgres_graph"", ""qdrant""]",True,True,False,False,[],ready_dry_run_only,,,
False,False,True,False,plain_text,False,"[""postgres_graph"", ""qdrant""]",False,t_p_120_1176_p000423,423,True,True,00000423.tif,423,2915f89e9977b64b3513a0cf6a9b911086d6f5c8bfa2d24737e3538c1fe8a051,00000423.tif,False,validated_graph_and_semantic_index,False,False,False,plain_text,local_data\organization\trace_net\raw_to_answer_context_engineered_native_gemma4_001\ocr_route_scan_pack_tesseract_full\page_images\t_p_120_1176_p000423.tif,local_data\organization\trace_net\raw_to_answer_context_engineered_native_gemma4_001\ocr_route_scan_pack_tesseract_full\ocr_text\t_p_120_1176_p000423.txt,repaired_from_ocr_scan_pack,True,[],graph_source_map_plus_validated_evidence_links,False,True,validated_page_or_evidence_summary,False,True,joined_target_specific_dry_run_plans,"[""postgres_graph"", ""qdrant""]","{""postgres_graph"": ""ready"", ""qdrant"": ""ready""}","{""postgres_graph"": [], ""qdrant"": []}","[""postgres_graph"", ""qdrant""]",True,True,False,False,[],ready_dry_run_only,,,
False,False,True,False,table,False,"[""postgres_graph"", ""qdrant"", ""opensearch""]",True,t_p_120_1176_p000424,424,True,True,00000424.tif,424,90b63c700913d8314b43ee1b07a36b51c7e3d5af7fb047a4122612c86b317c61,00000424.tif,False,validated_graph_semantic_and_exact_index,False,False,False,table,local_data\organization\trace_net\raw_to_answer_context_engineered_native_gemma4_001\ocr_route_scan_pack_tesseract_full\page_images\t_p_120_1176_p000424.tif,local_data\organization\trace_net\raw_to_answer_context_engineered_native_gemma4_001\ocr_route_scan_pack_tesseract_full\ocr_text\t_p_120_1176_p000424.txt,repaired_from_ocr_scan_pack,True,[],graph_source_map_plus_validated_evidence_links,False,True,validated_page_or_evidence_summary,False,True,joined_target_specific_dry_run_plans,"[""postgres_graph"", ""qdrant"", ""opensearch""]","{""opensearch"": ""ready"", ""postgres_graph"": ""ready"", ""qdrant"": ""ready""}","{""opensearch"": [], ""postgres_graph"": [], ""qdrant"": []}","[""postgres_graph"", ""qdrant"", ""opensearch""]",True,True,True,False,[],ready_dry_run_only,validated_table_or_exact_evidence,False,True
False,False,True,False,table,False,"[""postgres_graph"", ""qdrant"", ""opensearch""]",True,t_p_120_1176_p000425,425,True,True,00000425.tif,425,b951e15d90f915d45225e1d93a397e614bfefc890878ff135441b5d1a9d9fc7e,00000425.tif,False,validated_graph_semantic_and_exact_index,False,False,False,table,local_data\organization\trace_net\raw_to_answer_context_engineered_native_gemma4_001\ocr_route_scan_pack_tesseract_full\page_images\t_p_120_1176_p000425.tif,local_data\organization\trace_net\raw_to_answer_context_engineered_native_gemma4_001\ocr_route_scan_pack_tesseract_full\ocr_text\t_p_120_1176_p000425.txt,repaired_from_ocr_scan_pack,True,[],graph_source_map_plus_validated_evidence_links,False,True,validated_page_or_evidence_summary,False,True,joined_target_specific_dry_run_plans,"[""postgres_graph"", ""qdrant"", ""opensearch""]","{""opensearch"": ""ready"", ""postgres_graph"": ""ready"", ""qdrant"": ""ready""}","{""opensearch"": [], ""postgres_graph"": [], ""qdrant"": []}","[""postgres_graph"", ""qdrant"", ""opensearch""]",True,True,True,False,[],ready_dry_run_only,validated_table_or_exact_evidence,False,True
False,False,True,False,plain_text,False,"[""postgres_graph"", ""qdrant""]",False,t_p_120_1176_p000426,426,True,True,00000426.tif,426,e050c51cb92ed0c93a9451feff263091e165aaada429bd08bde0f79cec47f780,00000426.tif,False,validated_graph_and_semantic_index,False,False,False,plain_text,local_data\organization\trace_net\raw_to_answer_context_engineered_native_gemma4_001\ocr_route_scan_pack_tesseract_full\page_images\t_p_120_1176_p000426.tif,local_data\organization\trace_net\raw_to_answer_context_engineered_native_gemma4_001\ocr_route_scan_pack_tesseract_full\ocr_text\t_p_120_1176_p000426.txt,repaired_from_ocr_scan_pack,True,[],graph_source_map_plus_validated_evidence_links,False,True,validated_page_or_evidence_summary,False,True,joined_target_specific_dry_run_plans,"[""postgres_graph"", ""qdrant""]","{""postgres_graph"": ""ready"", ""qdrant"": ""ready""}","{""postgres_graph"": [], ""qdrant"": []}","[""postgres_graph"", ""qdrant""]",True,True,False,False,[],ready_dry_run_only,,,
False,False,True,False,plain_text,False,"[""postgres_graph"", ""qdrant""]",False,t_p_120_1176_p000427,427,True,True,00000427.tif,427,df624239c5979261e83761ede6b880b1cf170aa9ee96445cdbb2f3081406e888,00000427.tif,False,validated_graph_and_semantic_index,False,False,False,plain_text,local_data\organization\trace_net\raw_to_answer_context_engineered_native_gemma4_001\ocr_route_scan_pack_tesseract_full\page_images\t_p_120_1176_p000427.tif,local_data\organization\trace_net\raw_to_answer_context_engineered_native_gemma4_001\ocr_route_scan_pack_tesseract_full\ocr_text\t_p_120_1176_p000427.txt,repaired_from_ocr_scan_pack,True,[],graph_source_map_plus_validated_evidence_links,False,True,validated_page_or_evidence_summary,False,True,joined_target_specific_dry_run_plans,"[""postgres_graph"", ""qdrant""]","{""postgres_graph"": ""ready"", ""qdrant"": ""ready""}","{""postgres_graph"": [], ""qdrant"": []}","[""postgres_graph"", ""qdrant""]",True,True,False,False,[],ready_dry_run_only,,,
False,False,True,False,table,False,"[""postgres_graph"", ""qdrant"", ""opensearch""]",True,t_p_120_1176_p000428,428,True,True,00000428.tif,428,81f69035cc1b575c48f89837989a5ae8f21331fa5814ffc414d06f24ccaaf32c,00000428.tif,False,validated_graph_semantic_and_exact_index,False,False,False,table,local_data\organization\trace_net\raw_to_answer_context_engineered_native_gemma4_001\ocr_route_scan_pack_tesseract_full\page_images\t_p_120_1176_p000428.tif,local_data\organization\trace_net\raw_to_answer_context_engineered_native_gemma4_001\ocr_route_scan_pack_tesseract_full\ocr_text\t_p_120_1176_p000428.txt,repaired_from_ocr_scan_pack,True,[],graph_source_map_plus_validated_evidence_links,False,True,validated_page_or_evidence_summary,False,True,joined_target_specific_dry_run_plans,"[""postgres_graph"", ""qdrant"", ""opensearch""]","{""opensearch"": ""ready"", ""postgres_graph"": ""ready"", ""qdrant"": ""ready""}","{""opensearch"": [], ""postgres_graph"": [], ""qdrant"": []}","[""postgres_graph"", ""qdrant"", ""opensearch""]",True,True,True,False,[],ready_dry_run_only,validated_table_or_exact_evidence,False,True
False,False,True,False,table,False,"[""postgres_graph"", ""qdrant"", ""opensearch""]",True,t_p_120_1176_p000429,429,True,True,00000429.tif,429,5bc627d026a487ec6327d2e6355b093286096861f0cd02aac38d1e4a64919286,00000429.tif,False,validated_graph_semantic_and_exact_index,False,False,False,table,local_data\organization\trace_net\raw_to_answer_context_engineered_native_gemma4_001\ocr_route_scan_pack_tesseract_full\page_images\t_p_120_1176_p000429.tif,local_data\organization\trace_net\raw_to_answer_context_engineered_native_gemma4_001\ocr_route_scan_pack_tesseract_full\ocr_text\t_p_120_1176_p000429.txt,repaired_from_ocr_scan_pack,True,[],graph_source_map_plus_validated_evidence_links,False,True,validated_page_or_evidence_summary,False,True,joined_target_specific_dry_run_plans,"[""postgres_graph"", ""qdrant"", ""opensearch""]","{""opensearch"": ""ready"", ""postgres_graph"": ""ready"", ""qdrant"": ""ready""}","{""opensearch"": [], ""postgres_graph"": [], ""qdrant"": []}","[""postgres_graph"", ""qdrant"", ""opensearch""]",True,True,True,False,[],ready_dry_run_only,validated_table_or_exact_evidence,False,True
False,True,True,True,table,False,"[""postgres_graph""]",False,t_p_120_1176_p000430,430,True,False,00000430.tif,430,a64d7e79fe85ee7e362a1e12e249bff7cc8ad7b0e5eac8b6e7e798ce2c77cfb1,00000430.tif,False,graph_only_validator_gated,False,True,False,table,local_data\organization\trace_net\raw_to_answer_context_engineered_native_gemma4_001\ocr_route_scan_pack_tesseract_full\page_images\t_p_120_1176_p000430.tif,local_data\organization\trace_net\raw_to_answer_context_engineered_native_gemma4_001\ocr_route_scan_pack_tesseract_full\ocr_text\t_p_120_1176_p000430.txt,repaired_from_ocr_scan_pack,True,[],graph_source_map_only,False,True,,,,joined_target_specific_dry_run_plans,"[""postgres_graph""]","{""postgres_graph"": ""ready""}","{""postgres_graph"": []}","[""postgres_graph""]",True,False,False,False,[],ready_dry_run_only,,,
False,False,True,False,plain_text,False,"[""postgres_graph"", ""qdrant""]",False,t_p_120_1176_p000431,431,True,True,00000431.tif,431,03c9f306fa9851acfc39da6f2a8a7add19770cbb1f66d4ba4334a99380e65afb,00000431.tif,False,validated_graph_and_semantic_index,False,False,False,plain_text,local_data\organization\trace_net\raw_to_answer_context_engineered_native_gemma4_001\ocr_route_scan_pack_tesseract_full\page_images\t_p_120_1176_p000431.tif,local_data\organization\trace_net\raw_to_answer_context_engineered_native_gemma4_001\ocr_route_scan_pack_tesseract_full\ocr_text\t_p_120_1176_p000431.txt,repaired_from_ocr_scan_pack,True,[],graph_source_map_plus_validated_evidence_links,False,True,validated_page_or_evidence_summary,False,True,joined_target_specific_dry_run_plans,"[""postgres_graph"", ""qdrant""]","{""postgres_graph"": ""ready"", ""qdrant"": ""ready""}","{""postgres_graph"": [], ""qdrant"": []}","[""postgres_graph"", ""qdrant""]",True,True,False,False,[],ready_dry_run_only,,,
False,False,True,False,table,False,"[""postgres_graph"", ""qdrant"", ""opensearch""]",True,t_p_120_1176_p000432,432,True,True,00000432.tif,432,88d11f73517de7aaa239cf8149fb9065a4be73aeb92e6b7b1a17d59f624cc798,00000432.tif,False,validated_graph_semantic_and_exact_index,False,False,False,table,local_data\organization\trace_net\raw_to_answer_context_engineered_native_gemma4_001\ocr_route_scan_pack_tesseract_full\page_images\t_p_120_1176_p000432.tif,local_data\organization\trace_net\raw_to_answer_context_engineered_native_gemma4_001\ocr_route_scan_pack_tesseract_full\ocr_text\t_p_120_1176_p000432.txt,repaired_from_ocr_scan_pack,True,[],graph_source_map_plus_validated_evidence_links,False,True,validated_page_or_evidence_summary,False,True,joined_target_specific_dry_run_plans,"[""postgres_graph"", ""qdrant"", ""opensearch""]","{""opensearch"": ""ready"", ""postgres_graph"": ""ready"", ""qdrant"": ""ready""}","{""opensearch"": [], ""postgres_graph"": [], ""qdrant"": []}","[""postgres_graph"", ""qdrant"", ""opensearch""]",True,True,True,False,[],ready_dry_run_only,validated_table_or_exact_evidence,False,True
False,False,True,False,table,False,"[""postgres_graph"", ""qdrant"", ""opensearch""]",True,t_p_120_1176_p000433,433,True,True,00000433.tif,433,73faa36346fe382fce1722eec2aecd237af8a1b4ddd5b3f490e394d6206e2081,00000433.tif,False,validated_graph_semantic_and_exact_index,False,False,False,table,local_data\organization\trace_net\raw_to_answer_context_engineered_native_gemma4_001\ocr_route_scan_pack_tesseract_full\page_images\t_p_120_1176_p000433.tif,local_data\organization\trace_net\raw_to_answer_context_engineered_native_gemma4_001\ocr_route_scan_pack_tesseract_full\ocr_text\t_p_120_1176_p000433.txt,repaired_from_ocr_scan_pack,True,[],graph_source_map_plus_validated_evidence_links,False,True,validated_page_or_evidence_summary,False,True,joined_target_specific_dry_run_plans,"[""postgres_graph"", ""qdrant"", ""opensearch""]","{""opensearch"": ""ready"", ""postgres_graph"": ""ready"", ""qdrant"": ""ready""}","{""opensearch"": [], ""postgres_graph"": [], ""qdrant"": []}","[""postgres_graph"", ""qdrant"", ""opensearch""]",True,True,True,False,[],ready_dry_run_only,validated_table_or_exact_evidence,False,True
False,False,True,False,plain_text,False,"[""postgres_graph"", ""qdrant""]",False,t_p_120_1176_p000434,434,True,True,00000434.tif,434,551a456b644e589ea8a45fce2402efbd5e425164362e4662144eac5d74416e3c,00000434.tif,False,validated_graph_and_semantic_index,False,False,False,plain_text,local_data\organization\trace_net\raw_to_answer_context_engineered_native_gemma4_001\ocr_route_scan_pack_tesseract_full\page_images\t_p_120_1176_p000434.tif,local_data\organization\trace_net\raw_to_answer_context_engineered_native_gemma4_001\ocr_route_scan_pack_tesseract_full\ocr_text\t_p_120_1176_p000434.txt,repaired_from_ocr_scan_pack,True,[],graph_source_map_plus_validated_evidence_links,False,True,validated_page_or_evidence_summary,False,True,joined_target_specific_dry_run_plans,"[""postgres_graph"", ""qdrant""]","{""postgres_graph"": ""ready"", ""qdrant"": ""ready""}","{""postgres_graph"": [], ""qdrant"": []}","[""postgres_graph"", ""qdrant""]",True,True,False,False,[],ready_dry_run_only,,,
False,True,True,True,table,False,"[""postgres_graph""]",False,t_p_120_1176_p000435,435,True,False,00000435.tif,435,90d0760c4691f291e7fd53b902802efa43792a88948c945703019891f22ec268,00000435.tif,False,graph_only_validator_gated,False,True,False,table,local_data\organization\trace_net\raw_to_answer_context_engineered_native_gemma4_001\ocr_route_scan_pack_tesseract_full\page_images\t_p_120_1176_p000435.tif,local_data\organization\trace_net\raw_to_answer_context_engineered_native_gemma4_001\ocr_route_scan_pack_tesseract_full\ocr_text\t_p_120_1176_p000435.txt,repaired_from_ocr_scan_pack,True,[],graph_source_map_only,False,True,,,,joined_target_specific_dry_run_plans,"[""postgres_graph""]","{""postgres_graph"": ""ready""}","{""postgres_graph"": []}","[""postgres_graph""]",True,False,False,False,[],ready_dry_run_only,,,
False,False,True,False,table,False,"[""postgres_graph"", ""qdrant"", ""opensearch""]",True,t_p_120_1176_p000436,436,True,True,00000436.tif,436,cae985768ab031d4a7ffd45a94684979f23f1ab2fb6a9d7d4e07200d8d4016f7,00000436.tif,False,validated_graph_semantic_and_exact_index,False,False,False,table,local_data\organization\trace_net\raw_to_answer_context_engineered_native_gemma4_001\ocr_route_scan_pack_tesseract_full\page_images\t_p_120_1176_p000436.tif,local_data\organization\trace_net\raw_to_answer_context_engineered_native_gemma4_001\ocr_route_scan_pack_tesseract_full\ocr_text\t_p_120_1176_p000436.txt,repaired_from_ocr_scan_pack,True,[],graph_source_map_plus_validated_evidence_links,False,True,validated_page_or_evidence_summary,False,True,joined_target_specific_dry_run_plans,"[""postgres_graph"", ""qdrant"", ""opensearch""]","{""opensearch"": ""ready"", ""postgres_graph"": ""ready"", ""qdrant"": ""ready""}","{""opensearch"": [], ""postgres_graph"": [], ""qdrant"": []}","[""postgres_graph"", ""qdrant"", ""opensearch""]",True,True,True,False,[],ready_dry_run_only,validated_table_or_exact_evidence,False,True
False,False,True,False,table,False,"[""postgres_graph"", ""qdrant"", ""opensearch""]",True,t_p_120_1176_p000437,437,True,True,00000437.tif,437,70d932b30228f1d05815c2440d1c346ffac556d325cc1efa7c872f9b6d1d392d,00000437.tif,False,validated_graph_semantic_and_exact_index,False,False,False,table,local_data\organization\trace_net\raw_to_answer_context_engineered_native_gemma4_001\ocr_route_scan_pack_tesseract_full\page_images\t_p_120_1176_p000437.tif,local_data\organization\trace_net\raw_to_answer_context_engineered_native_gemma4_001\ocr_route_scan_pack_tesseract_full\ocr_text\t_p_120_1176_p000437.txt,repaired_from_ocr_scan_pack,True,[],graph_source_map_plus_validated_evidence_links,False,True,validated_page_or_evidence_summary,False,True,joined_target_specific_dry_run_plans,"[""postgres_graph"", ""qdrant"", ""opensearch""]","{""opensearch"": ""ready"", ""postgres_graph"": ""ready"", ""qdrant"": ""ready""}","{""opensearch"": [], ""postgres_graph"": [], ""qdrant"": []}","[""postgres_graph"", ""qdrant"", ""opensearch""]",True,True,True,False,[],ready_dry_run_only,validated_table_or_exact_evidence,False,True
False,False,True,False,plain_text,False,"[""postgres_graph"", ""qdrant""]",False,t_p_120_1176_p000438,438,True,True,00000438.tif,438,356d7cb3089e7ce8846f65a1a265aae690f66ab30e85e4bd616eb8853f1d3471,00000438.tif,False,validated_graph_and_semantic_index,False,False,False,plain_text,local_data\organization\trace_net\raw_to_answer_context_engineered_native_gemma4_001\ocr_route_scan_pack_tesseract_full\page_images\t_p_120_1176_p000438.tif,local_data\organization\trace_net\raw_to_answer_context_engineered_native_gemma4_001\ocr_route_scan_pack_tesseract_full\ocr_text\t_p_120_1176_p000438.txt,repaired_from_ocr_scan_pack,True,[],graph_source_map_plus_validated_evidence_links,False,True,validated_page_or_evidence_summary,False,True,joined_target_specific_dry_run_plans,"[""postgres_graph"", ""qdrant""]","{""postgres_graph"": ""ready"", ""qdrant"": ""ready""}","{""postgres_graph"": [], ""qdrant"": []}","[""postgres_graph"", ""qdrant""]",True,True,False,False,[],ready_dry_run_only,,,
False,True,True,True,table,False,"[""postgres_graph""]",False,t_p_120_1176_p000439,439,True,False,00000439.tif,439,da6ae5b69d3fd9030e72508af56a1c69457807d2a11278807a0608512df83c32,00000439.tif,False,graph_only_validator_gated,False,True,False,table,local_data\organization\trace_net\raw_to_answer_context_engineered_native_gemma4_001\ocr_route_scan_pack_tesseract_full\page_images\t_p_120_1176_p000439.tif,local_data\organization\trace_net\raw_to_answer_context_engineered_native_gemma4_001\ocr_route_scan_pack_tesseract_full\ocr_text\t_p_120_1176_p000439.txt,repaired_from_ocr_scan_pack,True,[],graph_source_map_only,False,True,,,,joined_target_specific_dry_run_plans,"[""postgres_graph""]","{""postgres_graph"": ""ready""}","{""postgres_graph"": []}","[""postgres_graph""]",True,False,False,False,[],ready_dry_run_only,,,
False,False,True,False,table,False,"[""postgres_graph"", ""qdrant"", ""opensearch""]",True,t_p_120_1176_p000440,440,True,True,00000440.tif,440,dc3d3f5dd467e02ad2e0c3f22434a0485de9c5420c5b8407fafa240ffe717b1d,00000440.tif,False,validated_graph_semantic_and_exact_index,False,False,False,table,local_data\organization\trace_net\raw_to_answer_context_engineered_native_gemma4_001\ocr_route_scan_pack_tesseract_full\page_images\t_p_120_1176_p000440.tif,local_data\organization\trace_net\raw_to_answer_context_engineered_native_gemma4_001\ocr_route_scan_pack_tesseract_full\ocr_text\t_p_120_1176_p000440.txt,repaired_from_ocr_scan_pack,True,[],graph_source_map_plus_validated_evidence_links,False,True,validated_page_or_evidence_summary,False,True,joined_target_specific_dry_run_plans,"[""postgres_graph"", ""qdrant"", ""opensearch""]","{""opensearch"": ""ready"", ""postgres_graph"": ""ready"", ""qdrant"": ""ready""}","{""opensearch"": [], ""postgres_graph"": [], ""qdrant"": []}","[""postgres_graph"", ""qdrant"", ""opensearch""]",True,True,True,False,[],ready_dry_run_only,validated_table_or_exact_evidence,False,True
False,False,True,False,table,False,"[""postgres_graph"", ""qdrant"", ""opensearch""]",True,t_p_120_1176_p000441,441,True,True,00000441.tif,441,b0147bfa0708ed1a4489129637565172d70734e3c39c17f9726540200aa5f46a,00000441.tif,False,validated_graph_semantic_and_exact_index,False,False,False,table,local_data\organization\trace_net\raw_to_answer_context_engineered_native_gemma4_001\ocr_route_scan_pack_tesseract_full\page_images\t_p_120_1176_p000441.tif,local_data\organization\trace_net\raw_to_answer_context_engineered_native_gemma4_001\ocr_route_scan_pack_tesseract_full\ocr_text\t_p_120_1176_p000441.txt,repaired_from_ocr_scan_pack,True,[],graph_source_map_plus_validated_evidence_links,False,True,validated_page_or_evidence_summary,False,True,joined_target_specific_dry_run_plans,"[""postgres_graph"", ""qdrant"", ""opensearch""]","{""opensearch"": ""ready"", ""postgres_graph"": ""ready"", ""qdrant"": ""ready""}","{""opensearch"": [], ""postgres_graph"": [], ""qdrant"": []}","[""postgres_graph"", ""qdrant"", ""opensearch""]",True,True,True,False,[],ready_dry_run_only,validated_table_or_exact_evidence,False,True
False,False,True,False,plain_text,False,"[""postgres_graph"", ""qdrant""]",False,t_p_120_1176_p000442,442,True,True,00000442.tif,442,7a8d355029f8b92d0e42325948bc0e0fdc6a0432fdbec7551bd764bd4e9e0869,00000442.tif,False,validated_graph_and_semantic_index,False,False,False,plain_text,local_data\organization\trace_net\raw_to_answer_context_engineered_native_gemma4_001\ocr_route_scan_pack_tesseract_full\page_images\t_p_120_1176_p000442.tif,local_data\organization\trace_net\raw_to_answer_context_engineered_native_gemma4_001\ocr_route_scan_pack_tesseract_full\ocr_text\t_p_120_1176_p000442.txt,repaired_from_ocr_scan_pack,True,[],graph_source_map_plus_validated_evidence_links,False,True,validated_page_or_evidence_summary,False,True,joined_target_specific_dry_run_plans,"[""postgres_graph"", ""qdrant""]","{""postgres_graph"": ""ready"", ""qdrant"": ""ready""}","{""postgres_graph"": [], ""qdrant"": []}","[""postgres_graph"", ""qdrant""]",True,True,False,False,[],ready_dry_run_only,,,
False,False,True,False,plain_text,False,"[""postgres_graph"", ""qdrant""]",False,t_p_120_1176_p000443,443,True,True,00000443.tif,443,055a47f546bda0276bdd4c1e9e386d20c0174cd30fd96541a29585f539382b72,00000443.tif,False,validated_graph_and_semantic_index,False,False,False,plain_text,local_data\organization\trace_net\raw_to_answer_context_engineered_native_gemma4_001\ocr_route_scan_pack_tesseract_full\page_images\t_p_120_1176_p000443.tif,local_data\organization\trace_net\raw_to_answer_context_engineered_native_gemma4_001\ocr_route_scan_pack_tesseract_full\ocr_text\t_p_120_1176_p000443.txt,repaired_from_ocr_scan_pack,True,[],graph_source_map_plus_validated_evidence_links,False,True,validated_page_or_evidence_summary,False,True,joined_target_specific_dry_run_plans,"[""postgres_graph"", ""qdrant""]","{""postgres_graph"": ""ready"", ""qdrant"": ""ready""}","{""postgres_graph"": [], ""qdrant"": []}","[""postgres_graph"", ""qdrant""]",True,True,False,False,[],ready_dry_run_only,,,
False,False,True,False,table,False,"[""postgres_graph"", ""qdrant"", ""opensearch""]",True,t_p_120_1176_p000444,444,True,True,00000444.tif,444,b5e28aa889409eab7c591554478c01d8fa0d12351df7323ce7513c584a8a9c5c,00000444.tif,False,validated_graph_semantic_and_exact_index,False,False,False,table,local_data\organization\trace_net\raw_to_answer_context_engineered_native_gemma4_001\ocr_route_scan_pack_tesseract_full\page_images\t_p_120_1176_p000444.tif,local_data\organization\trace_net\raw_to_answer_context_engineered_native_gemma4_001\ocr_route_scan_pack_tesseract_full\ocr_text\t_p_120_1176_p000444.txt,repaired_from_ocr_scan_pack,True,[],graph_source_map_plus_validated_evidence_links,False,True,validated_page_or_evidence_summary,False,True,joined_target_specific_dry_run_plans,"[""postgres_graph"", ""qdrant"", ""opensearch""]","{""opensearch"": ""ready"", ""postgres_graph"": ""ready"", ""qdrant"": ""ready""}","{""opensearch"": [], ""postgres_graph"": [], ""qdrant"": []}","[""postgres_graph"", ""qdrant"", ""opensearch""]",True,True,True,False,[],ready_dry_run_only,validated_table_or_exact_evidence,False,True
False,False,True,False,table,False,"[""postgres_graph"", ""qdrant"", ""opensearch""]",True,t_p_120_1176_p000445,445,True,True,00000445.tif,445,9b7b85d77e4915dd111ec9dfd75449010834eb25f462935e58025d4db9b29baa,00000445.tif,False,validated_graph_semantic_and_exact_index,False,False,False,table,local_data\organization\trace_net\raw_to_answer_context_engineered_native_gemma4_001\ocr_route_scan_pack_tesseract_full\page_images\t_p_120_1176_p000445.tif,local_data\organization\trace_net\raw_to_answer_context_engineered_native_gemma4_001\ocr_route_scan_pack_tesseract_full\ocr_text\t_p_120_1176_p000445.txt,repaired_from_ocr_scan_pack,True,[],graph_source_map_plus_validated_evidence_links,False,True,validated_page_or_evidence_summary,False,True,joined_target_specific_dry_run_plans,"[""postgres_graph"", ""qdrant"", ""opensearch""]","{""opensearch"": ""ready"", ""postgres_graph"": ""ready"", ""qdrant"": ""ready""}","{""opensearch"": [], ""postgres_graph"": [], ""qdrant"": []}","[""postgres_graph"", ""qdrant"", ""opensearch""]",True,True,True,False,[],ready_dry_run_only,validated_table_or_exact_evidence,False,True
False,True,True,True,table,False,"[""postgres_graph""]",False,t_p_120_1176_p000446,446,True,False,00000446.tif,446,28a5307f26bf3a5eb219916b845b1a1b05d80e326cd48b63fc77071c0edc83ad,00000446.tif,False,graph_only_validator_gated,False,True,False,table,local_data\organization\trace_net\raw_to_answer_context_engineered_native_gemma4_001\ocr_route_scan_pack_tesseract_full\page_images\t_p_120_1176_p000446.tif,local_data\organization\trace_net\raw_to_answer_context_engineered_native_gemma4_001\ocr_route_scan_pack_tesseract_full\ocr_text\t_p_120_1176_p000446.txt,repaired_from_ocr_scan_pack,True,[],graph_source_map_only,False,True,,,,joined_target_specific_dry_run_plans,"[""postgres_graph""]","{""postgres_graph"": ""ready""}","{""postgres_graph"": []}","[""postgres_graph""]",True,False,False,False,[],ready_dry_run_only,,,
False,False,True,False,table,False,"[""postgres_graph"", ""qdrant"", ""opensearch""]",True,t_p_120_1176_p000447,447,True,True,00000447.tif,447,8411a0e6e8ce1afd2c5e080287ad82cef9d346bfed7178791ccefe14546534b8,00000447.tif,False,validated_graph_semantic_and_exact_index,False,False,False,table,local_data\organization\trace_net\raw_to_answer_context_engineered_native_gemma4_001\ocr_route_scan_pack_tesseract_full\page_images\t_p_120_1176_p000447.tif,local_data\organization\trace_net\raw_to_answer_context_engineered_native_gemma4_001\ocr_route_scan_pack_tesseract_full\ocr_text\t_p_120_1176_p000447.txt,repaired_from_ocr_scan_pack,True,[],graph_source_map_plus_validated_evidence_links,False,True,validated_page_or_evidence_summary,False,True,joined_target_specific_dry_run_plans,"[""postgres_graph"", ""qdrant"", ""opensearch""]","{""opensearch"": ""ready"", ""postgres_graph"": ""ready"", ""qdrant"": ""ready""}","{""opensearch"": [], ""postgres_graph"": [], ""qdrant"": []}","[""postgres_graph"", ""qdrant"", ""opensearch""]",True,True,True,False,[],ready_dry_run_only,validated_table_or_exact_evidence,False,True
False,False,True,False,plain_text,False,"[""postgres_graph"", ""qdrant""]",False,t_p_120_1176_p000448,448,True,True,00000448.tif,448,0821de594363c96d73c49f122ca044da9fbf381f8e298dfaca2b75477cc01201,00000448.tif,False,validated_graph_and_semantic_index,False,False,False,plain_text,local_data\organization\trace_net\raw_to_answer_context_engineered_native_gemma4_001\ocr_route_scan_pack_tesseract_full\page_images\t_p_120_1176_p000448.tif,local_data\organization\trace_net\raw_to_answer_context_engineered_native_gemma4_001\ocr_route_scan_pack_tesseract_full\ocr_text\t_p_120_1176_p000448.txt,repaired_from_ocr_scan_pack,True,[],graph_source_map_plus_validated_evidence_links,False,True,validated_page_or_evidence_summary,False,True,joined_target_specific_dry_run_plans,"[""postgres_graph"", ""qdrant""]","{""postgres_graph"": ""ready"", ""qdrant"": ""ready""}","{""postgres_graph"": [], ""qdrant"": []}","[""postgres_graph"", ""qdrant""]",True,True,False,False,[],ready_dry_run_only,,,
False,False,True,False,table,False,"[""postgres_graph"", ""qdrant"", ""opensearch""]",True,t_p_120_1176_p000449,449,True,True,00000449.tif,449,e0cff6790ef7678f4e7f3a007407c626800a75e1bc8fed604a1838cdd0cc870a,00000449.tif,False,validated_graph_semantic_and_exact_index,False,False,False,table,local_data\organization\trace_net\raw_to_answer_context_engineered_native_gemma4_001\ocr_route_scan_pack_tesseract_full\page_images\t_p_120_1176_p000449.tif,local_data\organization\trace_net\raw_to_answer_context_engineered_native_gemma4_001\ocr_route_scan_pack_tesseract_full\ocr_text\t_p_120_1176_p000449.txt,repaired_from_ocr_scan_pack,True,[],graph_source_map_plus_validated_evidence_links,False,True,validated_page_or_evidence_summary,False,True,joined_target_specific_dry_run_plans,"[""postgres_graph"", ""qdrant"", ""opensearch""]","{""opensearch"": ""ready"", ""postgres_graph"": ""ready"", ""qdrant"": ""ready""}","{""opensearch"": [], ""postgres_graph"": [], ""qdrant"": []}","[""postgres_graph"", ""qdrant"", ""opensearch""]",True,True,True,False,[],ready_dry_run_only,validated_table_or_exact_evidence,False,True
False,False,True,False,table,False,"[""postgres_graph"", ""qdrant"", ""opensearch""]",True,t_p_120_1176_p000450,450,True,True,00000450.tif,450,442ba3f45084a1cce3431c89d8b13fc02ac536b3b6bb00a371a15025ef2eb840,00000450.tif,False,validated_graph_semantic_and_exact_index,False,False,False,table,local_data\organization\trace_net\raw_to_answer_context_engineered_native_gemma4_001\ocr_route_scan_pack_tesseract_full\page_images\t_p_120_1176_p000450.tif,local_data\organization\trace_net\raw_to_answer_context_engineered_native_gemma4_001\ocr_route_scan_pack_tesseract_full\ocr_text\t_p_120_1176_p000450.txt,repaired_from_ocr_scan_pack,True,[],graph_source_map_plus_validated_evidence_links,False,True,validated_page_or_evidence_summary,False,True,joined_target_specific_dry_run_plans,"[""postgres_graph"", ""qdrant"", ""opensearch""]","{""opensearch"": ""ready"", ""postgres_graph"": ""ready"", ""qdrant"": ""ready""}","{""opensearch"": [], ""postgres_graph"": [], ""qdrant"": []}","[""postgres_graph"", ""qdrant"", ""opensearch""]",True,True,True,False,[],ready_dry_run_only,validated_table_or_exact_evidence,False,True
False,False,True,False,plain_text,False,"[""postgres_graph"", ""qdrant""]",False,t_p_120_1176_p000451,451,True,True,00000451.tif,451,5470dafc9817f99ef7aedf516f6c440f22502775aa1c572731d504f301566219,00000451.tif,False,validated_graph_and_semantic_index,False,False,False,plain_text,local_data\organization\trace_net\raw_to_answer_context_engineered_native_gemma4_001\ocr_route_scan_pack_tesseract_full\page_images\t_p_120_1176_p000451.tif,local_data\organization\trace_net\raw_to_answer_context_engineered_native_gemma4_001\ocr_route_scan_pack_tesseract_full\ocr_text\t_p_120_1176_p000451.txt,repaired_from_ocr_scan_pack,True,[],graph_source_map_plus_validated_evidence_links,False,True,validated_page_or_evidence_summary,False,True,joined_target_specific_dry_run_plans,"[""postgres_graph"", ""qdrant""]","{""postgres_graph"": ""ready"", ""qdrant"": ""ready""}","{""postgres_graph"": [], ""qdrant"": []}","[""postgres_graph"", ""qdrant""]",True,True,False,False,[],ready_dry_run_only,,,
False,False,True,False,table,False,"[""postgres_graph"", ""qdrant"", ""opensearch""]",True,t_p_120_1176_p000452,452,True,True,00000452.tif,452,4abf47b0983f66a89e23f1b0c96f61e4d7956a662ee38812652851bb9822505c,00000452.tif,False,validated_graph_semantic_and_exact_index,False,False,False,table,local_data\organization\trace_net\raw_to_answer_context_engineered_native_gemma4_001\ocr_route_scan_pack_tesseract_full\page_images\t_p_120_1176_p000452.tif,local_data\organization\trace_net\raw_to_answer_context_engineered_native_gemma4_001\ocr_route_scan_pack_tesseract_full\ocr_text\t_p_120_1176_p000452.txt,repaired_from_ocr_scan_pack,True,[],graph_source_map_plus_validated_evidence_links,False,True,validated_page_or_evidence_summary,False,True,joined_target_specific_dry_run_plans,"[""postgres_graph"", ""qdrant"", ""opensearch""]","{""opensearch"": ""ready"", ""postgres_graph"": ""ready"", ""qdrant"": ""ready""}","{""opensearch"": [], ""postgres_graph"": [], ""qdrant"": []}","[""postgres_graph"", ""qdrant"", ""opensearch""]",True,True,True,False,[],ready_dry_run_only,validated_table_or_exact_evidence,False,True
False,False,True,False,table,False,"[""postgres_graph"", ""qdrant"", ""opensearch""]",True,t_p_120_1176_p000453,453,True,True,00000453.tif,453,23752beca2e9b95420254461e8426f884df293b85f6bc5a9b24dffa10f81529a,00000453.tif,False,validated_graph_semantic_and_exact_index,False,False,False,table,local_data\organization\trace_net\raw_to_answer_context_engineered_native_gemma4_001\ocr_route_scan_pack_tesseract_full\page_images\t_p_120_1176_p000453.tif,local_data\organization\trace_net\raw_to_answer_context_engineered_native_gemma4_001\ocr_route_scan_pack_tesseract_full\ocr_text\t_p_120_1176_p000453.txt,repaired_from_ocr_scan_pack,True,[],graph_source_map_plus_validated_evidence_links,False,True,validated_page_or_evidence_summary,False,True,joined_target_specific_dry_run_plans,"[""postgres_graph"", ""qdrant"", ""opensearch""]","{""opensearch"": ""ready"", ""postgres_graph"": ""ready"", ""qdrant"": ""ready""}","{""opensearch"": [], ""postgres_graph"": [], ""qdrant"": []}","[""postgres_graph"", ""qdrant"", ""opensearch""]",True,True,True,False,[],ready_dry_run_only,validated_table_or_exact_evidence,False,True
False,True,True,True,table,False,"[""postgres_graph""]",False,t_p_120_1176_p000454,454,True,False,00000454.tif,454,9e098265fe07264ae4271ce1a81a3fadf5a9f8f60b2e973c5c5ed7821b8c6e2e,00000454.tif,False,graph_only_validator_gated,False,True,False,table,local_data\organization\trace_net\raw_to_answer_context_engineered_native_gemma4_001\ocr_route_scan_pack_tesseract_full\page_images\t_p_120_1176_p000454.tif,local_data\organization\trace_net\raw_to_answer_context_engineered_native_gemma4_001\ocr_route_scan_pack_tesseract_full\ocr_text\t_p_120_1176_p000454.txt,repaired_from_ocr_scan_pack,True,[],graph_source_map_only,False,True,,,,joined_target_specific_dry_run_plans,"[""postgres_graph""]","{""postgres_graph"": ""ready""}","{""postgres_graph"": []}","[""postgres_graph""]",True,False,False,False,[],ready_dry_run_only,,,
False,False,True,False,table,False,"[""postgres_graph"", ""qdrant"", ""opensearch""]",True,t_p_120_1176_p000455,455,True,True,00000455.tif,455,7502210e0d2c8a1aac46ff94f21172fa4bef9f3b78394e12e2c35a8898e384d9,00000455.tif,False,validated_graph_semantic_and_exact_index,False,False,False,table,local_data\organization\trace_net\raw_to_answer_context_engineered_native_gemma4_001\ocr_route_scan_pack_tesseract_full\page_images\t_p_120_1176_p000455.tif,local_data\organization\trace_net\raw_to_answer_context_engineered_native_gemma4_001\ocr_route_scan_pack_tesseract_full\ocr_text\t_p_120_1176_p000455.txt,repaired_from_ocr_scan_pack,True,[],graph_source_map_plus_validated_evidence_links,False,True,validated_page_or_evidence_summary,False,True,joined_target_specific_dry_run_plans,"[""postgres_graph"", ""qdrant"", ""opensearch""]","{""opensearch"": ""ready"", ""postgres_graph"": ""ready"", ""qdrant"": ""ready""}","{""opensearch"": [], ""postgres_graph"": [], ""qdrant"": []}","[""postgres_graph"", ""qdrant"", ""opensearch""]",True,True,True,False,[],ready_dry_run_only,validated_table_or_exact_evidence,False,True
False,False,True,False,table,False,"[""postgres_graph"", ""qdrant"", ""opensearch""]",True,t_p_120_1176_p000456,456,True,True,00000456.tif,456,b9ce1332ff8cd867cf7a387c68c2707bdf45cd8271318251ac2a2614c6515636,00000456.tif,False,validated_graph_semantic_and_exact_index,False,False,False,table,local_data\organization\trace_net\raw_to_answer_context_engineered_native_gemma4_001\ocr_route_scan_pack_tesseract_full\page_images\t_p_120_1176_p000456.tif,local_data\organization\trace_net\raw_to_answer_context_engineered_native_gemma4_001\ocr_route_scan_pack_tesseract_full\ocr_text\t_p_120_1176_p000456.txt,repaired_from_ocr_scan_pack,True,[],graph_source_map_plus_validated_evidence_links,False,True,validated_page_or_evidence_summary,False,True,joined_target_specific_dry_run_plans,"[""postgres_graph"", ""qdrant"", ""opensearch""]","{""opensearch"": ""ready"", ""postgres_graph"": ""ready"", ""qdrant"": ""ready""}","{""opensearch"": [], ""postgres_graph"": [], ""qdrant"": []}","[""postgres_graph"", ""qdrant"", ""opensearch""]",True,True,True,False,[],ready_dry_run_only,validated_table_or_exact_evidence,False,True
False,True,True,True,table,False,"[""postgres_graph""]",False,t_p_120_1176_p000457,457,True,False,00000457.tif,457,a2db1e481c663d224335f3bc3acf5f4380997e0f9df95ed3ca23c9315ce522a0,00000457.tif,False,graph_only_validator_gated,False,True,False,table,local_data\organization\trace_net\raw_to_answer_context_engineered_native_gemma4_001\ocr_route_scan_pack_tesseract_full\page_images\t_p_120_1176_p000457.tif,local_data\organization\trace_net\raw_to_answer_context_engineered_native_gemma4_001\ocr_route_scan_pack_tesseract_full\ocr_text\t_p_120_1176_p000457.txt,repaired_from_ocr_scan_pack,True,[],graph_source_map_only,False,True,,,,joined_target_specific_dry_run_plans,"[""postgres_graph""]","{""postgres_graph"": ""ready""}","{""postgres_graph"": []}","[""postgres_graph""]",True,False,False,False,[],ready_dry_run_only,,,
False,False,True,False,table,False,"[""postgres_graph"", ""qdrant"", ""opensearch""]",True,t_p_120_1176_p000458,458,True,True,00000458.tif,458,6dbb6512b90c3a6a33173d86aa94978502f7ce2d5f5cd4933a2544aab959e67e,00000458.tif,False,validated_graph_semantic_and_exact_index,False,False,False,table,local_data\organization\trace_net\raw_to_answer_context_engineered_native_gemma4_001\ocr_route_scan_pack_tesseract_full\page_images\t_p_120_1176_p000458.tif,local_data\organization\trace_net\raw_to_answer_context_engineered_native_gemma4_001\ocr_route_scan_pack_tesseract_full\ocr_text\t_p_120_1176_p000458.txt,repaired_from_ocr_scan_pack,True,[],graph_source_map_plus_validated_evidence_links,False,True,validated_page_or_evidence_summary,False,True,joined_target_specific_dry_run_plans,"[""postgres_graph"", ""qdrant"", ""opensearch""]","{""opensearch"": ""ready"", ""postgres_graph"": ""ready"", ""qdrant"": ""ready""}","{""opensearch"": [], ""postgres_graph"": [], ""qdrant"": []}","[""postgres_graph"", ""qdrant"", ""opensearch""]",True,True,True,False,[],ready_dry_run_only,validated_table_or_exact_evidence,False,True
False,False,True,False,table,False,"[""postgres_graph"", ""qdrant"", ""opensearch""]",True,t_p_120_1176_p000459,459,True,True,00000459.tif,459,826c029d3b1ebdb9685731edf05d74316b82a59404692b2d14881421d052eec1,00000459.tif,False,validated_graph_semantic_and_exact_index,False,False,False,table,local_data\organization\trace_net\raw_to_answer_context_engineered_native_gemma4_001\ocr_route_scan_pack_tesseract_full\page_images\t_p_120_1176_p000459.tif,local_data\organization\trace_net\raw_to_answer_context_engineered_native_gemma4_001\ocr_route_scan_pack_tesseract_full\ocr_text\t_p_120_1176_p000459.txt,repaired_from_ocr_scan_pack,True,[],graph_source_map_plus_validated_evidence_links,False,True,validated_page_or_evidence_summary,False,True,joined_target_specific_dry_run_plans,"[""postgres_graph"", ""qdrant"", ""opensearch""]","{""opensearch"": ""ready"", ""postgres_graph"": ""ready"", ""qdrant"": ""ready""}","{""opensearch"": [], ""postgres_graph"": [], ""qdrant"": []}","[""postgres_graph"", ""qdrant"", ""opensearch""]",True,True,True,False,[],ready_dry_run_only,validated_table_or_exact_evidence,False,True
False,True,True,True,table,False,"[""postgres_graph""]",False,t_p_120_1176_p000460,460,True,False,00000460.tif,460,9fea87b0768733e9b8539062094a29ec8f4e7547dc4028770864ce826a0acdec,00000460.tif,False,graph_only_validator_gated,False,True,False,table,local_data\organization\trace_net\raw_to_answer_context_engineered_native_gemma4_001\ocr_route_scan_pack_tesseract_full\page_images\t_p_120_1176_p000460.tif,local_data\organization\trace_net\raw_to_answer_context_engineered_native_gemma4_001\ocr_route_scan_pack_tesseract_full\ocr_text\t_p_120_1176_p000460.txt,repaired_from_ocr_scan_pack,True,[],graph_source_map_only,False,True,,,,joined_target_specific_dry_run_plans,"[""postgres_graph""]","{""postgres_graph"": ""ready""}","{""postgres_graph"": []}","[""postgres_graph""]",True,False,False,False,[],ready_dry_run_only,,,
False,False,True,False,table,False,"[""postgres_graph"", ""qdrant"", ""opensearch""]",True,t_p_120_1176_p000461,461,True,True,00000461.tif,461,b8777e0bc7d96b2b2cd26222198b958439ccc752517c50d5eac3ea56a6256980,00000461.tif,False,validated_graph_semantic_and_exact_index,False,False,False,table,local_data\organization\trace_net\raw_to_answer_context_engineered_native_gemma4_001\ocr_route_scan_pack_tesseract_full\page_images\t_p_120_1176_p000461.tif,local_data\organization\trace_net\raw_to_answer_context_engineered_native_gemma4_001\ocr_route_scan_pack_tesseract_full\ocr_text\t_p_120_1176_p000461.txt,repaired_from_ocr_scan_pack,True,[],graph_source_map_plus_validated_evidence_links,False,True,validated_page_or_evidence_summary,False,True,joined_target_specific_dry_run_plans,"[""postgres_graph"", ""qdrant"", ""opensearch""]","{""opensearch"": ""ready"", ""postgres_graph"": ""ready"", ""qdrant"": ""ready""}","{""opensearch"": [], ""postgres_graph"": [], ""qdrant"": []}","[""postgres_graph"", ""qdrant"", ""opensearch""]",True,True,True,False,[],ready_dry_run_only,validated_table_or_exact_evidence,False,True
False,False,True,False,table,False,"[""postgres_graph"", ""qdrant"", ""opensearch""]",True,t_p_120_1176_p000462,462,True,True,00000462.tif,462,d3916353aecad7b518e57674584f95f2f48cb28cc299c587ea1d876501c20cb1,00000462.tif,False,validated_graph_semantic_and_exact_index,False,False,False,table,local_data\organization\trace_net\raw_to_answer_context_engineered_native_gemma4_001\ocr_route_scan_pack_tesseract_full\page_images\t_p_120_1176_p000462.tif,local_data\organization\trace_net\raw_to_answer_context_engineered_native_gemma4_001\ocr_route_scan_pack_tesseract_full\ocr_text\t_p_120_1176_p000462.txt,repaired_from_ocr_scan_pack,True,[],graph_source_map_plus_validated_evidence_links,False,True,validated_page_or_evidence_summary,False,True,joined_target_specific_dry_run_plans,"[""postgres_graph"", ""qdrant"", ""opensearch""]","{""opensearch"": ""ready"", ""postgres_graph"": ""ready"", ""qdrant"": ""ready""}","{""opensearch"": [], ""postgres_graph"": [], ""qdrant"": []}","[""postgres_graph"", ""qdrant"", ""opensearch""]",True,True,True,False,[],ready_dry_run_only,validated_table_or_exact_evidence,False,True
False,True,True,True,table,False,"[""postgres_graph""]",False,t_p_120_1176_p000463,463,True,False,00000463.tif,463,1b64995d1a30f2c79865356817de4543202873816f59a27e3cfc46640e5dcbad,00000463.tif,False,graph_only_validator_gated,False,True,False,table,local_data\organization\trace_net\raw_to_answer_context_engineered_native_gemma4_001\ocr_route_scan_pack_tesseract_full\page_images\t_p_120_1176_p000463.tif,local_data\organization\trace_net\raw_to_answer_context_engineered_native_gemma4_001\ocr_route_scan_pack_tesseract_full\ocr_text\t_p_120_1176_p000463.txt,repaired_from_ocr_scan_pack,True,[],graph_source_map_only,False,True,,,,joined_target_specific_dry_run_plans,"[""postgres_graph""]","{""postgres_graph"": ""ready""}","{""postgres_graph"": []}","[""postgres_graph""]",True,False,False,False,[],ready_dry_run_only,,,
False,False,True,False,table,False,"[""postgres_graph"", ""qdrant"", ""opensearch""]",True,t_p_120_1176_p000464,464,True,True,00000464.tif,464,b4a9736d0ec4eef98c1431c8fb01f0432e225ae60b0d6ce938321dd345335b75,00000464.tif,False,validated_graph_semantic_and_exact_index,False,False,False,table,local_data\organization\trace_net\raw_to_answer_context_engineered_native_gemma4_001\ocr_route_scan_pack_tesseract_full\page_images\t_p_120_1176_p000464.tif,local_data\organization\trace_net\raw_to_answer_context_engineered_native_gemma4_001\ocr_route_scan_pack_tesseract_full\ocr_text\t_p_120_1176_p000464.txt,repaired_from_ocr_scan_pack,True,[],graph_source_map_plus_validated_evidence_links,False,True,validated_page_or_evidence_summary,False,True,joined_target_specific_dry_run_plans,"[""postgres_graph"", ""qdrant"", ""opensearch""]","{""opensearch"": ""ready"", ""postgres_graph"": ""ready"", ""qdrant"": ""ready""}","{""opensearch"": [], ""postgres_graph"": [], ""qdrant"": []}","[""postgres_graph"", ""qdrant"", ""opensearch""]",True,True,True,False,[],ready_dry_run_only,validated_table_or_exact_evidence,False,True
False,False,True,False,table,False,"[""postgres_graph"", ""qdrant"", ""opensearch""]",True,t_p_120_1176_p000465,465,True,True,00000465.tif,465,8c042dc3018c9483468f9bcc26b4fea04525a6e103e011455f3e98619bacbad9,00000465.tif,False,validated_graph_semantic_and_exact_index,False,False,False,table,local_data\organization\trace_net\raw_to_answer_context_engineered_native_gemma4_001\ocr_route_scan_pack_tesseract_full\page_images\t_p_120_1176_p000465.tif,local_data\organization\trace_net\raw_to_answer_context_engineered_native_gemma4_001\ocr_route_scan_pack_tesseract_full\ocr_text\t_p_120_1176_p000465.txt,repaired_from_ocr_scan_pack,True,[],graph_source_map_plus_validated_evidence_links,False,True,validated_page_or_evidence_summary,False,True,joined_target_specific_dry_run_plans,"[""postgres_graph"", ""qdrant"", ""opensearch""]","{""opensearch"": ""ready"", ""postgres_graph"": ""ready"", ""qdrant"": ""ready""}","{""opensearch"": [], ""postgres_graph"": [], ""qdrant"": []}","[""postgres_graph"", ""qdrant"", ""opensearch""]",True,True,True,False,[],ready_dry_run_only,validated_table_or_exact_evidence,False,True
False,False,True,False,plain_text,False,"[""postgres_graph"", ""qdrant""]",False,t_p_120_1176_p000466,466,True,True,00000466.tif,466,82f7488d0c03b1a5339a0a74987ddf0d69856244dbb4e39130cb7cc82c093f8a,00000466.tif,False,validated_graph_and_semantic_index,False,False,False,plain_text,local_data\organization\trace_net\raw_to_answer_context_engineered_native_gemma4_001\ocr_route_scan_pack_tesseract_full\page_images\t_p_120_1176_p000466.tif,local_data\organization\trace_net\raw_to_answer_context_engineered_native_gemma4_001\ocr_route_scan_pack_tesseract_full\ocr_text\t_p_120_1176_p000466.txt,repaired_from_ocr_scan_pack,True,[],graph_source_map_plus_validated_evidence_links,False,True,validated_page_or_evidence_summary,False,True,joined_target_specific_dry_run_plans,"[""postgres_graph"", ""qdrant""]","{""postgres_graph"": ""ready"", ""qdrant"": ""ready""}","{""postgres_graph"": [], ""qdrant"": []}","[""postgres_graph"", ""qdrant""]",True,True,False,False,[],ready_dry_run_only,,,
False,False,True,False,plain_text,False,"[""postgres_graph"", ""qdrant""]",False,t_p_120_1176_p000467,467,True,True,00000467.tif,467,a198c99ab211bf9434e1c7d1e9f388ce118d07d683b5bdf5bf5660240b1619f1,00000467.tif,False,validated_graph_and_semantic_index,False,False,False,plain_text,local_data\organization\trace_net\raw_to_answer_context_engineered_native_gemma4_001\ocr_route_scan_pack_tesseract_full\page_images\t_p_120_1176_p000467.tif,local_data\organization\trace_net\raw_to_answer_context_engineered_native_gemma4_001\ocr_route_scan_pack_tesseract_full\ocr_text\t_p_120_1176_p000467.txt,repaired_from_ocr_scan_pack,True,[],graph_source_map_plus_validated_evidence_links,False,True,validated_page_or_evidence_summary,False,True,joined_target_specific_dry_run_plans,"[""postgres_graph"", ""qdrant""]","{""postgres_graph"": ""ready"", ""qdrant"": ""ready""}","{""postgres_graph"": [], ""qdrant"": []}","[""postgres_graph"", ""qdrant""]",True,True,False,False,[],ready_dry_run_only,,,
False,False,True,False,plain_text,False,"[""postgres_graph"", ""qdrant""]",False,t_p_120_1176_p000468,468,True,True,00000468.tif,468,35a531277fb422d5e60ef28fe87f1f6716f603af702b5de26b6e696fd3acfa6e,00000468.tif,False,validated_graph_and_semantic_index,False,False,False,plain_text,local_data\organization\trace_net\raw_to_answer_context_engineered_native_gemma4_001\ocr_route_scan_pack_tesseract_full\page_images\t_p_120_1176_p000468.tif,local_data\organization\trace_net\raw_to_answer_context_engineered_native_gemma4_001\ocr_route_scan_pack_tesseract_full\ocr_text\t_p_120_1176_p000468.txt,repaired_from_ocr_scan_pack,True,[],graph_source_map_plus_validated_evidence_links,False,True,validated_page_or_evidence_summary,False,True,joined_target_specific_dry_run_plans,"[""postgres_graph"", ""qdrant""]","{""postgres_graph"": ""ready"", ""qdrant"": ""ready""}","{""postgres_graph"": [], ""qdrant"": []}","[""postgres_graph"", ""qdrant""]",True,True,False,False,[],ready_dry_run_only,,,
False,False,True,False,plain_text,False,"[""postgres_graph"", ""qdrant""]",False,t_p_120_1176_p000469,469,True,True,00000469.tif,469,3dded31617777113607526cf5a2cc20b90c3684d9e523d53faa43728090989d5,00000469.tif,False,validated_graph_and_semantic_index,False,False,False,plain_text,local_data\organization\trace_net\raw_to_answer_context_engineered_native_gemma4_001\ocr_route_scan_pack_tesseract_full\page_images\t_p_120_1176_p000469.tif,local_data\organization\trace_net\raw_to_answer_context_engineered_native_gemma4_001\ocr_route_scan_pack_tesseract_full\ocr_text\t_p_120_1176_p000469.txt,repaired_from_ocr_scan_pack,True,[],graph_source_map_plus_validated_evidence_links,False,True,validated_page_or_evidence_summary,False,True,joined_target_specific_dry_run_plans,"[""postgres_graph"", ""qdrant""]","{""postgres_graph"": ""ready"", ""qdrant"": ""ready""}","{""postgres_graph"": [], ""qdrant"": []}","[""postgres_graph"", ""qdrant""]",True,True,False,False,[],ready_dry_run_only,,,
False,False,True,False,plain_text,False,"[""postgres_graph"", ""qdrant""]",False,t_p_120_1176_p000470,470,True,True,00000470.tif,470,36140874f4a9698db5ea68423aee4f5b9463e31e65092c633e04c1be2f89fd64,00000470.tif,False,validated_graph_and_semantic_index,False,False,False,plain_text,local_data\organization\trace_net\raw_to_answer_context_engineered_native_gemma4_001\ocr_route_scan_pack_tesseract_full\page_images\t_p_120_1176_p000470.tif,local_data\organization\trace_net\raw_to_answer_context_engineered_native_gemma4_001\ocr_route_scan_pack_tesseract_full\ocr_text\t_p_120_1176_p000470.txt,repaired_from_ocr_scan_pack,True,[],graph_source_map_plus_validated_evidence_links,False,True,validated_page_or_evidence_summary,False,True,joined_target_specific_dry_run_plans,"[""postgres_graph"", ""qdrant""]","{""postgres_graph"": ""ready"", ""qdrant"": ""ready""}","{""postgres_graph"": [], ""qdrant"": []}","[""postgres_graph"", ""qdrant""]",True,True,False,False,[],ready_dry_run_only,,,
False,False,True,False,plain_text,False,"[""postgres_graph"", ""qdrant""]",False,t_p_120_1176_p000471,471,True,True,00000471.tif,471,0ce9f429c3692f142d4122c68546bb1ed19ee4f89f8164af5a84aa9d21abee44,00000471.tif,False,validated_graph_and_semantic_index,False,False,False,plain_text,local_data\organization\trace_net\raw_to_answer_context_engineered_native_gemma4_001\ocr_route_scan_pack_tesseract_full\page_images\t_p_120_1176_p000471.tif,local_data\organization\trace_net\raw_to_answer_context_engineered_native_gemma4_001\ocr_route_scan_pack_tesseract_full\ocr_text\t_p_120_1176_p000471.txt,repaired_from_ocr_scan_pack,True,[],graph_source_map_plus_validated_evidence_links,False,True,validated_page_or_evidence_summary,False,True,joined_target_specific_dry_run_plans,"[""postgres_graph"", ""qdrant""]","{""postgres_graph"": ""ready"", ""qdrant"": ""ready""}","{""postgres_graph"": [], ""qdrant"": []}","[""postgres_graph"", ""qdrant""]",True,True,False,False,[],ready_dry_run_only,,,
False,False,True,False,plain_text,False,"[""postgres_graph"", ""qdrant""]",False,t_p_120_1176_p000472,472,True,True,00000472.tif,472,3a1a97386028c63da548aefe0460a8ac2524f7f06d7f19a9e81576f929d45c7f,00000472.tif,False,validated_graph_and_semantic_index,False,False,False,plain_text,local_data\organization\trace_net\raw_to_answer_context_engineered_native_gemma4_001\ocr_route_scan_pack_tesseract_full\page_images\t_p_120_1176_p000472.tif,local_data\organization\trace_net\raw_to_answer_context_engineered_native_gemma4_001\ocr_route_scan_pack_tesseract_full\ocr_text\t_p_120_1176_p000472.txt,repaired_from_ocr_scan_pack,True,[],graph_source_map_plus_validated_evidence_links,False,True,validated_page_or_evidence_summary,False,True,joined_target_specific_dry_run_plans,"[""postgres_graph"", ""qdrant""]","{""postgres_graph"": ""ready"", ""qdrant"": ""ready""}","{""postgres_graph"": [], ""qdrant"": []}","[""postgres_graph"", ""qdrant""]",True,True,False,False,[],ready_dry_run_only,,,
False,False,True,False,plain_text,False,"[""postgres_graph"", ""qdrant""]",False,t_p_120_1176_p000473,473,True,True,00000473.tif,473,a5dc03e8d8ce65085999364f186a1819159509d1e0000012937e93b0cdf7d1cb,00000473.tif,False,validated_graph_and_semantic_index,False,False,False,plain_text,local_data\organization\trace_net\raw_to_answer_context_engineered_native_gemma4_001\ocr_route_scan_pack_tesseract_full\page_images\t_p_120_1176_p000473.tif,local_data\organization\trace_net\raw_to_answer_context_engineered_native_gemma4_001\ocr_route_scan_pack_tesseract_full\ocr_text\t_p_120_1176_p000473.txt,repaired_from_ocr_scan_pack,True,[],graph_source_map_plus_validated_evidence_links,False,True,validated_page_or_evidence_summary,False,True,joined_target_specific_dry_run_plans,"[""postgres_graph"", ""qdrant""]","{""postgres_graph"": ""ready"", ""qdrant"": ""ready""}","{""postgres_graph"": [], ""qdrant"": []}","[""postgres_graph"", ""qdrant""]",True,True,False,False,[],ready_dry_run_only,,,
False,False,True,False,plain_text,False,"[""postgres_graph"", ""qdrant""]",False,t_p_120_1176_p000474,474,True,True,00000474.tif,474,105d449c5c98602fe676897e65ddc3589d1862a6560826ed8908709fef1db1c2,00000474.tif,False,validated_graph_and_semantic_index,False,False,False,plain_text,local_data\organization\trace_net\raw_to_answer_context_engineered_native_gemma4_001\ocr_route_scan_pack_tesseract_full\page_images\t_p_120_1176_p000474.tif,local_data\organization\trace_net\raw_to_answer_context_engineered_native_gemma4_001\ocr_route_scan_pack_tesseract_full\ocr_text\t_p_120_1176_p000474.txt,repaired_from_ocr_scan_pack,True,[],graph_source_map_plus_validated_evidence_links,False,True,validated_page_or_evidence_summary,False,True,joined_target_specific_dry_run_plans,"[""postgres_graph"", ""qdrant""]","{""postgres_graph"": ""ready"", ""qdrant"": ""ready""}","{""postgres_graph"": [], ""qdrant"": []}","[""postgres_graph"", ""qdrant""]",True,True,False,False,[],ready_dry_run_only,,,
False,False,True,False,plain_text,False,"[""postgres_graph"", ""qdrant""]",False,t_p_120_1176_p000475,475,True,True,00000475.tif,475,c8165743c161c2e65584b98823e527497a9bc2b987d6a1111449609f96344f32,00000475.tif,False,validated_graph_and_semantic_index,False,False,False,plain_text,local_data\organization\trace_net\raw_to_answer_context_engineered_native_gemma4_001\ocr_route_scan_pack_tesseract_full\page_images\t_p_120_1176_p000475.tif,local_data\organization\trace_net\raw_to_answer_context_engineered_native_gemma4_001\ocr_route_scan_pack_tesseract_full\ocr_text\t_p_120_1176_p000475.txt,repaired_from_ocr_scan_pack,True,[],graph_source_map_plus_validated_evidence_links,False,True,validated_page_or_evidence_summary,False,True,joined_target_specific_dry_run_plans,"[""postgres_graph"", ""qdrant""]","{""postgres_graph"": ""ready"", ""qdrant"": ""ready""}","{""postgres_graph"": [], ""qdrant"": []}","[""postgres_graph"", ""qdrant""]",True,True,False,False,[],ready_dry_run_only,,,
False,True,True,True,image,False,"[""postgres_graph""]",False,t_p_120_1176_p000476,476,True,False,00000476.tif,476,521ae4ff0fe18f4d26d13232668fdd9e655ffaaf2f82afa61298ca0ff0359d81,00000476.tif,False,graph_only_validator_gated,False,True,False,image,local_data\organization\trace_net\raw_to_answer_context_engineered_native_gemma4_001\ocr_route_scan_pack_tesseract_full\page_images\t_p_120_1176_p000476.tif,local_data\organization\trace_net\raw_to_answer_context_engineered_native_gemma4_001\ocr_route_scan_pack_tesseract_full\ocr_text\t_p_120_1176_p000476.txt,repaired_from_ocr_scan_pack,True,[],graph_source_map_only,False,True,,,,joined_target_specific_dry_run_plans,"[""postgres_graph""]","{""postgres_graph"": ""ready""}","{""postgres_graph"": []}","[""postgres_graph""]",True,False,False,False,[],ready_dry_run_only,,,
False,False,True,False,plain_text,False,"[""postgres_graph"", ""qdrant""]",False,t_p_120_1176_p000477,477,True,True,00000477.tif,477,a93fd0b978de90a137a75b88832186fe75eae570f8decd35b46b48d376cdea0d,00000477.tif,False,validated_graph_and_semantic_index,False,False,False,plain_text,local_data\organization\trace_net\raw_to_answer_context_engineered_native_gemma4_001\ocr_route_scan_pack_tesseract_full\page_images\t_p_120_1176_p000477.tif,local_data\organization\trace_net\raw_to_answer_context_engineered_native_gemma4_001\ocr_route_scan_pack_tesseract_full\ocr_text\t_p_120_1176_p000477.txt,repaired_from_ocr_scan_pack,True,[],graph_source_map_plus_validated_evidence_links,False,True,validated_page_or_evidence_summary,False,True,joined_target_specific_dry_run_plans,"[""postgres_graph"", ""qdrant""]","{""postgres_graph"": ""ready"", ""qdrant"": ""ready""}","{""postgres_graph"": [], ""qdrant"": []}","[""postgres_graph"", ""qdrant""]",True,True,False,False,[],ready_dry_run_only,,,
False,False,True,False,plain_text,False,"[""postgres_graph"", ""qdrant""]",False,t_p_120_1176_p000478,478,True,True,00000478.tif,478,7aea79a05bd7f9e4e1d70f07acdda95539645f2b99252e9050b57eea285ceb5b,00000478.tif,False,validated_graph_and_semantic_index,False,False,False,plain_text,local_data\organization\trace_net\raw_to_answer_context_engineered_native_gemma4_001\ocr_route_scan_pack_tesseract_full\page_images\t_p_120_1176_p000478.tif,local_data\organization\trace_net\raw_to_answer_context_engineered_native_gemma4_001\ocr_route_scan_pack_tesseract_full\ocr_text\t_p_120_1176_p000478.txt,repaired_from_ocr_scan_pack,True,[],graph_source_map_plus_validated_evidence_links,False,True,validated_page_or_evidence_summary,False,True,joined_target_specific_dry_run_plans,"[""postgres_graph"", ""qdrant""]","{""postgres_graph"": ""ready"", ""qdrant"": ""ready""}","{""postgres_graph"": [], ""qdrant"": []}","[""postgres_graph"", ""qdrant""]",True,True,False,False,[],ready_dry_run_only,,,
False,False,True,False,plain_text,False,"[""postgres_graph"", ""qdrant""]",False,t_p_120_1176_p000479,479,True,True,00000479.tif,479,c26f49e993b0608254b3cc4555f3ececf198e24931b90f4b245568c712c2077b,00000479.tif,False,validated_graph_and_semantic_index,False,False,False,plain_text,local_data\organization\trace_net\raw_to_answer_context_engineered_native_gemma4_001\ocr_route_scan_pack_tesseract_full\page_images\t_p_120_1176_p000479.tif,local_data\organization\trace_net\raw_to_answer_context_engineered_native_gemma4_001\ocr_route_scan_pack_tesseract_full\ocr_text\t_p_120_1176_p000479.txt,repaired_from_ocr_scan_pack,True,[],graph_source_map_plus_validated_evidence_links,False,True,validated_page_or_evidence_summary,False,True,joined_target_specific_dry_run_plans,"[""postgres_graph"", ""qdrant""]","{""postgres_graph"": ""ready"", ""qdrant"": ""ready""}","{""postgres_graph"": [], ""qdrant"": []}","[""postgres_graph"", ""qdrant""]",True,True,False,False,[],ready_dry_run_only,,,
False,False,True,False,plain_text,False,"[""postgres_graph"", ""qdrant""]",False,t_p_120_1176_p000480,480,True,True,00000480.tif,480,0b906a583499ee044728d28198a3a73ab73eeaf6ae489fda75c963c0ab8a17fd,00000480.tif,False,validated_graph_and_semantic_index,False,False,False,plain_text,local_data\organization\trace_net\raw_to_answer_context_engineered_native_gemma4_001\ocr_route_scan_pack_tesseract_full\page_images\t_p_120_1176_p000480.tif,local_data\organization\trace_net\raw_to_answer_context_engineered_native_gemma4_001\ocr_route_scan_pack_tesseract_full\ocr_text\t_p_120_1176_p000480.txt,repaired_from_ocr_scan_pack,True,[],graph_source_map_plus_validated_evidence_links,False,True,validated_page_or_evidence_summary,False,True,joined_target_specific_dry_run_plans,"[""postgres_graph"", ""qdrant""]","{""postgres_graph"": ""ready"", ""qdrant"": ""ready""}","{""postgres_graph"": [], ""qdrant"": []}","[""postgres_graph"", ""qdrant""]",True,True,False,False,[],ready_dry_run_only,,,
False,True,True,True,image,False,"[""postgres_graph""]",False,t_p_120_1176_p000481,481,True,False,00000481.tif,481,99d2bf6a15ebdc218862e9e605c42831c1333fd257b384993e0d63f834fdb1aa,00000481.tif,False,graph_only_validator_gated,False,True,False,image,local_data\organization\trace_net\raw_to_answer_context_engineered_native_gemma4_001\ocr_route_scan_pack_tesseract_full\page_images\t_p_120_1176_p000481.tif,local_data\organization\trace_net\raw_to_answer_context_engineered_native_gemma4_001\ocr_route_scan_pack_tesseract_full\ocr_text\t_p_120_1176_p000481.txt,repaired_from_ocr_scan_pack,True,[],graph_source_map_only,False,True,,,,joined_target_specific_dry_run_plans,"[""postgres_graph""]","{""postgres_graph"": ""ready""}","{""postgres_graph"": []}","[""postgres_graph""]",True,False,False,False,[],ready_dry_run_only,,,
False,True,True,True,table,False,"[""postgres_graph""]",False,t_p_120_1176_p000482,482,True,False,00000482.tif,482,53805168ba28172a39c4f341bc761b6769a97d7b35820a7f8753fcc19f94b0f8,00000482.tif,False,graph_only_validator_gated,False,True,False,table,local_data\organization\trace_net\raw_to_answer_context_engineered_native_gemma4_001\ocr_route_scan_pack_tesseract_full\page_images\t_p_120_1176_p000482.tif,local_data\organization\trace_net\raw_to_answer_context_engineered_native_gemma4_001\ocr_route_scan_pack_tesseract_full\ocr_text\t_p_120_1176_p000482.txt,repaired_from_ocr_scan_pack,True,[],graph_source_map_only,False,True,,,,joined_target_specific_dry_run_plans,"[""postgres_graph""]","{""postgres_graph"": ""ready""}","{""postgres_graph"": []}","[""postgres_graph""]",True,False,False,False,[],ready_dry_run_only,,,
False,False,True,False,plain_text,False,"[""postgres_graph"", ""qdrant""]",False,t_p_120_1176_p000483,483,True,True,00000483.tif,483,fc2f0554b8b6b60eea285537e087f9bd7d09b8365b62cca16651524a179e56d2,00000483.tif,False,validated_graph_and_semantic_index,False,False,False,plain_text,local_data\organization\trace_net\raw_to_answer_context_engineered_native_gemma4_001\ocr_route_scan_pack_tesseract_full\page_images\t_p_120_1176_p000483.tif,local_data\organization\trace_net\raw_to_answer_context_engineered_native_gemma4_001\ocr_route_scan_pack_tesseract_full\ocr_text\t_p_120_1176_p000483.txt,repaired_from_ocr_scan_pack,True,[],graph_source_map_plus_validated_evidence_links,False,True,validated_page_or_evidence_summary,False,True,joined_target_specific_dry_run_plans,"[""postgres_graph"", ""qdrant""]","{""postgres_graph"": ""ready"", ""qdrant"": ""ready""}","{""postgres_graph"": [], ""qdrant"": []}","[""postgres_graph"", ""qdrant""]",True,True,False,False,[],ready_dry_run_only,,,
False,False,True,False,plain_text,False,"[""postgres_graph"", ""qdrant""]",False,t_p_120_1176_p000484,484,True,True,00000484.tif,484,5d09238244158e54ac9450bb3b12ac90c51622b9336abed4980152bc790417bc,00000484.tif,False,validated_graph_and_semantic_index,False,False,False,plain_text,local_data\organization\trace_net\raw_to_answer_context_engineered_native_gemma4_001\ocr_route_scan_pack_tesseract_full\page_images\t_p_120_1176_p000484.tif,local_data\organization\trace_net\raw_to_answer_context_engineered_native_gemma4_001\ocr_route_scan_pack_tesseract_full\ocr_text\t_p_120_1176_p000484.txt,repaired_from_ocr_scan_pack,True,[],graph_source_map_plus_validated_evidence_links,False,True,validated_page_or_evidence_summary,False,True,joined_target_specific_dry_run_plans,"[""postgres_graph"", ""qdrant""]","{""postgres_graph"": ""ready"", ""qdrant"": ""ready""}","{""postgres_graph"": [], ""qdrant"": []}","[""postgres_graph"", ""qdrant""]",True,True,False,False,[],ready_dry_run_only,,,
False,False,True,False,plain_text,False,"[""postgres_graph"", ""qdrant""]",False,t_p_120_1176_p000485,485,True,True,00000485.tif,485,f4cc5213f06cc3ddc03e67a94f9517b4bb13772e2c30a81b090a80bcfbcaa608,00000485.tif,False,validated_graph_and_semantic_index,False,False,False,plain_text,local_data\organization\trace_net\raw_to_answer_context_engineered_native_gemma4_001\ocr_route_scan_pack_tesseract_full\page_images\t_p_120_1176_p000485.tif,local_data\organization\trace_net\raw_to_answer_context_engineered_native_gemma4_001\ocr_route_scan_pack_tesseract_full\ocr_text\t_p_120_1176_p000485.txt,repaired_from_ocr_scan_pack,True,[],graph_source_map_plus_validated_evidence_links,False,True,validated_page_or_evidence_summary,False,True,joined_target_specific_dry_run_plans,"[""postgres_graph"", ""qdrant""]","{""postgres_graph"": ""ready"", ""qdrant"": ""ready""}","{""postgres_graph"": [], ""qdrant"": []}","[""postgres_graph"", ""qdrant""]",True,True,False,False,[],ready_dry_run_only,,,
False,False,True,False,plain_text,False,"[""postgres_graph"", ""qdrant""]",False,t_p_120_1176_p000486,486,True,True,00000486.tif,486,4969b71f91821d968c04d93c43f40b1abef57dc6bb306fbb15b2032e9f5a1cee,00000486.tif,False,validated_graph_and_semantic_index,False,False,False,plain_text,local_data\organization\trace_net\raw_to_answer_context_engineered_native_gemma4_001\ocr_route_scan_pack_tesseract_full\page_images\t_p_120_1176_p000486.tif,local_data\organization\trace_net\raw_to_answer_context_engineered_native_gemma4_001\ocr_route_scan_pack_tesseract_full\ocr_text\t_p_120_1176_p000486.txt,repaired_from_ocr_scan_pack,True,[],graph_source_map_plus_validated_evidence_links,False,True,validated_page_or_evidence_summary,False,True,joined_target_specific_dry_run_plans,"[""postgres_graph"", ""qdrant""]","{""postgres_graph"": ""ready"", ""qdrant"": ""ready""}","{""postgres_graph"": [], ""qdrant"": []}","[""postgres_graph"", ""qdrant""]",True,True,False,False,[],ready_dry_run_only,,,
False,False,True,False,plain_text,False,"[""postgres_graph"", ""qdrant""]",False,t_p_120_1176_p000487,487,True,True,00000487.tif,487,9a0931e7859b9a2108d7f355db6c5dc4ed0e8c9df8c4b13d306820f878a73c7d,00000487.tif,False,validated_graph_and_semantic_index,False,False,False,plain_text,local_data\organization\trace_net\raw_to_answer_context_engineered_native_gemma4_001\ocr_route_scan_pack_tesseract_full\page_images\t_p_120_1176_p000487.tif,local_data\organization\trace_net\raw_to_answer_context_engineered_native_gemma4_001\ocr_route_scan_pack_tesseract_full\ocr_text\t_p_120_1176_p000487.txt,repaired_from_ocr_scan_pack,True,[],graph_source_map_plus_validated_evidence_links,False,True,validated_page_or_evidence_summary,False,True,joined_target_specific_dry_run_plans,"[""postgres_graph"", ""qdrant""]","{""postgres_graph"": ""ready"", ""qdrant"": ""ready""}","{""postgres_graph"": [], ""qdrant"": []}","[""postgres_graph"", ""qdrant""]",True,True,False,False,[],ready_dry_run_only,,,
False,False,True,False,plain_text,False,"[""postgres_graph"", ""qdrant""]",False,t_p_120_1176_p000488,488,True,True,00000488.tif,488,c9ec348a259f55ba003c79b5ae6cb67362a7c6fa782c02f47292389aaffaeeee,00000488.tif,False,validated_graph_and_semantic_index,False,False,False,plain_text,local_data\organization\trace_net\raw_to_answer_context_engineered_native_gemma4_001\ocr_route_scan_pack_tesseract_full\page_images\t_p_120_1176_p000488.tif,local_data\organization\trace_net\raw_to_answer_context_engineered_native_gemma4_001\ocr_route_scan_pack_tesseract_full\ocr_text\t_p_120_1176_p000488.txt,repaired_from_ocr_scan_pack,True,[],graph_source_map_plus_validated_evidence_links,False,True,validated_page_or_evidence_summary,False,True,joined_target_specific_dry_run_plans,"[""postgres_graph"", ""qdrant""]","{""postgres_graph"": ""ready"", ""qdrant"": ""ready""}","{""postgres_graph"": [], ""qdrant"": []}","[""postgres_graph"", ""qdrant""]",True,True,False,False,[],ready_dry_run_only,,,
False,False,True,False,plain_text,False,"[""postgres_graph"", ""qdrant""]",False,t_p_120_1176_p000489,489,True,True,00000489.tif,489,4be994c1233e54476c2d03ca4d43adefaeb805e8a79f222451e299792e18d364,00000489.tif,False,validated_graph_and_semantic_index,False,False,False,plain_text,local_data\organization\trace_net\raw_to_answer_context_engineered_native_gemma4_001\ocr_route_scan_pack_tesseract_full\page_images\t_p_120_1176_p000489.tif,local_data\organization\trace_net\raw_to_answer_context_engineered_native_gemma4_001\ocr_route_scan_pack_tesseract_full\ocr_text\t_p_120_1176_p000489.txt,repaired_from_ocr_scan_pack,True,[],graph_source_map_plus_validated_evidence_links,False,True,validated_page_or_evidence_summary,False,True,joined_target_specific_dry_run_plans,"[""postgres_graph"", ""qdrant""]","{""postgres_graph"": ""ready"", ""qdrant"": ""ready""}","{""postgres_graph"": [], ""qdrant"": []}","[""postgres_graph"", ""qdrant""]",True,True,False,False,[],ready_dry_run_only,,,
False,False,True,False,plain_text,False,"[""postgres_graph"", ""qdrant""]",False,t_p_120_1176_p000490,490,True,True,00000490.tif,490,0e6f0bc5923d40a3c49278e50cd4f389e6c12d8574651b5eb2513a62fd8fbfd2,00000490.tif,False,validated_graph_and_semantic_index,False,False,False,plain_text,local_data\organization\trace_net\raw_to_answer_context_engineered_native_gemma4_001\ocr_route_scan_pack_tesseract_full\page_images\t_p_120_1176_p000490.tif,local_data\organization\trace_net\raw_to_answer_context_engineered_native_gemma4_001\ocr_route_scan_pack_tesseract_full\ocr_text\t_p_120_1176_p000490.txt,repaired_from_ocr_scan_pack,True,[],graph_source_map_plus_validated_evidence_links,False,True,validated_page_or_evidence_summary,False,True,joined_target_specific_dry_run_plans,"[""postgres_graph"", ""qdrant""]","{""postgres_graph"": ""ready"", ""qdrant"": ""ready""}","{""postgres_graph"": [], ""qdrant"": []}","[""postgres_graph"", ""qdrant""]",True,True,False,False,[],ready_dry_run_only,,,
False,False,True,False,image,False,"[""postgres_graph"", ""qdrant""]",False,t_p_120_1176_p000491,491,True,True,00000491.tif,491,8d6c4cc3a8e77b60e9a550ab801044a443f3f38b860e5c7a7388feaac647057e,00000491.tif,False,validated_graph_and_semantic_index,False,False,False,image,local_data\organization\trace_net\raw_to_answer_context_engineered_native_gemma4_001\ocr_route_scan_pack_tesseract_full\page_images\t_p_120_1176_p000491.tif,local_data\organization\trace_net\raw_to_answer_context_engineered_native_gemma4_001\ocr_route_scan_pack_tesseract_full\ocr_text\t_p_120_1176_p000491.txt,repaired_from_ocr_scan_pack,True,[],graph_source_map_plus_validated_evidence_links,False,True,validated_page_or_evidence_summary,False,True,joined_target_specific_dry_run_plans,"[""postgres_graph"", ""qdrant""]","{""postgres_graph"": ""ready"", ""qdrant"": ""ready""}","{""postgres_graph"": [], ""qdrant"": []}","[""postgres_graph"", ""qdrant""]",True,True,False,False,[],ready_dry_run_only,,,
False,False,True,False,plain_text,False,"[""postgres_graph"", ""qdrant""]",False,t_p_120_1176_p000492,492,True,True,00000492.tif,492,26e92893afdcea2fb38ea0806c497b32e026e16e452ec17ec7feb46cb114f3ab,00000492.tif,False,validated_graph_and_semantic_index,False,False,False,plain_text,local_data\organization\trace_net\raw_to_answer_context_engineered_native_gemma4_001\ocr_route_scan_pack_tesseract_full\page_images\t_p_120_1176_p000492.tif,local_data\organization\trace_net\raw_to_answer_context_engineered_native_gemma4_001\ocr_route_scan_pack_tesseract_full\ocr_text\t_p_120_1176_p000492.txt,repaired_from_ocr_scan_pack,True,[],graph_source_map_plus_validated_evidence_links,False,True,validated_page_or_evidence_summary,False,True,joined_target_specific_dry_run_plans,"[""postgres_graph"", ""qdrant""]","{""postgres_graph"": ""ready"", ""qdrant"": ""ready""}","{""postgres_graph"": [], ""qdrant"": []}","[""postgres_graph"", ""qdrant""]",True,True,False,False,[],ready_dry_run_only,,,
False,False,True,False,image,False,"[""postgres_graph"", ""qdrant""]",False,t_p_120_1176_p000493,493,True,True,00000493.tif,493,32ce343afe14e2ef5dc6c1ca65c33f6ba9deb182cbe399f90eeaaea546544d8d,00000493.tif,False,validated_graph_and_semantic_index,False,False,False,image,local_data\organization\trace_net\raw_to_answer_context_engineered_native_gemma4_001\ocr_route_scan_pack_tesseract_full\page_images\t_p_120_1176_p000493.tif,local_data\organization\trace_net\raw_to_answer_context_engineered_native_gemma4_001\ocr_route_scan_pack_tesseract_full\ocr_text\t_p_120_1176_p000493.txt,repaired_from_ocr_scan_pack,True,[],graph_source_map_plus_validated_evidence_links,False,True,validated_page_or_evidence_summary,False,True,joined_target_specific_dry_run_plans,"[""postgres_graph"", ""qdrant""]","{""postgres_graph"": ""ready"", ""qdrant"": ""ready""}","{""postgres_graph"": [], ""qdrant"": []}","[""postgres_graph"", ""qdrant""]",True,True,False,False,[],ready_dry_run_only,,,
False,False,True,False,image,False,"[""postgres_graph"", ""qdrant""]",False,t_p_120_1176_p000494,494,True,True,00000494.tif,494,2c4019b463c68b4403e0ffaad11fad692f9e3b406098eff4a88aa83ee84b96ba,00000494.tif,False,validated_graph_and_semantic_index,False,False,False,image,local_data\organization\trace_net\raw_to_answer_context_engineered_native_gemma4_001\ocr_route_scan_pack_tesseract_full\page_images\t_p_120_1176_p000494.tif,local_data\organization\trace_net\raw_to_answer_context_engineered_native_gemma4_001\ocr_route_scan_pack_tesseract_full\ocr_text\t_p_120_1176_p000494.txt,repaired_from_ocr_scan_pack,True,[],graph_source_map_plus_validated_evidence_links,False,True,validated_page_or_evidence_summary,False,True,joined_target_specific_dry_run_plans,"[""postgres_graph"", ""qdrant""]","{""postgres_graph"": ""ready"", ""qdrant"": ""ready""}","{""postgres_graph"": [], ""qdrant"": []}","[""postgres_graph"", ""qdrant""]",True,True,False,False,[],ready_dry_run_only,,,
False,False,True,False,image,False,"[""postgres_graph"", ""qdrant""]",False,t_p_120_1176_p000495,495,True,True,00000495.tif,495,dcd77c0b60235fa92ab496b00c569e4d144f5d04652950a065d8635794efb858,00000495.tif,False,validated_graph_and_semantic_index,False,False,False,image,local_data\organization\trace_net\raw_to_answer_context_engineered_native_gemma4_001\ocr_route_scan_pack_tesseract_full\page_images\t_p_120_1176_p000495.tif,local_data\organization\trace_net\raw_to_answer_context_engineered_native_gemma4_001\ocr_route_scan_pack_tesseract_full\ocr_text\t_p_120_1176_p000495.txt,repaired_from_ocr_scan_pack,True,[],graph_source_map_plus_validated_evidence_links,False,True,validated_page_or_evidence_summary,False,True,joined_target_specific_dry_run_plans,"[""postgres_graph"", ""qdrant""]","{""postgres_graph"": ""ready"", ""qdrant"": ""ready""}","{""postgres_graph"": [], ""qdrant"": []}","[""postgres_graph"", ""qdrant""]",True,True,False,False,[],ready_dry_run_only,,,
False,False,True,False,plain_text,False,"[""postgres_graph"", ""qdrant""]",False,t_p_120_1176_p000496,496,True,True,00000496.tif,496,938ebe31679a14910b7d8da702ce5deabf8e02d0b2185abf750b2401195c4188,00000496.tif,False,validated_graph_and_semantic_index,False,False,False,plain_text,local_data\organization\trace_net\raw_to_answer_context_engineered_native_gemma4_001\ocr_route_scan_pack_tesseract_full\page_images\t_p_120_1176_p000496.tif,local_data\organization\trace_net\raw_to_answer_context_engineered_native_gemma4_001\ocr_route_scan_pack_tesseract_full\ocr_text\t_p_120_1176_p000496.txt,repaired_from_ocr_scan_pack,True,[],graph_source_map_plus_validated_evidence_links,False,True,validated_page_or_evidence_summary,False,True,joined_target_specific_dry_run_plans,"[""postgres_graph"", ""qdrant""]","{""postgres_graph"": ""ready"", ""qdrant"": ""ready""}","{""postgres_graph"": [], ""qdrant"": []}","[""postgres_graph"", ""qdrant""]",True,True,False,False,[],ready_dry_run_only,,,
False,False,True,False,plain_text,False,"[""postgres_graph"", ""qdrant""]",False,t_p_120_1176_p000497,497,True,True,00000497.tif,497,2d48dc4d909ad027a4bae075f469b495e2493dcaca2a551bf375e099a267c2f7,00000497.tif,False,validated_graph_and_semantic_index,False,False,False,plain_text,local_data\organization\trace_net\raw_to_answer_context_engineered_native_gemma4_001\ocr_route_scan_pack_tesseract_full\page_images\t_p_120_1176_p000497.tif,local_data\organization\trace_net\raw_to_answer_context_engineered_native_gemma4_001\ocr_route_scan_pack_tesseract_full\ocr_text\t_p_120_1176_p000497.txt,repaired_from_ocr_scan_pack,True,[],graph_source_map_plus_validated_evidence_links,False,True,validated_page_or_evidence_summary,False,True,joined_target_specific_dry_run_plans,"[""postgres_graph"", ""qdrant""]","{""postgres_graph"": ""ready"", ""qdrant"": ""ready""}","{""postgres_graph"": [], ""qdrant"": []}","[""postgres_graph"", ""qdrant""]",True,True,False,False,[],ready_dry_run_only,,,
False,False,True,False,image,False,"[""postgres_graph"", ""qdrant""]",False,t_p_120_1176_p000498,498,True,True,00000498.tif,498,21b9fe7e8a7b96375f56dd0f4365a952c155085d3d28ec0ed07a243e235bcb5d,00000498.tif,False,validated_graph_and_semantic_index,False,False,False,image,local_data\organization\trace_net\raw_to_answer_context_engineered_native_gemma4_001\ocr_route_scan_pack_tesseract_full\page_images\t_p_120_1176_p000498.tif,local_data\organization\trace_net\raw_to_answer_context_engineered_native_gemma4_001\ocr_route_scan_pack_tesseract_full\ocr_text\t_p_120_1176_p000498.txt,repaired_from_ocr_scan_pack,True,[],graph_source_map_plus_validated_evidence_links,False,True,validated_page_or_evidence_summary,False,True,joined_target_specific_dry_run_plans,"[""postgres_graph"", ""qdrant""]","{""postgres_graph"": ""ready"", ""qdrant"": ""ready""}","{""postgres_graph"": [], ""qdrant"": []}","[""postgres_graph"", ""qdrant""]",True,True,False,False,[],ready_dry_run_only,,,
False,False,True,False,image,False,"[""postgres_graph"", ""qdrant""]",False,t_p_120_1176_p000499,499,True,True,00000499.tif,499,8813531747f6406fcef809054743ed7bad05c27892792432b1865c387012368c,00000499.tif,False,validated_graph_and_semantic_index,False,False,False,image,local_data\organization\trace_net\raw_to_answer_context_engineered_native_gemma4_001\ocr_route_scan_pack_tesseract_full\page_images\t_p_120_1176_p000499.tif,local_data\organization\trace_net\raw_to_answer_context_engineered_native_gemma4_001\ocr_route_scan_pack_tesseract_full\ocr_text\t_p_120_1176_p000499.txt,repaired_from_ocr_scan_pack,True,[],graph_source_map_plus_validated_evidence_links,False,True,validated_page_or_evidence_summary,False,True,joined_target_specific_dry_run_plans,"[""postgres_graph"", ""qdrant""]","{""postgres_graph"": ""ready"", ""qdrant"": ""ready""}","{""postgres_graph"": [], ""qdrant"": []}","[""postgres_graph"", ""qdrant""]",True,True,False,False,[],ready_dry_run_only,,,
False,False,True,False,image,False,"[""postgres_graph"", ""qdrant""]",False,t_p_120_1176_p000500,500,True,True,00000500.tif,500,03547821e52f91d462f95de77a617decf1a15686d3d737967fa419303cb7112b,00000500.tif,False,validated_graph_and_semantic_index,False,False,False,image,local_data\organization\trace_net\raw_to_answer_context_engineered_native_gemma4_001\ocr_route_scan_pack_tesseract_full\page_images\t_p_120_1176_p000500.tif,local_data\organization\trace_net\raw_to_answer_context_engineered_native_gemma4_001\ocr_route_scan_pack_tesseract_full\ocr_text\t_p_120_1176_p000500.txt,repaired_from_ocr_scan_pack,True,[],graph_source_map_plus_validated_evidence_links,False,True,validated_page_or_evidence_summary,False,True,joined_target_specific_dry_run_plans,"[""postgres_graph"", ""qdrant""]","{""postgres_graph"": ""ready"", ""qdrant"": ""ready""}","{""postgres_graph"": [], ""qdrant"": []}","[""postgres_graph"", ""qdrant""]",True,True,False,False,[],ready_dry_run_only,,,
False,False,True,False,plain_text,False,"[""postgres_graph"", ""qdrant""]",False,t_p_120_1176_p000501,501,True,True,00000501.tif,501,8282f7eed09ebac19e1dfcaf948d980d74b4c9aa339b5b068a530ad48d1b6fb8,00000501.tif,False,validated_graph_and_semantic_index,False,False,False,plain_text,local_data\organization\trace_net\raw_to_answer_context_engineered_native_gemma4_001\ocr_route_scan_pack_tesseract_full\page_images\t_p_120_1176_p000501.tif,local_data\organization\trace_net\raw_to_answer_context_engineered_native_gemma4_001\ocr_route_scan_pack_tesseract_full\ocr_text\t_p_120_1176_p000501.txt,repaired_from_ocr_scan_pack,True,[],graph_source_map_plus_validated_evidence_links,False,True,validated_page_or_evidence_summary,False,True,joined_target_specific_dry_run_plans,"[""postgres_graph"", ""qdrant""]","{""postgres_graph"": ""ready"", ""qdrant"": ""ready""}","{""postgres_graph"": [], ""qdrant"": []}","[""postgres_graph"", ""qdrant""]",True,True,False,False,[],ready_dry_run_only,,,
False,False,True,False,plain_text,False,"[""postgres_graph"", ""qdrant""]",False,t_p_120_1176_p000502,502,True,True,00000502.tif,502,146edb2a89d7eabb35dee2ccde60df6965e27f76fc796d25b691a2044bfbf0b1,00000502.tif,False,validated_graph_and_semantic_index,False,False,False,plain_text,local_data\organization\trace_net\raw_to_answer_context_engineered_native_gemma4_001\ocr_route_scan_pack_tesseract_full\page_images\t_p_120_1176_p000502.tif,local_data\organization\trace_net\raw_to_answer_context_engineered_native_gemma4_001\ocr_route_scan_pack_tesseract_full\ocr_text\t_p_120_1176_p000502.txt,repaired_from_ocr_scan_pack,True,[],graph_source_map_plus_validated_evidence_links,False,True,validated_page_or_evidence_summary,False,True,joined_target_specific_dry_run_plans,"[""postgres_graph"", ""qdrant""]","{""postgres_graph"": ""ready"", ""qdrant"": ""ready""}","{""postgres_graph"": [], ""qdrant"": []}","[""postgres_graph"", ""qdrant""]",True,True,False,False,[],ready_dry_run_only,,,
False,False,True,False,plain_text,False,"[""postgres_graph"", ""qdrant""]",False,t_p_120_1176_p000503,503,True,True,00000503.tif,503,35d36232bf1e2a8bff7ec8e7524f88b9d9208757a78c9dc66b38cb07ff78f84d,00000503.tif,False,validated_graph_and_semantic_index,False,False,False,plain_text,local_data\organization\trace_net\raw_to_answer_context_engineered_native_gemma4_001\ocr_route_scan_pack_tesseract_full\page_images\t_p_120_1176_p000503.tif,local_data\organization\trace_net\raw_to_answer_context_engineered_native_gemma4_001\ocr_route_scan_pack_tesseract_full\ocr_text\t_p_120_1176_p000503.txt,repaired_from_ocr_scan_pack,True,[],graph_source_map_plus_validated_evidence_links,False,True,validated_page_or_evidence_summary,False,True,joined_target_specific_dry_run_plans,"[""postgres_graph"", ""qdrant""]","{""postgres_graph"": ""ready"", ""qdrant"": ""ready""}","{""postgres_graph"": [], ""qdrant"": []}","[""postgres_graph"", ""qdrant""]",True,True,False,False,[],ready_dry_run_only,,,
False,False,True,False,plain_text,False,"[""postgres_graph"", ""qdrant""]",False,t_p_120_1176_p000504,504,True,True,00000504.tif,504,cf1ca62b16178cefe155e3a2abcef410b324ec89b18525fea6d109952c8056de,00000504.tif,False,validated_graph_and_semantic_index,False,False,False,plain_text,local_data\organization\trace_net\raw_to_answer_context_engineered_native_gemma4_001\ocr_route_scan_pack_tesseract_full\page_images\t_p_120_1176_p000504.tif,local_data\organization\trace_net\raw_to_answer_context_engineered_native_gemma4_001\ocr_route_scan_pack_tesseract_full\ocr_text\t_p_120_1176_p000504.txt,repaired_from_ocr_scan_pack,True,[],graph_source_map_plus_validated_evidence_links,False,True,validated_page_or_evidence_summary,False,True,joined_target_specific_dry_run_plans,"[""postgres_graph"", ""qdrant""]","{""postgres_graph"": ""ready"", ""qdrant"": ""ready""}","{""postgres_graph"": [], ""qdrant"": []}","[""postgres_graph"", ""qdrant""]",True,True,False,False,[],ready_dry_run_only,,,
False,False,True,False,plain_text,False,"[""postgres_graph"", ""qdrant""]",False,t_p_120_1176_p000505,505,True,True,00000505.tif,505,84eb87a199932a53497c1a49ad4c8342354cd1a26aaf99266fcb768241e83337,00000505.tif,False,validated_graph_and_semantic_index,False,False,False,plain_text,local_data\organization\trace_net\raw_to_answer_context_engineered_native_gemma4_001\ocr_route_scan_pack_tesseract_full\page_images\t_p_120_1176_p000505.tif,local_data\organization\trace_net\raw_to_answer_context_engineered_native_gemma4_001\ocr_route_scan_pack_tesseract_full\ocr_text\t_p_120_1176_p000505.txt,repaired_from_ocr_scan_pack,True,[],graph_source_map_plus_validated_evidence_links,False,True,validated_page_or_evidence_summary,False,True,joined_target_specific_dry_run_plans,"[""postgres_graph"", ""qdrant""]","{""postgres_graph"": ""ready"", ""qdrant"": ""ready""}","{""postgres_graph"": [], ""qdrant"": []}","[""postgres_graph"", ""qdrant""]",True,True,False,False,[],ready_dry_run_only,,,
False,False,True,False,plain_text,False,"[""postgres_graph"", ""qdrant""]",False,t_p_120_1176_p000506,506,True,True,00000506.tif,506,e4b0479063c27f097b90ff520820d5ed4b08d41093f9e306aae11e64d1411159,00000506.tif,False,validated_graph_and_semantic_index,False,False,False,plain_text,local_data\organization\trace_net\raw_to_answer_context_engineered_native_gemma4_001\ocr_route_scan_pack_tesseract_full\page_images\t_p_120_1176_p000506.tif,local_data\organization\trace_net\raw_to_answer_context_engineered_native_gemma4_001\ocr_route_scan_pack_tesseract_full\ocr_text\t_p_120_1176_p000506.txt,repaired_from_ocr_scan_pack,True,[],graph_source_map_plus_validated_evidence_links,False,True,validated_page_or_evidence_summary,False,True,joined_target_specific_dry_run_plans,"[""postgres_graph"", ""qdrant""]","{""postgres_graph"": ""ready"", ""qdrant"": ""ready""}","{""postgres_graph"": [], ""qdrant"": []}","[""postgres_graph"", ""qdrant""]",True,True,False,False,[],ready_dry_run_only,,,
False,False,True,False,plain_text,False,"[""postgres_graph"", ""qdrant""]",False,t_p_120_1176_p000507,507,True,True,00000507.tif,507,b643e92e50facf91e029478c7c04ec6635d519f5f967786c8240b7087ed09e9c,00000507.tif,False,validated_graph_and_semantic_index,False,False,False,plain_text,local_data\organization\trace_net\raw_to_answer_context_engineered_native_gemma4_001\ocr_route_scan_pack_tesseract_full\page_images\t_p_120_1176_p000507.tif,local_data\organization\trace_net\raw_to_answer_context_engineered_native_gemma4_001\ocr_route_scan_pack_tesseract_full\ocr_text\t_p_120_1176_p000507.txt,repaired_from_ocr_scan_pack,True,[],graph_source_map_plus_validated_evidence_links,False,True,validated_page_or_evidence_summary,False,True,joined_target_specific_dry_run_plans,"[""postgres_graph"", ""qdrant""]","{""postgres_graph"": ""ready"", ""qdrant"": ""ready""}","{""postgres_graph"": [], ""qdrant"": []}","[""postgres_graph"", ""qdrant""]",True,True,False,False,[],ready_dry_run_only,,,
False,True,True,True,plain_text,False,"[""postgres_graph""]",False,t_p_120_1176_p000508,508,True,False,00000508.tif,508,ebc93983f312fe1fea9f2930c9843ba6352f109c7954b86fe1c9c0b546b97dbf,00000508.tif,False,graph_only_validator_gated,False,True,False,plain_text,local_data\organization\trace_net\raw_to_answer_context_engineered_native_gemma4_001\ocr_route_scan_pack_tesseract_full\page_images\t_p_120_1176_p000508.tif,local_data\organization\trace_net\raw_to_answer_context_engineered_native_gemma4_001\ocr_route_scan_pack_tesseract_full\ocr_text\t_p_120_1176_p000508.txt,repaired_from_ocr_scan_pack,True,[],graph_source_map_only,False,True,,,,joined_target_specific_dry_run_plans,"[""postgres_graph""]","{""postgres_graph"": ""ready""}","{""postgres_graph"": []}","[""postgres_graph""]",True,False,False,False,[],ready_dry_run_only,,,
False,False,True,False,plain_text,False,"[""postgres_graph"", ""qdrant""]",False,t_p_120_1176_p000509,509,True,True,00000509.tif,509,dd72d0c14b8cc524599ebd31fe5c5f33145c2b6fb9db6ed09633426a5ce69fc9,00000509.tif,False,validated_graph_and_semantic_index,False,False,False,plain_text,local_data\organization\trace_net\raw_to_answer_context_engineered_native_gemma4_001\ocr_route_scan_pack_tesseract_full\page_images\t_p_120_1176_p000509.tif,local_data\organization\trace_net\raw_to_answer_context_engineered_native_gemma4_001\ocr_route_scan_pack_tesseract_full\ocr_text\t_p_120_1176_p000509.txt,repaired_from_ocr_scan_pack,True,[],graph_source_map_plus_validated_evidence_links,False,True,validated_page_or_evidence_summary,False,True,joined_target_specific_dry_run_plans,"[""postgres_graph"", ""qdrant""]","{""postgres_graph"": ""ready"", ""qdrant"": ""ready""}","{""postgres_graph"": [], ""qdrant"": []}","[""postgres_graph"", ""qdrant""]",True,True,False,False,[],ready_dry_run_only,,,
