page_number,page_id,review_priority,human_review_required,auto_seed_status,suggested_canonical_route,auto_seeded_gold_route_label,legacy_route,ocr_word_count,part_number_count,seed_reasons,ocr_sample_text,source_image_path,gold_route_label,review_status,review_notes
13,t_p_120_1176_p000013,medium,True,needs_human_review,table_or_index,,normal_text,84,0,table_or_index_medium_or_ambiguous,"< COMPONENT MAINTENANCE MANUAL
EMBRAER WITH ILLUSTRATED PARTS LIST
RECORD OF REVISIONS
No. ISSUED INSERTED No. ISSUED INSERTED

0s
0s
a ee
a ey
a ey
a
0s
0s
a a
a 0s
a ey
a
0s
0s
a ee
a ey
a ey
a
0s
0s
a ee
a ey
a
0s
0s
a ee
a ey
a se eo
RETAIN THIS RECORD IN FRONT OF MANUAL.

ON RECEIPT OF REVISION, INSERT REVISED PAGES IN THE MANUAL, AND ENTER NUMBER, DATE INSERTED
AND INITIALS.
",local_data\organization\trace_net\ocr_route_scan_pack_tesseract_full\page_images\t_p_120_1176_p000013.tif,,needs_review,
14,t_p_120_1176_p000014,medium,True,needs_human_review,table_or_index,,normal_text,75,0,table_or_index_medium_or_ambiguous,"EMBRAER COMPONENT MAINTENANCE MANUAL
WITH ILLUSTRATED PARTS LIST

SERVICE BULLETIN RECORD

SERVICE OTHER DATE OF SERVICE OTHER DATE OF
BULLETIN DIRECTIVES INCORPORATION BULLETIN DIRECTIVES INCORPORATION
NUMBER INTO MANUAL NUMBER INTO MANUAL

NOTE: INFORMATION BULLETINS (IB) ARE NORMALLY ISSUED TO PROVIDE GENERAL INFORMATION.
HOWEVER, CERTAIN INFORMATION BULLETINS MAY CONTAIN ADDITIONAL PROCEDURAL OR
MODIFICATION INFORMATION WHICH MUST BE DISSEMINATED TO THE EQUIPMENT USERS.
THEREFORE, THESE INFORMATION BULLETINS ARE LISTED ALONG WITH THE SERVICE BULLETINS
UNDER “OTHER DIRECTIVES”.
",local_data\organization\trace_net\ocr_route_scan_pack_tesseract_full\page_images\t_p_120_1176_p000014.tif,,needs_review,
15,t_p_120_1176_p000015,medium,True,needs_human_review,mixed_text_and_figure,,table,305,0,semantic_or_mixed_route_requires_human_review,"-< EMBRAER
MAINTENANCE MANUAL WITH
ILLUSTRATED PARTS LIST
DESCRIPTION AND OPERATION
1. General
The passenger seats are arranged into two rows in the aircraft, one comprising single seats and
another comprising double seats. In some configurations, the last row may also comprise triple
seats.
2. Description
A. The Single Passenger Seat (Figure 1) configurations listed below may be found on the ""EMB-
120"" Brasilia:
(1) First row single passenger seat with plug-in type snack table.
(2) Complete Single Passenger Seat with two armrests and snack folding table.
(3) Single Passenger Seat without armrest on the wall side (emergency exit position).
(4) Single Passenger Seat without snack folding table (last row).
(5) Single Passenger Seat with longer armrest, without snack folding table, to fit the triple pas-
senger seat row.
B. The Double Passenger Seat (Figure 2) may be found in the following configurations:
(1) First row Double Passenger Seat with plug-in type snack table.",local_data\organization\trace_net\ocr_route_scan_pack_tesseract_full\page_images\t_p_120_1176_p000015.tif,,needs_review,
16,t_p_120_1176_p000016,medium,True,needs_human_review,normal_text,,normal_text,223,0,semantic_or_mixed_route_requires_human_review,"€ emonnce

MAINTENANCE MANUAL WITH
ILLUSTRATED PARTS LIST

G. The backrest structure consists of a rigid composite structure attached to the seat structure and
molded foam cushion is glued to this structure, then covered with fitted upholstery, which, in turn,
is secured with Velcro fastener.

H. The seat bottom cushion is made of molded foam and is covered by the upholstery which is
secured with Velcro fastener.

J. The snack folding table is installed to the back face of the backrest. The snack folding table oper-
ation, when it is extended, is completely independent of the backrest.

K. The plug-in type snack table fits into the armrests.

L. The magazine holder is fitted in the back face of the seat.

M. In the bottom of the each seat place there is a life jacket stowage assembly.

3. Operation
A. Extension and stowage of the Snack Folding Table
(1) The snack folding table is secured in the stowed position by a latch located at the center of

the backrest, ",local_data\organization\trace_net\ocr_route_scan_pack_tesseract_full\page_images\t_p_120_1176_p000016.tif,,needs_review,
24,t_p_120_1176_p000024,medium,True,needs_human_review,table_or_index,,table,116,0,table_or_index_medium_or_ambiguous,"< EMBRAER
MAINTENANCE MANUAL WITH
ILLUSTRATED PARTS LIST
VENDORS’ NAMES AND ADDRESSES
VENDOR NAMES AND ADDRESSES
CODE
E065846 AEROMOT INDUSTRIA MECANICO METALURGICA LTDA.
AV. DAS INDUSTRIAS, 1210
ANCHIETA
CEP 90000 PORTO ALEGRE - RS - BRASIL
E075221 COMERIT - COMPANHIA MERCANTIL E INDUSTRIAL ENGELBRECHT
AV. GONCALO MADEIRA, 220
JAGUARE
CEP 01000 - SAO PAULO - SP - BRASIL
TEL (055) (011) 268-9222
15653 KAYNAR - MICRODOT COMPANY
800 S. STATE COLLEGE BOULEVARD
92634 - FULLERTON - CALIFORNIA - USA
P.O. BOX 3001
TEL (001) (714) 871-1550
VS4956 EMBRAER - EMPRESA BRASILEIRA DE AERONAUTICA S.A
AV. BRIGADEIRO FARIA LIMA, 2170 - PUTIM
CEP 12137-901 SAO JOSE DOS CAMPOS - SP - BRASI
CAIXA POSTAL 343
TEL (055) (012) 345-1624 FAX (055) (012) 345-1598
EFFECTIVITY: ALL
25 21 00 Page 1005/1006
Sep 30/98
",local_data\organization\trace_net\ocr_route_scan_pack_tesseract_full\page_images\t_p_120_1176_p000024.tif,,needs_review,
26,t_p_120_1176_p000026,medium,True,needs_human_review,table_or_index,,normal_text,20,0,table_or_index_medium_or_ambiguous,"< EMBRAER

MAINTENANCE MANUAL WITH
ILLUSTRATED PARTS LIST

NUMERICAL INDEX

EFFECTIVITY: ALL 25-2 1 -00
Page 1007

T.P. 120/1176 Jan 15/01
",local_data\organization\trace_net\ocr_route_scan_pack_tesseract_full\page_images\t_p_120_1176_p000026.tif,,needs_review,
27,t_p_120_1176_p000027,medium,True,needs_human_review,table_or_index,,table,303,0,table_or_index_medium_or_ambiguous,"< EMBRAER
MAINTENANCE MANUAL WITH
ILLUSTRATED PARTS LIST
[ evsevine| vofiir [Rite | | cseounne| reir en
PER STOCK PER STOCK
CH-SEC-UN-FIG | ITEM] ASSY NUMBER CH-SEC-UN-FIG | ITEM] ASSY NUMBER
1002-C/6 1002-C/6
25-21-00-01 130 4 25-21-00-31 70 8
25-21-00-02 130 4 25-21-00-31A 70 8
25-21-00-02A} 130 4 25-21-00-32 70 8
25-2 1-00-03 120 4 25-21-00-33 80 8
25-2 1-00-04 140 4 25-21-00-34 70 8
25-21-00-05 120 4 25-21-00-35 70 8
i 25-21-00-05A} 130 4 25-21-00-36 70 8
25-2 1-00-06 130 4 25-21-00-37 70 8
25-21-00-07 130 4 25-21-00-38 80 8
25-2 1-00-08 120 4 25-21-00-39 70 8
| 25-21-00-08A |} 130 4 25-21-00-40 70 8
25-2 1-00-09 130 4 25-21-00-41 70 8
25-21-00-10 130 4 25-21-00-42 70 8
25-21-00-11 120 4 25-21-00-43 70 8
25-21-00-12 130 4 25-21-00-44 70 8
25-21-00-13 130 4 25-21-00-45 70 8
25-21-00-14 130 4 25-21-00-46 70 8
25-21-00-15 120 4 25-21-00-47 70 8
25-21-00-16 130 4 25-21-00-48 70 8
25-21-00-17 130 4 25-21-00-49 70 8
25-21-00-17 -195 2 25-21-00-50 70 8
25-21-00",local_data\organization\trace_net\ocr_route_scan_pack_tesseract_full\page_images\t_p_120_1176_p000027.tif,,needs_review,
28,t_p_120_1176_p000028,medium,True,needs_human_review,table_or_index,,table,305,0,table_or_index_medium_or_ambiguous,"< EMBRAER
MAINTENANCE MANUAL WITH
ILLUSTRATED PARTS LIST
[ensevine raiser [Rite | seounne| iy [an
PER STOCK PER STOCK
CH-SEC-UN-FIG | ITEM] ASSY NUMBER CH-SEC-UN-FIG | ITEM] ASSY NUMBER
1002-C/6 1002-F
25-21-00-65 -186 4 25-21-00-17 140 4
25-2 1-00-66 70 8 25-21-00-17 -196 2
25-2 1-00-66 -156 4 25-21-00-18 140 4
25-21-00-76 70 12 25-21-00-18 -166 2
i 25-21-00-76A 70 12 25-21-00-19 140 4
25-21-00-77 80 12 25-21-00-19 -196 2
25-21-00-78 70 12 25-21-00-20 140 4
1002-F 25-21-00-20 -196 2
25-21-00-01 140 4 25-21-00-21 140 4
25-21-00-01 -195 2 25-21-00-21 -196 2
25-2 1-00-02 140 4 25-21 -00-22 140 4
25-2 1-00-02 -195 2 25-21-00-23 130 4
25-21-00-02A | 140 4 25-21-00-23 -185 2
25-21-00-02A | -205 2 25-21-00-24 130 4
25-21-00-03 130 4 25-21-00-25 140 4
25-2 1-00-04 150 4 25-21-00-25 -166 2
25-2 1-00-04 -205 4 25-21-00-26 130 4
25-21-00-05 130 4 25-21 -00-27 140 4
25-21-00-05A | 140 4 25-21-00-27 -196 2
25-21-00-05A | -195 2 25-21-00-28 130 4
25-2 1-00-06 140 4 25-21-",local_data\organization\trace_net\ocr_route_scan_pack_tesseract_full\page_images\t_p_120_1176_p000028.tif,,needs_review,
33,t_p_120_1176_p000033,medium,True,needs_human_review,table_or_index,,table,304,5,table_or_index_medium_or_ambiguous,"< EMBRAER
MAINTENANCE MANUAL WITH
ILLUSTRATED PARTS LIST
[ evseovine| rofiir [Rite | | cseounne| reir fen
PER STOCK PER STOCK
CH-SEC-UN-FIG | ITEM] ASSY NUMBER CH-SEC-UN-FIG | ITEM] ASSY NUMBER
120-2907 4-001 120-29076-001 0
25-2 1-00-87 1 1 25-21-00-81 100 1
25-2 1-00-88 1 1 25-21-00-82 80 1
25-2 1-00-89 1 1 25-21-00-83 100 1
25-21-00-91 1 1 25-21-00-84 100 1
25-2 1-00-92 1 1 25-21-00-85 100 1
25-21-00-95 1 1 25-2 1-00-86 80 1
25-2 1-00-96 1 1 120-2907 7-001
25-2 1-00-97 1 1 25-21-00-87 110 1
25-2 1-00-98 1 1 25-21-00-91 110 1
25-21-00-101 1 1 25-21-00-95 140 1
25-21-00-102 1 1 120-2907 7-001
25-21-00-103 1 1 25-21-00-98 140 1
120-2907 4-011 25-21-00-101 110 1
25-2 1-00-92 -2 1 120-29083-001
120-29074-013 25-21-00-67 40 2
25-2 1-00-88 -2 1 25-2 1-00-68 40 2
25-2 1-00-90 1 1 25-21-00-69 40 2
25-2 1-00-93 1 1 25-21-00-70 40 2
25-2 1-00-94 1 1 25-21-00-71 40 2
25-21-00-95 1 1 25-21-00-72 40 2
25-2 1-00-98 1 1 25-21-00-73 40 2
25-2 1-00-99 1 1 25-21-00-74 40 2",local_data\organization\trace_net\ocr_route_scan_pack_tesseract_full\page_images\t_p_120_1176_p000033.tif,,needs_review,
34,t_p_120_1176_p000034,medium,True,needs_human_review,table_or_index,,table,70,2,table_or_index_medium_or_ambiguous,"-<€ EMBRAER
MAINTENANCE MANUAL WITH
ILLUSTRATED PARTS LIST
[ewsesuina| magiy [undin | [ensesunne|vefiiy [iin
PER STOCK PER STOCK
CH-SEC-UN-FIG |} ITEM] ASSY NUMBER CH-SEC-UN-FIG | ITEM] ASSY NUMBER
120-29083-001
25-21-00-106 | 250 4
120-29093-001
25-21-00-79 150 1
25-2 1-00-80 160 1
25-21-00-81 160 1
25-2 1-00-82 140 1
25-21-00-83 160 1
25-2 1-00-84 160 1
25-21-00-85 160 1
25-2 1-00-86 140 1
EFFECTIVITY: ALL 2 5-2 1 -00
Page 1014A/B
T.P. 120/1176 Jul 30/02
",local_data\organization\trace_net\ocr_route_scan_pack_tesseract_full\page_images\t_p_120_1176_p000034.tif,,needs_review,
37,t_p_120_1176_p000037,medium,True,needs_human_review,table_or_index,,table,300,6,table_or_index_medium_or_ambiguous,"-< EMBRAER
MAINTENANCE MANUAL WITH
ILLUSTRATED PARTS LIST
[ cwsecuwra| rags fesse | [secu] nese [Rie
PER STOCK PER STOCK
CH-SEC-UN-FIG | ITEM] ASSY NUMBER CH-SEC-UN-FIG | ITEM] ASSY NUMBER
120-33774-001 120-33774-001
25-21-00-10 20 1 25-21 -00-59 10 2
25-21 -00-11 10 1 25-21 -00-60 10 2
25-21-00-12 20 1 25-21 -00-61 10 2
25-21-00-17 20 1 25-21 -00-62 10 2
25-21-00-18 20 1 25-21 -00-63 10 2
25-21-00-19 20 1 25-21 -00-64 10 2
25-21-00-20 20 1 25-21-00-65 10 2
25-21-00-21 20 1 25-21 -00-66 10 2
25-21-00-22 20 1 25-21 -00-76 10 3
i 25-21-00-23 10 1 25-21-00-/6A 10 3
25-21-00-24 10 1 25-21-00-77 10 3
25-21-00-25 20 1 120-33774-501
25-21-00-26 10 1 25-21-00-30A -11 2
25-21-00-27 20 1 120-33774-505
25-21-00-28 10 1 25-21-00-8A -11 1
25-21-00-29 10 2 25-21-00-29A -13 2
25-21-00-29A 10 2 25-21-00-31A -13 2
25-21-00-30 10 2 120-33774-537
25-21-00-30A 10 2 25-21-00-02A 10 1
25-21-00-31 10 2 25-21-00-05A 10 1
25-21-00-31A 10 2 25-21-00-08A 10 1
25-21-00-32 10 2 25-21-00",local_data\organization\trace_net\ocr_route_scan_pack_tesseract_full\page_images\t_p_120_1176_p000037.tif,,needs_review,
41,t_p_120_1176_p000041,medium,True,needs_human_review,table_or_index,,table,319,3,table_or_index_medium_or_ambiguous,"-< EMBRAER
MAINTENANCE MANUAL WITH
ILLUSTRATED PARTS LIST
[ cwsecunra| napisy fess | [secu] nese [Rie
PER STOCK PER STOCK
CH-SEC-UN-FIG | ITEM] ASSY NUMBER CH-SEC-UN-FIG | ITEM] ASSY NUMBER
120-36842-001 120-36842-001
25-21 -00-08 110 1 25-21 -00-53 50 2
| 25-21-00-08A| 120 1 25-21 -00-54 50 2
25-21-00-09 120 1 25-21-00-55 50 2
25-21-00-10 120 1 25-21 -00-56 50 2
25-21-00-11 110 1 25-21-00-57 50 2
25-21-00-12 120 1 25-21 -00-58 50 2
25-21-00-13 120 1 25-21 -00-59 50 2
25-21-00-14 120 1 25-21 -00-60 50 2
25-21-00-15 110 1 25-21 -00-61 50 2
25-21-00-16 120 1 25-21 -00-62 50 2
25-21-00-17 120 1 25-21 -00-63 50 2
25-21-00-18 120 1 25-21 -00-64 50 2
25-21-00-19 120 1 25-21-00-65 50 2
25-21-00-20 120 1 25-21 -00-66 50 2
25-21-00-21 120 1 25-21 -00-76 50 3
i 25-21-00-22 120 1 25-21-00-/6A 50 3
25-21 -00-23 110 1 25-21-00-77 60 3
25-21 -00-24 110 1 25-21 -00-78 50 3
25-21-00-25 120 1 120-36842-003
| 25-21 -00-26 110 1 25-21-00-31A 50 2
25-21-00-27 120 1 25-21 -00-34 ",local_data\organization\trace_net\ocr_route_scan_pack_tesseract_full\page_images\t_p_120_1176_p000041.tif,,needs_review,
45,t_p_120_1176_p000045,medium,True,needs_human_review,table_or_index,,table,308,7,table_or_index_medium_or_ambiguous,"-< EMBRAER
MAINTENANCE MANUAL WITH
ILLUSTRATED PARTS LIST
[ cwsacowra| nafs fesse | [nsec] nese [Rie
PER STOCK PER STOCK
CH-SEC-UN-FIG | ITEM] ASSY NUMBER CH-SEC-UN-FIG | ITEM] ASSY NUMBER
120-40636-001 120-40796-001
25-21-00-52 170 3 25-21-00-19 230 1
25-21-00-53 220 3 25-21 -00-24 180 1
25-21-00-54 190 3 25-21-00-25 200 1
25-21-00-55 190 3 25-21 -00-26 190 1
25-21-00-76 170 3 25-21-00-27 230 1
| 25-21-00-76A| 1/0 3 25-21 -00-28 200 1
25-21-00-78 150 3 25-21-00-57 210
120-40636-003 25-21 -00-62 180 1
25-21-00-03 160 1 25-21 -00-63 210 1
25-21-00-05 170 1 25-21 -00-64 220 1
| 25-21-00-05A]} 220 1 25-21-00-65 210 1
25-21-00-15 170 1 25-21 -00-66 190 1
120-40795-001 120-40796-003
25-21-00-18 -191 1 25-21-00-18 200 1
25-21-00-19 -221 1 25-21-00-19 -231 1
25-21-00-21 190 1 25-21 -00-21 200 1
25-21-00-22 210 1 25-21 -00-22 220 1
25-21-00-25 190 1 25-21 -00-24 -181 1
25-21-00-27 220 1 25-21-00-25 -201 1
25-21-00-57 230 1 25-21 -00-26 200 1
25-2 1-00-62 200 1 25-21-",local_data\organization\trace_net\ocr_route_scan_pack_tesseract_full\page_images\t_p_120_1176_p000045.tif,,needs_review,
47,t_p_120_1176_p000047,medium,True,needs_human_review,table_or_index,,table,264,7,table_or_index_medium_or_ambiguous,"-<€ EMBRAER
MAINTENANCE MANUAL WITH
ILLUSTRATED PARTS LIST
secuino| apy faite | [ cverounno| nef [ei
PER STOCK PER STOCK
CH-SEC-UN-FIG| ITEM] ASSY NUMBER CH-SEC-UN-FIG] ITEM] ASSY NUMBER
120-41225-001 120-41226-001
| 25-21-00-85 | -202 1
25-21-00-105] 220 1 120-41231-001
| 25-21-00-29 | 250 2
120-41225-003 25-21-00-29A] 270 2
25-21-00-67 10) 1 25-21-00-30 | 240] 2
25-21-00-69 10); 1 25-21-00-30A] 240| 2
apeee 0 2521-00-31 | 240] 2
5501-00-75 10 25-21-00-31A| 260 2
5501.00.89 | 240 5 25-21-00-32 | 250 2
55.01.00.90 | 240 25-21-00-33 | 270 2
55.91.-00-.93 | 210 ‘ 25-21-00-34 | 240 2
95-21-0095 | 211 3 25-21-00-35 | 240 2
95-01-00-96 | -211 5 25-21-00-35A| 200 2
25-21-00-97 210 2 25-21-00-36 240 2
25-21-00-98 211 4 25-21 -00-37 220 2
25-21-00-99 | 210 1 25-21-00-38 | 250 2
25-21-00-100} 210 1 25-21-00-39 | 250 1
25-21-00-103] 210 2 25-21-00-40 | -251 1
25-21-00-104 210 2 25-21-00-41 200 4
25-21-00-105 | 210 1 25-21-00-42 250 4
25-21-00-106 | 210 1 95-21-00-43 | ",local_data\organization\trace_net\ocr_route_scan_pack_tesseract_full\page_images\t_p_120_1176_p000047.tif,,needs_review,
53,t_p_120_1176_p000053,medium,True,needs_human_review,table_or_index,,table,281,6,table_or_index_medium_or_ambiguous,"-<€ EMBRAER
MAINTENANCE MANUAL WITH
ILLUSTRATED PARTS LIST
[evsicune| veiser_ [ests | | enasconrn| ven [ee
PER STOCK PER STOCK
CH-SEC-UN-FIG | ITEM) ASSY NUMBER CH-SEC-UN-FIG | ITEM] ASSY NUMBER
120-43539-001 120-45726-001
25-21-00-105 120 2 25-21-00-48 40 2
25-21-00-106 120 2 25-21-00-49 40 2
120-45726-001 25-21-00-50 40 2
25-21-00-01 50 1 25-21-00-51 40 2
25-21-00-02 50 1 25-21-00-52 40 2
| 25-21-00-02A 40 1 25-21-00-53 40 2
25-21-00-03 40 1 25-21-00-54 40 2
25-21-00-04 50 1 25-21-00-55 40 2
25-21-00-05 40 1 25-21-00-76 40 3
i 25-21-00-05A 40 1 25-21-00-78 40 3
25-21-00-06 50 1 120-45847-001
25-21-00-07 50 1 25-21-00-13 20 1
25-21-00-08 40 1 25-21-00-14 20 1
| 25-21-00-08A 40 1 25-21-00-15 10 1
25-21-00-09 50 1 25-21-00-16 20 1
25-21-00-10 50 1 25-21-00-43 10 2
25-21-00-11 40 1 25-21-00-44 10 2
25-21-00-12 50 1 25-21-00-45 10 2
25-21-00-13 50 1 25-21-00-46 10 2
25-21-00-14 50 1 25-21-00-78 10 3
25-21-00-15 40 1 120-45848-001
25-21-00-16 50 1 25-21-00-13 30",local_data\organization\trace_net\ocr_route_scan_pack_tesseract_full\page_images\t_p_120_1176_p000053.tif,,needs_review,
54,t_p_120_1176_p000054,medium,True,needs_human_review,table_or_index,,table,288,5,table_or_index_medium_or_ambiguous,"-<€ EMBRAER
MAINTENANCE MANUAL WITH
ILLUSTRATED PARTS LIST
[ensue ver [Rite | [ ouecanre| mir asin
PER STOCK PER STOCK
CH-SEC-UN-FIG | ITEM] ASSY NUMBER CH-SEC-UN-FIG | ITEM] ASSY NUMBER
120-46439-001 120-47462-001
25-21-00-25 50 1 25-21-00-01 240 1
| 25-21-00-26 40 1 25-21-00-02 250 1
25-21-00-27 50 1 25-21-00-02A} 210 1
25-21-00-28 40 1 25-21 -00-04 250 1
25-21-00-56 40 2 25-21-00-06 230 1
25-21-00-57 40 2 25-21-00-07 240 1
25-21-00-58 40 2 25-21-00-09 -241 1
25-21-00-59 40 2 25-21-00-10 -251 1
25-21-00-60 40 2 25-21-00-12 -241 1
25-21-00-61 40 2 25-21-00-13 -201 1
25-21-00-62 40 2 25-21-00-14 -211 1
25-21-00-63 40 2 25-21-00-16 -201 1
| 25-21-00-64 40 2 25-21-00-29 200 2
25-21-00-65 40 2 25-21-00-29A| 220 2
| 25-21-00-66 40 2 25-21-00-30 250 2
25-21-00-77 40 3 25-21-00-30A} 190 2
120-46443-001 25-21-00-32 200 2
25-21-00-17 40 1 25-21 -00-33 210 2
25-21-00-18 40 1 25-21-00-35 200 2
25-21-00-19 40 1 25-21 -00-36 200 2
25-21-00-20 40 1 25-21-00-38 210 2
25-2",local_data\organization\trace_net\ocr_route_scan_pack_tesseract_full\page_images\t_p_120_1176_p000054.tif,,needs_review,
57,t_p_120_1176_p000057,medium,True,needs_human_review,table_or_index,,table,294,3,table_or_index_medium_or_ambiguous,"-<€ EMBRAER
MAINTENANCE MANUAL WITH
ILLUSTRATED PARTS LIST
[cwsecuwre| napisy fuss | |"" seounno| nese [Rie
PER STOCK PER STOCK
CH-SEC-UN-FIG | ITEM] ASSY NUMBER CH-SEC-UN-FIG | ITEM] ASSY NUMBER
120-61610-001 42952-10
25-21-00-46 -202 2 25-21-00-93 150 1
25-21-00-48 -171 2 25-21-00-94 20 1
25-21-00-49 -171 2 25-21-00-94 150 1
25-21-00-50 -202 2 25-21-00-95 20 1
25-21-00-54 -171 2 25-21-00-95 150 1
25-21-00-55 -171 2 25-21-00-96 20 1
25-21-00-112 -3 1 25-21-00-96 150 1
25-21-00-113 -2 1 25-21-00-97 20 1
120-62399-001 25-21-00-97 150 1
25-21-00-35A 20 2 25-21-00-98 20 1
120-63349-001 25-21-00-98 150 1
25-21-00-06A 20 1 25-21-00-99 20 1
42952-10 25-21-00-99 150 1
25-21-00-79 20 1 25-21-00-100 20 1
25-21-00-79 100 1 25-21-00-100 150 1
25-21-00-80 20 1 25-21-00-101 20 1
25-21-00-80 110 1 25-21-00-101 120 1
25-21-00-81 20 1 25-21-00-102 20 1
25-21-00-81 110 1 25-21-00-102 150 1
25-2 1-00-82 20 1 25-21-00-103 20 1
25-2 1-00-82 90 1 25-21-00-103 150 1
25-21-00-83 20",local_data\organization\trace_net\ocr_route_scan_pack_tesseract_full\page_images\t_p_120_1176_p000057.tif,,needs_review,
58,t_p_120_1176_p000058,medium,True,needs_human_review,table_or_index,,table,289,0,table_or_index_medium_or_ambiguous,"€ emennce

MAINTENANCE MANUAL WITH
ILLUSTRATED PARTS LIST
PART NUMBER UNITS AIRLINE PART NUMBER UNITS AIRLINE
PER STOCK PER STOCK
CH-SEC-UN-FIG ITEM] ASSY NUMBER CH-SEC-UN-FIG | ITEM] ASSY NUMBER
AM03078-22 AM03078-30
25-21-00-22 190 1 25-21-00-13 160 1
25-21-00-23 190 1 25-21-00-14 160 1
25-21-00-24 150 1 25-21-00-15 150 1
25-21-00-25 170 1 25-21-00-16 160 1
25-21-00-26 150 1 25-21-00-29 210 2
25-21-00-27 200 1 25-21-00-29A} 230 2
25-21-00-28 160 1 25-21 -00-30 210 2
25-21-00-39 -211 2 25-21-00-30A} 200 2
25-21-00-40 -211 2 25-21-00-31 200 2
25-21-00-41 -211 2 25-21-00-31A] 220 2
25-21-00-42 -211 2 25-21-00-32 210 2
25-21-00-47 -211 2 25-21-00-33 230 2
25-21-00-50 -211 2 25-21 -00-34 200 2
25-21-00-51 -211 2 25-21 -00-39 210 2
25-21-00-53 -211 2 25-21 -00-40 210 2
25-21-00-56 200 2 25-21-00-41 210 2
25-21-00-57 190 2 25-21-00-42 210 2
25-21-00-58 200 2 25-21-00-43 210 2
25-21-00-59 170 2 25-21 -00-44 210 2
25-21-00-60 200 2 25-21-00-45 210 2
25-21-00-61 200",local_data\organization\trace_net\ocr_route_scan_pack_tesseract_full\page_images\t_p_120_1176_p000058.tif,,needs_review,
59,t_p_120_1176_p000059,medium,True,needs_human_review,table_or_index,,table,291,0,table_or_index_medium_or_ambiguous,"€ emennce

MAINTENANCE MANUAL WITH
ILLUSTRATED PARTS LIST
PART NUMBER UNITS AIRLINE PART NUMBER UNITS AIRLINE
PER STOCK PER STOCK
CH-SEC-UN-FIG ITEM) ASSY NUMBER CH-SEC-UN-FIG | ITEM] ASSY NUMBER
AN4-5A AN4-6A
25-21-00-34 120 1 25-21-00-03 100 1
25-21-00-35 120 2 25-21-00-04 120 1
25-21-00-35A 80 2 25-21-00-05 100 1
25-21-00-36 120 2 25-21-00-06 110 1
25-21-00-37 120 2 25-21-00-06A 90 1
25-21-00-38 120 2 25-21-00-07 110 1
25-21-00-39 120 2 25-21-00-08 100 1
25-21-00-40 120 2 25-21-00-08A 110 1
25-21-00-41 120 2 25-21-00-29 125 1
25-21-00-42 120 2 25-21-00-29A 145 1
25-21-00-43 120 2 25-21-00-30 125 1
25-21-00-44 120 2 25-21-00-30A 110 1
25-21-00-45 120 2 25-21-00-31 125 1
25-21-00-46 120 2 25-21-00-31A 140 1
25-21-00-47 120 1 25-21-00-32 125 1
25-21-00-48 120 2 25-21-00-33 125 1
25-21-00-49 120 2 25-21-00-34 125 1
25-21-00-50 120 1 25-21-00-47 125 1
25-21-00-51 120 1 25-21-00-48 130 1
25-21-00-52 120 1 25-21-00-49 130 1
25-21-00-53 120 1 25-21-00-50 125 1
2",local_data\organization\trace_net\ocr_route_scan_pack_tesseract_full\page_images\t_p_120_1176_p000059.tif,,needs_review,
60,t_p_120_1176_p000060,medium,True,needs_human_review,table_or_index,,table,292,0,table_or_index_medium_or_ambiguous,"€ emennce

MAINTENANCE MANUAL WITH
ILLUSTRATED PARTS LIST
PART NUMBER UNITS AIRLINE PART NUMBER UNITS AIRLINE
PER STOCK PER STOCK
CH-SEC-UN-FIG ITEM] ASSY NUMBER CH-SEC-UN-FIG | ITEM] ASSY NUMBER

AN4-22A AN4-22A
25-21-00-10 100 1 25-21-00-58 130 1
25-21-00-11 90 1 25-21-00-59 130 1
25-21-00-12 100 1 25-21 -00-60 130 1
25-21-00-13 100 1 25-21-00-61 130 1
25-21-00-14 100 1 25-21 -00-62 130 1
25-21-00-15 90 1 25-21-00-63 130 1
25-21-00-16 100 1 25-21 -00-64 130 1
25-21-00-17 100 1 25-21-00-65 130 1
25-21-00-18 100 1 25-21-00-66 130 1
25-21-00-19 100 1 25-21-00-76 100 2
25-21-00-20 100 1
25-21-00-21 100 1 25-21-00-76A 100 2
25-21-00-22 100 1 25-21-00-77 110 2
25-21-00-23 90 1 25-21-00-78 100 2
25-21-00-24 90 1 AN4-24A
25-21-00-25 100 1 25-21-00-29A 150 1
25-21-00-26 90 1 25-21-00-30A 120 1
25-21-00-27 100 1 25-21-00-31A 150 1
25-21-00-28 90 1 25-21-00-35A 90 1
25-21-00-29 130 1 AN4-25A
25-21-00-30 130 1 25-21-00-09 110 1
25-21-00-31 130 1 25-21-00-10 110 1
2",local_data\organization\trace_net\ocr_route_scan_pack_tesseract_full\page_images\t_p_120_1176_p000060.tif,,needs_review,
61,t_p_120_1176_p000061,medium,True,needs_human_review,table_or_index,,table,285,0,table_or_index_medium_or_ambiguous,"€ emennce

MAINTENANCE MANUAL WITH
ILLUSTRATED PARTS LIST
PART NUMBER UNITS AIRLINE PART NUMBER UNITS AIRLINE
PER STOCK PER STOCK
CH-SEC-UN-FIG | ITEM] ASSY NUMBER CH-SEC-UN-FIG | ITEM] ASSY NUMBER
AN4-25A AN5-16A
25-21-00-35 130 1 25-21-00-95 60 1
25-21-00-36 130 1 25-21-00-96 60 1
25-21-00-37 130 1 25-21-00-97 60 1
25-21-00-38 130 1 25-21-00-98 60 1
AN5-13A 25-21-00-99 60 1
25-21-00-79 130 1 25-21-00-100 60 1
25-21-00-81 140 1 25-21-00-101 60 1
25-21-00-82 120 1 25-21-00-102 60 1
25-21-00-83 140 1 25-21-00-103 60 1
25-21-00-84 140 1 25-21-00-104 60 1
25-21-00-85 140 1 25-21-00-105 60 1
25-21-00-86 120 1 25-21-00-106 60 1
25-21-00-87 150 1 AN960-3L
25-21-00-88 180 1 25-21-00-01 -197 2
25-21-00-89 180 1 25-21-00-01 160 3
25-21-00-91 150 1 25-21-00-02 -196 2
25-21-00-92 180 2 25-21-00-02 160 2
25-21-00-95 180 1 25-21-00-04 -206 2
25-21-00-96 180 1 25-21-00-04 170 2
25-21-00-97 180 2 25-21-00-08A} 170 3
25-21-00-98 180 2 25-21-00-08A|} -197 2
25-21-00-101 150",local_data\organization\trace_net\ocr_route_scan_pack_tesseract_full\page_images\t_p_120_1176_p000061.tif,,needs_review,
62,t_p_120_1176_p000062,medium,True,needs_human_review,table_or_index,,table,289,0,table_or_index_medium_or_ambiguous,"-<€ EMBRAER
MAINTENANCE MANUAL WITH
ILLUSTRATED PARTS LIST
Pension ver [Rite | [ oueounre| mir [asin
PER STOCK PER STOCK
CH-SEC-UN-FIG | ITEM] ASSY NUMBER CH-SEC-UN-FIG | ITEM] ASSY NUMBER
AN960-3L AN960-416
25-21-00-46 -187 4 25-21-00-74 50 2
25-21-00-47 160 3 25-21-00-75 50 2
25-21-00-50 160 3 25-21-00-76 130 4
| 25-21-00-51 160 3 25-21-00-76A} 130 10
25-21-00-53 160 3 25-21 -00-87 230 2
AN960-4 25-21-00-88 260 4
25-21-00-35A | 120 3 25-21-00-89 250 2
AN960-416 25-21-00-90 260 4
25-21-00-01 70 2 25-21-00-91 220 2
25-21-00-01 15 2 25-21-00-92 250 2
| 25-21-00-02A 70 2 25-21-00-93 250 2
25-21-00-03 -61 2 25-21 -00-94 250 4
25-21-00-04 70 2 25-21-00-95 260 2
25-21-00-05 -61 2 25-21-00-96 260 2
25-21-00-05A 70 2 25-21-00-97 250 2
| 25-21-00-06A 50 4 25-21-00-98 260 2
25-21-00-08A 70 2 25-21-00-99 260 4
25-21-00-29 115 6 25-21-00-100 | 260 4
| 25-21-00-29A | 120 6 25-21-00-101 230 2
25-21-00-30 115 6 25-21-00-102 | 260 2
| 25-21-00-30A 90 6 25-21-00-103 | 250 2",local_data\organization\trace_net\ocr_route_scan_pack_tesseract_full\page_images\t_p_120_1176_p000062.tif,,needs_review,
63,t_p_120_1176_p000063,medium,True,needs_human_review,table_or_index,,table,287,0,table_or_index_medium_or_ambiguous,"€ emennce

MAINTENANCE MANUAL WITH
ILLUSTRATED PARTS LIST
PART NUMBER UNITS AIRLINE PART NUMBER UNITS AIRLINE
PER STOCK PER STOCK
CH-SEC-UN-FIG | ITEM] ASSY NUMBER CH-SEC-UN-FIG | ITEM] ASSY NUMBER

AN960-416L AN960-416L
25-21-00-18 70 2 25-21-00-60 110 4
25-21-00-19 70 2 25-21-00-61 110 4
25-21-00-20 70 2 25-21-00-62 110 4
25-21-00-21 70 2 25-21-00-63 110 4
25-21-00-22 70 2 25-21-00-64 110 4
25-21-00-23 60 2 25-21-00-65 110 4
25-21-00-24 60 2 25-21-00-66 110 4
25-21-00-25 70 2 25-21-00-76 120 2
25-21-00-26 60 2 25-21-00-76A} 120 2
25-21-00-27 70 2 25-21-00-77 120 6
25-21-00-28 60 2 25-21-00-78 110 6
25-21-00-29 110 2 AN960-4L
25-21-00-29A 110 2 25-21-00-O06A} 120 3
25-21-00-30 110 2 25-21-00-O06A] -146 2
25-21-00-30A 80 2 25-21-00-09 160 3
25-21-00-31 110 2 25-21-00-10 160 3
25-21-00-31A 110 2 25-21-00-11 150 3
25-21-00-32 110 2 25-21-00-12 160 3
25-21-00-33 110 2 25-21-00-17 160 3
25-21-00-34 110 2 25-21-00-19 160 3
25-21-00-35A 70 6 25-21-00-20 160 3
25",local_data\organization\trace_net\ocr_route_scan_pack_tesseract_full\page_images\t_p_120_1176_p000063.tif,,needs_review,
64,t_p_120_1176_p000064,medium,True,needs_human_review,table_or_index,,table,294,0,table_or_index_medium_or_ambiguous,"€ emennce

MAINTENANCE MANUAL WITH
ILLUSTRATED PARTS LIST
PART NUMBER UNITS AIRLINE PART NUMBER UNITS AIRLINE
PER STOCK PER STOCK
CH-SEC-UN-FIG ITEM] ASSY NUMBER CH-SEC-UN-FIG | ITEM] ASSY NUMBER

AN960-516 AN960-516
25-21-00-79 120 2 25-21-00-100 170 2
25-21-00-80 40 2 25-21-00-101 40 2
25-21-00-80 130 2 25-21-00-101 140 2
25-21-00-81 40 2 25-21-00-102 40 2
25-21-00-81 130 2 25-21-00-102 170 2
25-21-00-82 40 2 25-21-00-103 40 2
25-21-00-82 110 2 25-21-00-103 170 2
25-21-00-83 40 2 25-21-00-104 40 2
25-21-00-83 130 2 25-21-00-104 170 2
25-21-00-84 40 2 25-21-00-105 40 2
25-21-00-84 130 2 25-21-00-105 170 2
25-21-00-85 40 2 25-21-00-106 40 2
25-21-00-85 130 2 25-21-00-106 170 2
25-21-00-86 40 2 AN960-516L
25-21-00-86 110 2 25-21-00-79 50 2
25-21-00-87 40 2 25-21-00-80 50 2
25-21-00-87 140 2 25-21-00-81 50 2
25-21-00-88 40 2 25-21-00-82 50 2
25-21-00-88 170 2 25-21-00-83 50 2
25-21-00-89 40 2 25-21-00-84 50 2
25-21-00-89 170 2 25-21-00-85 50 2
25-21-00-90 40",local_data\organization\trace_net\ocr_route_scan_pack_tesseract_full\page_images\t_p_120_1176_p000064.tif,,needs_review,
65,t_p_120_1176_p000065,medium,True,needs_human_review,table_or_index,,table,277,0,table_or_index_medium_or_ambiguous,"-<€ EMBRAER
MAINTENANCE MANUAL WITH
ILLUSTRATED PARTS LIST
evs) voir [ests | | enascone| vey [ee
PER STOCK PER STOCK
CH-SEC-UN-FIG | ITEM) ASSY NUMBER CH-SEC-UN-FIG | ITEM] ASSY NUMBER
AN960-6L AN960-8L
25-21-00-02A} 170 3 25-21-00-11 250 2
25-21-00-02A | -207 2 25-21-00-12 270 2
25-21-00-05A} 170 3 25-21-00-13 240 2
25-21-00-05A | -197 2 25-21-00-14 250 1
25-21-00-09 -196 2 25-21-00-15 240 2
25-21-00-10 -196 2 25-21-00-16 240 2
25-21-00-12 -196 2 25-21-00-39 300 3
25-21-00-13 -156 2 25-21-00-40 280 3
25-21-00-14 -156 2 25-21-00-41 270 3
25-21-00-16 -156 2 25-21-00-42 290 3
25-21-00-39 -186 2 25-21-00-43 290 3
25-21-00-41 -186 2 25-21-00-44 280 2
| 25-21-00-42 -187 2
25-21-00-45 270 3 25-21-00-46 290 3
AN960-8 AN960C6
25-21-00-01 270 2 25-21-00-113 80 2
25-21-00-02 280 2 25-21-00-113 170 4
| 25-21-00-02A} 290 2 AN960-C8
25-21-00-03 240 2 25-21-00-06 260 2
| 25-21-00-04 280 2 25-21-00-06A] 220 2
25-21-00-05 230 2 25-21-00-07 270 1
| 25-21-00-08A} 280 2 25-21-",local_data\organization\trace_net\ocr_route_scan_pack_tesseract_full\page_images\t_p_120_1176_p000065.tif,,needs_review,
66,t_p_120_1176_p000066,medium,True,needs_human_review,table_or_index,,table,301,0,table_or_index_medium_or_ambiguous,"€ emennce

MAINTENANCE MANUAL WITH
ILLUSTRATED PARTS LIST
PART NUMBER UNITS AIRLINE PART NUMBER UNITS AIRLINE
PER STOCK PER STOCK
CH-SEC-UN-FIG | ITEM) ASSY NUMBER CH-SEC-UN-FIG | ITEM] ASSY NUMBER
AN960C3 H14-04
25-21 -00-38 -186 4 25-21-00-30A} 140 3
AN960C8 25-21-00-30A] -175 4
25-21-00-35 270 3 25-21 -00-31 150 3
25-21-00-36 270 2 25-21-00-31 -186 4
25-21 -00-37 260 3 25-21-00-31A] 170 3
25-21 -00-38 280 3 25-21-00-31A] -206 4
25-21-00-56 -197 4 25-21 -00-32 150 3
25-21-00-58 -197 4 25-21-00-32 -186 4
25-21-00-84 250 4 25-21 -00-33 150 3
25-21-00-85 250 4 25-21-00-33 | -186 4
25-21-00-87 -231 8 25-21 -00-34 150 3
25-21-00-91 -221 8 25-21-00-34 -186 4
25-21-00-35A] -146 4
25-21-00-101 | -231 6 25-21-00-39 150 3
AN960PD416L 25-21-00-40 150 3
25-21-00-111 30 1 25-21-00-41 150 3
H14-04 25-21-00-42 150 3
25-21-00-01 170 3 25-21 -00-43 150 3
25-21-00-01 -198 2 25-21-00-43 -186 4
25-21-00-02 170 2 25-21-00-44 150 3
25-21-00-02 -197 2 25-21-00-44 -186 4
25-21-0",local_data\organization\trace_net\ocr_route_scan_pack_tesseract_full\page_images\t_p_120_1176_p000066.tif,,needs_review,
67,t_p_120_1176_p000067,medium,True,needs_human_review,table_or_index,,table,274,0,table_or_index_medium_or_ambiguous,"€ emennce

MAINTENANCE MANUAL WITH
ILLUSTRATED PARTS LIST
PART NUMBER UNITS AIRLINE PART NUMBER UNITS AIRLINE
PER STOCK PER STOCK
CH-SEC-UN-FIG ITEM) ASSY NUMBER CH-SEC-UN-FIG | ITEM] ASSY NUMBER
H14-04 H42-06
25-21-00-61 150 3 25-21-00-06A] 110 3
25-21-00-63 150 3 25-21-00-O6A| -147 2
25-21-00-64 150 3 25-21-00-113 70 2
25-21-00-65 150 3 25-21-00-113] 160 4
H14-06 MS16562-216
25-21-00-02A| 160 3 25-21-00-110] 150 2
25-21-00-02A] -208 2 MS16624-1025
25-21-00-05A 160 3 25-21-00-110 20 1
25-21-00-05A 198 2 25-21-00-111 20 1
25-21-00-09 -197 2 MS21042-06
25-21-00-10 -197 2 25-21-00-87 -241 8
25-21-00-12 -197 2 25-21-00-91 -231 8
25-21-00-13 -167 2 25-21-00-101] -241 8
25-21-00-14 -167 2 25-21-00-110 110 4
25-21-00-16 -167 2 25-21-00-111 60 4
25-21-00-35A 110 3 25-21-00-112 110 4
25-21-00-39 -187 2 MS21042-08
25-21-00-41 -187 2 25-21-00-17 -8 2
25-21-00-42 -188 2 25-21-00-20 -8 2
25-21-00-84 260 4 25-21-00-56 -198 4
25-21-00-85 260 4 25-21-00-58 -198 4
25-21-00",local_data\organization\trace_net\ocr_route_scan_pack_tesseract_full\page_images\t_p_120_1176_p000067.tif,,needs_review,
68,t_p_120_1176_p000068,medium,True,needs_human_review,table_or_index,,table,332,0,table_or_index_medium_or_ambiguous,"€ emennce

MAINTENANCE MANUAL WITH
ILLUSTRATED PARTS LIST
PART NUMBER UNITS AIRLINE PART NUMBER UNITS AIRLINE
PER STOCK PER STOCK
CH-SEC-UN-FIG | ITEM) ASSY NUMBER CH-SEC-UN-FIG | ITEM] ASSY NUMBER
MS21042L4 MS21042L4
25-21-00-10 80 2 25-21 -00-49 90 3
25-21-00-11 70 2 25-21-00-50 90 3
25-21-00-12 80 2 25-21-00-51 90 3
25-21-00-13 80 2 25-21 -00-52 90 3
25-21-00-14 80 2 25-21-00-53 90 3
25-21-00-15 70 2 25-21-00-54 90 3
25-21-00-16 80 2 25-21 -00-55 90 3
25-21-00-17 80 2 25-21 -00-56 90 3
25-21-00-18 80 2 25-21 -00-57 90 3
25-21-00-19 80 2 25-21 -00-58 90 3
25-21-00-20 80 2 25-21 -00-59 90 3
25-21-00-21 80 2 25-21 -00-60 90 3
25-21-00-22 80 2 25-21-00-61 90 3
25-21-00-23 70 2 25-21 -00-62 90 3
25-21-00-24 70 2 25-21 -00-63 90 3
25-21-00-25 80 2 25-21 -00-64 90 3
25-21-00-26 70 2 25-21 -00-65 90 3
25-21-00-27 80 2 25-21 -00-66 90 3
25-21-00-28 70 2 25-21-00-67 60 2
25-21 -00-29 90 3 25-21 -00-68 60 2
25-21-00-29A 90 3 25-21 -00-69 60 2
25-21 -00-30 90 3 25-2",local_data\organization\trace_net\ocr_route_scan_pack_tesseract_full\page_images\t_p_120_1176_p000068.tif,,needs_review,
69,t_p_120_1176_p000069,medium,True,needs_human_review,table_or_index,,table,291,0,table_or_index_medium_or_ambiguous,"€ emennce

MAINTENANCE MANUAL WITH
ILLUSTRATED PARTS LIST
PART NUMBER UNITS AIRLINE PART NUMBER UNITS AIRLINE
PER STOCK PER STOCK
CH-SEC-UN-FIG ITEM) ASSY NUMBER CH-SEC-UN-FIG | ITEM] ASSY NUMBER

MS21042L4 MS21042L5
25-21-00-98 270 2 25-21-00-94 160 2
25-21-00-99 270 4 25-21-00-95 30 2
25-21-00-100 270 4 25-21-00-95 160 2
25-21-00-101 240 2 25-21-00-96 30 2
25-21-00-102 270 2 25-21-00-96 160 2
25-21-00-103 | 260 2 25-21-00-97 30 2
25-21-00-104 260 2 25-21-00-97 160 2
25-21-00-105 | 270 4 25-21-00-98 30 2
25-21-00-106 270 4 25-21-00-98 160 2
25-21-00-109 140 2 25-21-00-99 30 2

MS21042L5 25-21-00-99 160 2
25-21-00-79 30 2 25-21-00-100 30 2
25-21-00-79 110 2 25-21-00-100] 160 2
25-21-00-80 30 2 25-21-00-101 30 2
25-21-00-80 120 2 25-21-00-101 130 2
25-21-00-81 30 2 25-21-00-102 30 2
25-21-00-81 120 2 25-21-00-102 160 2
25-21-00-82 30 2 25-21-00-103 30 2
25-21-00-82 100 2 25-21-00-103] 160 2
25-21-00-83 30 2 25-21-00-104 30 2
25-21-00-83 120 2 25-21-00-104 1",local_data\organization\trace_net\ocr_route_scan_pack_tesseract_full\page_images\t_p_120_1176_p000069.tif,,needs_review,
70,t_p_120_1176_p000070,medium,True,needs_human_review,table_or_index,,table,304,0,table_or_index_medium_or_ambiguous,"€ emennce

MAINTENANCE MANUAL WITH
ILLUSTRATED PARTS LIST
PART NUMBER UNITS AIRLINE PART NUMBER UNITS AIRLINE
PER STOCK PER STOCK
CH-SEC-UN-FIG | ITEM) ASSY NUMBER CH-SEC-UN-FIG | ITEM] ASSY NUMBER
MS21061L08 MS24693-C26
25-21-00-103 | -261 4 25-21-00-35 280 16
25-21-00-104 | -261 4 25-21-00-35A]} 240 16
MS24693-C24 25-21 -00-36 280 16
25-21-00-56 270 12 25-21-00-37 240 10
25-21-00-57 250 12 25-21 -00-38 300 16
25-21-00-58 260 11 25-21-00-39 | -188 2
25-21-00-59 220 10 25-21-00-41 -188 2
25-21-00-60 250 10 25-21-00-42 -186 2
25-21-00-61 260 12 25-21-00-45 280 6
25-21-00-62 230 12 25-21-00-47 280 16
25-21 -00-63 250 12 25-21 -00-48 250 16
25-21-00-65 250 12 25-21 -00-49 250 16
25-21 -00-66 230 12 25-21 -00-50 270 13
MS24693-C26 25-21 -00-51 260 13
25-21-00-01 260 9 25-21 -00-52 230 16
25-21-00-02 270 9 25-21 -00-53 280 16
25-21-00-02A | 280 4 25-21-00-54 250 16
25-21-00-03 230 9 25-21 -00-55 250 20
25-21-00-04 270 9 25-21-00-76 220 9
25-21-00-05 220 9
25-21-0",local_data\organization\trace_net\ocr_route_scan_pack_tesseract_full\page_images\t_p_120_1176_p000070.tif,,needs_review,
71,t_p_120_1176_p000071,medium,True,needs_human_review,table_or_index,,table,281,0,table_or_index_medium_or_ambiguous,"€ emennce

MAINTENANCE MANUAL WITH
ILLUSTRATED PARTS LIST
PART NUMBER UNITS AIRLINE PART NUMBER UNITS AIRLINE
PER STOCK PER STOCK
CH-SEC-UN-FIG | ITEM) ASSY NUMBER CH-SEC-UN-FIG | ITEM] ASSY NUMBER
MS24693-C28 MS24693-C5
25-21-00-43 300] 12 25-21-00-09 180 3
25-21-00-44 290 10 25-21-00-10 180 3
25-21-00-11 170 3
25-21-00-46 300] 12 25-21-00-12 180 3
25-21-00-78 200 9 25-21-00-17 180 3
25-21-00-19 180 3
MS24693-C3 25-21-00-20 180 3
25-21-00-39 170 3 25-21-00-22 180 3
25-21-00-40 170 3 25-21-00-23 170 3
25-21-00-41 170 3 25-21-00-24 170 3
25-21-00-42 170 3 25-21-00-27 180 3
25-21-00-43 170 3 25-21-00-29 170 3
25-21-00-44 170 3 25-21-00-29 -188 4
25-21-00-45 170 3 25-21-00-29A| 190 3
25-21-00-46 170 3 25-21-00-29A} -208 4
25-21-00-56 170 3 25-21-00-30 170 3
25-21-00-57 160 3 25-21-00-30 | -188 3
25-21-00-58 170 3 25-21-00-30A| 160 3
25-21-00-60 170 3 25-21-00-30A] -177 4
25-21-00-61 170 3 25-21-00-31 170 3
25-21-00-63 170 3 25-21-00-31 | -188 4
25-21-00-64 170",local_data\organization\trace_net\ocr_route_scan_pack_tesseract_full\page_images\t_p_120_1176_p000071.tif,,needs_review,
72,t_p_120_1176_p000072,medium,True,needs_human_review,table_or_index,,table,275,0,table_or_index_medium_or_ambiguous,"€ emennce

MAINTENANCE MANUAL WITH
ILLUSTRATED PARTS LIST
PART NUMBER UNITS AIRLINE PART NUMBER UNITS AIRLINE
PER STOCK PER STOCK
CH-SEC-UN-FIG | ITEM! ASSY NUMBER CH-SEC-UN-FIG | ITEM} ASSY NUMBER
MS24693-C5 MS24693-S54
25-21-00-45 | -188 4 25-21-00-104 | 290 6
25-21-00-46 | -188 4 25-21-00-105 | 300 6
25-21-00-47 170 3 25-21-00-106 | 340 6
25-21-00-47 -187 4 MS24694-C52
25-21-00-48 -157 4 25-21-00-111 110 2
25-21-00-49 -157 4 25-21-00-111 140 2
25-21-00-50 170 3 25-21-00-112 | 170 2
25-21-00-50 -187 4 25-21-00-113 | 120 2
25-21-00-51 170 3 MS24694C49
25-21-00-51 | -187 4 25-21-00-09 290 3
25-21-00-52 | -157 4 25-21-00-10 300 3
25-21-00-53 170 3 25-21-00-12 280 3
25-21-00-53 | -187 4 25-21-00-13 260 3
25-21-00-54 -157 4 25-21-00-14 270 3
MS24693-S24 25-21-00-16 260 3
25-21-00-17 250 9 25-21-00-39 310 3
25-21-00-18 210 9 25-21-00-40 300 3
25-21-00-19 240 9 25-21-00-42 310 3
25-21-00-20 260 6 25-21-00-112 90 2
25-21-00-21 220 7 MS24694-S7
25-21-00-22 240 7 25",local_data\organization\trace_net\ocr_route_scan_pack_tesseract_full\page_images\t_p_120_1176_p000072.tif,,needs_review,
73,t_p_120_1176_p000073,medium,True,needs_human_review,table_or_index,,table,284,0,table_or_index_medium_or_ambiguous,"€ emennce

MAINTENANCE MANUAL WITH
ILLUSTRATED PARTS LIST
PART NUMBER UNITS AIRLINE PART NUMBER UNITS AIRLINE
PER STOCK PER STOCK
CH-SEC-UN-FIG ITEM) ASSY NUMBER CH-SEC-UN-FIG | ITEM] ASSY NUMBER
MS51957-45 NAS1149C0432R
25-21-00-93 -231 2 25-21-00-07 70 4
25-21-00-94 -231 2 25-21-00-08 60 4
25-21-00-95 -241 4 25-21-00-35 110 6
25-21-00-96 -241 4 25-21-00-36 110 6
25-21-00-97 -231 4 25-21-00-37 110 6
25-21-00-98 -241 4 25-21-00-38 110 6
25-21-00-99 -241 4 NAS464P5A16
25-21-00-100 | -241 4 25-21-00-80 140 1
25-21-00-102 | -241 4 25-21-00-81 -141 1
25-21-00-103 | -231 4 25-21-00-83 -141 1
25-21-00-104 | -231 4 25-21-00-84 -141 1
25-21-00-105 | -241 4 25-21-00-85 -141 1
25-21-00-106 | -241 4 25-21-00-86 -121 1
NAS1096-1-8 25-21-00-88 -181 1
25-21-00-06 250 2 25-21-00-89 -181 1
25-21-00-06A| 210 2 25-21-00-90 180 1
25-21-00-07 260 1 25-21-00-93 180 1
25-21-00-08 220 2 25-21-00-94 180 1
25-21-00-09 260 2 25-21-00-95 -181 1
25-21-00-10 270 1 25-21-00-97 -181 1
25-",local_data\organization\trace_net\ocr_route_scan_pack_tesseract_full\page_images\t_p_120_1176_p000073.tif,,needs_review,
74,t_p_120_1176_p000074,medium,True,needs_human_review,table_or_index,,table,290,0,table_or_index_medium_or_ambiguous,"-<€ EMBRAER
MAINTENANCE MANUAL WITH
ILLUSTRATED PARTS LIST
Fevseoune| ver [Rite | oueounre| mir [usin
PER STOCK PER STOCK
CH-SEC-UN-FIG | ITEM] ASSY NUMBER CH-SEC-UN-FIG | ITEM] ASSY NUMBER
NAS4704-5 PE13076-1
25-21-00-105 | -242 1 25-21 -00-94 80 2
25-21-00-106 | -242 1 25-21-00-95 80 2
NAS4704-6 25-21-00-96 80 2
25-21-00-17 -6 2 25-21-00-97 80 2
25-21-00-20 -6 1 25-21-00-98 80 2
25-21-00-67 -35 1 25-21-00-99 80 2
25-21-00-68 -35 1 25-21-00-100 80 2
25-21-00-69 -35 1 25-21-00-101 80 2
25-21-00-70 -35 1 25-21-00-102 80 2
25-21-00-71 -35 1 25-21-00-103 80 2
25-21-00-72 -35 1 25-21-00-104 80 2
25-21-00-73 -35 1 25-21-00-105 80 2
25-21-00-74 -35 1 25-21-00-106 80 2
25-21-00-75 -35 1 PE17001-3PR
25-21-00-87 210 2 25-21-00-01 250 2
25-21-00-88 240 2 25-21-00-02 260 2
| 25-21-00-89 230 2 25-21-00-02A} 270 2
25-21-00-90 240 3 25-21-00-03 220 2
25-21-00-91 200 2 25-21 -00-04 260 2
25-21-00-92 230 2 25-21-00-05 240 2
| 25-21-00-93 230 2 25-21-00-05A} 260 2
25-21-00-9",local_data\organization\trace_net\ocr_route_scan_pack_tesseract_full\page_images\t_p_120_1176_p000074.tif,,needs_review,
75,t_p_120_1176_p000075,medium,True,needs_human_review,table_or_index,,table,288,0,table_or_index_medium_or_ambiguous,"€ emennce

MAINTENANCE MANUAL WITH
ILLUSTRATED PARTS LIST
PART NUMBER UNITS AIRLINE PART NUMBER UNITS AIRLINE
PER STOCK PER STOCK
CH-SEC-UN-FIG ITEM) ASSY NUMBER CH-SEC-UN-FIG | ITEM] ASSY NUMBER
PE17001-3PR PE21052-2
25-21-00-34 250 3 25-21-00-86 10 1
25-21-00-35 250 3 25-21-00-86 -131 1
25-21-00-35A| 210 3 25-21-00-87 10 1
25-21-00-36 250 2 25-21-00-87 160 1
25-21-00-37 230 3 25-21-00-88 10 1
25-21-00-38 260 3 25-21-00-88 -191 1
25-21-00-39 270 3 25-21-00-89 10 1
25-21-00-40 260 3 25-21-00-89 -191 1
25-21-00-41 250 3 25-21-00-90 10 1
25-21-00-42 270 3 25-21-00-91 10 1
25-21-00-43 270 3 25-21-00-91 160 1
25-21-00-44 260 3 25-21-00-92 10 1
25-21-00-92 190 1
25-21-00-45 250 3 25-21-00-93 10 1
25-21-00-46 270 3 25-21-00-94 10 1
25-21-00-47 270 3 25-21-00-95 10 1
25-21-00-48 240 3 25-21-00-95 -191 1
25-21-00-49 240 3 25-21-00-96 10 1
25-21-00-50 260 2 25-21-00-96 190 1
25-21-00-51 250 3 25-21-00-97 10 1
25-21-00-52 220 3 25-21-00-97 -191 1
25-21-00-53 270 3 25",local_data\organization\trace_net\ocr_route_scan_pack_tesseract_full\page_images\t_p_120_1176_p000075.tif,,needs_review,
76,t_p_120_1176_p000076,medium,True,needs_human_review,table_or_index,,table,291,0,table_or_index_medium_or_ambiguous,"-<€ EMBRAER
MAINTENANCE MANUAL WITH
ILLUSTRATED PARTS LIST
[evsiovne| ver [Rite | [ oucunre| mai [asin
PER STOCK PER STOCK
CH-SEC-UN-FIG | ITEM] ASSY NUMBER CH-SEC-UN-FIG | ITEM] ASSY NUMBER
PE21101-3-30TA PE64005-1
25-21-00-49 100 4 25-21-00-13 90 2
25-21-00-50 100 4 25-21-00-14 90 2
25-21-00-51 100 4 25-21-00-15 80 2
25-21-00-52 100 4 25-21-00-16 90 2
25-21-00-53 100 4 25-21-00-17 90 2
25-21-00-54 100 4 25-21-00-18 90 2
25-21-00-55 100 4 25-21-00-19 90 2
25-21-00-56 100 4 25-21-00-20 90 2
25-21-00-57 100 4 25-21-00-21 90 2
25-21-00-58 100 4 25-21-00-22 90 2
25-21-00-59 100 4 25-21-00-23 80 2
25-21-00-60 100 4 25-21-00-24 80 2
25-21-00-61 100 4 25-21-00-25 90 2
25-21-00-62 100 4 25-21-00-26 80 2
25-21-00-63 100 4 25-21-00-27 90 2
25-21-00-64 100 4 25-21-00-28 80 2
25-21-00-65 100 4 25-21-00-29 100 4
| 25-21-00-66 100 4 25-21-00-29A} 100 4
25-21-00-76 140 6 25-21-00-30 100 4
| 25-21-00-77 130 6 25-21-00-30A 70 4
25-21-00-78 120 6 25-21-00-31 100 4
| PE25035-",local_data\organization\trace_net\ocr_route_scan_pack_tesseract_full\page_images\t_p_120_1176_p000076.tif,,needs_review,
77,t_p_120_1176_p000077,medium,True,needs_human_review,table_or_index,,table,313,0,table_or_index_medium_or_ambiguous,"-<€ EMBRAER
MAINTENANCE MANUAL WITH
ILLUSTRATED PARTS LIST
[cnscoune| neler [asin | | creceamno) meme [in
PER STOCK PER STOCK
CH-SEC-UN-FIG] ITEM)ASSY — [NUMBER CH-SEC-UN-FIG | ITEM]ASSY — |NUMBER
PE64005-1 PE915051-1-PT
25-21-00-51 | 100] 4 25-21-00-19 60 1
25-21-00-52 | 100| 4 25-21-00-20 60 1
25-21-00-53 100 4 25-21-00-21 60 1
25-21-00-54 | 100 4 25-21-00-22 60 1
25-21-00-55 | 100| 4 25-21-00-23 50 1
25-21-00-56 | 100| 4 25-21-00-24 50 1
25-21-00-57 | 100 4 25-21-00-25 60 1
25-21-00-58 | 100| 4 25-21-00-26 50 1
25-21-00-59 | 100| 4 25-21-00-27 60 1
25-21-00-60 | 100| 4 25-21-00-28 50 1
25-21-00-61 100 4 25-21-00-29 80 2
| 25-21-00-62 | 100 4 25-21-00-29A] 80 2
25-21-00-63 | 100| 4 25-21-00-30 80} 2
i 25-21-00-64 | 100 4 25-21-00-30A} 50 2
25-21-00-65 | 100 4 25-21-00-31 80 2
i 25-21-00-66 | 100 4 25-21-00-31A} 80 2
25-21-00-76 | 140 6 25-21-00-32 80 2
i 25-21-00-76A| 140 6 25-21-00-33 90 2
25-21-00-77 | 130 6 25-21-00-34 80 2
25-21-00-78 | 120| 6 25-21-00-3",local_data\organization\trace_net\ocr_route_scan_pack_tesseract_full\page_images\t_p_120_1176_p000077.tif,,needs_review,
78,t_p_120_1176_p000078,medium,True,needs_human_review,table_or_index,,table,76,0,table_or_index_medium_or_ambiguous,"-<€ ENMIBRAER
MAINTENANCE MANUAL WITH
ILLUSTRATED PARTS LIST
PART NUMBER UNITS AIRLINE PART NUMBER UNITS AIRLINE
PER STOCK PER STOCK
CH-SEC-UN-FIG | ITEM) ASSY NUMBER CH-SEC-UN-FIG | ITEM] ASSY NUMBER

PE915051-1-PT

25-21 -00-60 80 2

25-21-00-61 80 2

25-21-00-62 80 2

25-21 -00-63 80 2

25-21-00-64 80 2

25-21-00-65 80 2

25-21 -00-66 80 2

25-21-00-76 80 3

| 25-21-00-76A 80 3

25-21-00-77 90 3

25-21-00-78 80 3
EFFECTIVITY: ALL 2 5.2? 1 -() 0

Page 1052E/F
T.P. 120/1176 Jan 15/01
",local_data\organization\trace_net\ocr_route_scan_pack_tesseract_full\page_images\t_p_120_1176_p000078.tif,,needs_review,
80,t_p_120_1176_p000080,medium,True,needs_human_review,normal_text,,normal_text,21,0,semantic_or_mixed_route_requires_human_review,"€& emenncr

MAINTENANCE MANUAL WITH
ILLUSTRATED PARTS LIST

ILLUSTRATED PARTS LIST

EFFECTIVITY: ALL 25-2 1 -00

Page 1053
T.P. 120/1176 Sep 30/98
",local_data\organization\trace_net\ocr_route_scan_pack_tesseract_full\page_images\t_p_120_1176_p000080.tif,,needs_review,
81,t_p_120_1176_p000081,medium,True,needs_human_review,table_or_index,,table,75,1,table_or_index_medium_or_ambiguous,"-< EMBRAER

MAINTENANCE MANUAL WITH

ILLUSTRATED PARTS LIST

50

60

110

y

100 80 yp

70

90

90

70

40

80 |

100

120

=

A

140

oe

<

Na

OS

150 (C)

20

se

10

}>

N

Yy

ch?

ln

130

170 180

20

250

ONE

220

230

270

240

270-——

a

N

a)

270

200

\

a

280-— ;

a

270‘

260°

120TP250014.MCE

Single Passenger Seat (120-41824-001/501)

Figure 1

Sheet 1

EFFECTIVITY: ALL

25-21-00

Page 1054

T.P. 120/1176

Sep 30/98
",local_data\organization\trace_net\ocr_route_scan_pack_tesseract_full\page_images\t_p_120_1176_p000081.tif,,needs_review,
84,t_p_120_1176_p000084,medium,True,needs_human_review,table_or_index,,table,77,1,table_or_index_medium_or_ambiguous,"-< EMBRAER
MAINTENANCE MANUAL WITH
ILLUSTRATED PARTS LIST
50
60
60.
re \) 30
M00 8 i (D)
90 (A) S 40
ob | uns NN
120
SF 280 O B
190 160 “es / ay,
y 250
Nee (C) Za
\ 20 Ge
. 70 fA (C)
210
260 C “Se 930 y
AN aS 240 | »
280-— : Ry (A)
r 200 AL a |
| 120TP250015.MCE
Single Passenger Seat (120-41824-003/503)
Figure 2
Sheet 1

EFFECTIVITY: ALL 25-21 -00 nage 1087
T.P. 120/1176 Sep 30/98
",local_data\organization\trace_net\ocr_route_scan_pack_tesseract_full\page_images\t_p_120_1176_p000084.tif,,needs_review,
87,t_p_120_1176_p000087,medium,True,needs_human_review,table_or_index,,table,99,2,table_or_index_medium_or_ambiguous,"MAINTENANCE MANUAL WITH

-< EMBRAER

ILLUSTRATED PARTS LIST

40

50

70

20

y

100

90

Le

“SS

30

60

80 /|

|

80

60

70

110

SF

4B

<>

/ 280 —@,

wo 10 y

130

.

df 260

ra

B

(O)

140 (C)

10

<N

ve

1

i

Sy

OD

SS;

i

Lz

SS

LF

ai

<j

I~ 2

120

S

170 160

SO

220

iS

210

230

240

280

YX

A

250

Sf

270

NY

~

-

NN

C7

28

\

a

a

190

~!

oo}

280

270

120CMM251007.MCE

Single Passenger Seat (120-61457-503 and 120-41824-261/243)

Figure 2A

Sheet 1

EFFECTIVITY: ALL

25-21-00

T.P. 120/1176

Page 1060

Jan 15/01
",local_data\organization\trace_net\ocr_route_scan_pack_tesseract_full\page_images\t_p_120_1176_p000087.tif,,needs_review,
90,t_p_120_1176_p000090,medium,True,needs_human_review,table_or_index,,table,82,1,table_or_index_medium_or_ambiguous,"-< EMBRAER
MAINTENANCE MANUAL WITH
ILLUSTRATED PARTS LIST
40
50
50
70
“ey 20
| Na IA 10 S
80 | \ 30
80
60 ~s
90 |
110
S
210 (SF y / (A)
130 Of sel
<)
orf 140 ©) © p> —
m7 150
170 SS
230 160
180 | 180 230
200 | > 190 ds
230 —— i < (B) 230-— : RY (A)
200} J 240 4
230-7 230-~F
220 ~ 2207
120TP250016.MCE
Single Passenger Seat (120-41824-009/509)
Figure 3
Sheet 1
EFFECTIVITY: ALL 25-2 1 -00
| Page 1060C/D
T.P. 120/1176 Jan 15/01
",local_data\organization\trace_net\ocr_route_scan_pack_tesseract_full\page_images\t_p_120_1176_p000090.tif,,needs_review,
93,t_p_120_1176_p000093,medium,True,needs_human_review,detailed_parts_list,,table,84,1,detailed_parts_list_not_strong_enough,"€& emenncr

MAINTENANCE MANUAL WITH
ILLUSTRATED PARTS LIST
AIRLINE EFF | UNITS
FIG. ITEM; PARTNUMBER | STOCK Maer EODE. FROM; PER
NUMBER TO ASSY
03 ATTACHING PARTS
220 | PE1/001-3PR . PLUG, NYLON |... eee certeeereetteteeen 2
230 | MS24693-C26 SCREW... ceeceecceeereeneereeeeeneeeeetneeeenes 9g
240 | AN960-8 ~ WASHER... ceeeccceeeneeeeteteeeeteeeennrnetens 064/171 2

USAGE CODE LIST

A AIRCRAFT 120172 THRU 120308 AND
120310

B AIRCRAFT 120049, 120051, 120053 THRU 120059
AND 120077 AND ON

-ITEM NOT ILLUSTRATED
Single Passenger Seat (120-41824-009/509)

Figure 3
Sheet 3

EFFECTIVITY: ALL 25-21 -00
Page 1062

T.P. 120/1176 Sep 30/98

",local_data\organization\trace_net\ocr_route_scan_pack_tesseract_full\page_images\t_p_120_1176_p000093.tif,,needs_review,
94,t_p_120_1176_p000094,medium,True,needs_human_review,table_or_index,,table,72,1,table_or_index_medium_or_ambiguous,"-< EMBRAER

MAINTENANCE MANUAL WITH

ILLUSTRATED PARTS LIST

50

60

60

0 |

100

80

0,

90 /

90

)

40

70 /o ee

110

S

140

QD

aa

150 (C)

20

Sy)

;

es,

Je

10

be

(

130

Ss,

170 180

OE

220

270

200

240

230

270-——

NY

2

N

G7

270

\\

a

a

280-— ;

=)

27

260°

120TP0017.MCE

Single Passenger Seat (120-41824-005/505)

Figure 4

Sheet 1

EFFECTIVITY: ALL

25-21-00

Page 1063

T.P. 120/1176

Sep 30/98
",local_data\organization\trace_net\ocr_route_scan_pack_tesseract_full\page_images\t_p_120_1176_p000094.tif,,needs_review,
97,t_p_120_1176_p000097,medium,True,needs_human_review,table_or_index,,table,88,1,table_or_index_medium_or_ambiguous,"-< EMBRAER
MAINTENANCE MANUAL WITH
ILLUSTRATED PARTS LIST
.~ \\ N
DW», ~
140 mw) 20
(B) SS 30
E
50 50 NN
0
io Ma 70 ©) EE (A)
90 \ K / B 200 oy
80 et
60 J A aL <Z
SEI
ss ig ©
130 Pex""
S 10 />
eee ox
le4 ©
(( 120
190
100 80 200 Ac .
210 | » J | ~—e (A)
240 — SY
540 — | Ri (B) BEG
250~,
250 — ; / a
240
230 ©
120TP250018.MCE
Single Passenger Seat (120-41824-007/507)
Figure 5
Sheet 1
EFFECTIVITY: ALL
25 21 00 Page 1066
T.P. 120/1176 Sep 30/98
",local_data\organization\trace_net\ocr_route_scan_pack_tesseract_full\page_images\t_p_120_1176_p000097.tif,,needs_review,
99,t_p_120_1176_p000099,medium,True,needs_human_review,detailed_parts_list,,table,123,4,detailed_parts_list_not_strong_enough,"€ emennce

MAINTENANCE MANUAL WITH
ILLUSTRATED PARTS LIST

AIRLINE EFF | UNITS
FIG. ITEM| PARTNUMBER | STOCK ease eODE. FROM} PER
NUMBER TO ASSY

05 200 | 120-41475-001 . COVER, TRIM, FRONT .............::eeeee VS4956 1

210 | 120-41475-003 . COVER, TRIM, FRONT .............::eeeee VS4956 1

220 | 120-42547-019 SECTION , PVC 20... eeccecrereeerteteetteeeeen VS4956 1

ATTACHING PARTS

230 | PE1/001-3PR . PLUG, NYLON ........eeeeeeererceetteetteteten
240 | MS24693-C26 SCREW... eee ccecceeeecereeetereeensereeesneeereees 9g
250 | AN960-8 ~ WASHER... ecceceeeceeceetereeeetereeeeteeeeenes A 2

USAGE CODE LIST

A AIRCRAFT 120049 THRU 120051 AND
120053 THRU 120171

B AIRCRAFT 120172 THRU 120308 AND
120310

C AIRCRAFT 120049, 120051, 120053
THRU 120059 AND 120077 AND ON

D AIRCRAFT 120050, 120060 AND ON

-ITEM NOT ILLUSTRATED

Single Passenger Seat (120-41824-007/507)
Figure 5
Sheet 3

EFFECTIVITY: ALL 25-2 1 -00
Page 1068

T.P. 120/1176 Jul 30/02

",local_data\organization\trace_net\ocr_route_scan_pack_tesseract_full\page_images\t_p_120_1176_p000099.tif,,needs_review,
100,t_p_120_1176_p000100,medium,True,needs_human_review,table_or_index,,table,94,2,table_or_index_medium_or_ambiguous,"-< EMBRAER
MAINTENANCE MANUAL WITH
ILLUSTRATED PARTS LIST
~~ 40
“S>
S
190 »\\ 20
W
@ | XX.
50 50 NN pe
7
° &b \ / rn’, /
ng ip
80 Ly S>
60 ob a Pg ZY SB
QD [SF
LO
130 a
SX ""0 yy Ye
VFO weRS
‘oe 140 SS (C)
((— 160
\ 120
220 230
ZS 240 | 3
250 fF | SS
: 270 NY
270 o (B) 6 oS
|
a | =
280 4 7 270
270 260”
260 —°
120CMM251006.MCE
Single Passenger Seat (120-61547-507 and 120-41824-297/343)
Figure 5A
Sheet 1
EFFECTIVITY: ALL
25 21 00 Page 1068A
T.P. 120/1176 Jan 15/01
",local_data\organization\trace_net\ocr_route_scan_pack_tesseract_full\page_images\t_p_120_1176_p000100.tif,,needs_review,
104,t_p_120_1176_p000104,medium,True,needs_human_review,table_or_index,,table,67,1,table_or_index_medium_or_ambiguous,"-< ENMIBRAER
MAINTENANCE MANUAL WITH
ILLUSTRATED PARTS LIST
50
60 60
ee 30
100 Fo
90 / ; , (D) ® SS .
80 70 “Pe
* \ oN
SE CB
10 150 © y / (A)
1a ee 4p Le
Ow a, EZ
< < &, S
J. © Zr
160 170
(B 200 10 270
230 aN aX 590 | db
| 120TP250019.MCE
Single Passenger Seat (120-61381-001)
Figure 6
Sheet 1
EFFECTIVITY: ALL 25-21 -00 nage 1068
T.P. 120/1176 Sep 30/98
",local_data\organization\trace_net\ocr_route_scan_pack_tesseract_full\page_images\t_p_120_1176_p000104.tif,,needs_review,
106,t_p_120_1176_p000106,medium,True,needs_human_review,detailed_parts_list,,table,159,6,detailed_parts_list_not_strong_enough,"€& emenncr

MAINTENANCE MANUAL WITH
ILLUSTRATED PARTS LIST
AIRLINE EFF | UNITS
FIG. ITEM| PARTNUMBER STOCK vase EODE. FROM | PER
NUMBER TO ASSY
06 ATTACHING PARTS
-195 | 1002-F . FASTENER BUTTON, MALE.................02. E075221 2
-196 | AN960C3 © WASHER ..... eee ccccccccecceececeetststseasaeeeeeeees 2
-197 | H42-04 NUT ccc cece cece eeeeeeeee eee seaaaaaa ene eeeeee 2
-198 |MS24693-C5 1 Od at || ee 2
200 | 120-40636-001 . LINING ASSY., ARMREST... VS4956 2
210 | 120-41474-001 . COVER, TRIM, REAR-FIXED ARMREST.. VS4956 1
-211 | 120-41474-002 . COVER, TRIM, REAR-FIXED ARMREST.. VS4956 1
220 | 120-41475-001 . COVER, TRIM, FRONT...............c0c eee VS4956 2
230 | 120-47462-001 . COVER, LATCH, SNACK TABLE ASSY
(SEE FIGURE 25-21-00-113) 0.0... VS4956 1
ATTACHING PARTS
240 | PE17001-3PR PLUG, NYLON o.oo... cece tteeeeeneees 2
250 | NAS1096-1-8 SCREW 20... occ cccceecccetteceeeeeeeeeseeeeennenneaes 2
260 | AN960-C8 WASHER ........0cccccccccccceeceeeeceessssttsessaaeeeee",local_data\organization\trace_net\ocr_route_scan_pack_tesseract_full\page_images\t_p_120_1176_p000106.tif,,needs_review,
107,t_p_120_1176_p000107,medium,True,needs_human_review,table_or_index,,table,68,1,table_or_index_medium_or_ambiguous,"-< EMBRAER

MAINTENANCE MANUAL WITH

ILLUSTRATED PARTS LIST

40

20

80

Ih

50

I

QO @

30

60 of!

50

oP

4 \

90

SZ

1B

9 100 «| y

<“Sos

Zz

10

Rp

JS

120 110

160

170

230

190

180

Q

\

230-——

230

\\

Q

a

150

<_

aL

a

200 4

210

200

120CMM251001.MCE

Single Passenger Seat (120-61381-501)

Figure 6A

Sheet 1

EFFECTIVITY: ALL

25-21-00

Page 1072

T.P. 120/1176

Jan 15/01
",local_data\organization\trace_net\ocr_route_scan_pack_tesseract_full\page_images\t_p_120_1176_p000107.tif,,needs_review,
110,t_p_120_1176_p000110,medium,True,needs_human_review,table_or_index,,table,75,1,table_or_index_medium_or_ambiguous,"-< EMBRAER

MAINTENANCE MANUAL WITH

ILLUSTRATED PARTS LIST

50

60

100

lI:

Y.

yp

80

40

70

90

110

<>

<P 280

 B

230

130

180 150 oy, yy.

>

QQ

i]

y/)

CNS

140 (C)

es.

r—

Bp

(

120

160

170

240

200

210

280

220

280

a

N

es

280

190

\

a

270 4

Q

al)

260‘

250

120TP0020.MCE

SINGLE PASSENGER SEAT (120-61381-003)

Figure 7

Sheet 1

EFFECTIVITY: ALL

25-21-00

Page 1072C/D

|

T.P. 120/1176

Jan 15/01
",local_data\organization\trace_net\ocr_route_scan_pack_tesseract_full\page_images\t_p_120_1176_p000110.tif,,needs_review,
113,t_p_120_1176_p000113,medium,True,needs_human_review,detailed_parts_list,,table,163,7,detailed_parts_list_not_strong_enough,"€& emenncr

USAGE CODE LIST

A AIRCRAFT 120304 THRU 120308 AND
120310

MAINTENANCE MANUAL WITH
ILLUSTRATED PARTS LIST
AIRLINE EFF | UNITS
FIG. ITEM| PARTNUMBER | STOCK Maer EODE. FROM| PER
NUMBER To | ASSY
07 ATTACHING PARTS
-195 | 1002-F . FASTENER BUTTON, MALE...0....-.ccccsece E075221 2
-196 | AN960C3 WASHER. cesses cesssssseesseseseetecestneseeventeee 2
-197 |H42-04 NUT occ cccseseseessssssseeessesteeesessneesenveneeseveeess 2
-198 |MS24693-C5 SCREW. oeeccsccssssssseessossesssesseteessstnseesvneeen 2
200 | 120-40636-001 LINING ASSY., ARMREST .......000::cccce- VS4956 1
210 | 120-41474-002 _ COVER, TRIM, REAR-FIXED ARMREST. VS4956 1
220 | 120-41475-001 COVER, TRIM, FRONT oo...cccccccccsscneeeeee VS4956 1
230 | 120-41784-001 COVER, TRIM, LATERAL .......ccccccssccceceen VS4956 1
240 | 120-47462-001 COVER, LATCH, SNACK TABLE ASSY
(SEE FIGURE 25-21-00-113) .....00cceeccccee VS4956 | 304/315] 1
-241 | 120-61610-001 COVER, LATCH, SNACK TABLE ASSY
(SEE FIGURE 25-21-",local_data\organization\trace_net\ocr_route_scan_pack_tesseract_full\page_images\t_p_120_1176_p000113.tif,,needs_review,
114,t_p_120_1176_p000114,medium,True,needs_human_review,table_or_index,,table,80,1,table_or_index_medium_or_ambiguous,"-<€ EMBRAER
MAINTENANCE MANUAL WITH
ILLUSTRATED PARTS LIST
40
50
50
hs 20
90
60 5 * (A) 40
0 60 is
80 | NN
100
sé
170 40 © / / (A)
; 3 ©
LOY
10 A
AAU
ww (8)
120 150
160
WY. © SE
S/ 130 Ee bso
SY \/S von = 190 y
(/ 110 y ; aN, ae
0S S  @
ae
OO
230 —“f
220-~“&
210 —
120TP250021.MCE
Single Passenger Seat (120-61381-005)
Figure 8
Sheet 1
EFFECTIVITY: ALL
25 21 00 Page 1075
T.P. 120/1176 Sep 30/98
",local_data\organization\trace_net\ocr_route_scan_pack_tesseract_full\page_images\t_p_120_1176_p000114.tif,,needs_review,
116,t_p_120_1176_p000116,medium,True,needs_human_review,detailed_parts_list,,table,110,5,detailed_parts_list_not_strong_enough,"€& emenncr

MAINTENANCE MANUAL WITH
ILLUSTRATED PARTS LIST
AIRLINE EFF | UNITS
FIG. ITEM| PARTNUMBER STOCK edger eODE. FROM | PER
NUMBER TO ASSY
08 180 | 120-40636-001 . LINING ASSY., ARMREST ..............000ee VS4956 2
190 | 120-41474-001 . COVER, TRIM, REAR-FIXED ARMREST.. VS4956 1
-191 | 120-41474-002 . COVER, TRIM, REAR-FIXED ARMREST.. VS4956 1
200 | 120-41475-001 . COVER, TRIM, FRONT................ccceeeeees VS4956 2
ATTACHING PARTS
210 | PE17001-3PR PLUG, NYLON... cccceeceeettseeeeeeeeees 2
220 | NAS1096-1-8 SCREW ooo. ccccccccccccceccceseesscsstsseeeaaeeees 2
230 | AN960-C8 AAV ANS) | =] 2
240 | MS24693-C26 SCREW ooo. ccccccccceccescstestssseaseaneeeeeees 4
USAGE CODE LIST
A AIRCRAFT 120304 THRU 120308 AND
120310
-ITEM NOT ILLUSTRATED
Single Passenger Seat (120-61381-005)
Figure 8
Sheet 3
EFFECTIVITY: ALL 25-2 1 -00
Page 1077
T.P. 120/1176 Jan 15/01
",local_data\organization\trace_net\ocr_route_scan_pack_tesseract_full\page_images\t_p_120_1176_p000116.tif,,needs_review,
117,t_p_120_1176_p000117,medium,True,needs_human_review,table_or_index,,table,93,2,table_or_index_medium_or_ambiguous,"-< EMBRAER
MAINTENANCE MANUAL WITH
ILLUSTRATED PARTS LIST
~~ 40
“Ss
S
190 _ / 20
@ | XX.
if
x , © SE BS
90 of, \ \ +10 150 C7? dL
a
80 L-7 BesS>
°° ob 480 a KZ
QD SF
- gO)
130 \ a
* ® yy ee
VGO wR
loos Me
SS se 170
(~~ 160
. 120
OD a \ .
210 270 230
ZSe 220 | 240 | A
“ SF A ws ) | Ry
ow = (B) 270 | ei (A)
| KE
t 280,
280 —~ § / 270
270 260”
260 ~?
120CMM251008.MCE
Single Passenger Seat (120-61547-501 and 120-41824-217/235)
Figure 8A
Sheet 1
EFFECTIVITY: ALL
25-21-00 Page 1078
T.P. 120/1176 Jan 15/01
",local_data\organization\trace_net\ocr_route_scan_pack_tesseract_full\page_images\t_p_120_1176_p000117.tif,,needs_review,
120,t_p_120_1176_p000120,medium,True,needs_human_review,table_or_index,,table,76,1,table_or_index_medium_or_ambiguous,"-< EMBRAER
MAINTENANCE MANUAL WITH
ILLUSTRATED PARTS LIST
50
60
60

qs \ 30
100 Co (D)

bi

"" 70 do it (A) SS 40
8070 Ps
20 \ NN
110
SE iB
180 150 ©/ / / (A)

130 ee Af <—E
~ (©) EEF ©
SSeS ig By ‘

(/ 120 IS ff (C)
160 170
<P
aN Iyer 230 LF? |
oe Ry “ (A)
299 ~—«*190 = ; 270 ;
120TP250022.MCE
Single Passenger Seat (120-42547-001/501)
Figure 9
Sheet 1
EFFECTIVITY: ALL 25-21 -00 age 1078CI0
T.P. 120/1176 Jan 15/01
",local_data\organization\trace_net\ocr_route_scan_pack_tesseract_full\page_images\t_p_120_1176_p000120.tif,,needs_review,
124,t_p_120_1176_p000124,medium,True,needs_human_review,table_or_index,,table,84,1,table_or_index_medium_or_ambiguous,"-< EMBRAER

MAINTENANCE MANUAL WITH

ILLUSTRATED PARTS LIST

50

60

60

O

100

90

pe

70

SS

40

80 \\

70

A)

90

is

110

oN

SF 290

 B

<—S

130

180 150 C? 240

i

S&S

140 (C)

DS

CS \ re

>

ce

I~ ee

(

120

SS

160

170

200 PB

210

250

230

220

290

Ft

290 ——

IN

‘

-

\\

(Sy

J

300

a

a

200-—F

ay

270‘

26

120TP250023.MCE

Single Passenger Seat (120-42547-003/503)

Figure 10

Sheet 1

EFFECTIVITY: ALL

25-21-00

Page 1081

Sep 30/98
",local_data\organization\trace_net\ocr_route_scan_pack_tesseract_full\page_images\t_p_120_1176_p000124.tif,,needs_review,
127,t_p_120_1176_p000127,medium,True,needs_human_review,table_or_index,,table,101,1,table_or_index_medium_or_ambiguous,"-< EMBRAER
MAINTENANCE MANUAL WITH
ILLUSTRATED PARTS LIST
40
50
50
rs 20
90
60 79 * . (A) 30
0 60 is
60 \ NN a
100,
SF, ®
170 140 C7 / /
fs P|
SNS Ly Say
/ SSSA ff <A
PS OQ Kae
Xewueres \ ‘ > S Z (D)
\\ “s \ \ AY
\A ~S A
\\ S\N 10 Be
> SOS 1 Ly “€
\ Ne nN \. NGS
< SS
180 > d 150
Q, \ 160
\ J
ns
210
220 )
190
ox -_ cao Ww
NG i x
Vi © ae
130 wes
SN \ FO Ong
(f 230-2
( 110
120TP250024.MCE |
SINGLE PASSENGER SEAT (120-42547-005/505)
Figure 11
Sheet 1
EFFECTIVITY: ALL
25-21-00 Page 1084
Sep 30/98
",local_data\organization\trace_net\ocr_route_scan_pack_tesseract_full\page_images\t_p_120_1176_p000127.tif,,needs_review,
129,t_p_120_1176_p000129,medium,True,needs_human_review,detailed_parts_list,,table,146,7,detailed_parts_list_not_strong_enough,"€& emenncr

MAINTENANCE MANUAL WITH
ILLUSTRATED PARTS LIST
AIRLINE EFF | UNITS
FIG. ITEM| PARTNUMBER | STOCK Maer EODE. FROM| PER
NUMBER ASSY
11-180 | 120-36843-001 -HOLDER, MAGAZINE... cccccccecceeen VS4956 1
190 | 120-41475-001 COVER, TRIM FRONT o....cccccccccsscceceeeee VS4956 1
-191 | 120-41475-003 COVER, TRIM FRONT o.0...ccccccccccsscsececeee VS4956 1
200 | AM03078-22 ASHTRAY 0 csceseccsssssesssssttneseeeventeeeensneeen F065846/058/059| 1
-201 | AM03078-30 ASHTRAY 0 cssesescecsssssseessessecteeeeveneeeeesseneeen E065846| 060/999] 1
210 | 120-40636-001 _ LINING ASSY., - ARMREST ........sccccceee VS4956 2
220 | 120-41474-001 COVER, TRIM REAR-FIXED ARMREST .. VS4956 1
-221 | 120-41474-002 _ COVER, TRIM REAR-FIXED
ARMREST ooo. ccssssssscessssseesesesseteeteesenteeeenee VS4956 1
ATTACHING PARTS
230 | PE17001-3PR PLUG, NYLON o...cccscsccesssssseeeeeseseeeeeeeseee 2
240 | NAS1096-1-8 SCREW. oeeccsccssssssseessessesssesveteeseseneesevnneee 2
250 | AN960-8L WASHER 0... .",local_data\organization\trace_net\ocr_route_scan_pack_tesseract_full\page_images\t_p_120_1176_p000129.tif,,needs_review,
130,t_p_120_1176_p000130,medium,True,needs_human_review,table_or_index,,table,69,1,table_or_index_medium_or_ambiguous,"-< EMBRAER

MAINTENANCE MANUAL WITH

ILLUSTRATED PARTS LIST

50

60 50

y

100 |

90

70

80

40

80

70

is

90

110

130

ea

IPF; |

L/\

ZS

;

20

ci?

se

10

BO

f]

ln

120

160 1470

200

240

210

220

270

230

270 ——

N

OF

~

d

\

C?

260

a

290 4

280‘

=,

2507

120TP250025.MCE

Single Passenger Seat (120-42547-007/507)

Figure 12

Sheet 1

EFFECTIVITY: ALL

25-21-00

Page 1087

Sep 30/98
",local_data\organization\trace_net\ocr_route_scan_pack_tesseract_full\page_images\t_p_120_1176_p000130.tif,,needs_review,
133,t_p_120_1176_p000133,medium,True,needs_human_review,table_or_index,,table,66,1,table_or_index_medium_or_ambiguous,"-< EMBRAER

MAINTENANCE MANUAL WITH

ILLUSTRATED PARTS LIST

50

60

60

100 |

30

90

70

| ~

80 L\

40

70

90 \

is

110

210

130

Jy

oS

ne

be

a

Oy

20

Nes.

—

10

|

(

120

160

170

200

190

180

250

NY

250 ——

a

IN

Sy

260

\

Q

»

=,

240 4

230

2207

120TP250026.MCE

Single Passenger Seat (120-45850-001/501)

Figure 13

Sheet 1

EFFECTIVITY: ALL

25-21-00 Page 1090

Sep 30/98
",local_data\organization\trace_net\ocr_route_scan_pack_tesseract_full\page_images\t_p_120_1176_p000133.tif,,needs_review,
136,t_p_120_1176_p000136,medium,True,needs_human_review,table_or_index,,table,71,1,table_or_index_medium_or_ambiguous,"MAINTENANCE MANUAL WITH

-< EMBRAER

ILLUSTRATED PARTS LIST

50

60

60

ia

100

90

|

80

40

80

70

is

90 \

110

TN

260

4B

Te

130

oon

<li J]

if]

ve

OS

SY \ Oe

4

L

[P

Y

(

120

210

wD

170

180

260

190

260 ——

IN

GT

~

-

\

a

»

270

Yi

250 5

240 “3

230

120TP250027.MCE

Single Passenger Seat (120-45850-003/503)

Figure 14

Sheet 1

EFFECTIVITY: ALL

25-21-00

Page 1093

Sep 30/98
",local_data\organization\trace_net\ocr_route_scan_pack_tesseract_full\page_images\t_p_120_1176_p000136.tif,,needs_review,
139,t_p_120_1176_p000139,medium,True,needs_human_review,table_or_index,,table,83,1,table_or_index_medium_or_ambiguous,"-< EMBRAER
MAINTENANCE MANUAL WITH
ILLUSTRATED PARTS LIST
JESS. 40
ae \ \
Ye \\
_~ i:
, <> ‘s 20
140 =
(B) mS 30
o| Om
90 PR. <> (A)
80 \ ao /
70 | \ a 4p |
70 seS5
* of Ln Shen SF |
eo
120 Pe
Se 10 />
VFO br
les c
(( 110
~<a
160
1 ee 30 * von 480 1
190
250-— : Sx (B) 250 — : x (A)
BE |
ae
a4 240 ;
220 220
120TP250028.MCE
Single Passenger Seat (120-45850-007/507)
Figure 15
Sheet 1
EFFECTIVITY: ALL 25-2 1 -00
Page 1096
Sep 30/98
",local_data\organization\trace_net\ocr_route_scan_pack_tesseract_full\page_images\t_p_120_1176_p000139.tif,,needs_review,
141,t_p_120_1176_p000141,medium,True,needs_human_review,detailed_parts_list,,table,78,1,detailed_parts_list_not_strong_enough,"€& emenncr

MAINTENANCE MANUAL WITH
ILLUSTRATED PARTS LIST
AIRLINE EFF | UNITS
FIG. ITEM; PARTNUMBER | STOCK Maer EODE. FROM; PER
NUMBER TO ASSY
15 ATTACHING PARTS
220 | PE1/001-3PR . PLUG, NYLON |... eee certeeereetteteeen 2
230 | NAS1096-1-8 SCREW... cecccceceereeeeertteeenteeeensneeeennnees 2
240 | AN960-8L ~ WASHER LL... cccceeeree cette eentneeeteeteeenees 2
250 | MS24693-C28 SCREW... ceeceecceeereeneereeeeeneeeeetneeeenes 4

USAGE CODE LIST

A AIRCRAFT 120104 THRU 120308 AND
120310

-ITEM NOT ILLUSTRATED
Single Passenger Seat (120-45850-007/507)

Figure 15
Sheet 3

EFFECTIVITY: ALL 25-21 -00
Page 1098

Sep 30/98

",local_data\organization\trace_net\ocr_route_scan_pack_tesseract_full\page_images\t_p_120_1176_p000141.tif,,needs_review,
142,t_p_120_1176_p000142,medium,True,needs_human_review,table_or_index,,table,67,1,table_or_index_medium_or_ambiguous,"-< EMBRAER

MAINTENANCE MANUAL WITH

ILLUSTRATED PARTS LIST

50

60

60

30

100

90

70

40

80 |

80

70

90 410

Pa

SF

210

Ie

130

a

S35

aa

GL

140 (C)

\imenel

120

a

LU

160

170

250

200

190

180

250 ——

Q

NI

(ay

260

\\

q

a

240

=,

230

220

120TP250029.MCE

Single Passenger Seat (120-45850-005/505)

Figure 16

Sheet 1

EFFECTIVITY: ALL

25-21-00

Page 1099

Sep 30/98
",local_data\organization\trace_net\ocr_route_scan_pack_tesseract_full\page_images\t_p_120_1176_p000142.tif,,needs_review,
145,t_p_120_1176_p000145,medium,True,needs_human_review,table_or_index,,table,67,1,table_or_index_medium_or_ambiguous,"-< EMBRAER

MAINTENANCE MANUAL WITH

ILLUSTRATED PARTS LIST

60

60

30

100

90

70

ps

80 /

80

70

MD Es

40

-

110

SF

CB

180 150

130

am

a

a

OS

20

Nes.

(

Je

120

10

Y

160 170

200

210

220

240

230

250

250-———

~

~

NI

\

(Sy

250

\

a

a

~!

250.

120TP250030.MCE

Single Passenger Seat (120-36833-001)

Figure 17

Sheet 1

EFFECTIVITY: ALL

25-21-00 Page 1102

Sep 30/98
",local_data\organization\trace_net\ocr_route_scan_pack_tesseract_full\page_images\t_p_120_1176_p000145.tif,,needs_review,
147,t_p_120_1176_p000147,medium,True,needs_human_review,detailed_parts_list,,table,122,7,detailed_parts_list_not_strong_enough,"€& emenncr

MAINTENANCE MANUAL WITH
ILLUSTRATED PARTS LIST
AIRLINE EFF | UNITS
FIG. ITEM| PARTNUMBER | STOCK Maer EODE. FROM| PER
NUMBER To | ASSY
17 ATTACHING PARTS
-195 | 1002-C/6 . SUPPORT, FASTENER BUTTON MALE... 2
-196 | 1002-F . FASTENER BUTTON, MALE...0....-.ccccsece E075221 2
200 | AM03078-22 ASHTRAY 0cscocececsssssecesosseeteesestttessesenneee E065846
-210 | 120-36839-001 _ LINING ASSY., - ARMREST o.......ccccoe VS4956
220 | 120-34691-001 COVER, LATCH, SNACK TABLE ASS
(SEE FIGURE 25-21-00-110)Y ...ccececcccee VS4956 1
230 | 120-36844-001 _ COVER, TRIM, REAR-FIXED ARMREST. VS4956 1
-231 | 120-36844-002 _COVER, TRIM, REAR-FIXED ARMREST. VS4956 1
240 | 120-34891-003 COVER, TRIM, FRONT 0.0...cccccccccccscseeeeeee VS4956 1
-241 | 120-34891-001 COVER, TRIM, FRONT .o..cccccccccsscceeeeee VS4956 1

ATTACHING PARTS

250 | MS24693-S24 SCREW... ceeccecceereeesereeeeeneteeeeneeeennns 9g

-ITEM NOT ILLUSTRATED

Single Passenger Seat (120-36833-001)
Figure 17
Shee",local_data\organization\trace_net\ocr_route_scan_pack_tesseract_full\page_images\t_p_120_1176_p000147.tif,,needs_review,
148,t_p_120_1176_p000148,medium,True,needs_human_review,table_or_index,,table,70,1,table_or_index_medium_or_ambiguous,"-< EMBRAER

MAINTENANCE MANUAL WITH

ILLUSTRATED PARTS LIST

60

30

100

90

lI

po

70

80

40

807

Ps

® Qe

90 \

110

SF

1B

130

150 C? y

<So°5

oor

140

es.

se

(

120

A

170

180

190

210

200

(Le

210 ——

2

y

\

N

160

a

\

ay

210

a

2

210 A

m

120TP250031A.MCE

Single Passenger Seat (120-36833-501)

Figure 18

Sheet 1

EFFECTIVITY: ALL

25-21-00

Page 1105

Sep 30/98
",local_data\organization\trace_net\ocr_route_scan_pack_tesseract_full\page_images\t_p_120_1176_p000148.tif,,needs_review,
150,t_p_120_1176_p000150,medium,True,needs_human_review,detailed_parts_list,,table,92,5,detailed_parts_list_not_strong_enough,"€& emenncr

MAINTENANCE MANUAL WITH
ILLUSTRATED PARTS LIST
AIRLINE EFF | UNITS
FIG. ITEM| PARTNUMBER | STOCK vase EODE. FROM | PER
NUMBER TO ASSY
18 190 | 120-40795-002 . COVER, TRIM, REAR-FIXED ARMREST.. VS4956 1
-191 | 120-40795-001 . COVER, TRIM, REAR-FIXED ARMREST.. VS4956 1
200 | 120-40796-001 . COVER, TRIM, FRONT...........0:: ee eeeeeees VS4956 1
-201 | 120-40796-003 . COVER, TRIM, FRONT.............. eee: VS4956 1
ATTACHING PARTS
210 | MS24693-S24 SCREW 0 eeccccecereeeeeeeeeesneeeeentreeeneneeees 9g

USAGE CODE LIST

A AIRCRAFT 120034 THRU 120048 AND
120052

-ITEM NOT ILLUSTRATED

Single Passenger Seat (120-36833-501)
Figure 18
Sheet 3

EFFECTIVITY: ALL 25-21 -00
Page 1107

Sep 30/98

",local_data\organization\trace_net\ocr_route_scan_pack_tesseract_full\page_images\t_p_120_1176_p000150.tif,,needs_review,
151,t_p_120_1176_p000151,medium,True,needs_human_review,table_or_index,,table,68,1,table_or_index_medium_or_ambiguous,"MAINTENANCE MANUAL WITH

-< EMBRAER

ILLUSTRATED PARTS LIST

60

60

30

100 |

90

80 79

Pee

30 \

110

1B

180 150 C?

SF

130

SoS

Nai

oo

>

O

140

20

YS

Nes.

Je

10

(

120

s,

160 170

200

210

220

240

X

a

230

240-—

aN

\

190

a

a

240

a

240 —*

=,

120TP250032A.MCE

Single Passenger Seat (120-36833-509)

Figure 19

Sheet 1

EFFECTIVITY: ALL

25-21-00 Page 1108

Sep 30/98
",local_data\organization\trace_net\ocr_route_scan_pack_tesseract_full\page_images\t_p_120_1176_p000151.tif,,needs_review,
153,t_p_120_1176_p000153,medium,True,needs_human_review,detailed_parts_list,,table,123,6,detailed_parts_list_not_strong_enough,"€& emenncr

USAGE CODE LIST

A AIRCRAFT 120034 THRU 120048,
120052, 120056 AND 120059

MAINTENANCE MANUAL WITH
ILLUSTRATED PARTS LIST
AIRLINE EFF | UNITS
FIG. ITEM| PARTNUMBER | STOCK Maer EODE. FROM| PER
NUMBER To | ASSY
19 ATTACHING PARTS
-195 | 1002-C/6 . SUPPORT, FASTENER BUTTON MALE... 2
-196 | 1002-F . FASTENER BUTTON, MALE...0....-.ccccsece E075221 2
200 | AM03078-22 ASHTRAY 0cscocececsssssecesosseeteesestttessesenneee E065846 1
210 | 120-37735-001 _ LINING ASSY., - ARMREST ........sccccceee VS4956 2
220 | 120-40795-002 _ COVER, TRIM, REAR-FIXED ARMREST. VS4956 1
-221 | 120-40795-001 _COVER, TRIM, REAR-FIXED ARMREST. VS4956 1
230 | 120-40796-001 COVER, TRIM, FRONT 0.0...cccccccccccscseeeeeee VS4956 1
-231 | 120-40796-003 COVER, TRIM, FRONT o.....cccccccccccscceeeeeee VS4956 1
ATTACHING PARTS
240 | MS24693-S24 SCREW oo eeccscsssssssecssesseeesesseteeseseneeesvneeen 9

-ITEM NOT ILLUSTRATED

Single Passenger Seat (120-36833-509)
Figure 19
Sheet 3

EFF",local_data\organization\trace_net\ocr_route_scan_pack_tesseract_full\page_images\t_p_120_1176_p000153.tif,,needs_review,
154,t_p_120_1176_p000154,medium,True,needs_human_review,table_or_index,,table,75,1,table_or_index_medium_or_ambiguous,"-< EMBRAER
MAINTENANCE MANUAL WITH
ILLUSTRATED PARTS LIST
60 40
rh | 30
100 90 “Ds (D) eo 50 —
Q 40
9° 410 se
EE, 260 — B
t 50 (7 y / ae P
130 Of Ke
< SK [> —— (D)
or \/& UA Qneé
(a= 120 . @, (C)
109 70
200
© “SO 210 20 260
250 AN ao 230 | | Lb
60 <2)
Qt) 260-~*
120TP250033.MCE
Single Passenger Seat (120-36833-003)
Figure 20
Sheet 1
EFFECTIVITY: ALL 25-21 -00 page 1111
Sep 30/98
",local_data\organization\trace_net\ocr_route_scan_pack_tesseract_full\page_images\t_p_120_1176_p000154.tif,,needs_review,
156,t_p_120_1176_p000156,medium,True,needs_human_review,detailed_parts_list,,table,117,6,detailed_parts_list_not_strong_enough,"€& emenncr

MAINTENANCE MANUAL WITH
ILLUSTRATED PARTS LIST
AIRLINE EFF | UNITS
FIG. ITEM | PARTNUMBER | STOCK ase eODE. FROM| PER
NUMBER To | ASSY
20 ATTACHING PARTS

-195 | 1002-C/6 . SUPPORT, FASTENER BUTTON MALE... 2

-196 | 1002-F . FASTENER BUTTON, MALE..w.......ccccee- E075221 2

200 | AM03078-22 ASHTRAY ooo ecccccccssssssssesssseteeeesnneesenneeeen E065846 1

210 | 120-36839-001 _ LINING ASSY., - ARMREST ...........ccccee VS4956 1

220 | 120-36844-002 _COVER, TRIM, REAR-FIXED ARMREST. VS4956 1

230 | 120-34891-003 COVER, TRIM, FRONT .....ccccccccce cece VS4956 1

240 | 120-34859-001 COVER, TRIM, LATERAL .......cccccscsecceee VS4956 1

250 | 120-34691-001 COVER, LATCH, SNACK TABLE ASSY,
(SEE FIGURE 25-21-00-110) 0... VS4956 1

ATTACHING PARTS

260 | MS24693-S24 SCREW... ceccceeereeceeneeeeetteeeeneieeeeserees 6

-ITEM NOT ILLUSTRATED

Single Passenger Seat (120-36833-003)
Figure 20
Sheet 3

EFFECTIVITY: ALL 25-21 -00
Page 1113

Sep 30/98

",local_data\organization\trace_net\ocr_route_scan_pack_tesseract_full\page_images\t_p_120_1176_p000156.tif,,needs_review,
157,t_p_120_1176_p000157,medium,True,needs_human_review,table_or_index,,table,69,1,table_or_index_medium_or_ambiguous,"-< EMBRAER
MAINTENANCE MANUAL WITH
ILLUSTRATED PARTS LIST
60
60
100 fo (D)
90 va Tt . ® aA .
70 ine
9 H0 NN
<> GiB
150 (FE / / NG
130 Ae Af ke
Le? BSA
ON S&S [OE
‘(aa . Es; (C)
170
AN a © 200 “S 99 b
ay 220-— i Sc) (A)
L "" 7 220“
Single Passenger Seat (120-36833-503) |
Figure 21
Sheet 1
EFFECTIVITY: ALL 25-21 -00 page 1114
Sep 30/98
",local_data\organization\trace_net\ocr_route_scan_pack_tesseract_full\page_images\t_p_120_1176_p000157.tif,,needs_review,
159,t_p_120_1176_p000159,medium,True,needs_human_review,detailed_parts_list,,table,84,4,detailed_parts_list_not_strong_enough,"€& emenncr

MAINTENANCE MANUAL WITH
ILLUSTRATED PARTS LIST
AIRLINE EFF | UNITS
FIG. ITEM; PARTNUMBER | STOCK Maer EODE. FROM; PER
NUMBER TO ASSY
21 190 | 120-40795-001 . COVER, TRIM, REAR-FIXED ARMREST. VS4956 1
200 | 120-40796-003 COVER, T FRONT... cececeeceteereetees VS4956 1
210 | 120-40310-001 . COVER, TRIM, LATERAL ..........0.. ee VS4956 1
ATTACHING PARTS
220 | MS24693-S24 SCREW... 0... ceccceceeecceeeeeeeesereeeenteeeeesenees 7

USAGE CODE LIST

A AIRCRAFT 120034 THRU 120048 AND
120052

-ITEM NOT ILLUSTRATED

Single Passenger Seat (120-36833-503)
Figure 21
Sheet 3

EFFECTIVITY: ALL

25-21 -00 Page 1116

Sep 30/98

",local_data\organization\trace_net\ocr_route_scan_pack_tesseract_full\page_images\t_p_120_1176_p000159.tif,,needs_review,
160,t_p_120_1176_p000160,medium,True,needs_human_review,table_or_index,,table,74,1,table_or_index_medium_or_ambiguous,"-< EMBRAER
MAINTENANCE MANUAL WITH
ILLUSTRATED PARTS LIST
60
60
he 30
100 | in (D)
10 89 it (A) 40
8079 is
90 \ NN
110
SE oe
180 150 ©) y / ay,
q 230
130 ZL,
Nees (C) 90 ox
160
170
190
(B) “eB 200 240
Ws 220 | 1
A = aC
| XN LF
r \ ae
|
240 i:
| 120TP250035A.MCE
Single Passenger Seat (120-36833-511)
Figure 22
Sheet 1
EFFECTIVITY: ALL
25-21-00 Page 1117
T.P. 120/1176 Sep 30/98
",local_data\organization\trace_net\ocr_route_scan_pack_tesseract_full\page_images\t_p_120_1176_p000160.tif,,needs_review,
162,t_p_120_1176_p000162,medium,True,needs_human_review,detailed_parts_list,,table,88,4,detailed_parts_list_not_strong_enough,"€ everne

MAINTENANCE MANUAL WITH
ILLUSTRATED PARTS LIST
AIRLINE EFF | UNITS
FIG. ITEM| PARTNUMBER STOCK vase EODE. FROM | PER
NUMBER TO ASSY
22 210 | 120-40795-001 . COVER, TRIM, REAR-FIXED ARMREST.. VS4956 1
220 | 120-40796-003 . COVER, TRIM, FRONT...............c0c eee VS4956 1
230 | 120-40310-001 . COVER, TRIM, LATERAL .................0ce VS4956 1
ATTACHING PARTS
240 | MS24693-S24 SCREW 0... cccccccccccccccteceeeeeeeeeesttetentsaees 7
USAGE CODE LIST
A AIRCRAFT 120035 THRU 120048,
120052, 120056 AND 120059
-ITEM NOT ILLUSTRATED
Single Passenger Seat (120-36833-511)
Figure 22
Sheet 3
EFFECTIVITY: ALL 25-2 1 -00
Page 1119

T.P. 120/1176 Sep 30/98

",local_data\organization\trace_net\ocr_route_scan_pack_tesseract_full\page_images\t_p_120_1176_p000162.tif,,needs_review,
163,t_p_120_1176_p000163,medium,True,needs_human_review,table_or_index,,table,82,1,table_or_index_medium_or_ambiguous,"-< EMBRAER
MAINTENANCE MANUAL WITH
ILLUSTRATED PARTS LIST
50
50
rs 20
90 “Co
i ob) yin © Q 40 —, x0
70 60 “Ps
80 \ —
100
EE cB
170 140 © / / (A)
120 \ Af oss
or > M&S SZ
: - if bo (C) ERE"" (D)
p< . ' Py ag
(Yo INS oO
150 160
B, is 200 240
230 LN 220 | an ds
Sy . 240 — | PA | (A)
540 180 ~ ) - 4
120TP250036.MCE ~
Single Passenger Seat (120-36833-005)
Figure 23
Sheet 1
EFFECTIVITY: ALL 25-21 -00
T.P. 120/1176 ‘Sep 20/08
",local_data\organization\trace_net\ocr_route_scan_pack_tesseract_full\page_images\t_p_120_1176_p000163.tif,,needs_review,
165,t_p_120_1176_p000165,medium,True,needs_human_review,detailed_parts_list,,table,129,7,detailed_parts_list_not_strong_enough,"€& emenncr

MAINTENANCE MANUAL WITH
ILLUSTRATED PARTS LIST
AIRLINE EFF | UNITS
FIG. ITEM| PARTNUMBER STOCK Maer EODE. FROM | PER
NUMBER TO ASSY
23 ATTACHING PARTS
-185 | 1002-C/6 . SUPPORT, FASTENER BUTTON MALE... 2
-186 | 1002-F . FASTENER BUTTON, MALE...............00000.. E075221 2
190 | AM03078-22 ~ ASHTRAY 00.0... cccccccccccc cee ceeeeeeee eee eeeeeeeeeeee E065846 1
200 | 120-36839-001 . LINING ASSY., ARMREST....................008 VS4956 2
210 | 120-36844-001 . COVER, TRIM, REAR-FIXED ARMREST. VS4956 1
-211 | 120-36844-002 . COVER, TRIM, REAR-FIXED ARMREST. VS4956 1
220 | 120-34891-001 . COVER, TRIM, FRONT ............0.... ee VS4956 1
-221 | 120-34891-003 . COVER, TRIM, FRONT ...............0 cece VS4956 1
230 | 120-34691-001 . COVER, LATCH, SNACK TABLE ASSY
(SEE FIGURE 25-21-00-110)........ VS4956 1
ATTACHING PARTS
240 | MS24693-S24 SCREW... cccccccccccccseseeeeeeeeeeeeeenseeeeeees i)

-ITEM NOT ILLUSTRATED

Single Passenger Seat (120-36833-005)

Figur",local_data\organization\trace_net\ocr_route_scan_pack_tesseract_full\page_images\t_p_120_1176_p000165.tif,,needs_review,
166,t_p_120_1176_p000166,medium,True,needs_human_review,table_or_index,,table,80,1,table_or_index_medium_or_ambiguous,"-< EMBRAER
MAINTENANCE MANUAL WITH
ILLUSTRATED PARTS LIST
50
50
hs 20
90 Oy
80 4 | _~ (D) 40
mo /| (A) 30
70 gn ‘Pre
80 \ NN
100
SE os
170 140 «2 / / (A)
VYs © Danese ©
J 130 0 y; a
( 110 . JS (C)
150 160
(B) 190
ase 200 230
210
180 a 200 | db
By ae ®
r Q :
230 ; 230 _A
120TP250037.MCE
Single Passenger Seat (120-36833-513)
Figure 24
Sheet 1
EFFECTIVITY: ALL 25-21 -00
Page 1123
T.P. 120/1176 Sep 30/98
",local_data\organization\trace_net\ocr_route_scan_pack_tesseract_full\page_images\t_p_120_1176_p000166.tif,,needs_review,
168,t_p_120_1176_p000168,medium,True,needs_human_review,detailed_parts_list,,table,110,5,detailed_parts_list_not_strong_enough,"€& emenncr

MAINTENANCE MANUAL WITH
ILLUSTRATED PARTS LIST
AIRLINE EFF | UNITS
FIG. ITEM| PARTNUMBER STOCK vase EODE. FROM | PER
NUMBER TO ASSY
24 190 | AM03078-22 ASHTRAY 0... ccccccccccccccceececceceetseetsassaneeeaeees E065846 1
200 | 120-37735-001 . LINING ASSY., - ARMREST ............00::cceee VS4956 2
210 | 120-40795-002 . COVER, TRIM, REAR-FIXED ARMREST.. VS4956 1
-211 | 12040795-001 . COVER, TRIM, REAR-FIXED ARMREST.. VS4956 1
220 | 120-40796-003 . COVER, TRIM, FRONT...............c0c eee VS4956 1
-221 | 120-40796-001 . COVER, TRIM, FRONT...............0cceceeee VS4956 1
ATTACHING PARTS
230 | MS24693-S24 1 Old a | re 9
USAGE CODE LIST
A AIRCRAFT 120035 THRU 120048,
120052, 120056 AND 120059
-ITEM NOT ILLUSTRATED
Single Passenger Seat (120-36833-513)
Figure 24
Sheet 3
EFFECTIVITY: ALL 25-21 -00
Page 1125
T.P. 120/1176 Sep 30/98
",local_data\organization\trace_net\ocr_route_scan_pack_tesseract_full\page_images\t_p_120_1176_p000168.tif,,needs_review,
169,t_p_120_1176_p000169,medium,True,needs_human_review,table_or_index,,table,67,1,table_or_index_medium_or_ambiguous,"-< ENMIBRAER
MAINTENANCE MANUAL WITH
ILLUSTRATED PARTS LIST
|
60
60
a) 30
100 “bo
i 74 tT o (A) 80 ye 40
801) Pa
*° \ NN
sé 1B
150 (FE (A)
om PZ 4p eZ
Loe? « Be
exh <> On
170
IW (B) 00 ~S 90 ‘|
L aS 10— | Re (A)
oo 0 ~ 210 4
| 120TP250038A.MCE
Single Passenger Seat (120-36833-515)
‘Sheet 1
EFFECTIVITY: ALL 25-21 -00
T.P. 120/1176 Sep 30198
",local_data\organization\trace_net\ocr_route_scan_pack_tesseract_full\page_images\t_p_120_1176_p000169.tif,,needs_review,
171,t_p_120_1176_p000171,medium,True,needs_human_review,detailed_parts_list,,table,92,5,detailed_parts_list_not_strong_enough,"€& emenncr

MAINTENANCE MANUAL WITH
ILLUSTRATED PARTS LIST

AIRLINE EFF | UNITS
FIG. ITEM; PARTNUMBER | STOCK Maer EODE. FROM; PER
NUMBER TO ASSY

25 190 | 120-40795-001 . COVER, TRIM, REAR-FIXED ARMREST. VS4956 1

-191 | 120-40795-002 . COVER, TRIM, REAR-FIXED ARMREST. VS4956 1

200 | 120-40796-003 . COVER, TRIM, FRONT ............0:ceeeeee VS4956 1

-201 | 120-40796-001 . COVER, TRIM, FRONT .............::eeeee VS4956 1

ATTACHING PARTS

210 | MS24693-S24 SCREW... ceecceeceereeeeeereeeeetereeeeneeeennes 9g

USAGE CODE LIST

A AIRCRAFT 120034 THRU 120048 AND
120052

-ITEM NOT ILLUSTRATED

Single Passenger Seat (120-36833-515)
Figure 25
Sheet 3

EFFECTIVITY: ALL 25-21 -00
Page 1128

T.P. 120/1176 Sep 30/98

",local_data\organization\trace_net\ocr_route_scan_pack_tesseract_full\page_images\t_p_120_1176_p000171.tif,,needs_review,
172,t_p_120_1176_p000172,medium,True,needs_human_review,table_or_index,,table,75,1,table_or_index_medium_or_ambiguous,"-< EMBRAER
MAINTENANCE MANUAL WITH
ILLUSTRATED PARTS LIST
50
50
aii. ©)
80 6045 ‘fe ® 40 SS
“0 \ la .
100
B
SF <
40 7 / (A)
120 Z, ass
on SZ
VY © i Ze
\ S/ 130 10 iS —
(/ 110 PR (C)
(B) 150
g 3 160
190 179 200
oS 180 | 1
ay oT ee
r
200 200 5
120TP250039.MCE
Single Passenger Seat (120-36833-517)
Figure 26
Sheet 1
EFFECTIVITY: ALL 25-21 -00
Page 1129
T.P. 120/1176 Sep 30/98
",local_data\organization\trace_net\ocr_route_scan_pack_tesseract_full\page_images\t_p_120_1176_p000172.tif,,needs_review,
174,t_p_120_1176_p000174,medium,True,needs_human_review,detailed_parts_list,,table,66,1,detailed_parts_list_not_strong_enough,"€& emenncr

MAINTENANCE MANUAL WITH
ILLUSTRATED PARTS LIST
AIRLINE EFF | UNITS
FIG. ITEM| PARTNUMBER | STOCK vase EODE. FROM | PER
NUMBER TO ASSY
26 ATTACHING PARTS
200 | MS24693-S24 SCREW 2c cece eee eee ee teeeeeeeeeneees $s)

USAGE CODE LIST

A AIRCRAFT 120034 THRU 120048 AND
120052

-ITEM NOT ILLUSTRATED

Single Passenger Seat (120-36833-517)
Figure 26
Sheet 3

EFFECTIVITY: ALL 25-2 1 -00
Page 1131

T.P. 120/1176 Sep 30/98

",local_data\organization\trace_net\ocr_route_scan_pack_tesseract_full\page_images\t_p_120_1176_p000174.tif,,needs_review,
175,t_p_120_1176_p000175,medium,True,needs_human_review,table_or_index,,table,66,1,table_or_index_medium_or_ambiguous,"-< EMBRAER

MAINTENANCE MANUAL WITH

ILLUSTRATED PARTS LIST

60 «0

30

100

90 / ™~

80

80

)

0 OR

110

SZ

1B

130

oo 1500 y

aoa

O)

©

20

»y

Le

10

Sa

((

120

s,

160 170

200

210

220

240

X

A

230

240 ——_

a

~

>

\

a)

240

a

2

ad

=

120TP250040A.MCE

Single Passenger Seat (120-36833-519)

Figure 27

Sheet 1

EFFECTIVITY: ALL

25-21-00 Page 1132

T.P. 120/1176

Sep 30/98
",local_data\organization\trace_net\ocr_route_scan_pack_tesseract_full\page_images\t_p_120_1176_p000175.tif,,needs_review,
177,t_p_120_1176_p000177,medium,True,needs_human_review,detailed_parts_list,,table,125,6,detailed_parts_list_not_strong_enough,"€& emenncr

USAGE CODE LIST

A AIRCRAFT 120035 THRU 120048,
120052, 120056 AND 120059

MAINTENANCE MANUAL WITH
ILLUSTRATED PARTS LIST
AIRLINE EFF | UNITS
FIG. ITEM| PARTNUMBER | STOCK Maer EODE. FROM| PER
NUMBER To | ASSY
27 ATTACHING PARTS
-195 | 1002-C/6 . SUPPORT, FASTENER BUTTON MALE... 2
-196 | 1002-F . FASTENER BUTTON, MALE...0....-.ccccsece E075221 2
200 | AM03078-22 ASHTRAY 0cscocececsssssecesosseeteesestttessesenneee E065846 1
210 | 120-37735-001 _ LINING ASSY., - ARMREST ........sccccceee VS4956 2
220 | 120-40795-001 _ COVER, TRIM, REAR-FIXED ARMREST. VS4956 1
-221 | 120-40795-002 _COVER, TRIM, REAR-FIXED ARMREST. VS4956 1
230 | 120-40796-001 COVER, TRIM, FRONT 0.0...cccccccccccscseeeeeee VS4956 1
-231 | 120-40796-003 COVER, TRIM, FRONT o.....cccccccccccscceeeeeee VS4956 1
ATTACHING PARTS
240 | MS24693-S24 SCREW oo eeccscsssssssecssesseeesesseteeseseneeesvneeen 9

-ITEM NOT ILLUSTRATED

Single Passenger Seat (120-36833-519)

Figure 27
Sheet 3

E",local_data\organization\trace_net\ocr_route_scan_pack_tesseract_full\page_images\t_p_120_1176_p000177.tif,,needs_review,
178,t_p_120_1176_p000178,medium,True,needs_human_review,table_or_index,,table,66,1,table_or_index_medium_or_ambiguous,"-< EMBRAER
MAINTENANCE MANUAL WITH
ILLUSTRATED PARTS LIST
50
50
rs 20
90
80 ote (D) ® 40 a
30
8° 140 NN
EE cB
40 | C/ y / (A)
120 A 4 EE
Se <> [OES
(B) ss \ 7
200 ZN 190 | he ds
aL 210 : Rj } (A)
a0 ~~) 210
120TP250041.MCE
Single Passenger Seat (120-36833-507)
Figure 28
Sheet 1
EFFECTIVITY: ALL 25-21 -00 rage 1196
T.P. 120/1176 Sep 30/98
",local_data\organization\trace_net\ocr_route_scan_pack_tesseract_full\page_images\t_p_120_1176_p000178.tif,,needs_review,
180,t_p_120_1176_p000180,medium,True,needs_human_review,detailed_parts_list,,table,66,1,detailed_parts_list_not_strong_enough,"€& emenncr

MAINTENANCE MANUAL WITH
ILLUSTRATED PARTS LIST
AIRLINE EFF | UNITS
FIG. ITEM| PARTNUMBER | STOCK vase EODE. FROM | PER
NUMBER TO ASSY
28 ATTACHING PARTS
210 | MS24693-S24 SCREW 2c cece eee eee ee teeeeeeeeeneees $s)

USAGE CODE LIST

A AIRCRAFT 120034 THRU 120048 AND
120052

-ITEM NOT ILLUSTRATED

Single Passenger Seat (120-36833-507)
Figure 28
Sheet 3

EFFECTIVITY: ALL 25-2 1 -00
Page 1137

T.P. 120/1176 Sep 30/98

",local_data\organization\trace_net\ocr_route_scan_pack_tesseract_full\page_images\t_p_120_1176_p000180.tif,,needs_review,
181,t_p_120_1176_p000181,medium,True,needs_human_review,table_or_index,,table,105,1,table_or_index_medium_or_ambiguous,"-< EMBRAER

MAINTENANCE MANUAL WITH

ILLUSTRATED PARTS LIST

40

200

AS

SX

NN

\\

20

30

%

a

\

»\

20

280 199

190

We

30

70

iG)

——

EL

(nh) (B

(74)

}

<

50

QD

<>

(A) ®

220

10

SF

(<

QQ

260

O

il

230

aa

280.

280

QW

©) ©

SX

y

Z

REZ

©,

290

10

SS

170

aro

50

(D) . 160

120

115}|

80

80

110

80

OD

2290. «= 280

250

100

240

115

</

90% 90

<l

LF 115

90

280

115

100 100

Bb

®,

115

125

290

280

=

110

100 115

270?

120TP250042. MCE

Double Passenger Seat (120-50648-001)

Figure 29

Sheet 1

EFFECTIVITY: ALL

25-21-00 Page 1138

T.P. 120/1176

Sep 30/98
",local_data\organization\trace_net\ocr_route_scan_pack_tesseract_full\page_images\t_p_120_1176_p000181.tif,,needs_review,
184,t_p_120_1176_p000184,medium,True,needs_human_review,table_or_index,,table,114,1,table_or_index_medium_or_ambiguous,"-< EMBRAER

MAINTENANCE MANUAL WITH

ILLUSTRATED PARTS LIST

40

220

SX

AS

NN

20

30

©

a

\

\

300 220

>

20

210

«©

70

30

oe

60

(a) B

<ONN

een

<S,

EL

a

CIE

50

SF

eC

QQ

aw

(A) 8)

240

10

<

280

Q

J

250

300

300

©) ©

QW

S

y

a

>

,

160

10

SS

ZO

310

170

190

al

180

120 ||

80

80

130

80

240

300

110

80

240

230 ings

270

100

Qa

120

<,

120

120

<,

90

300

iA

100

100

A

140

310 ——

150

419 120

300 —~*

100 120

290 ——*

120CMM251004.MCE

Double Passenger Seat (120-61548-501 and 120-50648-51 9/521)

Figure 29A

Sheet 1

EFFECTIVITY: ALL

25-21 -00 Page 1140A

T.P. 120/1176

Jan 15/01
",local_data\organization\trace_net\ocr_route_scan_pack_tesseract_full\page_images\t_p_120_1176_p000184.tif,,needs_review,
188,t_p_120_1176_p000188,medium,True,needs_human_review,table_or_index,,table,100,1,table_or_index_medium_or_ambiguous,"-< EMBRAER

MAINTENANCE MANUAL WITH

ILLUSTRATED PARTS LIST

40

200

aN

20

SQ

30

20

e

SN

\\

“

A

Q

30

270 189

190

230

(a) B

(77)

1D

O)

LF

70

CIO

10

Ge

Q

IS

60 (C)

Je

ww

a

50

(C) SS

y

140

10

170

(C) 160

80

210

220 270

120

115]

80

80

24

250

110

80

Sa

100

115

<,

90 90

115

CL

115

90

270

100 100

280-—

270-——

11

125

260-—°

110

100 115

120TP250043. MCE

Double Passenger Seat (120-50648-003)

Figure 30

Sheet 1

EFFECTIVITY: ALL

25-21-00

T.P. 120/1176

Page 1141

Sep 30/98
",local_data\organization\trace_net\ocr_route_scan_pack_tesseract_full\page_images\t_p_120_1176_p000188.tif,,needs_review,
189,t_p_120_1176_p000189,medium,True,needs_human_review,detailed_parts_list,,table,213,7,detailed_parts_list_not_strong_enough,"€& emenncr

MAINTENANCE MANUAL WITH

ILLUSTRATED PARTS LIST
AIRLINE EFF | UNITS
FIG. ITEM| PARTNUMBER STOCK Maer EODE. FROM | PER
NUMBER TO ASSY
30 - | 120-50648-003 DOUBLE PASSENGER SEAT ASSY............ VS4956 A REF
1 | 120-29068-07 1 . STRUCTURE, ASSY. (SEE FIGURE
25-21-00-94) ooo. eeeeeeee eee eeeeeeeeeeeeeeeeees VS4956 1
10 | 120-33774-001 . LINING ASSY., SEAT BOTTOM................. VS4956 2
20 | 120-42221-001 . LINING ASSY., SEAT BACKREST.............. VS4956 2
30 | 120-42070-001 . FOAM ASSY., SEAT BACKREST .............. VS4956 2
40 | 120-45726-001 . COVER, PLASTIC... cceeeeeeseeeeeeeees VS4956 B 2
50 | 120-36842-001 . STOWAGE ASSY., LIFE JACKET............... VS4956 2
ATTACHING PARTS
60 | 1002-F . FASTENER BUTTON, MALE.................00. E075221 8
70 | 1002-C/6 . SUPPORT, FASTENER BUTTON MALE... 8
80 | PE915051-1-PT / SEAT BELT... cccccccceeseesstssseeeseeeees VS4956 2
ATTACHING PARTS
90 |MS21042L4 NUT occ cece cece cence eeeeeee seat seeaaaa eee 3
100 |",local_data\organization\trace_net\ocr_route_scan_pack_tesseract_full\page_images\t_p_120_1176_p000189.tif,,needs_review,
191,t_p_120_1176_p000191,medium,True,needs_human_review,table_or_index,,table,89,2,table_or_index_medium_or_ambiguous,"-< EMBRAER

MAINTENANCE MANUAL WITH

ILLUSTRATED PARTS LIST

40

20

30

20

30

aS

260

190

RN

220

(a) (8)

eS

SN

\

a

a

»\

Se

260 170

180

=)

<>

ae

10

<

QD

<Je

SS

S

130

10

<n

160

140

150

200 DB

210

260

230

240

50

SNe

50

50

50

260

C/

270 ——

60

<i

260 -——

250-—?

90

<

90

60

70

70

120

80

90

Si

110

70 90

120CMM251000.MCE

Double Passenger Seat (120-61548-503 and 120-50648-531/533)

Figure 30A

Sheet 1

EFFECTIVITY: ALL

25-21-00

T.P. 120/1176

Page 1144

Jan 15/01
",local_data\organization\trace_net\ocr_route_scan_pack_tesseract_full\page_images\t_p_120_1176_p000191.tif,,needs_review,
194,t_p_120_1176_p000194,medium,True,needs_human_review,table_or_index,,table,119,1,table_or_index_medium_or_ambiguous,"-< EMBRAER
MAINTENANCE MANUAL WITH
ILLUSTRATED PARTS LIST
~ 40
Wh ~Sy \ \
Ww \
YY aa \\
Nw \\ \\
Ma > 20
180 >» 30
ye! 20
(C) <i
70 30
oe S
SO OF \
To (D CT @®
(/ 50 SF]
) LAST (A) B®
LA
190 10 ( a x<_
{ Q SF
240 a]
260 y (A)
210 \
| ‘Ss PIES PG Si 140
10 Sx
359-77 (D) 160
a0
115 80
120 80
200 |
aug 190, 260 y 80
220 \ 100 415/78, 4
| 90 ol, ,
| S37 90 eA] 115
| © is /T Si 7
260 |KK 100 100 “S07
Ee 130 VAR oy?
270 + 110 ?
260 — 100 115
250 —
120TP250044.MCE
Double Passenger Seat (120-50648-007)
Figure 31
Sheet 1
EFFECTIVITY: ALL 25-2 1 -00
| Page 1144C/D
T.P. 120/1176 Jan 15/01
",local_data\organization\trace_net\ocr_route_scan_pack_tesseract_full\page_images\t_p_120_1176_p000194.tif,,needs_review,
196,t_p_120_1176_p000196,medium,True,needs_human_review,detailed_parts_list,,table,216,7,detailed_parts_list_not_strong_enough,"€& emenncr

MAINTENANCE MANUAL WITH

ILLUSTRATED PARTS LIST
AIRLINE EFF | UNITS
FIG. ITEM| PARTNUMBER STOCK vase EODE. FROM | PER
NUMBER TO ASSY
31 - | 120-50648-007 DOUBLE PASSENGER SEAT ASSY........... VS4956 A REF
1 | 120-29068-073 . STRUCTURE, ASSY. (SEE FIGURE
29-21-00-99) occ cece eee ee eee eteeeeees VS4956 1
10 | 120-337 74-001 . LINING ASSY, SEAT BOTTOM ................. VS4956 2
20 | 120-42221-001 . LINING ASSY., SEAT BACKREST.............. VS4956 2
30 | 120-42070-001 . FOAM ASSY., SEAT BACKREST ............... VS4956 2
40 | 120-45726-001 . COVER, PLASTIC... ceceeceeennees VS4956 B 2
50 | 120-36842-001 . STOWAGE ASSY., LIFE JACKET.............. VS4956 2
ATTACHING PARTS
60 | 1002-F . FASTENER BUTTON, MALE.................02. E075221 8
70 | 1002-C/6 . SUPPORT, FASTENER BUTTON MALE ... 8
80 | PE915051-1-PT / SEAT BELT... ccccccccensssneesseeeeeeeees VS4956 2
ATTACHING PARTS
90 | MS21042L4 A LO re 3
100 | PE64005-1 BUSHING 00. cece ccccccceenteeteaaseeeeeene",local_data\organization\trace_net\ocr_route_scan_pack_tesseract_full\page_images\t_p_120_1176_p000196.tif,,needs_review,
197,t_p_120_1176_p000197,medium,True,needs_human_review,detailed_parts_list,,table,166,7,detailed_parts_list_not_strong_enough,"€& emenncr

MAINTENANCE MANUAL WITH
ILLUSTRATED PARTS LIST
AIRLINE EFF | UNITS
FIG. ITEM| PARTNUMBER STOCK Maer EODE. FROM | PER
NUMBER TO ASSY
31 180 | 120-37313-001 . HOLDER, MAGAZINE...............ccccceeeeseeeees VS4956 2
ATTACHING PARTS
-185 | 1002-F . FASTENER BUTTON, MALE.................00. E075221 4
-186 | H14-04 A LO eres V15653 4
-187 | AN960-3L A ANS) | = 9 re 4
-188 | MS24693-C5 SCREW... cccccccecccsesttsseasseeeeeeeeeeneees 4
190 | 120-40636-001 . LINING ASSY, - ARMREST ...............00. VS4956 3
200 | AM03078-30 ASHTRAY 0... cccccccccccccecceececeestsstseasaeeeeeeeees E065846 2
210 | 120-41475-001 . COVER, TRIM, FRONT .............0:ccceeeeeeee VS4956 1
220 | 120-41475-003 . COVER, TRIM, FRONT .............0:ccceeeeeeee VS4956 2
230 | 120-41474-002 . COVER, TRIM, REAR-FIXED ARMREST. VS4956 1
240 | 120-41231-001 .COVER,TRIM,REAR-MOVABLEARMREST VS4956 2
ATTACHING PARTS
250 | PE17001-3PR . PLUG, NYLON 0.0 eee cceeeneseeeeeeeees 3
260 | MS24693-C26 SCRE",local_data\organization\trace_net\ocr_route_scan_pack_tesseract_full\page_images\t_p_120_1176_p000197.tif,,needs_review,
198,t_p_120_1176_p000198,medium,True,needs_human_review,table_or_index,,table,129,2,table_or_index_medium_or_ambiguous,"-< EMBRAER
MAINTENANCE MANUAL WITH
ILLUSTRATED PARTS LIST
Son 40
S ~ ‘\ ‘
Na \\ \.
> \ 20
200 *.\ i 30
a 20
(C) eS
70 30
Xs Sy
5 _
\ee4 (D) CT AW
oS Lit (IE
IF T|(a) B)
<7
210 rae he. >
mR C SF
Ne ey on
260 (7 I.
230 ‘vs
290 —” Pa (C) (D) SPP ZS
| SGA -
EG FF Xx re 160
204 ° ~
190
280 170
370 UA? (D) 180
a0
120
29D 210 pap . 110 80
240 a \ 120’ Pe, J
' . 90 g D)
f | oe 90 HH» a7] 120
ea, OD | dS eg
280 < Z 100 100 be A]
C7 150 nig 140
110 ""
270-—
120CMM251003.MCE
Double Passenger Seat (120-61548-507 and 120-50648-549/551)
Figure 31A
Sheet 1
EFFECTIVITY: ALL
25 21 00 Page 1146A
T.P. 120/1176 Jan 15/01
",local_data\organization\trace_net\ocr_route_scan_pack_tesseract_full\page_images\t_p_120_1176_p000198.tif,,needs_review,
202,t_p_120_1176_p000202,medium,True,needs_human_review,table_or_index,,table,108,1,table_or_index_medium_or_ambiguous,"-< EMBRAER

MAINTENANCE MANUAL WITH

ILLUSTRATED PARTS LIST

40

200

aS

aN

20

%

Q

NN

\

»\

30

Cl

20

280 190

190

“©

70

30

<

Li

(a) (B

le

eS

EL

(FI

—_

50

SEZ

CIE

QD

DAD

(A) ®)

220

10

<s

QQ

260

280.

Oo

r/

230

280

(C) ©

QA

SY

y

REZ

140

ff,

10

290

50

SS

170

aro

(D) . 160

115 ||

120

80

80

110

80

oD

2090. =: 280

250

100

240

115

<,

LAP 115

90% 90

115

<

90

280

100 100

125

>

115

290

280°

110

100 115

270?

120TP250042.MCE

Double Passenger Seat (120-50648-005)

Figure 32

Sheet 1

EFFECTIVITY: ALL

25-21-00

T.P. 120/1176

Page 1147

Sep 30/98
",local_data\organization\trace_net\ocr_route_scan_pack_tesseract_full\page_images\t_p_120_1176_p000202.tif,,needs_review,
205,t_p_120_1176_p000205,medium,True,needs_human_review,table_or_index,,table,102,1,table_or_index_medium_or_ambiguous,"-< EMBRAER

MAINTENANCE MANUAL WITH

ILLUSTRATED PARTS LIST

50

210

RN

~~

SN

\\

30

40

e

a

\

N

300 190

30

80

200

“~) ©

40

<>

Jin

<N

go ~

O

Fil @) ©

((~—

60

V (AL

CIE

QQ

(A) 8)

220

20

(<

260

)

Fs]

240

300

300

©) ©

QW

REZ

£

y

150

10

290

180

170

28

ot

©)

90

115)

90

120

90

220 300

110

90

250

OD)

100

115

270 \

Qo

140 140

<,

115

SAN

115

140

300 IA

100 100

125

290

>

110

115

300—

115 100

280 —*

120TP250045.MCE

Double Passenger Seat (120-50648-011)

Figure 33

Sheet 1

EFFECTIVITY: ALL

25-21-00

T.P. 120/1176

Page 1150

Sep 30/98
",local_data\organization\trace_net\ocr_route_scan_pack_tesseract_full\page_images\t_p_120_1176_p000205.tif,,needs_review,
208,t_p_120_1176_p000208,medium,True,needs_human_review,table_or_index,,table,119,1,table_or_index_medium_or_ambiguous,"-< EMBRAER
MAINTENANCE MANUAL WITH
ILLUSTRATED PARTS LIST
a 40
wy TNS 4} \
Wal)
‘ PNY \\
ps *s 20
Qe \\ 30
180 . \ iN
~ 20
(C) iv
70 30
Sa
are il|(@a) ©
SAO
190 10. A <4
260 Jy (A)
210 ‘Sy
270 | RY (D) Je
| mC pele |
Ss 7 XQ re 140
20-4 . SS 170
! 150
aa Ut (D) 160
80
ral 80 .
“0° aug) 190 260 y0 80
220 230 \ 100 145 A
| 90 ol, 9
| Se7 90 He 67] 115
| © ws /TMa y
260 |S 100 100 / *¥56
&? | 130 KGL 125
oo 110 6
260 — 100 115
250 —
120TP250044.MCE
Double Passenger Seat (120-50648-009)
Figure 34
Sheet 1
EFFECTIVITY: ALL
25 21 00 Page 1153
T.P. 120/1176 Sep 30/98
",local_data\organization\trace_net\ocr_route_scan_pack_tesseract_full\page_images\t_p_120_1176_p000208.tif,,needs_review,
210,t_p_120_1176_p000210,medium,True,needs_human_review,detailed_parts_list,,table,172,7,detailed_parts_list_not_strong_enough,"€& emenncr

MAINTENANCE MANUAL WITH
ILLUSTRATED PARTS LIST
AIRLINE EFF | UNITS
FIG. ITEM| PARTNUMBER STOCK vase EODE. FROM | PER
NUMBER TO ASSY
34 180 | 120-37313-001 . HOLDER, MAGAZINE................c cece VS4956 2
ATTACHING PARTS
-185 | 1002-F . FASTENER BUTTON, MALE.................02. E075221 4
-186 | H14-04 NUT cece cee e eee e eee s eae enneeeeeeeeeeeeeeeees V15653 4
-187 | AN960-3L © WASHER 2... eee ccccececcceeetsnsssessaeeeeenees 4
-188 | MS24693-C5 SCREW ccc ccccccceeeceececeeeeeeseeetntsteaaeaees 4
190 | 120-40636-001 . LINING ASSY, - ARMREST ............00::cee VS4956 3
200 | AM03078-30 ASHTRAY uo. cccccccccccccccccceecceeetseetsassaneeaaeees E065846 2
210 | 120-41475-001 . COVER, TRIM, FRONT................cceeeeees VS4956 1
220 | 120-41475-003 . COVER, TRIM, FRONT................cceeeeees VS4956 2
230 | 120-41474-002 . COVER, TRIM, REAR-FIXED ARMREST.. VS4956 1
240 | 120-41231-001 .COVER,TRIM,REAR-MOVABLEARMREST VS4956 2
ATTACHING PARTS
250 | PE17001-",local_data\organization\trace_net\ocr_route_scan_pack_tesseract_full\page_images\t_p_120_1176_p000210.tif,,needs_review,
211,t_p_120_1176_p000211,medium,True,needs_human_review,table_or_index,,table,100,1,table_or_index_medium_or_ambiguous,"-< EMBRAER

MAINTENANCE MANUAL WITH

ILLUSTRATED PARTS LIST

40

200

SX

AS

SN

\

20

30

L

a

\

»

20

280 180

70

190

HO

30

<e

Le

<SN

r—

EL

(FU)

(x) ®)

50

CIE

QQ

<S

pa

(A) B)

210

10

<

QD

230

280

<9

220

280

QW

©) ©

SY

y

Ib

@

270

10

150

170

pee

(D) a

80 80

10

80

210

280

220

240 \

<i,

oh

90 90° /

<

110

90

280 |

100 100

Cl

130

110

Cf

120

100

v0 AC

200

120TP250046.MCE

Double Passenger Seat (120-61382-001)

Figure 35

Sheet 1

EFFECTIVITY: ALL

25-21-00

T.P. 120/1176

Page 1156

Sep 30/98
",local_data\organization\trace_net\ocr_route_scan_pack_tesseract_full\page_images\t_p_120_1176_p000211.tif,,needs_review,
214,t_p_120_1176_p000214,medium,True,needs_human_review,table_or_index,,table,97,1,table_or_index_medium_or_ambiguous,"MAINTENANCE MANUAL WITH

-< EMBRAER

ILLUSTRATED PARTS LIST

20

160

SA

AN

30

20

ah

a

\\

CQ

N

30

240 4140

150

=,

Se

(a) (8

a

1D

SF;

170

Zs

(A) &)

190

10

Sa

180

240

<s

QD

SF

og].

240 —*

f

CT

SS

230

S

y

10

aot

110

130

120

40

80

170

240

70

40

180

200

60

SS

50 so /

<,

70

70

60 60

<,

50

240 | 6

C7

90

Cf

80

70

60

230

“—~ 220

210

120CMM251002.MCE

Double Passenger Seat (120-61382-501)

Figure 35A

Sheet 1

EFFECTIVITY: ALL

25-21-00

Page 1158A

T.P. 120/1176

Jan 15/01
",local_data\organization\trace_net\ocr_route_scan_pack_tesseract_full\page_images\t_p_120_1176_p000214.tif,,needs_review,
216,t_p_120_1176_p000216,medium,True,needs_human_review,detailed_parts_list,,table,127,7,detailed_parts_list_not_strong_enough,"€& emenncr

MAINTENANCE MANUAL WITH
ILLUSTRATED PARTS LIST
AIRLINE EFF | UNITS
FIG. ITEM| PARTNUMBER | STOCK vase EODE. FROM| PER
NUMBER To | ASSY
35A 150 | 120-61410-001 _ TABLE, SNACK FOLDING, ASSY
(SEE FIGURE 25-21-00-113) .....0ccceccccee VS4956 2
160 | 120-61610-001 COVER, LATCH, SNACK TABLE ASSY
(SEE FIGURE 25-21-00-113) .....0ccceccccee VS4956 2
170 | 120-40636-001 LINING ASSY, - ARMREST ..0.......cccccce VS4956 3
180 | 120-41475-001 COVER, TRIM, FRONT.......ccccccccccceeecne VS4956 3
190 | 120-41474-002 _ COVER, TRIM, REAR-FIXED ARMREST.. VS4956 1
200 | 120-41231-001 _COVER, TRIM, REAR - MOVABLE
ARMREST ooo. ccessossssessosseeseesestteeeretenteeeeeee VS4956 2
ATTACHING PARTS
210 | PE17001-3PR PLUG, NYLON oo ..ccccccccscccessssssteeeeseteneeenee VS4956 3
220 | NAS1096-1-8 SCREW oievcccccssseesessssssseessesteeeteesventesensveneere 3
230 | AN960-8 NS) 5 3
240 | MS24693-C26 SCREW ooocccccccecccessssseeesssseteeeseseeesennnneeesee 16

-ITEM NOT ILLUSTRATED

",local_data\organization\trace_net\ocr_route_scan_pack_tesseract_full\page_images\t_p_120_1176_p000216.tif,,needs_review,
218,t_p_120_1176_p000218,medium,True,needs_human_review,table_or_index,,table,89,1,table_or_index_medium_or_ambiguous,"-< EMBRAER
MAINTENANCE MANUAL WITH
ILLUSTRATED PARTS LIST
40
Wha
200 SN 0 . iy
a IN mo .
230 () (B) ~
Ce SF o
S
<n 10 » <i <_”
Ce ES |
</ 60 ey, onal (A)
lane © PRI
ia Sao
10 SX
150 170
(C) a
120 | 89 80
220 280 Se H0 80
10 240 \ 100 ' ai
aan ae 90 90 / a dF) 10
a | | ” (B) 110 | Le 90\ |
ole 0 100 36 ""I Ch 120
250-—°
Double Passenger Seat (120-61382-003)
Figure 36
Sheet 1
EFFECTIVITY: ALL 25-21 -00 age 1159
Sep 30/98
",local_data\organization\trace_net\ocr_route_scan_pack_tesseract_full\page_images\t_p_120_1176_p000218.tif,,needs_review,
221,t_p_120_1176_p000221,medium,True,needs_human_review,table_or_index,,table,109,1,table_or_index_medium_or_ambiguous,"-< EMBRAER

MAINTENANCE MANUAL WITH

ILLUSTRATED PARTS LIST

40

SN NON

WAN ~

[Ls ~7\

\\

\\

WW

\\

~eQN ‘|

\\ \

Saad NS

a

20

180

Vy

A

30

20

30

70

<

<>

60

G

Al (~) ©

<ENN

SOM”

<>

fA

(A

CIE

50

QQ

Jy

(A) ©)

(FL

190

10

Sa

<F

220

YQ

240

cai

200

240

©) ©

SX

y

7

Si

SY

140

10

260

150

170

250

230

(D) «0 160

80

120

80

110

190

240

80

200

100

220 \

A

QO

90 90° /

110

GL

90

240 |

100 100

Sy,

130

J]

120

260

110

100

250 —

230—

120TP250048.MCE

Double Passenger Seat (120-61382-007)

Figure 37

Sheet 1

EFFECTIVITY: ALL

25-21-00 Page 1162

Sep 30/98
",local_data\organization\trace_net\ocr_route_scan_pack_tesseract_full\page_images\t_p_120_1176_p000221.tif,,needs_review,
223,t_p_120_1176_p000223,medium,True,needs_human_review,detailed_parts_list,,table,131,5,detailed_parts_list_not_strong_enough,"€& emenncr

MAINTENANCE MANUAL WITH
ILLUSTRATED PARTS LIST
AIRLINE EFF | UNITS
FIG. ITEM| PARTNUMBER | STOCK Maer EODE. FROM| PER
NUMBER To | ASSY
37 ATTACHING PARTS
-185 | 1002-F . FASTENER BUTTON, MALE...0....-.ccccsece E075221 4
-186 |H14-04 NUT osccsssesesesssseseessestvnssestneesestentesenetneeee 15653 4
-187 | AN960-3L WASHER. esssesscesssssseeeseseetteeestnteeeveteee 4
-188 | MS24693-C5 SCREW oeeccccceescessesssessessseseneeesstineeesvenseen 4
190 | 120-40636-001 LINING ASSY, - ARMREST ..0.......cccce- VS4956 3
200 | 120-41475-001 COVER, TRIM, FRONT 0.0...cccccccccccscseeeeeee VS4956 3
210 | 120-41474-002 _ COVER, TRIM, REAR-FIXED ARMREST. VS4956 1
220 | 120-41231-001 COVER, TRIM,REAR-MOVABLEARMREST \VS4956 2
ATTACHING PARTS
230 | PE17001-3PR PLUG, NYLON 0oocccccccccsscetesseeesetteeseeeeeeen 3
240 | MS24693-C26 SCREW oeececccceccessseessessesessestnseesssinsseesenseen 10
250 | NAS1096-1-8 SCREW oeecccccecssssscssseseseessstessesstneeesvenneee 3
260 | AN960C8",local_data\organization\trace_net\ocr_route_scan_pack_tesseract_full\page_images\t_p_120_1176_p000223.tif,,needs_review,
224,t_p_120_1176_p000224,medium,True,needs_human_review,table_or_index,,table,100,1,table_or_index_medium_or_ambiguous,"-< EMBRAER

MAINTENANCE MANUAL WITH

ILLUSTRATED PARTS LIST

50

210

AN

SX

30

2

a

‘N)

\\

N

40

290 190

\

30

200

A) ©

80

40

d/\,

o;

<N

a+

ae

(ZL)

CIE

60

SF

QD

<JIP

(A) 8)

220

10

240

Q

1S.

230

290

is

290

©) ©

QQ

SY

Lf

p

280

20

SS

180

170

26

eal

(D) a

90 9

220 290

90

230

250 \

Cl

OS

140

110

140

110

100 100

290 |

SY

7

130

120

280

270 —

110

100

260-—*

120TP250049.MCE

Double Passenger Seat (120-61382-005)

Figure 38

Sheet 1

EFFECTIVITY: ALL

25-21-00

Page 1165

Sep 30/98
",local_data\organization\trace_net\ocr_route_scan_pack_tesseract_full\page_images\t_p_120_1176_p000224.tif,,needs_review,
227,t_p_120_1176_p000227,medium,True,needs_human_review,table_or_index,,table,95,1,table_or_index_medium_or_ambiguous,"MAINTENANCE MANUAL WITH

-< EMBRAER

ILLUSTRATED PARTS LIST

40

200

SX

a

WN

\

20

30

2

a

\

N

20

310 180

IO

70

190

30

oe

Li

<>

Ei, ® ©

(74)

((

50

<>

220

gS

260

<

QQ

t]

230

300

O

300

(C) ©

SJ

REZ

©,

y

140

10

290

150

170

zo

(D) o

80 9809

120

OD

220 300

10

80

240

100

250 \,

90 90° /

4

<L

110

300

100 100

90

C7

130

A

120

29

110

100

280

270-°

120TP250050.MCE

Double Passenger Seat (120-42548-001/501)

Figure 39

Sheet 1

EFFECTIVITY: ALL

25-21-00 Page 1168

Sep 30/98
",local_data\organization\trace_net\ocr_route_scan_pack_tesseract_full\page_images\t_p_120_1176_p000227.tif,,needs_review,
230,t_p_120_1176_p000230,medium,True,needs_human_review,table_or_index,,table,94,1,table_or_index_medium_or_ambiguous,"-< EMBRAER
MAINTENANCE MANUAL WITH
ILLUSTRATED PARTS LIST
40
“aS 20 40 \
ANN 20
300 180 >, vs 7 se 30
230 Q (B) ~~
Sa SFI p
70 <a) F (A) (B)
ey 10 , ( <_”
VY © | oF |
/ 60 (Tat (®)
an 6 PRI
SGA
' FF ww ‘ 60
° SS ie
150
(C) ao
120 | 80 80
210 <p tbo 290 Sey | 80
240 250 \ 7
Y i ae © 90 90° / 9 "" F100
| 110 <a
ody me 100 130 Cf 120
370 OO
260-——°
Double Passenger Seat (120-42548-003/503)
Figure 40
Sheet 1
EFFECTIVITY: ALL 25-21 -00 age 1177
Sep 30/98
",local_data\organization\trace_net\ocr_route_scan_pack_tesseract_full\page_images\t_p_120_1176_p000230.tif,,needs_review,
233,t_p_120_1176_p000233,medium,True,needs_human_review,table_or_index,,table,112,1,table_or_index_medium_or_ambiguous,"-< EMBRAER

MAINTENANCE MANUAL WITH

ILLUSTRATED PARTS LIST

40

fran N

~wN

Iss sa N

ww

\\

NN

\

\\

~ NS

~ ON

we

WN

20

180

hy

LN

30

<Q

I

20

30

70

<~

60

EL|

(n) ®)

Je

BA

/

50

CIE

oo

Q

LF

ky

(A) 8)

(PL

220

10

190

Q

fl

280

230

280

Sc)

C) ©

y

N77

S¥

SY

270

10

260

50

170

250

(D) » 160

80

120

80

110

220

280

80

240

OD

100

200 \

A

oN

90 90° /

110

110

Cl

90

280

100 100

SY

130

<]

120

270

110

100

260 —

250-°

120TP250052.MCE

Double Passenger Seat (120-42548-005/009/505/509)

Figure 41

Sheet 1

EFFECTIVITY: ALL

25-21-00 Page 1174

Sep 30/98
",local_data\organization\trace_net\ocr_route_scan_pack_tesseract_full\page_images\t_p_120_1176_p000233.tif,,needs_review,
236,t_p_120_1176_p000236,medium,True,needs_human_review,table_or_index,,table,104,1,table_or_index_medium_or_ambiguous,"-< EMBRAER

MAINTENANCE MANUAL WITH

ILLUSTRATED PARTS LIST

40

200

aS

XY

20

2

2

“N

\

\

30

iQ

20

310 180

190

©

70

30

ee

Ys

EX

(a) ®)

oY

A!

CE

a

50

<F

a

OQ

<Iy

(A) 8)

220

10

260

QD

O

t/

230

300

i

300

QW

C) ©

P

,

140

290

10

170

zo

150

(D) wo

120

80 980

10

OD

220 300

100

80

240

250 \

“

<L

SN

90 90° /

<

110

90

300

100 100

Se,

130

110

A

120

29

100

280

270-°

120TP250050.MCE

Double Passenger Seat (120-42548-007/507)

Figure 42

Sheet 1

EFFECTIVITY: ALL

25-21-00

Page 1177

Sep 30/98
",local_data\organization\trace_net\ocr_route_scan_pack_tesseract_full\page_images\t_p_120_1176_p000236.tif,,needs_review,
239,t_p_120_1176_p000239,medium,True,needs_human_review,table_or_index,,table,105,1,table_or_index_medium_or_ambiguous,"-< EMBRAER

MAINTENANCE MANUAL WITH

ILLUSTRATED PARTS LIST

40

200

aN

SX

20

2

NN

\\

30

2

a

20

300 180

190

Ae

70

30

oes

60

C7?

Fl (@) ©

<N

oo~

ae

(74)

(so

CIE

QQ

<>

(A) ®)

220

10

260

<s

Q

230

300

JS

300

NY

C) ©

QW

S

y

140

®,

10

290

150

170

e707

(D) » 160

120

80 g0

220 300

110

80

240

210 S

100

250 \

ae

<

110

90 90° /

110

SL

90

300 |

100 100

130

(77)

120

Oi,

110

280

290

100

270-°

120TP250053.MCE

Double Passenger Seat (120-45851-001/501)

Figure 43

Sheet 1

EFFECTIVITY: ALL

25-21-00 Page 1180

Sep 30/98
",local_data\organization\trace_net\ocr_route_scan_pack_tesseract_full\page_images\t_p_120_1176_p000239.tif,,needs_review,
242,t_p_120_1176_p000242,medium,True,needs_human_review,table_or_index,,table,92,1,table_or_index_medium_or_ambiguous,"-< EMBRAER

MAINTENANCE MANUAL WITH

ILLUSTRATED PARTS LIST

40

200

SX

AN

20

30

NN

.

Q

)

\

»

N

20

290 180

30

190

=,

-

230

(74)

/@®e

70

LFA

is

<

YQ

J

O

t/

Je

ln

50

XX

S

y

REZ

10

SS

50

170

(C) ao

80 89

120

man <o)

10

80

240

250

100

4

ae

90 90° /

C,

LF) 110

90

110

100 100

<

290 oS

130

120

270 —S

280 ——

110

100

260 ——2

120TP250054.MCE

Double Passenger Seat (120-45851-003/503)

Figure 44

Sheet 1

EFFECTIVITY: ALL

25-21-00

Page 1183

Sep 30/98
",local_data\organization\trace_net\ocr_route_scan_pack_tesseract_full\page_images\t_p_120_1176_p000242.tif,,needs_review,
245,t_p_120_1176_p000245,medium,True,needs_human_review,table_or_index,,table,113,1,table_or_index_medium_or_ambiguous,"-< EMBRAER

MAINTENANCE MANUAL WITH

ILLUSTRATED PARTS LIST

40

4 yaw

NN ~

Is NS ~7N

ww we

WN

~S N

~ \)

WW

\

=

~~

a ONS

\'s

a

<

~~

20

30

180

2

ly

Pa

20

70

30

<>

L/,

<N

&

C?

(a) (B®

ae

(7)

50

CIE

<>

ky,

(A) 8)

Sea

(PP

220

10

190

QD

t/

280

230

280

NY

©) ©

y

:

N77

SY

p

10

260

270

150

170

250

(D) a

120

80 g09

110

220

280

80

240

OD

200

100

<,

ON

Q\

90 99

110

90

110

<

280

100 100

p

130

</

120

270

110

100

260

=

250—*

120TP250055.MCE

Double Passenger Seat (120-45851-007/507)

Figure 45

Sheet 1

EFFECTIVITY: ALL

25-21-00 Page 1186

Sep 30/98
",local_data\organization\trace_net\ocr_route_scan_pack_tesseract_full\page_images\t_p_120_1176_p000245.tif,,needs_review,
248,t_p_120_1176_p000248,medium,True,needs_human_review,table_or_index,,table,103,1,table_or_index_medium_or_ambiguous,"MAINTENANCE MANUAL WITH

-< EMBRAER

ILLUSTRATED PARTS LIST

40

200

i

BN

ANI

\\

20

30

2

a

»

N

20

300 180

IO

70

190

30

Aral

60

O

=) (a) ®

<N

ra

fA

(4)

(so

<>

Sa

Lao

220

10

<

260

Q

£]

230

300

<Ig

300

Ss

Cc) ©

SX

SY

ie

290

10

NN

=

150

170

e707

(D) «0 160

120

80 90

110

210 ws

220 300

100

80

240

250 \

<,

ae

90 90° /

ol

90

110

100 100

300 | 6

C7

130

120

290

110

100

280-~*

270-°

120TP250053.MCE

Double Passenger Seat (120-45851-005/505)

Figure 46

Sheet 1

EFFECTIVITY: ALL

25-21-00

Page 1189

Sep 30/98
",local_data\organization\trace_net\ocr_route_scan_pack_tesseract_full\page_images\t_p_120_1176_p000248.tif,,needs_review,
251,t_p_120_1176_p000251,medium,True,needs_human_review,table_or_index,,table,102,1,table_or_index_medium_or_ambiguous,"-< EMBRAER
MAINTENANCE MANUAL WITH
ILLUSTRATED PARTS LIST
40
200 QLD
By SQ 20
280 180 bo <> (C) gD
70 30
ena 9
r~~HO Eqoe J
Cr SP me: GE
(/ 50 ( LF
ILS Ti|(A) B)
220 ae Ga <b
10
280 » (A)
230 ye
280 | << WN ] EA
ae WN Sar
290 10 ~
ot 160 170
270 (D) .
ral 80 .
210 110
240 & “280 \, 100 14575 4 i
i ST (® 90"" 90 * 6.4 A 0
280 EX oo 100 a
290 —_| 110 ®
380] 100 115
270—0
120TP250056.MCE
Double Passenger Seat (120-41825-001)
Figure 47
Sheet 1
EFFECTIVITY: ALL 25-21 -00
‘Sep 2088
",local_data\organization\trace_net\ocr_route_scan_pack_tesseract_full\page_images\t_p_120_1176_p000251.tif,,needs_review,
254,t_p_120_1176_p000254,medium,True,needs_human_review,table_or_index,,table,96,1,table_or_index_medium_or_ambiguous,"-< EMBRAER

MAINTENANCE MANUAL WITH

ILLUSTRATED PARTS LIST

40

170

a

AN

20

L

q

\

‘N)

\

N

30

»

20

250 150

160

IO

70

30

&

60

C7

Fl @) ©

roy

mae

(4

50

Q

<>

190

PAS

10

<

220

QQ

200

250

(Toe

250

©) ©

Sv

SY

y

=,

10

Ca.

250—4

240°

©) ,

115)

80

120

80

190 250

110

80

210

OD

100

230 \

oN

115

90 90

<

115

115

<

90

250 |

CT

100 100

(77)

120

130/415

250 ~

115 100

240 —e

120TP250057.MCE

Double Passenger Seat (120-41825-501)

Figure 48

Sheet 1

EFFECTIVITY: ALL

25-21-00

Page 1195

Sep 30/98
",local_data\organization\trace_net\ocr_route_scan_pack_tesseract_full\page_images\t_p_120_1176_p000254.tif,,needs_review,
257,t_p_120_1176_p000257,medium,True,needs_human_review,table_or_index,,table,98,1,table_or_index_medium_or_ambiguous,"-< EMBRAER

MAINTENANCE MANUAL WITH

ILLUSTRATED PARTS LIST

40

170

o-~

AN

20

?

Q

‘N)

\

N

30

“

20

250 150

160

IO

70

30

&>

60

C?

im ®

lee,

mae

(2D

50

QD

<>

190

DAD

10

220

Sa

200

250

(Tos

250

<)

©) ©

Sv

SY

y

é

C7

10

Ca.

250—4

240°

©) ,

115)

80

120

80

190 250

110

80

210

OD

100

230 \

oN

115

90 90

<i

115

115

Sl

90

250 |

El

100 100

(77

120

130/415

250 ~

115 100

240 —e

120TP250057.MCE

Double Passenger Seat (120-41825-009/509)

Figure 49

Sheet 1

EFFECTIVITY: ALL

25-21-00 Page 1198

Sep 30/98
",local_data\organization\trace_net\ocr_route_scan_pack_tesseract_full\page_images\t_p_120_1176_p000257.tif,,needs_review,
260,t_p_120_1176_p000260,medium,True,needs_human_review,table_or_index,,table,95,1,table_or_index_medium_or_ambiguous,"-< EMBRAER

MAINTENANCE MANUAL WITH

ILLUSTRATED PARTS LIST

40

200

SQ

aS

20

30

N

\

\

20

2

a

>

\

Q

270 180

30

190

=, )\

270

230

(n) ®B)

(LE

1D

70

Q

<>

pa

(A) ®)

10

—

Q

J

O

L/

se

(a

50

©)

y

REZ

10

140

50

170

(C) oo

120

115

80

80

110

80

OD

220 2/0

250

100

240

Qa

115

90 90

Gf

115

115

<.

90

100

125

270

Cl

100 439 15

270-—

10018

260 —-2

120TP250058.MCE

Double Passenger Seat (120-41825-003/503)

Figure 50

Sheet 1

EFFECTIVITY: ALL

25-21-00

Page 1201

Sep 30/98
",local_data\organization\trace_net\ocr_route_scan_pack_tesseract_full\page_images\t_p_120_1176_p000260.tif,,needs_review,
263,t_p_120_1176_p000263,medium,True,needs_human_review,table_or_index,,table,119,1,table_or_index_medium_or_ambiguous,"-< EMBRAER

MAINTENANCE MANUAL WITH

ILLUSTRATED PARTS LIST

40

LPNS

aN ~

Is SN ~7\

We

nS N

Nv \

\\

WN

K |

he \\ in

\

\\

~ WW

\N

20

180

>

A

30

Q

Y

hy

20

30

70

<

a

<=

60

(a) B

KS

EL|

(74)

CIE

ia

50

<—F

Jy

(A) &)

220

Sa

(FL

10

QD

190

J

260

230

260

©) ©

ww

y

wi

©,

ET]

270

10

WJ

aa

Ais

260

150 160

170

250

80

115)

80

80

80

100

aso

220 960

115

240

200 \

<L

115

CN

AN

90 90

90

115

260

125

\&,

400 100 ec ye

270

115 tHo

260 ——

250 —¢

120TP250059.MCE

Double Passenger Seat (120-41825-007/017)

Figure 51

Sheet 1

EFFECTIVITY: ALL

25-21-00

Page 1204

T.P. 120/1176

Jan 15/01
",local_data\organization\trace_net\ocr_route_scan_pack_tesseract_full\page_images\t_p_120_1176_p000263.tif,,needs_review,
266,t_p_120_1176_p000266,medium,True,needs_human_review,table_or_index,,table,117,1,table_or_index_medium_or_ambiguous,"-< EMBRAER
MAINTENANCE MANUAL WITH
ILLUSTRATED PARTS LIST
ce~ 40
Wess \
we \\
Ye \ N
150 <2. 1 30
& 20
(C) is
30
70
Sr 3
VF Fi @ © y
y~ » OD ST] ®
(/ 50 (K SF
wT si||(a) ®
ey 4
10
200 | SI SF
230 Jy (A)
180 ys y
230 | Pa (C) (D) WN ee ZA
SL 140
4 10 aN
230-—*
220 —f (D)
80
wil? 80 9
1D} 170 230 sai 110 80
190 210 \ 100 Ly
| a (B) 90% 90 | “ee a7 115
ay ) 100 100 4130 Pind 125
230 —4 10 18 7 \°
— 100 115
220 —o
120TP250060A.MCE
Double Passenger Seat (120-41825-507/517)
Figure 52
Sheet 1
EFFECTIVITY: ALL
25-21 -00 Page 1207
Sep 30/98
",local_data\organization\trace_net\ocr_route_scan_pack_tesseract_full\page_images\t_p_120_1176_p000266.tif,,needs_review,
268,t_p_120_1176_p000268,medium,True,needs_human_review,detailed_parts_list,,table,121,7,detailed_parts_list_not_strong_enough,"€& emenncr

MAINTENANCE MANUAL WITH
ILLUSTRATED PARTS LIST
AIRLINE EFF | UNITS
FIG. ITEM| PARTNUMBER | STOCK vase EODE. FROM| PER
NUMBER To | ASSY
52 160 | AM03078-30 ASHTRAY ooocccccccccscssssesseesesevtteessineensee F065846 2
170 | 120-40636-001 LINING ASSY, - ARMREST .........ccccc VS4956 3
180 | 120-41475-001 COVER, TRIM, FRONT oo.....cccccccscceeecne VS4956 1
190 | 120-41475-003 COVER, TRIM, FRONT oo.....cccccccscceeecne VS4956 2
200 | 120-41474-001 _COVER, TRIM, REAR-FIXED ARMREST. VS4956 1
-201 | 120-41474-002 COVER, TRIM, REAR-FIXED ARMREST. VS4956 1
210 | 120-41231-001 _COVER, TRIM, REAR - MOVABLE
ARMREST ooo ccccssosscsessossesessesesseteseretenteesenee VS4956 2
ATTACHING PARTS
220 | PE17001-3PR PLUG, NYLON oo.ecccccccccccessesssteeeessteneeesee 3
230 | MS24693-C26 SCREW ooccccccceccessseseesssssteeesseveneeeeseeeseen 16

USAGE CODE LIST

A AIRCRAFT 120104 THRU 120308 AND
120310

-ITEM NOT ILLUSTRATED

Double Passenger Seat (120-41825-507/517)
Figur",local_data\organization\trace_net\ocr_route_scan_pack_tesseract_full\page_images\t_p_120_1176_p000268.tif,,needs_review,
269,t_p_120_1176_p000269,medium,True,needs_human_review,table_or_index,,table,99,1,table_or_index_medium_or_ambiguous,"-< EMBRAER
MAINTENANCE MANUAL WITH
ILLUSTRATED PARTS LIST
40
200 QLD
By SQ 20
280 180 bo <> (C) <>
70 30
ena 9
r~~HO Eqoe J
Cr SP me: GE
(/ 50 ( LF
ULF 7|(A) B)
280 <9 (A)
230 \
280 | << WN ] EA
ae WN Sar
290 =} ° a 170
280 ~~“
_#F 160
270 (D) *
ral 80 i
210 110
240 & “280 \, 100 14575 4 i
i ST (® 90"" 90 * 6.4 A 0
280 AA M5 de ed, 4
290 —_| 110 @
2801 100 115
270 —e
120TP250056.MCE
Double Passenger Seat (120-41825-005)
Figure 53
Sheet 1
EFFECTIVITY: ALL 25-21 -00
‘Sep 30/98
",local_data\organization\trace_net\ocr_route_scan_pack_tesseract_full\page_images\t_p_120_1176_p000269.tif,,needs_review,
272,t_p_120_1176_p000272,medium,True,needs_human_review,table_or_index,,table,96,1,table_or_index_medium_or_ambiguous,"-< EMBRAER

MAINTENANCE MANUAL WITH

ILLUSTRATED PARTS LIST

40

170

a

AN

20

L

q

\

‘N)

\

N

30

»

20

250 150

160

IO

70

30

&

60

C7

Fl @) ©

roy

mae

(4

50

Q

<>

190

PAS

10

<

220

QQ

200

250

(Toe

250

©) ©

Sv

SY

y

=,

10

Ca.

250—4

240°

©) ,

115)

80

120

80

190 250

110

80

210

OD

100

230 \

oN

115

90 90

<

115

115

<

90

250 |

CT

100 100

(77)

120

130/415

250 ~

115 100

240 —e

120TP250057.MCE

Double Passenger Seat (120-41825-505)

Figure 54

Sheet 1

EFFECTIVITY: ALL

25-21-00

Page 1213

Sep 30/98
",local_data\organization\trace_net\ocr_route_scan_pack_tesseract_full\page_images\t_p_120_1176_p000272.tif,,needs_review,
275,t_p_120_1176_p000275,medium,True,needs_human_review,table_or_index,,table,98,1,table_or_index_medium_or_ambiguous,"-< EMBRAER

MAINTENANCE MANUAL WITH

ILLUSTRATED PARTS LIST

40

170

o-~

AN

20

?

Q

‘N)

\

N

30

“

20

250 150

160

IO

70

30

&>

60

C?

im ®

lee,

mae

(2D

50

QD

<>

190

DAD

10

220

Sa

200

250

(Tos

250

<)

©) ©

Sv

SY

y

é

C7

10

Ca.

250—4

240°

©) ,

115)

80

120

80

190 250

110

80

210

OD

100

230 \

oN

115

90 90

<i

115

115

Sl

90

250 |

El

100 100

(77

120

130/415

250 ~

115 100

240 —e

120TP250057.MCE

Double Passenger Seat (120-41825-519/521)

Figure 55

Sheet 1

EFFECTIVITY: ALL

25-21-00 Page 1216

Sep 30/98
",local_data\organization\trace_net\ocr_route_scan_pack_tesseract_full\page_images\t_p_120_1176_p000275.tif,,needs_review,
277,t_p_120_1176_p000277,medium,True,needs_human_review,detailed_parts_list,,table,128,6,detailed_parts_list_not_strong_enough,"€& emenncr

MAINTENANCE MANUAL WITH
ILLUSTRATED PARTS LIST
AIRLINE EFF | UNITS
FIG. ITEM| PARTNUMBER STOCK Maer EODE. FROM | PER
NUMBER TO ASSY
55 190 | 120-40636-001 . LINING ASSY, - ARMREST ..............0000.. VS4956 3
200 | 120-41475-001 . COVER, TRIM, FRONT ............00.c cee VS4956 1
210 | 120-41475-003 . COVER, TRIM, FRONT ............00.c cee VS4956 2
220 | 120-41474-002 . COVER, TRIM, REAR-FIXED ARMREST  VS4956 1
230 | 120-41231-001 .COVER,TRIM,REAR-MOVABLEARMREST VS4956 2
ATTACHING PARTS
240 | PE17001-3PR ~ PLUG, NYLON 00.0... oo c cc cccceeeeeeeeeeeeeeeeeeeee 3
250 | MS24693-C26 SCREW o.oo. ccccccccccccceceeeeeee eee eeee seen 20
260 | H14-04 AO V15653 3

USAGE CODE: LIST

A AIRCRAFT 120172 THRU 120200 AND
120202 THRU 120999

B AIRCRAFT 120104 THRU 120308 AND
120310

-ITEM NOT ILLUSTRATED

Double Passenger Seat (120-41825-519/521)
Figure 55
Sheet 3

EFFECTIVITY: ALL 25-2 1 -00
Page 1218

Sep 30/98

",local_data\organization\trace_net\ocr_route_scan_pack_tesseract_full\page_images\t_p_120_1176_p000277.tif,,needs_review,
278,t_p_120_1176_p000278,medium,True,needs_human_review,table_or_index,,table,108,1,table_or_index_medium_or_ambiguous,"MAINTENANCE MANUAL WITH

-< EMBRAER

ILLUSTRATED PARTS LIST

AS

260

SX

20

?

NY

\\

40

30

q

\

Q

20

270 4180

190

©

A

70

30

ara

=

SF

A

ay

</%c

ELI

(n) ®)

40

Je

fA

(FL

CIE

a

50

SE,

Q)

Le

(A) 8)

210

Y)

SF

240

270

<I

220

<<

270

Ww

©) ©

y

Ie

C7

10

50

SS

170

270 A

(D) a

120

80 go

210 270

110

80

230

200 DB

100

250 \

CN

<,

110

90 90° /

CL

90

270 |

k 7

100 100

130

Cf

120

110

100

270 A

120TP250061A.MCE

Double Passenger Seat (120-36834-001)

Figure 56

Sheet 1

EFFECTIVITY: ALL

25-21-00

Page 1219

Sep 30/98
",local_data\organization\trace_net\ocr_route_scan_pack_tesseract_full\page_images\t_p_120_1176_p000278.tif,,needs_review,
281,t_p_120_1176_p000281,medium,True,needs_human_review,table_or_index,,table,111,0,table_or_index_medium_or_ambiguous,"-< EMBRAER

MAINTENANCE MANUAL WITH

ILLUSTRATED PARTS LIST

aN

170

SN

20

H

2

N\

40

30

a

me

20

250

“©

A

70

180

30

ea

A

an

L/\, (D)

OS

(a) (8)

40

<n

ee Aan

fA

BA

CIE

50

QQ

SF

Lao

(A) ®)

200

10

230

<

Q

250

C7

r]

210

250

Sc)

(C) ©

x

SY

y

iA

REZ

10

250 A

160

(D) 50

80 go

120

SD

200 250

10

80

220

240

ON

QY

vy 2 ""

C,

110

90

100 100

250 |

@,

7

130

Sf

120

110

100

250 A

120TP250062A.MCE

Double Passenger Seat (120-36834-50 1/509)

Figure 57

Sheet 1

EFFECTIVITY: ALL

25-21-00 Page 1222

Sep 30/98
",local_data\organization\trace_net\ocr_route_scan_pack_tesseract_full\page_images\t_p_120_1176_p000281.tif,,needs_review,
284,t_p_120_1176_p000284,medium,True,needs_human_review,table_or_index,,table,99,1,table_or_index_medium_or_ambiguous,"-< EMBRAER

MAINTENANCE MANUAL WITH

ILLUSTRATED PARTS LIST

250

aN

20

SX

40

30

%

2

\

‘N'

\

N

20

260 180

\

A

190

>)

30

260

230

an

40

if

(a) B

A

(Tae

70

<>

ID

ae

(A) 8)

>

10

ae

<

QD

SH

d/

60

ast]

se

oo

50

SX

SX

y

10

SS

150

170

(C) ms

80 g0

120

200 SB

210 260

110

80

220

240

100

SNe

AN

90 90° /

<L

110

90

100 499

260

=,

130

120

260 —4

110

100

120TP250063.MCE

Double Passenger Seat (120-36834-003)

Figure 58

Sheet 1

EFFECTIVITY: ALL

25-21-00

Page 1225

Sep 30/98
",local_data\organization\trace_net\ocr_route_scan_pack_tesseract_full\page_images\t_p_120_1176_p000284.tif,,needs_review,
287,t_p_120_1176_p000287,medium,True,needs_human_review,table_or_index,,table,92,1,table_or_index_medium_or_ambiguous,"-< EMBRAER

MAINTENANCE MANUAL WITH

ILLUSTRATED PARTS LIST

LYS

20

Wp

he

40

30

°°

a

N

20

220 150

\

\

160

=)

30

=

200

A

an

40

1 @®

70

Se

SE,

1D

SL,

SD

(A) &)

<

10

al

Se

=

&

Q

KF

\4

60 (C

af]

7e

o>

50

S&

S

y

(iP

10

80

120

80 980

OD

180 220

10

80

190

210

100

wae

NY

90

“

90

110

90

100 100

220

130

120

209 —~4

110

100

120TP250064.MCE

Double Passenger Seat (120-36834-503)

Figure 59

Sheet 1

EFFECTIVITY: ALL

25-21-00 Page 1228

Sep 30/98
",local_data\organization\trace_net\ocr_route_scan_pack_tesseract_full\page_images\t_p_120_1176_p000287.tif,,needs_review,
289,t_p_120_1176_p000289,medium,True,needs_human_review,detailed_parts_list,,table,98,6,detailed_parts_list_not_strong_enough,"€& emenncr

MAINTENANCE MANUAL WITH
ILLUSTRATED PARTS LIST
AIRLINE EFF | UNITS
FIG. ITEM; PARTNUMBER | STOCK Maer EODE. FROM; PER
NUMBER TO ASSY
59 180 | 120-37735-001 LINING ASSY, - ARMREST. .............:6: VS4956 2
190 | 120-40796-003 . COVER, TRIM, FRONT .......... eee VS4956 2
200 | 120-40310-002 . COVER, TRIM, LATERAL ......... ee VS4956 1
-211 | 120-40795-002 . COVER, TRIM, REAR-FIXED ARMREST  VS4956 1
210 | 120-40888-001 .COVER,TRIM,REAR-MOVABLEARMREST VS4956 1
ATTACHING PARTS
220 | MS24693-C24 SCREW 0... ceeccecceereeeeereeeeeteeeeesneeeeen 10

USAGE CODE LIST

A AIRCRAFT 120034 THRU 120048 AND
120052

-ITEM NOT ILLUSTRATED
Double Passenger Seat (120-36834-503)

Figure 59
Sheet 3

EFFECTIVITY: ALL 25-21 -00
Page 1230

Sep 30/98

",local_data\organization\trace_net\ocr_route_scan_pack_tesseract_full\page_images\t_p_120_1176_p000289.tif,,needs_review,
290,t_p_120_1176_p000290,medium,True,needs_human_review,table_or_index,,table,101,1,table_or_index_medium_or_ambiguous,"-< EMBRAER

MAINTENANCE MANUAL WITH

ILLUSTRATED PARTS LIST

AN

20

190

SQ

mH

40

30

°°

\N

\

20

a

<<

A

250

=,

30

180

250

230

S

an

4

(a) (BY

(72D)

1D

SF;

70

Q

Ls

(A) &)

Koy

10

ae

>

<

&

60 (C)

O

t/

Nes.

se

(

50

Sx

SY

y

REE

Sr

10

150

SS

170

160

©

80

120

80 980

210

250

80

220

200 DB

240

100

ON

90

90

<,

AZ] N10

110

90

250 &7

100 4099

130

120

110

100

250 _

120TP250065A.MCE

Double Passenger Seat (120-36834-511)

Figure 60

Sheet 1

EFFECTIVITY: ALL

25-21-00

Page 1231

T.P. 120/1176

Sep 30/98
",local_data\organization\trace_net\ocr_route_scan_pack_tesseract_full\page_images\t_p_120_1176_p000290.tif,,needs_review,
293,t_p_120_1176_p000293,medium,True,needs_human_review,table_or_index,,table,129,1,table_or_index_medium_or_ambiguous,"-< EMBRAER
MAINTENANCE MANUAL WITH
ILLUSTRATED PARTS LIST
7 oe 7
ee
i aN SN
! LSS SN. 7N
VS. “soy N \
\\\ WES \ 4
190 eee \ \ 20
WS NN
| en 30
~*~ \ 40
1 i A 20
260 180 a (C) RS
70 30
ort
VLZo Eao///~
/ 60 (? (A) 40
IST) ©
We,
210 Rea pe) =
10
240 Wd Fe t/
260 Jy (A)
220 \y
“7 FO ONE
ey FIR Pt 140
10 SX
oo 150 \ 170
OF
120 60 i
200 110
WF 210 260 A 80
250 | A
230 | io 90 96 ime i)”
| ~ to
| 8) 100 bo iva A
260 SF 130 | 4 120
aa 10. /™~
100
260 —4
| 120TP250066.MCE
Double Passenger Seat (120-36834-005/515)
Figure 61
Sheet 1
EFFECTIVITY: ALL
25 21 00 Page 1234
T.P. 120/1176 Sep 30/98
",local_data\organization\trace_net\ocr_route_scan_pack_tesseract_full\page_images\t_p_120_1176_p000293.tif,,needs_review,
296,t_p_120_1176_p000296,medium,True,needs_human_review,table_or_index,,table,121,1,table_or_index_medium_or_ambiguous,"-< EMBRAER

MAINTENANCE MANUAL WITH

ILLUSTRATED PARTS LIST

4~™

re

SSNS

~ ~“

Lyn SAN

~N

220

\\

VON eNO NN

>

\\

\\7

\ \

20

a~\\

\N\

~ LN

NA

NN

N\\

NN

NN

30

\\

40

20

hy

Uy

230 150

>""

14

x

70

30

>

60

A

ay

(a) ®

40

<ENN

EX

(FL)

CIE

50

Q

ky

(A) 8)

(FL

170

10

Sa

QQ

LF

200

af]

230

180

230

NY

QW

(C) ©

SS

y

7

C/

Cae.

10

oot

(D) 80

80 89

120

110

170

230

80

“DB

100

190

210 \

A

110

90 90° /

Ai

90

230

100 100

120

gl

130

Cf

110

100

230 A

120TP250067.MCE

Double Passenger Seat (120-36834-505)

Figure 62

Sheet 1

EFFECTIVITY: ALL

25-21-00

Page 1237

T.P. 120/1176

Sep 30/98
",local_data\organization\trace_net\ocr_route_scan_pack_tesseract_full\page_images\t_p_120_1176_p000296.tif,,needs_review,
298,t_p_120_1176_p000298,medium,True,needs_human_review,detailed_parts_list,,table,75,1,detailed_parts_list_not_strong_enough,"€& emenncr

MAINTENANCE MANUAL WITH
ILLUSTRATED PARTS LIST
AIRLINE EFF | UNITS
FIG. ITEM| PARTNUMBER | STOCK vase EODE. FROM | PER
NUMBER TO ASSY
62 ATTACHING PARTS
230 | MS24693-C24 SCREW ooo eee cee eeeeeeeeeeeeneees 12

USAGE CODE LIST

A AIRCRAFT 120034 THRU 120048 AND
120052

B AIRCRAFT 120034 THRU 120037

C AIRCRAFT 120038 THRU 120048 AND
120052

-ITEM NOT ILLUSTRATED

Double Passenger Seat (120-36834-505)
Figure 62
Sheet 3

EFFECTIVITY: ALL 25-21 -00
Page 1239

T.P. 120/1176 Sep 30/98

",local_data\organization\trace_net\ocr_route_scan_pack_tesseract_full\page_images\t_p_120_1176_p000298.tif,,needs_review,
299,t_p_120_1176_p000299,medium,True,needs_human_review,table_or_index,,table,135,1,table_or_index_medium_or_ambiguous,"-< EMBRAER

MAINTENANCE MANUAL WITH

ILLUSTRATED PARTS LIST

Sox

7>>

~SoN TN

~N ~

NWN AS

SAN

NY

180

\eS

ANON

xs

Na

“~

20

Ny

“yy

~ oN

\ \

N\A

NA

NN

a

\ ~~

SN

N\

NA

SN

SN

40

30

SA NN

SQ y

“\

Vy

20

250

|

A

NAL ve

70

30

<>

A

ay

40

/\, (DY

<>

o;

(n) 8

aoe

ae

a

50

B=

CIE

ky

(A) 8)

(Ff

200

10

Sea

SF

QD)

230

ast]

250

210

250

we!

>

C) ©

ZB

A

ISN

Ci

10

S35

160

250

150

(D) » 170

120

80 go

110

80

190 mays

200 250

100

220

240

C

RY

90 so /

a oo

250

100 100

130

|

120

S¢

110

100

250 A

120TP250068.MCE

Double Passenger Seat (120-36834-513)

Figure 63

Sheet 1

EFFECTIVITY: ALL

25-21-00

Page 1240

T.P. 120/1176

Sep 30/98
",local_data\organization\trace_net\ocr_route_scan_pack_tesseract_full\page_images\t_p_120_1176_p000299.tif,,needs_review,
301,t_p_120_1176_p000301,medium,True,needs_human_review,detailed_parts_list,,table,130,7,detailed_parts_list_not_strong_enough,"€& emenncr

MAINTENANCE MANUAL WITH
ILLUSTRATED PARTS LIST
AIRLINE EFF | UNITS
FIG. ITEM| PARTNUMBER | STOCK Maer EODE. FROM| PER
NUMBER To | ASSY
63. 190 |AM03078-22 ASHTRAY ooseccccccccceesssssesesseesesstttvesvnneeee F065846 2
200 | 120-37735-001 LINING ASSY, - ARMREST oo... VS4956 3
210 | 120-40796-001 COVER, TRIM, FRONT o...ccccccccccssceeceen VS4956 1
220 | 120-40796-003 COVER, TRIM, FRONT o...ccccccccccssceeceen VS4956 2
230 | 120-40795-001 _COVER, TRIM, REAR-FIXED ARMREST VS4956 1
-231 | 120-40795-002 _COVER, TRIM, REAR-FIXED ARMREST VS4956 1
240 | 120-40888-001 COVER, TRIM,REAR-MOVABLEARMREST VS4956 1
ATTACHING PARTS
250 | MS24693-C24 SCREW ooeccccccescessecsssessesssestetesesstinseeennseen 12

USAGE CODE LIST

A AIRCRAFT 120035 THRU 120048,
120052, 120056 AND 120059

B AIRCRAFT 120035 THRU 120037,
120056, 120059

C AIRCRAFT 120038 THRU 120048,
120052, 120056, 120059

-ITEM NOT ILLUSTRATED
Double Passenger Seat (120-36834-513)

Figure 63
Sheet 3",local_data\organization\trace_net\ocr_route_scan_pack_tesseract_full\page_images\t_p_120_1176_p000301.tif,,needs_review,
302,t_p_120_1176_p000302,medium,True,needs_human_review,table_or_index,,table,137,1,table_or_index_medium_or_ambiguous,"-< EMBRAER
MAINTENANCE MANUAL WITH
ILLUSTRATED PARTS LIST
7 oe 7
a
i a SAN
fo TSS SN
VS. ~< Sy \ \
\\\ NED \ 4
190 MS u- an \ \ 20
WS NAN
NN 30
\ 40
1 i A 20
260 180 a (C) <a
70 30
Ba 5
YEO EA (~~ © a
f. CETL 40
‘aa aa Ge
50 G SF
IFT |®) ®
<7
210 rae ihe. <
nk (C SF
240 LVF
Tag
260 y (A)
220 ‘yo
ie OMOR.| 4
Se SMS
~Z£ SX
| 10 Ss
veo 150 +50 170
OF
120 80 i
200 110
WF 210 260 80
230 250 m LA}
| _ 0 0/ | 110
| SX / i. i 90
8) 00 to i, iY]
260 | “te
& | 130 he
| 100
260 -—
| 120TP250066.MCE
Double Passenger Seat (120-36834-517)
Figure 64
Sheet 1
EFFECTIVITY: ALL
25 21 00 Page 1243
T.P. 120/1176 Sep 30/98
",local_data\organization\trace_net\ocr_route_scan_pack_tesseract_full\page_images\t_p_120_1176_p000302.tif,,needs_review,
305,t_p_120_1176_p000305,medium,True,needs_human_review,table_or_index,,table,112,1,table_or_index_medium_or_ambiguous,"MAINTENANCE MANUAL WITH

-< EMBRAER

ILLUSTRATED PARTS LIST

170

SN

aN

20

H

N\

40

30

2

a

20

250

me

A

180

“©

30

70

ea

OS

(a) (8)

A

an

40

L/\, (D)

fA

<n

ee Aan

BA

SF

CIE

50

QQ

Lao

(A) ®)

200

10

230

<

Q

C7

r]

210

250

250

Sc)

(C) ©

x

SY

y

REZ

iA

10

250 A

160

(D) 50

80 go

120

10

SD

200 250

80

220

240

C,

ON

QY

vy 2 ""

110

90

100 100

250 |

@,

7

130

Sf

120

110

100

250 A

120TP250062A.MCE

Double Passenger Seat (120-36834-519)

Figure 65

Sheet 1

EFFECTIVITY: ALL

25-21-00

Page 1246

T.P. 120/1176

Sep 30/98
",local_data\organization\trace_net\ocr_route_scan_pack_tesseract_full\page_images\t_p_120_1176_p000305.tif,,needs_review,
308,t_p_120_1176_p000308,medium,True,needs_human_review,table_or_index,,table,106,1,table_or_index_medium_or_ambiguous,"-< EMBRAER

MAINTENANCE MANUAL WITH

ILLUSTRATED PARTS LIST

160

AS

SX

20

aN

2

a

\N

\

40

30

230

<<

20

150

<<) ©

A

70

30

aa

S

ay

60

al

(a) ®

40

CA

aw

V (4

CIE

50

QD

SE,

Ls

(A) 8)

180

10

Sa

210

<

Sa

SF

230

<I

190

230

Sc)

Cc) ©

Sv

XS

y

>

Le

Z

@

10

o90-*

(D) 80

80 980

OD

180 230

10

80

200

220

SAN

‘

90 90 /

<i

110

100 100

<

90

230 | K

cL

130

Gf

120

110

100

230-4

120TP250069A.MCE

Double Passenger Seat (120-36834-523)

Figure 66

Sheet 1

EFFECTIVITY: ALL

25-21-00

Page 1249

T.P. 120/1176

Sep 30/98
",local_data\organization\trace_net\ocr_route_scan_pack_tesseract_full\page_images\t_p_120_1176_p000308.tif,,needs_review,
310,t_p_120_1176_p000310,medium,True,needs_human_review,detailed_parts_list,,table,112,7,detailed_parts_list_not_strong_enough,"€& emenncr

MAINTENANCE MANUAL WITH
ILLUSTRATED PARTS LIST
AIRLINE EFF | UNITS
FIG. ITEM| PARTNUMBER STOCK vase EODE. FROM | PER
NUMBER TO ASSY
66 180 | 120-37735-001 . LINING ASSY, - ARMREST ............0:ceee VS4956 3
190 | 120-40796-001 . COVER, TRIM, FRONT ..............c ccc eeeee VS4956 1
200 | 120-40796-003 . COVER, TRIM, FRONT ..............c ccc eeeee VS4956 2
210 | 120-40795-001 . COVER, TRIM, REAR-FIXED ARMREST. VS4956 1
-211 | 120-40795-002 . COVER, TRIM, REAR-FIXED ARMREST. VS4956 1
220 | 120-40888-001 .COVER,TRIM,REAR-MOVABLEARMREST VS4956 1
ATTACHING PARTS
230 | MS24693-C24 SCREW ooo cccccccccccccccccscesncssnsssseesaeeeeeeees 12
USAGE CODE LIST
A AIRCRAFT 120036 THRU 120048 AND
120052
-ITEM NOT ILLUSTRATED
Double Passenger Seat (120-36834-523)
Figure 66
Sheet 3
EFFECTIVITY: ALL 25-21 -00
Page 1251

T.P. 120/1176 Sep 30/98
",local_data\organization\trace_net\ocr_route_scan_pack_tesseract_full\page_images\t_p_120_1176_p000310.tif,,needs_review,
311,t_p_120_1176_p000311,medium,True,needs_human_review,table_or_index,,table,80,1,table_or_index_medium_or_ambiguous,"-< EMBRAER
MAINTENANCE MANUAL WITH
ILLUSTRATED PARTS LIST
4
YD
SF}
EE
G SF
oe ee
SF
yf FT)
20 >
10 2
70 —, 4 [|Z \
100 —— | >
CE- ie. /
Ly 7 Sl / ‘
) | 100
90 re
NR SS ew J
“S10 Sy ff)
(B) SA a v/ ff
. s— RT Soa
! Ne. a
~ / / / “NO
~S ! / f |
— toy 7 80
~N a Z a
120TP250070.MCE
Double Passenger Seat (120-50645-003/013/035)
Figure 67
Sheet 1
EFFECTIVITY: ALL
25 21 00 Page 1252
T.P. 120/1176 Sep 30/98
",local_data\organization\trace_net\ocr_route_scan_pack_tesseract_full\page_images\t_p_120_1176_p000311.tif,,needs_review,
313,t_p_120_1176_p000313,medium,True,needs_human_review,table_or_index,,table,82,1,table_or_index_medium_or_ambiguous,"-< EMBRAER
MAINTENANCE MANUAL WITH
ILLUSTRATED PARTS LIST
4
YQ
SF}
EE
G SF
oe ee
LTS
~~ PAD (A)
aye LB)
iS)
20
10 67
70 —, 4 [|Z \
100 —— | >
CE- 7 ™e /
jel
| 100
90 L ;
NR SS ew J
“S10 Sy ff)
(B) SA a v/ ff
. s— RT Soa
! i, a
< / | i 9
~S ! / f |
— toy 7 80
7 J a ®
120TP250070.MCE
Double Passenger Seat (120-50645-023)
Figure 68
Sheet 1
EFFECTIVITY: ALL
25 21 00 Page 1254
T.P. 120/1176 Sep 30/98
",local_data\organization\trace_net\ocr_route_scan_pack_tesseract_full\page_images\t_p_120_1176_p000313.tif,,needs_review,
317,t_p_120_1176_p000317,medium,True,needs_human_review,table_or_index,,table,82,1,table_or_index_medium_or_ambiguous,"-< EMBRAER
MAINTENANCE MANUAL WITH
ILLUSTRATED PARTS LIST
4
YD
SF}
EE
G SF
oe ee
LTS
~~ PAD (A)
aye LB)
iS)
20
10 67
70 —, 4 [|Z \
100 —— | >
CE- 7 ™e /
jf 7 |
) | 100
90 re
NR SS ew J
“S10 Sy ff)
(B) SA a v/ ff
. s— RT Soa
! i, a
< ae:
~S ! / f |
— toy 7 80
7 J a ®
120TP250070.MCE
Double Passenger Seat (120-50645-025)
Figure 70
Sheet 1
EFFECTIVITY: ALL
25 21 00 Page 1258
T.P. 120/1176 Sep 30/98
",local_data\organization\trace_net\ocr_route_scan_pack_tesseract_full\page_images\t_p_120_1176_p000317.tif,,needs_review,
319,t_p_120_1176_p000319,medium,True,needs_human_review,table_or_index,,table,87,1,table_or_index_medium_or_ambiguous,"-< EMBRAER
MAINTENANCE MANUAL WITH
ILLUSTRATED PARTS LIST
1
Q
SF}
EE
(EC SF
DPF.
LIS
~~ PAD (A)
oS gy SFY
Wp CL TB)
S)
20
10 6
70 —, 4 [|Z \
100 —— | >
CE- 7 ™e /
yo” |
) | 100
90 L ;
NR SS ew J
“S10 Sy ff)
(B) SA a v/ ff
. s— RT Soa
! i, a
< jf i 9
~S ! / f |
— toy 7 80
~N a Z a
120TP250070.MCE
Double Passenger Seat (120-50645-009/019)
Figure 71
Sheet 1
EFFECTIVITY: ALL
25 21 00 Page 1260
T.P. 120/1176 Sep 30/98
",local_data\organization\trace_net\ocr_route_scan_pack_tesseract_full\page_images\t_p_120_1176_p000319.tif,,needs_review,
321,t_p_120_1176_p000321,medium,True,needs_human_review,table_or_index,,table,82,1,table_or_index_medium_or_ambiguous,"-< EMBRAER
MAINTENANCE MANUAL WITH
ILLUSTRATED PARTS LIST
4
YD
SF}
EE
G SF
oe ee
LTS
~~ PAD (A)
aye LB)
iS)
20
10 67
70 —, 4 [|Z \
100 —— | >
CE- 7 ™e /
jf 7 |
) | 100
90 re
NR SS ew J
“S10 Sy ff)
(B) SA a v/ ff
. s— RT Soa
! i, a
< ae:
~S ! / f |
— toy 7 80
7 J a ®
120TP250070.MCE
Double Passenger Seat (120-50645-029)
Figure 72
Sheet 1
EFFECTIVITY: ALL
25 21 00 Page 1262
T.P. 120/1176 Sep 30/98
",local_data\organization\trace_net\ocr_route_scan_pack_tesseract_full\page_images\t_p_120_1176_p000321.tif,,needs_review,
323,t_p_120_1176_p000323,medium,True,needs_human_review,table_or_index,,table,82,1,table_or_index_medium_or_ambiguous,"-< EMBRAER
MAINTENANCE MANUAL WITH
ILLUSTRATED PARTS LIST
1
<F
ail
(EC SF
DPF.
<S
yf FT)
S)
20
10 6
70 —, 4 [|Z \
100 —— | p>
a f ~_"" /
Ly Se fi
J Sy!
jf! | |
) | 100
90 c |
80 ‘A “Sts. 59 —__* /
NR oS QO! /
(BY ~. 10. OS: tL
sy / / f
. s— EIS,
f Yo ! & ~
~ / / / ro)
~S ! / f |
— toy 7 80
7 J a ®
120TP250070.MCE
Double Passenger Seat (120-50645-007/017/037/039/043)
Figure 73
Sheet 1
EFFECTIVITY: ALL
25 21 00 Page 1264
T.P. 120/1176 Sep 30/98
",local_data\organization\trace_net\ocr_route_scan_pack_tesseract_full\page_images\t_p_120_1176_p000323.tif,,needs_review,
325,t_p_120_1176_p000325,medium,True,needs_human_review,table_or_index,,table,83,1,table_or_index_medium_or_ambiguous,"-< EMBRAER
MAINTENANCE MANUAL WITH
ILLUSTRATED PARTS LIST
4
YD
SF}
EE
G SF
oe ee
LTS
~~ IS (PO? (A)
aye LB)
iS)
20
10 67
70 —, 4 [|Z \
100 —— | >
CE- 7 ™e /
jf 7 |
) | 100
90 re
NR SS ew J
“S10 Sy ff)
(B) SA a v/ ff
. s— RT Soa
! i, a
< ae:
~S ! / f |
— toy 7 80
7 J a ®
120TP250070.MCE
Double Passenger Seat (120-50645-027)
Figure 74
Sheet 1
EFFECTIVITY: ALL
25 21 00 Page 1266
T.P. 120/1176 Sep 30/98
",local_data\organization\trace_net\ocr_route_scan_pack_tesseract_full\page_images\t_p_120_1176_p000325.tif,,needs_review,
329,t_p_120_1176_p000329,medium,True,needs_human_review,normal_text,,normal_text,64,1,semantic_or_mixed_route_requires_human_review,"-< EMBRAER
MAINTENANCE MANUAL WITH
ILLUSTRATED PARTS LIST
ara 40
<> }
<n a <->
3 i] ~S >
Ly
(SF (B) “7 30
= we, SS 7
10 Sk (A) A NN
: sans | Y
x eS
6 A > ——
| u
(C)
Ly 120 (B)
2
—e, 7 | 180 |
1307 ; J | 220 —— (A)
op ad
i390"" - 4
120TP250071.MCE
Triple Passenger Seat (120-41826-001/501)
‘Sheet
EFFECTIVITY: ALL 25-21 -00
T.P. 120/1176 “Sep 3098
",local_data\organization\trace_net\ocr_route_scan_pack_tesseract_full\page_images\t_p_120_1176_p000329.tif,,needs_review,
331,t_p_120_1176_p000331,medium,True,needs_human_review,detailed_parts_list,,table,99,1,detailed_parts_list_not_strong_enough,"€& emenncr

MAINTENANCE MANUAL WITH
ILLUSTRATED PARTS LIST
AIRLINE EFF | UNITS
FIG. ITEM; PARTNUMBER | STOCK Maer EODE. FROM; PER
NUMBER TO ASSY
16 ATTACHING PARTS
210 | PE1/001-3PR PLUG, NYLON 0... eeeceeeetteetereterenees 3
220 | MS24693-C26 SCREW 0... ccececcceereeeesereeeeneeeeeeeeeeenes 9g
230 | AN960-8 ~ WASHER ec ceecceeeeereeeeeeeeneteeeteretenenees 3

USAGE CODE LIST

A AIRCRAFT 120049 THRU 120051 AND
120053 THRU 120171

B AIRCRAFT 120104 THRU 120308 AND
120310

C AIRCRAFT 120049, 120051, 120053
THRU 120059, 120172 AND ON

D AIRCRAFT 120050, 120060 THRU
120171

-ITEM NOT ILLUSTRATED
Triple Passenger Seat (120-41826-001/501)

Figure 76
Sheet 3

EFFECTIVITY: ALL 25-21 -00
Page 1272

T.P. 120/1176 Sep 30/98

",local_data\organization\trace_net\ocr_route_scan_pack_tesseract_full\page_images\t_p_120_1176_p000331.tif,,needs_review,
332,t_p_120_1176_p000332,medium,True,needs_human_review,table_or_index,,table,125,2,table_or_index_medium_or_ambiguous,"-< EMBRAER
MAINTENANCE MANUAL WITH
ILLUSTRATED PARTS LIST
60 20
. 30
Nae (C) 190 220 SS 20
( 50 iy 30
(ANS oN SS 20
Sy, 200 / /220
SEY (B) ee / ~ 30
6 On jaa SS
a cL 200 | /220
~\_
IK
0 —— ty yy (A) f y
(4 Le
\ S
~~ Bos] _@
© OO fe
10 el Oo
Po Q
——
Oa;
Wk
,
1 30 120 i (B) 160
l ~S
1
140 ys 130 ; 0 170
150 —e, .7 | 80 180 |
a 1507 4% ii / 299 -—— | (A)
130-—<}y9 130
130 ""ye 60 |
409.~—C(C0 io’ » (Sy ,
130 140 230 ——
a an ny a4
130 210
120CMM251005.MCE
Triple Passenger Seat (120-61549-501/503 and 120-41826-521/535)
Figure 76A
Sheet 1
EFFECTIVITY: ALL
25 21 00 Page 1272A
T.P. 120/1176 Jan 15/01
",local_data\organization\trace_net\ocr_route_scan_pack_tesseract_full\page_images\t_p_120_1176_p000332.tif,,needs_review,
334,t_p_120_1176_p000334,medium,True,needs_human_review,detailed_parts_list,,table,105,6,detailed_parts_list_not_strong_enough,"€& emenncr

MAINTENANCE MANUAL WITH
ILLUSTRATED PARTS LIST

AIRLINE EFF | UNITS
FIG. ITEM| PARTNUMBER STOCK vase EODE. FROM | PER
NUMBER TO ASSY

76A ~~ 170 | 120-40636-001 . LINING ASSY, - ARMREST ............0.:ceee VS4956 3

180 | 120-41475-003 . COVER, TRIM, FRONT ..............c ccc eeeee VS4956 3

190 | 120-41474-002 . COVER, TRIM, REAR-FIXED ARMREST. VS4956 1

200 | 120-41231-001 . COVER, TRIM, REAR - MOVABLE VS4956 2

ARMREST. o........cccccccesesseeeeeeeeeceeecssssteseeeeees
ATTACHING PARTS

210 | PE17001-3PR PLUG, NYLON ooo. cece ceeteteeeeeenees VS4956 3

220 | MS24693-C26 SCREW, 20. ccccccccccccccccscesscsstsseeesaeeeeeeees 9

230 | AN960-8 ~ WASHER ou... ccccccccccccecccceestettseaeaeeeeeeees 3

-ITEM NOT ILLUSTRATED
Triple Passenger Seat (120-61549-501/503 and 120-41826-521/535)
Figure 76A
Sheet 3
EFFECTIVITY: ALL 25-2 1 -() 0
Page 1272C/D

T.P. 120/1176 Jan 15/01
",local_data\organization\trace_net\ocr_route_scan_pack_tesseract_full\page_images\t_p_120_1176_p000334.tif,,needs_review,
336,t_p_120_1176_p000336,medium,True,needs_human_review,table_or_index,,table,107,1,table_or_index_medium_or_ambiguous,"-< EMBRAER
MAINTENANCE MANUAL WITH
ILLUSTRATED PARTS LIST
80 40 20
Se 50
o ~“S 2 x
| // 70 (C) 180 200 \ 40 20
(/ 60 (A) NN YZ 30
ae XC"" 40 20
S 190 / /200
> 50
EF ® UY es
~ (A) RX,
+0 (Z ZL 190 bod NY s
OS ZK
\ =
SQ Oe, sy) ©
<> 1
Pe
Na)
oe —
7
We
MP
NWA
0 5 (C)
fel /e\( » ‘
140\  \439 ; 90 OB 160
140 —, | 90 170 |
120 130 i 130 | 200 — : (A)
wo |
ew , 140 100
120—*y
110 oa, 200 4
120TP250072.MCE
| Triple Passenger Seat (120-36835-001/501)
Figure 77
Sheet 1
EFFECTIVITY: ALL
25-21-00 Page 1273
T.P. 120/1176 Jan 15/01
",local_data\organization\trace_net\ocr_route_scan_pack_tesseract_full\page_images\t_p_120_1176_p000336.tif,,needs_review,
338,t_p_120_1176_p000338,medium,True,needs_human_review,detailed_parts_list,,table,71,1,detailed_parts_list_not_strong_enough,"€& emenncr

MAINTENANCE MANUAL WITH
ILLUSTRATED PARTS LIST
AIRLINE EFF | UNITS
FIG. ITEM| PARTNUMBER | STOCK vase EODE. FROM | PER
NUMBER TO ASSY
77 ATTACHING PARTS
200 | MS24693-S24 SCREW ooo. ceeeeeeeeeeeeeeeeeeeeeenes $s)

USAGE CODE LIST

A AIRCRAFT 120036 THRU 120048 AND
120052

B AIRCRAFT 120038 THRU 120048
C AIRCRAFT 120034 THRU 120037

-ITEM NOT ILLUSTRATED
Triple Passenger Seat (120-36835-001/501)

Figure 77
Sheet 3

EFFECTIVITY: ALL 25-21 -00
Page 1275

T.P. 120/1176 Jan 15/01
",local_data\organization\trace_net\ocr_route_scan_pack_tesseract_full\page_images\t_p_120_1176_p000338.tif,,needs_review,
339,t_p_120_1176_p000339,medium,True,needs_human_review,table_or_index,,table,94,1,table_or_index_medium_or_ambiguous,"-< EMBRAER
MAINTENANCE MANUAL WITH
ILLUSTRATED PARTS LIST
70 20
Nee (C) 170 200 SS 20
"" (AS NN SS 30
JF 180 20 =
am o (A) 7 oN SS 4
(@ i 180 / /200 *
10 C TS y/ (A) ()
\ S
SS ones |
10 VY Ke Zz:
ZA =
ez Q
oe SS
7
We
,
\ \120 ; 30 F150
a. 80 160 LPP
ve 90 | o a
120 s o 200 —— | (A)
110 lz
we 120. a 90
120 190
120TP250073.MCE
Triple Passenger Seat (120-46137-001/501)
Figure 78
Sheet 1
EFFECTIVITY: ALL 25-21 -00
Page 1276
T.P. 120/1176 Jan 15/01
",local_data\organization\trace_net\ocr_route_scan_pack_tesseract_full\page_images\t_p_120_1176_p000339.tif,,needs_review,
341,t_p_120_1176_p000341,medium,True,needs_human_review,detailed_parts_list,,table,72,1,detailed_parts_list_not_strong_enough,"€& emenncr

USAGE CODE LIST

A AIRCRAFT 120104 THRU 120308 AND
120310

MAINTENANCE MANUAL WITH
ILLUSTRATED PARTS LIST
AIRLINE EFF | UNITS
FIG. ITEM; PARTNUMBER | STOCK Maer EODE. FROM; PER
NUMBER TO ASSY
18 ATTACHING PARTS
190 | PE1/7001-3PR PLUG, NYLON 0... eeeceeeetteetereterenees 3
200 | MS24693-C28 SO 9g
210 | AN960-8 ~ WASHER ec ceecceeeeereeeeeeeeneteeeteretenenees 3

-ITEM NOT ILLUSTRATED

Triple Passenger Seat (120-46137-001/501)
Figure 78
Sheet 3

EFFECTIVITY: ALL

25-21 -00 Page 1278

T.P. 120/1176

Sep 30/98
",local_data\organization\trace_net\ocr_route_scan_pack_tesseract_full\page_images\t_p_120_1176_p000341.tif,,needs_review,
342,t_p_120_1176_p000342,medium,True,needs_human_review,table_or_index,,table,81,1,table_or_index_medium_or_ambiguous,"< EMBRAER
MAINTENANCE MANUAL WITH
ILLUSTRATED PARTS LIST
80 (}
180 A Lyd: 130
eB
160 110 120 400 (A)
5 x S 6
| SS /——-170 Fe
o NG A . i =e
we ~~ ‘JT —— 150 LP \
S LA / Be
CLE 30 a | \
ON :
40
“
a 50
90 (D) on
70
@
190 210,
Be 10 —&
120 7 L
: ee ee
Sal N6f 140
J . oe
120TP250074.MCE
Single Passenger Seat Structure (120-29067-001)
Figure 79
Sheet 1
EFFECTIVITY: ALL
25-21-00 Page 1279
T.P. 120/1176 Sep 30/98
",local_data\organization\trace_net\ocr_route_scan_pack_tesseract_full\page_images\t_p_120_1176_p000342.tif,,needs_review,
345,t_p_120_1176_p000345,medium,True,needs_human_review,table_or_index,,table,80,1,table_or_index_medium_or_ambiguous,"< EMBRAER
MAINTENANCE MANUAL WITH
ILLUSTRATED PARTS LIST
80
Sy ; /) =
190 (\\ _ 140
st QI
70 120 130 Ho (A)
a
G ~ ©
/_ —— 180 Se
SEF WA _ 60
we ~ i 160 LP \
QE [Pe
mK \ (B) ~
a
8 50
100 (D) oc
70 |
@
200 oo
__g
Qty =
180 ~~ VU
} 8 aa
EAS XK oo (D)
SSA SG 155
SNE
I 210 &S3
\ 150
120TP250075.MCE
Single Passenger Seat Structure (120-29067-019/029)
Figure 80
Sheet 1
EFFECTIVITY: ALL
25-21 -00 Page 1282
T.P. 120/1176 Sep 30/98
",local_data\organization\trace_net\ocr_route_scan_pack_tesseract_full\page_images\t_p_120_1176_p000345.tif,,needs_review,
348,t_p_120_1176_p000348,medium,True,needs_human_review,table_or_index,,table,87,1,table_or_index_medium_or_ambiguous,"< EMBRAER
MAINTENANCE MANUAL WITH
ILLUSTRATED PARTS LIST
80
1 \\\ 140
E Br
70 120 130 = 110 (A)
=a
@ SQ ®
/+--—— 180 an 50
\
4 él
we ""i 160 LP \
AL at
K (A) 20 og
<T<\~e
40
a
8 50
100 (D) on
70 |
@
190 10 —_§
SQ oY
4 . 120 L
Ly a _~ LO )
YO SQN NAL
| SS a 155
200 (S3
N 150
G o
_ 120TP250076.MCE
Single Passenger Seat Structure (120-29067-003/021/031)
Figure 81
Sheet 1
EFFECTIVITY: ALL
25 21 00 Page 1285
T.P. 120/1176 Jan 15/01
",local_data\organization\trace_net\ocr_route_scan_pack_tesseract_full\page_images\t_p_120_1176_p000348.tif,,needs_review,
351,t_p_120_1176_p000351,medium,True,needs_human_review,table_or_index,,table,84,1,table_or_index_medium_or_ambiguous,"< EMBRAER
MAINTENANCE MANUAL WITH
ILLUSTRATED PARTS LIST
70 (i)
170 f \ ly d 120
re
+50 100 110 90 (A)
=a
G ~ ©
/——160 Bo
F NG Sl 50 ; ne
we — fi 140 FAP vg \
Za ip
E © :
[F7” ON 8)
40
a
& — 50
80 (D) on
@
180 Uo :
7 0—é
110 Zoe
H ® a aoa
AS OK oo (D)
Sa lS 130
190 a
120TP250077.MCE
Single Passenger Seat Structure (120-29067-005)
Figure 82
Sheet 1
EFFECTIVITY: ALL
25-21 -00 Page 1288
T.P. 120/1176 Sep 30/98
",local_data\organization\trace_net\ocr_route_scan_pack_tesseract_full\page_images\t_p_120_1176_p000351.tif,,needs_review,
354,t_p_120_1176_p000354,medium,True,needs_human_review,table_or_index,,table,81,1,table_or_index_medium_or_ambiguous,"< EMBRAER
MAINTENANCE MANUAL WITH
ILLUSTRATED PARTS LIST
80
Ny ; WA =
190 | \\ 140
BP
70 120 130 A (A)
ae
@ SQ ®
/_-——- 180 Se
SEF Wa _ 60
we ~ a 160 AP \
y CZ hai
re \ (B) 40
a
@& — 50
100 (D) on
70 |
@
=
10 —&
SQ > Y
130 77 v
AS OK oo (D)
SSA Ser 155
a ee
I 210 ee)
\ 150
120TP250075.MCE
Single Passenger Seat Structure (120-29067-023/033)
Figure 83
Sheet 1
EFFECTIVITY: ALL
25 21 00 Page 1291
T.P. 120/1176 Sep 30/98
",local_data\organization\trace_net\ocr_route_scan_pack_tesseract_full\page_images\t_p_120_1176_p000354.tif,,needs_review,
357,t_p_120_1176_p000357,medium,True,needs_human_review,table_or_index,,table,82,1,table_or_index_medium_or_ambiguous,"< EMBRAER

MAINTENANCE MANUAL WITH

ILLUSTRATED PARTS LIST

80

90

190

140

lA

170

120 130

110

f

Sik

SS 7 180

60

| ~

40 59

160

""oe \

<~e

30

| |S

20

30

cE

40

a 50

100 om

(C) 70

LA

220

200

0——s

120

250 ——

130

ik

a oO

~™MN

NN ONS

i

~™N

+r

155

230 —&

210

Se

240 — §

150

“2

120TP250078.MCE

Single Passenger Seat Structure (120-29067-015/025/035)

Figure 84

Sheet 1

EFFECTIVITY: ALL

25-21-00

Page 1294

T.P. 120/1176

Sep 30/98
",local_data\organization\trace_net\ocr_route_scan_pack_tesseract_full\page_images\t_p_120_1176_p000357.tif,,needs_review,
360,t_p_120_1176_p000360,medium,True,needs_human_review,table_or_index,,table,87,1,table_or_index_medium_or_ambiguous,"< EMBRAER
MAINTENANCE MANUAL WITH
ILLUSTRATED PARTS LIST
80
190 | \\ 140
<B>
70 120 130 to (A)
ai ®
SS i-——— 180 Je 50
SE 40 : | .
we @ 4, 160 LA \
Low [me
ZK ® *
SK \ (B) a
a 50
100 (D) on
70
@
200 10 — §
SO Sy
260 ——_e Af 120
250 —® q we we 130 Ue
i“ Sore
__ “Sy l5F 155
“ 2 Jo ae a
240—§ <S3
\ 150
120TP250078.MCE
Single Passenger Seat Structure (120-29067-017/027/037)
Figure 85
Sneet 1
EFFECTIVITY: ALL
25 21 00 Page 1297
T.P. 120/1176 Jan 15/01
",local_data\organization\trace_net\ocr_route_scan_pack_tesseract_full\page_images\t_p_120_1176_p000360.tif,,needs_review,
363,t_p_120_1176_p000363,medium,True,needs_human_review,table_or_index,,table,84,1,table_or_index_medium_or_ambiguous,"< EMBRAER
MAINTENANCE MANUAL WITH
ILLUSTRATED PARTS LIST
70 (}
170 f Py 120
_ gp
nea
150 100 110 90 (A)
<>
Ka (B)
/-——— 160 DRS 0
a, 40 x |
J 140 FP vgs
LAF ‘
a ont
© :
ae
\ (B) #0
a 50
80 (D) om
, © ie
@
. |
180 10 — §
— “S/
44 100 ,
ee 10 ~~ -
yi hes ee ee)
Sse 135
Sao a
190
I ad 130
©) ye
120TP250079.MCE
Single Passenger Seat Structure (120-29067-007)
Figure 86
Sheet 1
EFFECTIVITY: ALL
25 21 00 Page 1300
T.P. 120/1176 Sep 30/98
",local_data\organization\trace_net\ocr_route_scan_pack_tesseract_full\page_images\t_p_120_1176_p000363.tif,,needs_review,
365,t_p_120_1176_p000365,medium,True,needs_human_review,detailed_parts_list,,table,74,3,detailed_parts_list_not_strong_enough,"-<€ EMBRAER
MAINTENANCE MANUAL WITH
ILLUSTRATED PARTS LIST
AIRLINE EFF | UNITS
FIG. ITEM | PARTNUMBER STOCK vase EODE. FROM | PER
NUMBER TO ASSY
86 180 | 120-39071-001 . STRUCTURE, ARMREST..................... WS4956 1
-181 | 120-36061-001 . STRUCTURE, ARMREST..................... VS4956 1
ATTACHING PARTS
USAGE CODE LIST
A AIRCRAFT 120028, 120034, 120056
AND 120059
B AIRCRAFT 120034, 120056 AND
120059
-ITEM NOT ILLUSTRATED
Single Passenger Seat Structure (120-29067-007)
Figure 86
Sheet 3
EFFECTIVITY: ALL 25-21 -00
Page 1302
T.P. 120/1176 Apr 10/06
",local_data\organization\trace_net\ocr_route_scan_pack_tesseract_full\page_images\t_p_120_1176_p000365.tif,,needs_review,
366,t_p_120_1176_p000366,medium,True,needs_human_review,table_or_index,,table,83,1,table_or_index_medium_or_ambiguous,"< EMBRAER
MAINTENANCE MANUAL WITH
ILLUSTRATED PARTS LIST
100
. 100
rs SK
PL [1 SS
200
110 Caw =
(A) Se iF 170
SS ff Po
©
1 \
90
240 —@
SSA 230 Ca /
SS J/
Ss. 190 Sy 4 fs
~SOON cls |
SS a / [|
JAC! C
 oOAN
~ LP rQ I SON
. fo 7 ae
N / / / SO
sf fp
SL fof
SS / [| ff 210
LL LB
120TP250080.MCE
Double Passenger Seat Structure (120-29068-001)
Figure 87
Sheet 1
EFFECTIVITY: ALL
25 21 00 Page 1303
T.P. 120/1176 Sep 30/98
",local_data\organization\trace_net\ocr_route_scan_pack_tesseract_full\page_images\t_p_120_1176_p000366.tif,,needs_review,
367,t_p_120_1176_p000367,medium,True,needs_human_review,table_or_index,,table,94,1,table_or_index_medium_or_ambiguous,"< EMBRAER
MAINTENANCE MANUAL WITH
ILLUSTRATED PARTS LIST
yy
I ' £ ~~ 120
Wy / 140
CS a
ae
[Os
/ ~
g a
GN (E) fl f /
/ / /
160 / / i
y J J
a a mn —o
“ a
LC A\UX
eee TAN 150
eS
130 140 120 (B)
\ |
| |
an 2»
jt |
| | | oe
80 neem
| a“ a
| QS ar
WL Wy \ (O)
| Be \s ‘
| 70 / p SAX \ 60
10 ——§ 30 v\ \
40 a LON |
papa \
ee @ \
< / ae
50
20 50
120TP250081.MCE
Double Passenger Seat Structure (120-29068-001)
Figure 87
Sheet 2
EFFECTIVITY: ALL 25-21 -00
Page 1304
T.P. 120/1176 Sep 30/98
",local_data\organization\trace_net\ocr_route_scan_pack_tesseract_full\page_images\t_p_120_1176_p000367.tif,,needs_review,
369,t_p_120_1176_p000369,medium,True,needs_human_review,detailed_parts_list,,table,132,2,detailed_parts_list_not_strong_enough,"€ emenncn

MAINTENANCE MANUAL WITH
ILLUSTRATED PARTS LIST
AIRLINE EFF | UNITS
FIG. ITEM| PARTNUMBER STOCK user EODE. FROM | PER
NUMBER TO ASSY
87 ATTACHING PARTS
210 | NAS4704-6 SCREW... cccccccccccceetttteaseeeeeeeeeeeeeeees B 2
-211 | MS24693-C26 SCREW cee cccetttteeseeeeeeeeeeeee ees 028 8
220 | 120-29083-001 ~ BUSHING 200i cettteeeeeeeeeeeeeees VS4956 2
230 | AN960-416 ~ WASHER... o.oo ccccecceetttteeeeeeeeeeeeeeeene es B 2
-231 | AN960C8 A ANS) a =] 9 Occ re 028 8
240 | MS21042L4 NUT ooo eee ccc cece eceeeceeeeeeeeeeeeeeeeeaeeeeaeaaaeaaaes B 2
-241 |MS21042-06 NUT ooo eee ccc cece cee ceeeeeeeeeeeeeeeeeee gee aeaaaaaeeaees 028 8
USAGE CODE LIST
A AIRCRAFT 120028, 120034 THRU
120048, 120052, 120056 AND 120059
B AIRCRAFT 120034 THRU 120048,
120052, 120056 AND 120059
-ITEM NOT ILLUSTRATED
Double Passenger Seat Structure (120-29068-001)
Figure 87
Sheet 4
EFFECTIVITY: ALL 25 -2 1 -() 0
Page 1306

T.P. 120/1176

Sep 30/98

",local_data\organization\trace_net\ocr_route_scan_pack_tesseract_full\page_images\t_p_120_1176_p000369.tif,,needs_review,
370,t_p_120_1176_p000370,medium,True,needs_human_review,table_or_index,,table,93,1,table_or_index_medium_or_ambiguous,"< EMBRAER
MAINTENANCE MANUAL WITH
ILLUSTRATED PARTS LIST
100 :
110
100
210 \
4 110
\ /
SS f
D SS S | © 120
Ge ~ (B) / Ss (7 —_— 130
140 Za NN SE 220
AY y
Se 200
One
, SS
1 \
90
250
270 ——__.
~ G
“SAL 260 — 265 /
SN //
S230 Sd, AS!
SON a 7 /
~ Qari [|
YIGLS
IF BIS
~~ SN NON
. / Pe! es
N / oo] / SO
SN / / j |
. SL fo j
N / | 240
“NY /
L/L B
120TP250082,MCE |
Double Passenger Seat Structure (120-29068-017/027/039/059)
Figure 88
Sheet 1
EFFECTIVITY: ALL
25 21 00 Page 1307
T.P. 120/1176 Sep 30/98
",local_data\organization\trace_net\ocr_route_scan_pack_tesseract_full\page_images\t_p_120_1176_p000370.tif,,needs_review,
371,t_p_120_1176_p000371,medium,True,needs_human_review,table_or_index,,table,86,1,table_or_index_medium_or_ambiguous,"< EMBRAER

MAINTENANCE MANUAL WITH

ILLUSTRATED PARTS LIST

\\

18

\\

~~ 460

\\ |

/o™~

a

170

Si~

195

gw

190

ath

oN \\

180

_\\

in

160 170

150

30

40

a

ad

“4

an aa

4 4

| 7 7 eler

“vie

_

a 47

1 1 &@

Ls

“r

\

N [a7

van

nay

iN \\

\\

60

70

SN

\\

\\

10 —@

30 40

ya)

VON

a a“

“ “

7 a

a “

aa

a“ ad

“oe

50

20 |

50

120TP250083.MCE

Double Passenger Seat Structure (120-29068-017/027/039/059)

Figure 88

Sheet 2

EFFECTIVITY: ALL

25-21-00

Page 1308

T.P. 120/1176

Sep 30/98
",local_data\organization\trace_net\ocr_route_scan_pack_tesseract_full\page_images\t_p_120_1176_p000371.tif,,needs_review,
374,t_p_120_1176_p000374,medium,True,needs_human_review,table_or_index,,table,94,1,table_or_index_medium_or_ambiguous,"< EMBRAER
MAINTENANCE MANUAL WITH
ILLUSTRATED PARTS LIST
100
110
100
\ va 110
DF OS Se we F120
KOK SS
440 LE FE 220
So Fe) 200
SX ff fo
o~
1 \
90
K 280 ee 2)
SIA _ 250 66 /
ow a / /
S210 Ss va JI
SON cf fy}
SS XY Sr [|
AGL
X. LF L4G
La <~
; £¢ | ee ;
~ i / j SO
aN / | j |
SL / ol j
= J | j 230
MSZ
a WA / (A)
""4 /
1201P250084.MCE
Double Passenger Seat Structure (120-29068-031/053)
Figure 89
Sheet 1
EFFECTIVITY: ALL
25 21 00 Page 1311
T.P. 120/1176 Sep 30/98
",local_data\organization\trace_net\ocr_route_scan_pack_tesseract_full\page_images\t_p_120_1176_p000374.tif,,needs_review,
375,t_p_120_1176_p000375,medium,True,needs_human_review,table_or_index,,table,86,1,table_or_index_medium_or_ambiguous,"< EMBRAER

MAINTENANCE MANUAL WITH

ILLUSTRATED PARTS LIST

\\

18

\\

~~ 460

\\ |

/o~™~

170

Sin

195

Gv

190

e™ \-

47 fA

I

180

_\\

160 170

150

30

40

foe

“4”

4“

| a“ 7 woe

c voe

—

a 47

1 1 @

“er

\

N [a7

M

ran

O ws \

\\

60

70

~~, \ \\ \

\\

10 —@

30 40

Raw

a a“

a“ a“

OA

7 “

a“ 7

a“ “

oo

me

a“ Sov

“oe

50

20 |

50

120TP250083.MCE

Double Passenger Seat Structure (120-29068-031/053)

Figure 89

Sheet 2

EFFECTIVITY: ALL

25-21-00

Page 1312

T.P. 120/1176

Sep 30/98
",local_data\organization\trace_net\ocr_route_scan_pack_tesseract_full\page_images\t_p_120_1176_p000375.tif,,needs_review,
377,t_p_120_1176_p000377,medium,True,needs_human_review,detailed_parts_list,,table,108,5,detailed_parts_list_not_strong_enough,"€ emenncn

MAINTENANCE MANUAL WITH

ILLUSTRATED PARTS LIST
AIRLINE EFF | UNITS
FIG. ITEM | PARTNUMBER STOCK vase EODE. FROM | PER
NUMBER TO ASSY

89 KK

200 | 120-34489-001 . PROTECTIVE PLATE ......... cere VS4956

210 | 120-41225-003 . STRUCTURE, ARMREST..................0000 VS4956 2

220 | 120-41225-005 . STRUCTURE, ARMREST..................0000 VS4956

ATTACHING PARTS

230 | NAS4704-6 SCREW ooo ccceenecteeseeeeeeeeeeeeeeeeenaas 172/999 2

-231 |MS51957-45 SCREW 0c cceccecstteseeeeeeeeeeeeeeeeeneas 071/171 4

240 | 120-29083-001 » BUSHING 00 ccccccceeeeeeeeeeeeeeentneaaes VS4956 2

250 | AN960-416 AAS) | lp re 2

260 | MS21042L4 A LO ee 172/999 2

-261 |MS21061L08 A LO ee 071/171 4
-ITEM NOT ILLUSTRATED

Double Passenger Seat Structure (120-29068-031/053)
Figure 89
Sheet 4
EFFECTIVITY: ALL 25 2 1 0 0
= =
Page 1314

T.P. 120/1176 Apr 10/06
",local_data\organization\trace_net\ocr_route_scan_pack_tesseract_full\page_images\t_p_120_1176_p000377.tif,,needs_review,
378,t_p_120_1176_p000378,medium,True,needs_human_review,table_or_index,,table,97,1,table_or_index_medium_or_ambiguous,"< EMBRAER
MAINTENANCE MANUAL WITH
ILLUSTRATED PARTS LIST
100
110
x | S a - 110
SK /
D —~ g a 120
SK
140 (A) Sw OG 200
282 —,. \ y Za
310 — ea i vi
Sgt \ ©
a < ~S/ /
/ o~ : 1
/ / | 90
300 ra : 310 250
270
290 7 \ ™~.| SN @! D
Se 0S
(B) an a s / a i
> IN / / !
SL C s PRL SN
( a SN ~sD
SO H / A i
a a / j 240
sy wa A / (A)
420CMM250085.MCE A
Double Passenger Seat Structure (120-29068-077)
Figure 90
Sheet 1
EFFECTIVITY: ALL
25 21 00 Page 1315
T.P. 120/1176 Jul 15/02
",local_data\organization\trace_net\ocr_route_scan_pack_tesseract_full\page_images\t_p_120_1176_p000378.tif,,needs_review,
379,t_p_120_1176_p000379,medium,True,needs_human_review,table_or_index,,table,76,1,table_or_index_medium_or_ambiguous,"< EMBRAER
MAINTENANCE MANUAL WITH
ILLUSTRATED PARTS LIST
/
Voy
\ g ~~ 160
\\ yy / _——
1S ee 170
/ ~~ 1495 ~~
a i /
/ ! /
y / /
oe yo aa
Uo Ae
Tee AN 180
\ 1
|
160 170 150 (B)
rit 80
1 40
) | | an
80 aoa
1 Bev
; Wy \
\ 70 / | aN \ 60
10 ——8 80 4g UL.
ee - be i
< / ee
50
20 50
120TP250083.MCE
Double Passenger Seat Structure (120-29068-077)
Figure 90
Sheet 2
EFFECTIVITY: ALL 25-21 -00
Page 1316
T.P. 120/1176 Sep 30/98
",local_data\organization\trace_net\ocr_route_scan_pack_tesseract_full\page_images\t_p_120_1176_p000379.tif,,needs_review,
383,t_p_120_1176_p000383,medium,True,needs_human_review,table_or_index,,table,92,1,table_or_index_medium_or_ambiguous,"< EMBRAER
MAINTENANCE MANUAL WITH
ILLUSTRATED PARTS LIST
Vy
Mi é ~~ 180
‘Vy / ~~ 449
LS aa
ae
/ ~
Gr ! i H
/ / /
160 G / / i
y / /
Fa / aa
pa ENR —*
oan \ 150
\ 1 BP
|
130 140 120 (B)
\ |
;
Mt 30
i 1! a
(D) 1 ee
| | aa
|! | ' 477
| , | eles
80 SS ncn
1 OS \ nN
LA vy \ ©
| Be \) ‘
| 79 / | “Ay \ 60
10 ——& 30 vy
‘S 40 OK.
eee NO
wore l \
eee @ \
< / in
50
20 50
120TP250081.MCE
Double Passenger Seat Structure (120-29068-003)
Figure 91
Sheet 2
EFFECTIVITY: ALL 25-21 -00
Page 1320
T.P. 120/1176 Sep 30/98
",local_data\organization\trace_net\ocr_route_scan_pack_tesseract_full\page_images\t_p_120_1176_p000383.tif,,needs_review,
385,t_p_120_1176_p000385,medium,True,needs_human_review,detailed_parts_list,,table,118,2,detailed_parts_list_not_strong_enough,"€ emenncn

MAINTENANCE MANUAL WITH
ILLUSTRATED PARTS LIST
AIRLINE EFF | UNITS
FIG. ITEM| PARTNUMBER STOCK user EODE. FROM | PER
NUMBER TO ASSY
91 ATTACHING PARTS
200 | NAS4704-6 SCREW... cccccccccccceetttteaseeeeeeeeeeeeeeees 2
-201 | MS24693-C26 SCREW ccc cccecrtteeseeeeeeeeeneeeeees 8
210 | 120-29083-001 ~ BUSHING 200i cettteeeeeeeeeeeeeees VS4956 2
220 | AN960-416 ~ WASHER... o.oo ccccecceetttteeeeeeeeeeeeeeeene es 2
-221 | AN960C8 ~ WASHER L.. cccccccceeteteeaeeeeeeeeeeeeen ees 8
230 | MS21042L4 NUT ooo eee ccc cece eceeeceeeeeeeeeeeeeeeeeaeeeeaeaaaeaaaes 2
-231 |MS21042-06 NUT ooo cece ccccccceeeeeeeeeeeeeeeeeeeeeeeeeeaaeaeaeaaaes 8
USAGE CODE LIST
A AIRCRAFT 120028, 120034 THRU
120048, 120052, 120056 AND 120059
B AIRCRAFT 120034 THRU 120048,
120052, 120056 AND 120059
-ITEM NOT ILLUSTRATED
Double Passenger Seat Structure (120-29068-003)
Figure 91
Sheet 4
EFFECTIVITY: ALL 25 -2 1 -() 0
Page 1322

T.P. 120/1176

Sep 30/98

",local_data\organization\trace_net\ocr_route_scan_pack_tesseract_full\page_images\t_p_120_1176_p000385.tif,,needs_review,
386,t_p_120_1176_p000386,medium,True,needs_human_review,table_or_index,,table,85,1,table_or_index_medium_or_ambiguous,"< EMBRAER
MAINTENANCE MANUAL WITH
ILLUSTRATED PARTS LIST
100
110
\ 100
| 4-40
/ ww 1 120
LEA‘ SS we
OOF WN SV
440 c Za ~— ei
A, Se 200
\
90
SSA 250 66 /
SS m~ / /
S220 ONS fp JI
~SOON cl fi]
~S ay / i
JIGL S
_— LP R&S oS
aio SS
N / | / SO
SO |
SL fT j
oN / | j 230
we / / /
<4 L®
a /
120TP250087.MCE
Double Passenger Seat Structure (120-29068-019/033)
Figure 92
Sheet 1
EFFECTIVITY: ALL
25 21 00 Page 1323
T.P. 120/1176 Sep 30/98
",local_data\organization\trace_net\ocr_route_scan_pack_tesseract_full\page_images\t_p_120_1176_p000386.tif,,needs_review,
387,t_p_120_1176_p000387,medium,True,needs_human_review,table_or_index,,table,87,1,table_or_index_medium_or_ambiguous,"< EMBRAER
MAINTENANCE MANUAL WITH
ILLUSTRATED PARTS LIST
i
\\ 6
\
i © 160
yf oooN~
y-~_ 170
ae
jo
/ ~
Ga ; /
; ! /
190 (E) / / /
y / /
NR
oT ee AN 180
\ tr er
160 170 bo (B)
|
ii 8
1 |
i | g 40
| | | ee
| | | an
80 SNS Casa
I Gan
1 as er
Be \ ‘\ \
| 70 JPM 60
10 30 vy .\
8 40 UR,
eee
eee | \
aoa @ }
eee Coy? \
/ i *\
50
20 50
120TP250088.MCE
Double Passenger Seat Structure (120-29068-019/033)
Figure 92
Sheet 2
EFFECTIVITY: ALL 25-21 -00
Page 1324
T.P. 120/1176 Sep 30/98
",local_data\organization\trace_net\ocr_route_scan_pack_tesseract_full\page_images\t_p_120_1176_p000387.tif,,needs_review,
389,t_p_120_1176_p000389,medium,True,needs_human_review,detailed_parts_list,,table,128,5,detailed_parts_list_not_strong_enough,"€ emenncn

MAINTENANCE MANUAL WITH
ILLUSTRATED PARTS LIST
AIRLINE EFF | UNITS
FIG. ITEM | PARTNUMBER STOCK vase CODE. FROM; PER
NUMBER TO ASSY
92 KK
200 | 120-34489-001 . PROTECTIVE PLATE.......... cece VS4956 1
210 | 120-36060-003 . STRUCTURE, ARMREST...............000000ceee VS4956 1
220 | 120-36060-005 . STRUCTURE, ARMREST...............000000ceee VS4956 A 1
-221 | 120-41225-005 . STRUCTURE, ARMREST ................00000ceee VS4956 | 071/171 1
ATTACHING PARTS
230 | NAS4704-6 SCREW ..... occ ccccccccccccccccccceeecessssstttsssueeeeeeees 2
-231 |MS51957-45 SCREW oo. cccccccccccccccccccceeceeeesssstsssssaeeeeeeees 2
240 | 120-29083-001 BUSHING 000... cccceccceceeeeeeeeeeeeeeeenttneeaes VS4956 2
250 | AN960-416 WASHER ........ cc cccccceeeeeettsseeeeeeeeeeeeeeeenttnaaaes 2
260 | MS21042L4 ee 2
-261 |MS21061L08 ee 2
USAGE CODE LIST
A AIRCRAFT 120049 THRU 120051,
120053 THRU 120055, 120057, 120058,
120060 THRU 120171
-ITEM NOT ILLUSTRATED
Double Passenger Seat Stru",local_data\organization\trace_net\ocr_route_scan_pack_tesseract_full\page_images\t_p_120_1176_p000389.tif,,needs_review,
391,t_p_120_1176_p000391,medium,True,needs_human_review,table_or_index,,table,85,1,table_or_index_medium_or_ambiguous,"< EMBRAER
MAINTENANCE MANUAL WITH
ILLUSTRATED PARTS LIST
7
Voy
i é ——~ 160
yy oo™
Wy ~_ 170
/ 195 ~
& , | /
on (E) / / /
190 Ki / /
y / /
oe Yo aan
Uo Ae
Tee AN 180
\ 1
|
160 170 150 (B)
|
rit 8
| |
1 | g~ 40
1 | ge vo
1 | | an
80 NS Ae
nt 8. WW \
| / AN \ 60
10 a | SD
eee NG
“oO LE < bo i
< / isn
50
20 50
120TP250083.MCE
Double Passenger Seat Structure (120-29068-041/055)
Figure 93
Sheet 2
EFFECTIVITY: ALL 25-21 -00
Page 1328
T.P. 120/1176 Sep 30/98
",local_data\organization\trace_net\ocr_route_scan_pack_tesseract_full\page_images\t_p_120_1176_p000391.tif,,needs_review,
393,t_p_120_1176_p000393,medium,True,needs_human_review,detailed_parts_list,,table,104,5,detailed_parts_list_not_strong_enough,"€ emenncn

MAINTENANCE MANUAL WITH

ILLUSTRATED PARTS LIST
AIRLINE EFF | UNITS
FIG. ITEM | PARTNUMBER STOCK ee aser EODE. FROM | PER
NUMBER TO ASSY
93 KK
200 | 120-34489-001 . PROTECTIVE PLATE ......... cere VS4956 1
210 | 120-41225-003 . STRUCTURE, ARMREST..................000 VS4956 1
220 | 120-41225-005 . STRUCTURE, ARMREST..................000 VS4956 1
ATTACHING PARTS
230 | NAS4704-6 SCREW ooo. cccceccsseeceeeeeeeeeeeeeeeenttaaees 2
-231 |MS51957-45 SCREW 00 ccccccceecettseeeeeeeeeeeeeeeeeees 2
240 | 120-29083-001 » BUSHING 200 cceeccceeeeeeeeeeeeeeeenteeaaas VS4956 2
250 | AN960-416 AAS) | = 5 re 2
260 | MS21042L4 A LO ne 2
-261 |MS21061L08 A LO ne 2
-ITEM NOT ILLUSTRATED
Double Passenger Seat Structure (120-29068-041/055)
Figure 93
Sheet 4
EFFECTIVITY: ALL 25-21 -00
Page 1330

T.P. 120/1176 Apr 10/06

",local_data\organization\trace_net\ocr_route_scan_pack_tesseract_full\page_images\t_p_120_1176_p000393.tif,,needs_review,
394,t_p_120_1176_p000394,medium,True,needs_human_review,table_or_index,,table,89,1,table_or_index_medium_or_ambiguous,"< EMBRAER

MAINTENANCE MANUAL WITH

ILLUSTRATED PARTS LIST

100

110

100

\

110

\

SR

Ss

~

130

<p

SS

Ss

A

S

140

200

271

aw

Ss

SY

wa

272 —Ss

7}

300

OL

-

i |

eo |

Sy 7

_\ ®

‘|

90

300

290

240

G

@

~ ON

260 —___

280

~ ON

NON

NON

250

Be \

~ ON

NON

@/

220

~ ON

~ ON

ya

E

ar

a

\ / /

‘of

270

Co

vd ~ oN

~ LN

“oN

“NON

ao

Qi!

Gm,

230

120CMM250089.MCE A

Double Passenger Seat Structure (120-29068-071)

Figure 94

Sheet 1

EFFECTIVITY: ALL

25-21-00

Page 1331

T.P. 120/1176

Jul 15/02
",local_data\organization\trace_net\ocr_route_scan_pack_tesseract_full\page_images\t_p_120_1176_p000394.tif,,needs_review,
395,t_p_120_1176_p000395,medium,True,needs_human_review,table_or_index,,table,85,1,table_or_index_medium_or_ambiguous,"< EMBRAER
MAINTENANCE MANUAL WITH
ILLUSTRATED PARTS LIST
\ /
Wiig
\
L\ @ ~~ 160
(ayo
Wy ~_ 170
Sn
i — 495 ~~
ae i i
/ ! /
190 (E) J / /
y / yf
ee Y aan
eT ee TAN 180
\ 7
|
160 170 150 (B)
|
| 80
! 40
PEE eter
| | | ve
80 NS waa
| “ ya
| Bead Wh \
AN
| 70 / mh \ 60
10 __€ 30 ws |
oS 40 SR.
eee NO
ee \
oo be \
Fini
20 50)
120TP250083.MCE
Double Passenger Seat Structure (120-29068-071)
Figure 94
Sheet 2
EFFECTIVITY: ALL 00
25-21-
Page 1332
T.P. 120/1176 Sep 30/98
",local_data\organization\trace_net\ocr_route_scan_pack_tesseract_full\page_images\t_p_120_1176_p000395.tif,,needs_review,
398,t_p_120_1176_p000398,medium,True,needs_human_review,table_or_index,,table,92,1,table_or_index_medium_or_ambiguous,"< EMBRAER
MAINTENANCE MANUAL WITH
ILLUSTRATED PARTS LIST
100 :
110
100
210 NY
! va 110
| \
DF Se SQ | 120
LOKI SY
140 LE NN awa 220
AY y
SN Fe) 200
SSX ff 703
o~
1 \
90
250
270 ——___.
~ ON
“SAL 260 S65 /
SSN J‘ /
S230 SS, AA!
SONY a I /
> Qa [|
yIGLS
N AQ [7 aw
. fo >a! Pre
N / oo] / SO
SN / / |
. “roy
S / | 240
“OY |
K/L B
Y /
Z /
120TP250082.MCE |
Double Passenger Seat Structure (120-29068-005/049)
Figure 95
Sheet 1
EFFECTIVITY: ALL
25 21 00 Page 1335
T.P. 120/1176 Sep 30/98
",local_data\organization\trace_net\ocr_route_scan_pack_tesseract_full\page_images\t_p_120_1176_p000398.tif,,needs_review,
399,t_p_120_1176_p000399,medium,True,needs_human_review,table_or_index,,table,88,1,table_or_index_medium_or_ambiguous,"< EMBRAER
MAINTENANCE MANUAL WITH
ILLUSTRATED PARTS LIST
of
Voy |
i é ——~ 160
(yy
Wy 170
Sn
/ 195 ~
& | i
ae (E) fi / /
190 / / /
yo / /
ia / aan
Uo CA
pee 180
a \ \
an Bi,
160 170 150 (B)
my
eo
| |
i | g 40
i) | ge -
| ! | eee
) | | eas
80 NS oe
7 B WN \
Q vw \
| 70 / SN \ 60
10 —-§ 30 yg 5)
eee NS
Oe < bo i
< / ee
50
20 50
120TP250083.MCE
Double Passenger Seat Structure (120-29068-005/049)
Figure 95
Sheet 2
EFFECTIVITY: ALL 25-21 -00
Page 1336
T.P. 120/1176 Sep 30/98
",local_data\organization\trace_net\ocr_route_scan_pack_tesseract_full\page_images\t_p_120_1176_p000399.tif,,needs_review,
402,t_p_120_1176_p000402,medium,True,needs_human_review,table_or_index,,table,91,1,table_or_index_medium_or_ambiguous,"< EMBRAER
MAINTENANCE MANUAL WITH
ILLUSTRATED PARTS LIST
100 :
110
100
210 \
| a 110
\ / SV
SS A
DF SS S | G1 120
Ge ~ (B) / Ss My 130
140 LE — 220
On y
So 200
OAK
, SS
1 \
90
250
270 ——__.
~ Gg
“SAL 260 265 /
SSN /o/
SJ 280 SS A /!
SON a 7 /
~ Qari [|
YIGLS
Su BIS
“XN NN NaN
. Va yee! SS
~ / / / es)
SN / / |
. “Fo |
XS / | 240
SY |
a A
120TP250082.MCE |
Double Passenger Seat Structure (120-29068-021/023)
Figure 96
Sheet 1
EFFECTIVITY: ALL
25 21 00 Page 1339
T.P. 120/1176 Sep 30/98
",local_data\organization\trace_net\ocr_route_scan_pack_tesseract_full\page_images\t_p_120_1176_p000402.tif,,needs_review,
403,t_p_120_1176_p000403,medium,True,needs_human_review,table_or_index,,table,78,1,table_or_index_medium_or_ambiguous,"< EMBRAER

MAINTENANCE MANUAL WITH

ILLUSTRATED PARTS LIST

Vy |

\\ |

~~ 460

\\ |

/o™~

170

ae

Wp

é.

190

wy

oT

a LN

ava

180

AN

160 170

150

30

40

“or

ad

ove

“vy

4 oe

80

| “7 an

a“ 4 “

95

i a@y>

\

N a

\

\ \\

ws

Na \

60

70

N

10 —

30 40

“ Mes

“ a

a “

oof

“ “

“+

“e+

50

20

50

120TP250090.MCE

Double Passenger Seat Structure (120-29068-021/023)

Figure 96

Sheet 2

EFFECTIVITY: ALL

25-21-00

Page 1340

T.P. 120/1176

Sep 30/98
",local_data\organization\trace_net\ocr_route_scan_pack_tesseract_full\page_images\t_p_120_1176_p000403.tif,,needs_review,
406,t_p_120_1176_p000406,medium,True,needs_human_review,table_or_index,,table,96,1,table_or_index_medium_or_ambiguous,"< EMBRAER
MAINTENANCE MANUAL WITH
ILLUSTRATED PARTS LIST
100
110
100
\ va 110
DF OS Se we F120
KOON SS
140 CP 220
(A) L- Ns
So oF 200
SX ff fo
o~
1 \
90
K 280 ee 2)
SIA _ 250 66 /
ow a / /
S210 Ss va JI
SON cf fy}
SS XY Sr [|
AGL
X. LF L4G
La <~
; £¢ | ee ;
~ i / j SO
aN / | j |
SL / ol j
= J | j 230
MSZ
a WA / (A)
""4 /
1201P250084.MCE
Double Passenger Seat Structure (120-29068-029/047)
Figure 97
Sheet 1
EFFECTIVITY: ALL
25 21 00 Page 1343
T.P. 120/1176 Sep 30/98
",local_data\organization\trace_net\ocr_route_scan_pack_tesseract_full\page_images\t_p_120_1176_p000406.tif,,needs_review,
407,t_p_120_1176_p000407,medium,True,needs_human_review,table_or_index,,table,83,1,table_or_index_medium_or_ambiguous,"< EMBRAER

MAINTENANCE MANUAL WITH

ILLUSTRATED PARTS LIST

\\

18

\\ |

~~ 460

\\ |

/o™~

aN

170

Pa

195

ew

190

47 ON

NA

\ |

180

+

160 170

150

30

40

“ry

“ y -

“+

4 vie

“vo es

“oe

80

| 7 7

4 oye

fo yf

| @>

ANY

95

La

\

\

\ \N

SN

\\

60

70

\

\\

10 —@

30

40

> y 4)

Vo”

“ a“

“ a“

“ “

a a

“ “vv

“ “

a“ a“

me

“oe

50

20

50

120TP250091.MCE

Double Passenger Seat Structure (120-29068-029/047)

Figure 97

Sheet 2

EFFECTIVITY: ALL

25-21-00

Page 1344

T.P. 120/1176

Sep 30/98
",local_data\organization\trace_net\ocr_route_scan_pack_tesseract_full\page_images\t_p_120_1176_p000407.tif,,needs_review,
409,t_p_120_1176_p000409,medium,True,needs_human_review,detailed_parts_list,,table,104,5,detailed_parts_list_not_strong_enough,"€ emenncn

MAINTENANCE MANUAL WITH

ILLUSTRATED PARTS LIST
AIRLINE EFF | UNITS
FIG. ITEM | PARTNUMBER STOCK vase EODE. FROM | PER
NUMBER TO ASSY

97 KK

200 | 120-34489-001 . PROTECTIVE PLATE ......... cere VS4956

210 | 120-41225-003 . STRUCTURE, ARMREST..................0000 VS4956 2

220 | 120-41225-005 . STRUCTURE, ARMREST..................0000 VS4956

ATTACHING PARTS

230 | NAS4704-6 SCREW ooo ccc ceceetcttteeeeeeeeeeeeeeenneas 2

-231 |MS51957-45 SCREW 0c ccc cece tteeeeeeeeeeeeeeeeneas 4

240 | 120-29083-001 » BUSHING 200 cceeccceeeeeeeeeeeeeeeenteeaaas VS4956 2

250 | AN960-416 AAS) | = 5 re 2

260 | MS21042L4 A LO ne 2

-261 |MS21061L08 A LO ne 4
-ITEM NOT ILLUSTRATED

Double Passenger Seat Structure (120-29068-029/047)
Figure 97
Sheet 4
EFFECTIVITY: ALL 25-21 -00
Page 1346

T.P. 120/1176 Apr 10/06

",local_data\organization\trace_net\ocr_route_scan_pack_tesseract_full\page_images\t_p_120_1176_p000409.tif,,needs_review,
410,t_p_120_1176_p000410,medium,True,needs_human_review,table_or_index,,table,95,1,table_or_index_medium_or_ambiguous,"< EMBRAER
MAINTENANCE MANUAL WITH
ILLUSTRATED PARTS LIST
100 :
110
a | \ va ~ 110
\ / ~~
EG IS
DF SS S | © 120
Ge ~ (B) / Ss f"" 130
140 a _ 220
@Y NI y
SS 200
One
Ry
1 \
90
250
270 ——___
> Gx
“SIAL 260 —Sa\. |
SON @, /
S230 SSA. A J
SON a ae, /
> 1/1 [|
YIGL Se
LF Kj/A~
N ZL | ON
. fo re! SS
N / / / SO
SO |
q SL]
~ / | 240
“NY /
K/L ®
a io
120TP250082.MCE |
ouble rassenger oea ructure - -
Double P Seat Structure (120-29068-013/051)
Figure 98
Sheet 1
EFFECTIVITY: ALL
25 21 00 Page 1347
T.P. 120/1176 Sep 30/98
",local_data\organization\trace_net\ocr_route_scan_pack_tesseract_full\page_images\t_p_120_1176_p000410.tif,,needs_review,
411,t_p_120_1176_p000411,medium,True,needs_human_review,table_or_index,,table,80,1,table_or_index_medium_or_ambiguous,"< EMBRAER

MAINTENANCE MANUAL WITH

ILLUSTRATED PARTS LIST

\\

18

\\ |

\\ |

oS 160

\\ 4

/o™~

170

Sn

195

e.

190

a0 GT

NA

\ \

180

\i

160 170

150

30

40

“+

“+

4

ad

“vie

“ve

80

| ana ee

Sf yt

| @>

“vr

\

95

| a

\ \\

\ Ss

Se.

\

\\

— \ \\ \

\\

60

70

\\

10 —&

30

40

-~y .)

On

“ a

“ a“

“ a

a“ “

7 “

a“ “v

foe

me

oe

50

20

50

120TP250091.MCE

Double Passenger Seat Structure (120-29068-013/051)

Figure 98

Sheet 2

EFFECTIVITY: ALL

25-21-00

Page 1348

T.P. 120/1176

Sep 30/98
",local_data\organization\trace_net\ocr_route_scan_pack_tesseract_full\page_images\t_p_120_1176_p000411.tif,,needs_review,
414,t_p_120_1176_p000414,medium,True,needs_human_review,table_or_index,,table,91,1,table_or_index_medium_or_ambiguous,"< EMBRAER

MAINTENANCE MANUAL WITH

ILLUSTRATED PARTS LIST

100

110

210

100

\

110

\

SS

SN

a 120

Q>

130

Ke>

SS

S\

SS

~

140

Ze

200

281

SN

282 —Ss

“}

310 —

ra

as

Rarer,

{ot

C;

~N “y]

1

|

90

310

300

270

250

G

NUN

~ ON

~~ ON

290

\ “|

~ ON

~ ON

NUN

260

@/

~ ON

~~ ON

230

~ oN

Jt

a

f

\ / / /

280

/ of

Cv!

ios”

~ ON

~LN

ao

~A!

~LN

~ t

/ P

240

120CMM250085.MCE A

Double Passenger Seat Structure (120-29068-073)

Figure 99

Sheet 1

EFFECTIVITY: ALL

25-21-00

Page 1351

T.P. 120/1176

Jul 15/02
",local_data\organization\trace_net\ocr_route_scan_pack_tesseract_full\page_images\t_p_120_1176_p000414.tif,,needs_review,
415,t_p_120_1176_p000415,medium,True,needs_human_review,table_or_index,,table,80,1,table_or_index_medium_or_ambiguous,"< EMBRAER

MAINTENANCE MANUAL WITH

ILLUSTRATED PARTS LIST

\\

18

\\

~~ 460

\\ |

/o™~

a

170

\

195

Gy

190

AC

aw \\

180

in

160 170

150

30

40

“+

“oy

7 oe

“7

oo

4

| ana vert

28

“ C4 a“

1a>

\

LEZ

~

\\

\\

~~ 1h

AN

60

70

ys

10 —@

30 40

Dig

Vn

a a“

a “

“ a“

oof yy

“ 4 yv

“ a“

4

50

I

20

50

120TP250083.MCE

Double Passenger Seat Structure (120-29068-073)

Figure 99

Sheet 2

EFFECTIVITY: ALL

25-21-00

Page 1352

T.P. 120/1176

Sep 30/98
",local_data\organization\trace_net\ocr_route_scan_pack_tesseract_full\page_images\t_p_120_1176_p000415.tif,,needs_review,
418,t_p_120_1176_p000418,medium,True,needs_human_review,table_or_index,,table,103,1,table_or_index_medium_or_ambiguous,"< EMBRAER
MAINTENANCE MANUAL WITH
ILLUSTRATED PARTS LIST
100
110
| 4-10
D / —~ a 120
. SA J/ Se A 130
©
14
0 (A) SS {} 200
281 SS y 703
282 —— a, \ 4 Ca
310 — Te Sy
PO Ny |
LT SS} ~e! \ (0)
—— < SS /| /
/ “~ | ! 1
/ / : 90
/
310
300 SS | 270-250
| SSS, Sei |
290 ral NN ~S py 780 Ce) >
Se eS)
(B) ~S a co J}
280 , NY?
/ ia I~ ey
~s i i / P
ere 7 i 1 ; 240
~ UZ vA yi (A)
120CMM250085.MCE A
Double Passenger Seat Structure (120-29068-075)
Figure 100
Sheet 1
EFFECTIVITY: ALL 25 21 00
Page 1355
T.P. 120/1176 Jul 15/02
",local_data\organization\trace_net\ocr_route_scan_pack_tesseract_full\page_images\t_p_120_1176_p000418.tif,,needs_review,
419,t_p_120_1176_p000419,medium,True,needs_human_review,table_or_index,,table,88,1,table_or_index_medium_or_ambiguous,"< EMBRAER
MAINTENANCE MANUAL WITH
ILLUSTRATED PARTS LIST
i
oy |
\ é ~~ 160
hy / oN
ie ce 170
aS
i 195 ;
Gy f i i
(E) a /
190 fof /
y /
poe 180
ini Bs
160 170 150 (B)
my
i 8
| |
| | & 40
Hi |
Tf etege
| | | an
few yo
95 a aa\e
wa
70 / iy \ 60
10 ——& 30 vy .\
S 40 oe on,
aaa \ ;
ore \
eee @ }
an By \
\ / | *\
50
20 50
120TP250091.MCE
Double Passenger Seat Structure (120-29068-075)
Figure 100
Sheet 2
EFFECTIVITY: ALL 25-21 -00
Page 1356
T.P. 120/1176 Sep 30/98
",local_data\organization\trace_net\ocr_route_scan_pack_tesseract_full\page_images\t_p_120_1176_p000419.tif,,needs_review,
422,t_p_120_1176_p000422,medium,True,needs_human_review,table_or_index,,table,90,1,table_or_index_medium_or_ambiguous,"< EMBRAER
MAINTENANCE MANUAL WITH
ILLUSTRATED PARTS LIST
100
180 4 100
280 ——4
250 s | Sx
or Se Ss
LOE / SX
© SS
260-~ IN
110 ee ina 190
S L/;
(A) SQ 250
~~ <n 170
OAKS
RX
\
“ 949 20 90
“SSSS. 230 — ey /
200 “23s, PY
yA - “/ / /
A a waa
i WN / Hi /
/O 1 ey ;
se i / / 2)
oo / ' ] |
— of tf HO
eo / J /
a 7 J (A)
120TP250092.MCE
Double Passenger Seat Structure (120-29068-015)
Figure 101
Sheet 1
EFFECTIVITY: ALL
25 21 00 Page 1359
T.P. 120/1176 Sep 30/98
",local_data\organization\trace_net\ocr_route_scan_pack_tesseract_full\page_images\t_p_120_1176_p000422.tif,,needs_review,
423,t_p_120_1176_p000423,medium,True,needs_human_review,table_or_index,,table,82,1,table_or_index_medium_or_ambiguous,"< EMBRAER

MAINTENANCE MANUAL WITH

ILLUSTRATED PARTS LIST

18

\\

~~ 160

\\ 4

\\

,o~

170

a

Ye

195

oN

190

a7 y+

Pas A.

“4

180

oa

160 170

150

30

40

“+

oy -

4“

“oy -

Soyo es

“vie

and

80

a“ 7 “7

4 yi7

95

lL

1\@y>

\

\

,

wi

70

~ Y

\

\ \

60

30

-»y .)

\\

10 ——@

40

\Om™

“ “

a“ “

“ “

“ fy“

“ oy

“Ye

""Bs \

50

20

50

120TP250091.MCE

Double Passenger Seat Structure (120-29068-015)

Figure 101

Sheet 1

EFFECTIVITY: ALL

25-21-00

Page 1360

T.P. 120/1176

Sep 30/98
",local_data\organization\trace_net\ocr_route_scan_pack_tesseract_full\page_images\t_p_120_1176_p000423.tif,,needs_review,
425,t_p_120_1176_p000425,medium,True,needs_human_review,detailed_parts_list,,table,131,4,detailed_parts_list_not_strong_enough,"€ emenncn

MAINTENANCE MANUAL WITH

ILLUSTRATED PARTS LIST
AIRLINE EFF | UNITS
FIG. ITEM | PARTNUMBER STOCK vase EODE. FROM | PER
NUMBER TO ASSY
101 -211 |MS24693-C26 SCREW. ccc cece eeeeeeeeeeeeeeeeenaas 8
220 | 120-29083-001 » BUSHING 00 ccccccceeeeeeeeeeeeeeentneaaes VS4956 2
230 | AN960-416 AAS) | lp re 2
-231 | AN960C8 ~ WASHER... cect eeeeeeeeeeeeeeeennnees 6
240 | MS21042L4 A LO ee 2
-241 |MS21042-06 A LO ee 8
250 | 120-38579-003 SUPPORT 0.0... ccccceceeteeeeeeeeeeeeeeenteeaaes VS4956 2
260 | 120-38579-001 SUPPORT 0.0... ccccceceeteeeeeeeeeeeeeeenteeaaes VS4956
ATTACHING PARTS
270 | MS24693-S54 SCREW. ccc cece eeeeeeeeeeeeeeeeenaas 6
280 | H14-08 As 0 ne 6
USAGE CODE LIST
A AIRCRAFT 120035 THRU 120048,
120052, 120056 AND 120059
B AIRCRAFT 120052, 120056 AND
120059
-ITEM NOT ILLUSTRATED
Double Passenger Seat Structure (120-29068-015)
Figure 101
Sheet 4
EFFECTIVITY: ALL 25 2 1 0 0
= =
Page 1362

T.P. 120/1176 Apr 10/06

",local_data\organization\trace_net\ocr_route_scan_pack_tesseract_full\page_images\t_p_120_1176_p000425.tif,,needs_review,
426,t_p_120_1176_p000426,medium,True,needs_human_review,table_or_index,,table,89,1,table_or_index_medium_or_ambiguous,"< EMBRAER

MAINTENANCE MANUAL WITH

ILLUSTRATED PARTS LIST

100

110

100

210

110

310

\

280

SS

300

fd SF

SS

130

CE

SS

Sy

220

SEE

eS

140 (A)

280 —<s_//

SE

OE

200

Se

>

a

~~

E oa

JD

/ \

270 ——__

250

90

~~ ON

~ON

~~ ON

~ ON

260

@ /

~O™

~ ON

NON

230

NON

Va

Zoe

fy

fy

4 7

a aA

‘os

‘oy

ony

vd ~oN

~ oN

~ oN

—

eR

Qa!

~ ~

a,

240

120TP250093.MCE

Double Passenger Seat Structure (120-29068-025/027)

Figure 102

Sheet 1

EFFECTIVITY: ALL

25-21-00

Page 1363

T.P. 120/1176

Sep 30/98
",local_data\organization\trace_net\ocr_route_scan_pack_tesseract_full\page_images\t_p_120_1176_p000426.tif,,needs_review,
427,t_p_120_1176_p000427,medium,True,needs_human_review,table_or_index,,table,80,1,table_or_index_medium_or_ambiguous,"< EMBRAER
MAINTENANCE MANUAL WITH
ILLUSTRATED PARTS LIST
i
Vy |
\ é ~~ 160
Wy. ooN
Ky -170
sn 7
/ ~
g —
ij /
Gy (E) / | /
190 / / /
a J /
Tee N 180
\ tr &
160 170 bo (B)
F
ii 8
Vy 40
1 | | aan
80 SS aeons
I Gan
| :
aS a. C
| vw \
| / SMO 60
o—g ” | yA
oe | \
ara @ }
Le oy? \
/ i *\
50
20 50
120TP250088.MCE
Double Passenger Seat Structure (120-29068-025/027)
Figure 102
Sheet 2
EFFECTIVITY: ALL 25-21 -00
Page 1364
T.P. 120/1176 Sep 30/98
",local_data\organization\trace_net\ocr_route_scan_pack_tesseract_full\page_images\t_p_120_1176_p000427.tif,,needs_review,
430,t_p_120_1176_p000430,medium,True,needs_human_review,table_or_index,,table,78,1,table_or_index_medium_or_ambiguous,"< EMBRAER

MAINTENANCE MANUAL WITH

ILLUSTRATED PARTS LIST

100

110

100

210

110

300

\

270

SSS

290

SX

>

130

SE

SS

© eo 280

SS

210

SSE

>

140 (A)

270

EF,

oo

200

Si

SS

Zan

JD

/ \

260 ——___

240

90

~oN

NON

~ ON

250

~NON

NON

~ON

@!

220

~ ON

Va

/ |

Sf

/ /

/ /

Cw!

PON LN

~ ~

~ oN

ao

AR

a!

~ ON

(v4

&

230

120TP250094.MCE

Double Passenger Seat Structure (120-29068-035/057)

Figure 103

Sheet 1

EFFECTIVITY: ALL

25-21-00

Page 1367

T.P. 120/1176

Sep 30/98
",local_data\organization\trace_net\ocr_route_scan_pack_tesseract_full\page_images\t_p_120_1176_p000430.tif,,needs_review,
431,t_p_120_1176_p000431,medium,True,needs_human_review,table_or_index,,table,83,1,table_or_index_medium_or_ambiguous,"< EMBRAER
MAINTENANCE MANUAL WITH
ILLUSTRATED PARTS LIST
of
\iig
\
i \ @ ~~ 160
yay ooN~
Wy ~ 170
/ 1495 ~
ew 4 / /
J / /
o o4
y JL /
ye / aan
KN
Te 180
\ 9 BP
160 170 150 (B)
F
Hit 80
I! & 40
a a
1 | | | ana
80 reece
| “ .
~~ e NY \
Wy \
—_ / a) \ 60
10 —& 30 »y \
40 yaa ON.
Oe < be i
< / Pe
50
20 50
120TP250083.MCE
Double Passenger Seat Structure (120-29068-035/057)
Figure 103
Sheet 2
EFFECTIVITY: ALL 25-21 -00
Page 1368
T.P. 120/1176 Sep 30/98
",local_data\organization\trace_net\ocr_route_scan_pack_tesseract_full\page_images\t_p_120_1176_p000431.tif,,needs_review,
434,t_p_120_1176_p000434,medium,True,needs_human_review,table_or_index,,table,87,1,table_or_index_medium_or_ambiguous,"< EMBRAER
MAINTENANCE MANUAL WITH
ILLUSTRATED PARTS LIST
100
110
210 100
110
300 ——__—_— \
270 / SK 5
(E)— ~ (B) ts SO (7 __ 439
280 Svs
140 K NN YK 210
A) Se ge on 200
©
1 \
“969 ss 40 90
“SDS. 250 — Fey /
“220, S255 van
ON a cy yf i
~“, WN / / /
ao b | aS
vio s~sy
7 I~ @, ~
NO , / , NO
ane H ; / |
a / j / 930
1201P250094.MCE
Double Passenger Seat Structure (120-29068-043/045)
Figure 104
Sheet 1
EFFECTIVITY: ALL
25 21 00 Page 1371
T.P. 120/1176 Sep 30/98
",local_data\organization\trace_net\ocr_route_scan_pack_tesseract_full\page_images\t_p_120_1176_p000434.tif,,needs_review,
435,t_p_120_1176_p000435,medium,True,needs_human_review,table_or_index,,table,78,1,table_or_index_medium_or_ambiguous,"< EMBRAER
MAINTENANCE MANUAL WITH
ILLUSTRATED PARTS LIST
of
Voy |
i é ——~ 160
ie /o™ 170
ao
a
/ 195 ~
Cw 4 / /
J / /
190 (E) / /| i
y / /
ia / aan
pee 180
an Bs
160 170 150 (B)
my
eo
|
yt ow
80 reece
| “ .
| @ Wy \
| 70 / i) \ 60
10 —& 30 ws)
40.
eee NS
Oe < le i
“7 Qe:
\
50 |
20 50
120TP250083.MCE
Double Passenger Seat Structure (120-29068-043/045)
Figure 104
Sheet 2
EFFECTIVITY: ALL 25-21 -00
Page 1372
T.P. 120/1176 Sep 30/98
",local_data\organization\trace_net\ocr_route_scan_pack_tesseract_full\page_images\t_p_120_1176_p000435.tif,,needs_review,
437,t_p_120_1176_p000437,medium,True,needs_human_review,detailed_parts_list,,table,134,6,detailed_parts_list_not_strong_enough,"€ emenncn

MAINTENANCE MANUAL WITH

ILLUSTRATED PARTS LIST
AIRLINE EFF | UNITS
FIG. ITEM | PARTNUMBER STOCK vase EODE. FROM | PER
NUMBER TO ASSY
104 210 | 120-41225-003 . STRUCTURE, ARMREST...............0.0e VS4956 2
220 | 120-41225-005 . STRUCTURE, ARMREST..................0000 VS4956 1
ATTACHING PARTS
230 | NAS4704-6 SCREW ooo ccc ceceetcttteeeeeeeeeeeeeeenneas 2
-231 |MS51957-45 SCREW 0c ccc cece tteeeeeeeeeeeeeeeeneas 4
240 | 120-29083-001 » BUSHING 200 cceeccceeeeeeeeeeeeeeeenteeaaas VS4956 2
250 | AN960-416 AAS) | = 5 re 2
260 | MS21042L4 A LO ne 2
-261 |MS21061L08 A LO ne 4
270 | 120-26948-003 SUPPORT 0.0... cceccececteceeeeeeeeeeeeenteenaes VS4956 2
280 | 120-26948-001 SUPPORT 0.0... cceccececteceeeeeeeeeeeeenteenaes VS4956
ATTACHING PARTS
290 | MS24693-S54 SCREW 00 cecceeetteeeeeeeeeeeeeeeenes 6
-291 |MS24693-S53 SCREW 00 cccccecsseecseeeeeeeeeeeeeeeeenaas 4
300 | H14-08 As LO ne 6
-ITEM NOT ILLUSTRATED
Double Passenger Seat Structure (120-29068-043/04",local_data\organization\trace_net\ocr_route_scan_pack_tesseract_full\page_images\t_p_120_1176_p000437.tif,,needs_review,
438,t_p_120_1176_p000438,medium,True,needs_human_review,table_or_index,,table,98,0,table_or_index_medium_or_ambiguous,"< EMBRAER
MAINTENANCE MANUAL WITH
ILLUSTRATED PARTS LIST
100
110
210 100
110
310 ———_ \
280 / SY
300 ——— C) we s 120
()— ~ (B) ts / SO /7]_ __ 430
290 SS
140 K NOS; 220
(A) SQ 280 EY,
we a &} 200
1 \
“979 ss 80 90
S280. S35, Tan
~N S x / ; J
N ; NN a i /
x N / A i
EHS
yo I~ o a
s / / i “9
~S i / /
~ oS, / ; /
AL / / / 240
a Z / (
a ue / (A)
1201P250093.MCE
Double Passenger Seat Structure (120-29068-06 1/063)
Figure 105
Sheet 1
EFFECTIVITY: ALL
25 21 00 Page 1375
T.P. 120/1176 Sep 30/98
",local_data\organization\trace_net\ocr_route_scan_pack_tesseract_full\page_images\t_p_120_1176_p000438.tif,,needs_review,
439,t_p_120_1176_p000439,medium,True,needs_human_review,table_or_index,,table,78,1,table_or_index_medium_or_ambiguous,"< EMBRAER
MAINTENANCE MANUAL WITH
ILLUSTRATED PARTS LIST
of
Voy |
i é ——~ 160
ie /o™ 170
ao
a
/ 195 ~
Cw 4 / /
J / /
190 (E) / /| i
y / /
ia / aan
pee 180
an Bs
160 170 150 (B)
my
eo
|
1 oe
80 reece
| “ .
| @ Wy \
| 70 / i) \ 60
10 —& 30 ws)
40.
eee NS
Oe < le i
“7 Qe:
\
50 |
20 50
120TP250083.MCE
Double Passenger Seat Structure (120-29068-061/063)
Figure 105
Sheet 2
EFFECTIVITY: ALL 25-21 -00
Page 1376
T.P. 120/1176 Sep 30/98
",local_data\organization\trace_net\ocr_route_scan_pack_tesseract_full\page_images\t_p_120_1176_p000439.tif,,needs_review,
441,t_p_120_1176_p000441,medium,True,needs_human_review,detailed_parts_list,,table,138,7,detailed_parts_list_not_strong_enough,"€ emenncn

MAINTENANCE MANUAL WITH

ILLUSTRATED PARTS LIST
AIRLINE EFF | UNITS
FIG. ITEM | PARTNUMBER STOCK vase EODE. FROM | PER
NUMBER TO ASSY
105 220 | 120-41225-001 . STRUCTURE, ARMREST...............0.0e VS4956 1
230 | 120-41225-005 . STRUCTURE, ARMREST..................0000 VS4956 1
ATTACHING PARTS
240 | NAS4704-6 SCREW ........ccccccccccccccccccecceseeesssstasssaeeeeeeees 4
-241 |MS51957-45 SCREW . 0... ccccccccccccecccceeceeeeeeesstsssssssaeeees 4
-242 | NAS4704-5 SCREW 2000... cccccccceccceeeeeeeceeeeeeeeeeeetttsaaees 1
250 | 120-29083-001 » BUSHING 00 ccccccceeeeeeeeeeeeeeentneaaes VS4956 4
260 | AN960-416 AAS) | = 5 re 4
-261 | 120-29574-003 ~ WASHER... cece cceeecceeeeeeeceeeeeeeentneaaes VS4956 1
270 |MS21042L4 NUT ooo eee cceceeeeeeeeeeeeeeeeeeeeeeeeseeeeeaaeeaaes 4
280 | 120-26948-003 SUPPORT 0.0... ccccceceeteeeeeeeeeeeeeeenteeaaes VS4956 2
290 | 120-26948-001 SUPPORT 0.0... ccccceceeteeeeeeeeeeeeeeenteeaaes VS4956 1
ATTACHING PARTS
300 | MS24693-S5",local_data\organization\trace_net\ocr_route_scan_pack_tesseract_full\page_images\t_p_120_1176_p000441.tif,,needs_review,
442,t_p_120_1176_p000442,medium,True,needs_human_review,table_or_index,,table,105,1,table_or_index_medium_or_ambiguous,"< EMBRAER

MAINTENANCE MANUAL WITH

ILLUSTRATED PARTS LIST

100

110

210

100

\

110

350

\

320

eS

SS

340

o 120

QJ

130

SE,

330

Ss

NPE

<r]

Sf fl

SS

140

320

EF,

200

281

SS

Ss

~~

ic an

JD

282 —Ss

7}

310

ea

Of

e |

Rarer,

ey

“7

‘|

_\ ®

90

310

300

250

py

~ ON

270 ——__

290

~ ON

~ ON

260

~ ON

~ ON

NUON

@/

230

~ ON

Va

4). i!

SB ®

a eA

N / /

/ of

280

on

ztio~™

SQ

“NON

~ LN

~ UN

So

a!

(¥

ey

ne

240

120CMM250095.MCE A

Double Passenger Seat Structure (120-29068-079)

Figure 106

Sheet 1

EFFECTIVITY: ALL

25-21-00

Page 1379

T.P. 120/1176

Jul 15/02
",local_data\organization\trace_net\ocr_route_scan_pack_tesseract_full\page_images\t_p_120_1176_p000442.tif,,needs_review,
443,t_p_120_1176_p000443,medium,True,needs_human_review,table_or_index,,table,85,1,table_or_index_medium_or_ambiguous,"< EMBRAER

MAINTENANCE MANUAL WITH

ILLUSTRATED PARTS LIST

18

\\

\\ |

oS 160

\\ 4

,o™~

170

aN

Va

195

e.

190

a7 GT

Nw

\ |

180

+

160 170

150

30

40

“oy

4 vy

4 oy -

“ vie

“ye

4

80

| 7 7

4 ye

yt

| @>

\

95

LA

\

‘an

\ \\

~ Y

\

60

70

Ny \\

\\

10 —&

30

40

-»y ,)

\O™

“ a

a“ “

“ a“

a“ “

a a“

a“ “y“

“ “

wl

ad

50

20

50

120TP250091.MCE

Double Passenger Seat Structure (120-29068-079)

Figure 106

Sheet 2

EFFECTIVITY: ALL

25-21-00

Page 1380

T.P. 120/1176

Sep 30/98
",local_data\organization\trace_net\ocr_route_scan_pack_tesseract_full\page_images\t_p_120_1176_p000443.tif,,needs_review,
446,t_p_120_1176_p000446,medium,True,needs_human_review,table_or_index,,table,76,1,table_or_index_medium_or_ambiguous,"< EMBRAER
MAINTENANCE MANUAL WITH
ILLUSTRATED PARTS LIST
—— 150
90 | 150
Ww fl /f 150
OS ,
S SS S we
S\ SS
160 K SH aw
OZ SS
—w
50 60 (B) | V2 7
ee | Le (B) 170
eo \ awl _ %
| (A
| 70 a Be
Obs A \ 140
@ 40 70 (B) ve
/
a SS Si f
NN P
Ye w
120TP250096.MCE
Triple Passenger Seat Structure (120-29069-001)
Figure 107
Sheet 1
EFFECTIVITY: ALL 25-21 -00
T.P. 120/1176 ""Sep 30/98
",local_data\organization\trace_net\ocr_route_scan_pack_tesseract_full\page_images\t_p_120_1176_p000446.tif,,needs_review,
448,t_p_120_1176_p000448,medium,True,needs_human_review,table_or_index,,table,80,1,table_or_index_medium_or_ambiguous,"< EMBRAER
MAINTENANCE MANUAL WITH
ILLUSTRATED PARTS LIST
—— 190
90 | 190
ww i} /f 190
~ SA |
Se —
SSA NS ~
UY > Sr SS >
ce Qo AX
G © WAX
160 <> A (B) 210
150 —€ 5
$170 *° 10
* 120
50 69 SS ey
ea 10 Bf,
50 ; |
so \. , - s-£— ie
, a> i
. J Ce Z\ ™~ 110
of 40 m ZS CK
B) oS
0g —
__ 120TP250097.MCE
Triple Passenger Seat Structure (120-29069-005)
Figure 108
Sheet 1
EFFECTIVITY: ALL
25-21 -00 Page 1385
T.P. 120/1176 Sep 30/98
",local_data\organization\trace_net\ocr_route_scan_pack_tesseract_full\page_images\t_p_120_1176_p000448.tif,,needs_review,
450,t_p_120_1176_p000450,medium,True,needs_human_review,detailed_parts_list,,table,68,3,detailed_parts_list_not_strong_enough,"< EMBRAER
MAINTENANCE MANUAL WITH
ILLUSTRATED PARTS LIST
AIRLINE EFF | UNITS
FIG. ITEM| PARTNUMBER STOCK vase CODE. FROM | PER
NUMBER TO ASSY
108 200 | 120-29078-001 W SEAT ooo. WMS4956 1
210 | 120-34489-001 . PLATE, REINFORCING..............0....022. VS4956 2
USAGE CODE LIST
A AIRCRAFT 120035 THRU 120048 AND
120052
-ITEM NOT ILLUSTRATED
Triple Passenger Seat Structure (120-29069-005)
Figure 108
Sheet 3
EFFECTIVITY: ALL 25-2 1 -00
Page 1387
T.P. 120/1176 Sep 30/98
",local_data\organization\trace_net\ocr_route_scan_pack_tesseract_full\page_images\t_p_120_1176_p000450.tif,,needs_review,
451,t_p_120_1176_p000451,medium,True,needs_human_review,table_or_index,,table,88,1,table_or_index_medium_or_ambiguous,"< EMBRAER
MAINTENANCE MANUAL WITH
ILLUSTRATED PARTS LIST
200
190
190 ———— ~~ 00
| 190
Ww 200
220 \\
. & SQ SNS
230 220 \\
— c SQ
iw —- 5 — a 220
SQV
210 S ™ S SS
y
MY > SO C SS 5
160 <> (B) 01% (B)
60 —_¢5 230
$170 10
20
140 35
| 100 d/I
50 80 Zsa GY;
oo 60 \ Ne SE < _~
| ae NN he
of 40 m —_ we Q
: (B)
|
30 ——&
120TP250098.MCE
Triple Passenger Seat Structure (120-29069-007/009)
Figure 109
Sheet 1
EFFECTIVITY: ALL
25-21 -00 Page 1388
T.P. 120/1176 Sep 30/98
",local_data\organization\trace_net\ocr_route_scan_pack_tesseract_full\page_images\t_p_120_1176_p000451.tif,,needs_review,
453,t_p_120_1176_p000453,medium,True,needs_human_review,detailed_parts_list,,table,129,7,detailed_parts_list_not_strong_enough,"€ emenncn

MAINTENANCE MANUAL WITH
ILLUSTRATED PARTS LIST
AIRLINE EFF | UNITS
FIG. ITEM| PARTNUMBER STOCK user EODE. FROM | PER
NUMBER TO ASSY
109 -171 |MS246943517 SCREW 00 ccccccccccccceettsteseseeeeeneeeeeeeees 086/999 2
180 |H14-08 A LO ee 2
190 | 120-40851-009 ~ BACKREST 0... ccccccccccceseeestttsteeaseeeees VS4956 B 3
-191 | 120-29075-017 ~ BACKREST o.oo cccccccccscessttsteeesaeeeeeeeees VS4956 C 3
200 | 120-40849-001 . COMPLEMENT ..............0c:cccccseeeeeeeeeeeeeen es VS4956 3
210 | 120-36059-001 SEAT occ cccccccccecceneeetttssseeseeeeeeeseeeeeeees VS4956 1
220 | 120-29102-003 . PLATE, ATTACHING ............cccccceeeesseeeeeeeees VS4956 6
230 | 120-34489-001 . PLATE, REINFORCING ...............0ccceeseeeee VS4956 2
USAGE CODE LIST
A AIRCRAFT 120049 THRU 120051 AND
120053 THRU 1200171
B AIRCRAFT 120048, 120051, 120053
THRU 120055, 120060 AND ON
C AIRCRAFT 120050, 120056, 120059
-ITEM NOT ILLUSTRATED
Triple Passenger Seat Structure (120-29069-007/009)
Fig",local_data\organization\trace_net\ocr_route_scan_pack_tesseract_full\page_images\t_p_120_1176_p000453.tif,,needs_review,
456,t_p_120_1176_p000456,medium,True,needs_human_review,detailed_parts_list,,table,117,4,detailed_parts_list_not_strong_enough,"€ emenncn

MAINTENANCE MANUAL WITH
ILLUSTRATED PARTS LIST
AIRLINE EFF | UNITS
FIG. ITEM| PARTNUMBER STOCK Mute CODE FROM | PER
NUMBER TO ASSY
110 KK
160 | 120-3001 7-001 .. BRACE, SLOTTED.............ccceeeeeeeteeeees VS4956 1
170 | 120-3001 7-002 .. BRACE, SLOTTED.............ccceeeeeeeteeeees VS4956 1
180 | 120-30016-001 .. ARM, LINKED 2.0.0.0... ceeeeeeeeeeeeeeeeeees VS4956 1
190 | 120-30016-002 .. ARM, LINKED 2.0.0.0... ceeeeeeeeeeeeeeeeeees VS4956 1
ATTACHING PARTS. .................0ccccccceeccceees
200 | MS27039-1-12 » SCREW... cccccccceecccceeeceenseessttsaeesaeeees
210 | MS35338-43 nA ANS) | =] 3 re
220 | 120-30020-005 ed =) Oho) a] | C eer VS4956
230 | 120-34784-001 .. PANEL ASSY, TABLE............0...cccccceeeeeees VS4956 1
USAGE CODE LIST
A AIRCRAFT 120028 (PRE MOD SB 120-
025-0082) AND 120029 AND ON.
— ITEM NOT ILLUSTRATED
Snack Folding Table
Figure 110
Sheet 3
EFFECTIVITY: ALL 25 21 00
= =
Page 1393

T.P. 120/1176 Sep 30/98
",local_data\organization\trace_net\ocr_route_scan_pack_tesseract_full\page_images\t_p_120_1176_p000456.tif,,needs_review,
459,t_p_120_1176_p000459,medium,True,needs_human_review,detailed_parts_list,,table,135,5,detailed_parts_list_not_strong_enough,"€ emenncn

MAINTENANCE MANUAL WITH
ILLUSTRATED PARTS LIST
AIRLINE EFF | UNITS
FIG. ITEM| PARTNUMBER | STOCK Mute eODE. FROM | PER
NUMBER TO ASSY
111 120 | 120-38428-001 ~ BUSHING 00... ee ce eeeteeeteeeeeteteeenentteren VS4956 2
130 | 120-38425-001 . ARM, LINKED 0.0... eeretttrternees VS4956 2

ATTACHING PARTS

140 | MS24694-C52 ». SCREW ooo ce cnet ene

150 | 120-38428-001 . BUSHING 2. renee VS4956

160 | 120-38429-001 ad | VS4956 2

170 | 120-38610-001 .. PANEL ASSY, TABLE... ee VS4956 Cc {
-171 | 120-40387-001 .. PANEL ASSY, TABLE... ee VS4956 | 042/999 1

USAGE CODE LIST

A AIRCRAFT 120028 (POS MOD SB 120-
025-0082) AND 120034 AND ON.

B AIRCRAFT 120028 (POS MOD SB 120-
025-0082) AND 120034 THRU 120037

C AIRCRAFT 120028 (POS MOD SB 120-
025-0082) AND 120034 THRU 120041

— ITEM NOT ILLUSTRATED

Snack Folding Table
Figure 111
Sheet 3

EFFECTIVITY: ALL 25-21 -00
Page 1396

T.P. 120/1176 Sep 30/98

",local_data\organization\trace_net\ocr_route_scan_pack_tesseract_full\page_images\t_p_120_1176_p000459.tif,,needs_review,
462,t_p_120_1176_p000462,medium,True,needs_human_review,detailed_parts_list,,table,77,3,detailed_parts_list_not_strong_enough,"€ emenncn

MAINTENANCE MANUAL WITH
ILLUSTRATED PARTS LIST
AIRLINE EFF | UNITS
FIG. ITEM| PARTNUMBER | STOCK Mute CODE FROM | PER
NUMBER TO ASSY

112
ATTACHING PARTS

170 | MS24694-C52 wee SCREW ooo. ec cecececeetteeeeeeeeeeeeteeentterens

180 | 120-38428-001 .» BUSHING 000. eee eeereee ere eeeenereeennneeens VS4956

190 | 120-38429-001 we PIN entree eenteetertenteeeertenes VS4956 2
200 | 120-40387-001 ... PANEL ASSY, TABLE ....0.... cece: VS4956

— ITEM NOT ILLUSTRATED

Snack Folding Table
Figure 112
Sheet 3

EFFECTIVITY: ALL 25-2 1 -00
Page 1399

T.P. 120/1176 Sep 30/98
",local_data\organization\trace_net\ocr_route_scan_pack_tesseract_full\page_images\t_p_120_1176_p000462.tif,,needs_review,
465,t_p_120_1176_p000465,medium,True,needs_human_review,detailed_parts_list,,table,83,3,detailed_parts_list_not_strong_enough,"€ emenncn

MAINTENANCE MANUAL WITH

ILLUSTRATED PARTS LIST
AIRLINE EFF | UNITS
FIG. ITEM| PARTNUMBER | STOCK Mute eODE. FROM | PER
NUMBER TO ASSY
113
150 | 120-38426-001 we TRACK 00. ccceeeereeeeenreeeentereeensnreeesneeenenees VS4956 2

160 | H42-06 NUT Lone tere etnneeesenneneeees V15653 4
170 | AN960C6 .. WASHER... cceecceeeecereeetereeensereeesneeeterees

180 | MS24693-C26 / SCREW... ee ceecceceeeereecseeeeeseteeesereterenees 4
190 | 120-38427-001 ». BUSHING 2... ceeeeeeecereeeseeeetereterenees VS4956 2
200 | 120-61411-001 .. PANEL ASSY, TABLE... eeeeeeertctee VS4956 1

— ITEM NOT ILLUSTRATED

Snack Folding Table
Figure 113
Sheet 3

EFFECTIVITY: ALL 25-21 -00
Page 1402

T.P. 120/1176 Sep 30/98
",local_data\organization\trace_net\ocr_route_scan_pack_tesseract_full\page_images\t_p_120_1176_p000465.tif,,needs_review,
468,t_p_120_1176_p000468,medium,True,needs_human_review,mixed_text_and_figure,,table,327,0,semantic_or_mixed_route_requires_human_review,"€ emenncn

MAINTENANCE MANUAL WITH
ILLUSTRATED PARTS LIST

F. Life Jacket Stowage (130) Disassembly (detail C of figure 1 of the Illustrated Parts List)

(1) Remove the Life Jacket Stowage (130) by releasing its four male fastener buttons (150).
G. Seat Bottom (20) Removal (figure 01 of the Illustrated Parts List)

(1) Remove Seat Bottom (20) by loosing its retaining Velcro fastener.
H. Seat Backrest (30) Removal (figure 01 of the Illustrated Parts List)

(1) Remove the Magazine Holder (200) by loosing its two attaching male fastener buttons and
the Velcro fastener.

(2) Remove the Snack Table Cover Latch (250) by loosing its three attaching screws (270).
(3) Remove the Seat Backrest Lining (30) by loosing the Velcro fastener.
J. Section PVC (160) Removal (figure 01 of the Illustrated Parts List)
(1) Remove nut (180), washer (170), and screw (190), and detach the PVC section (160).
K. Fixed Armrest Disassembly (detail A of figure 01 of the Illustrated Parts List)
(",local_data\organization\trace_net\ocr_route_scan_pack_tesseract_full\page_images\t_p_120_1176_p000468.tif,,needs_review,
469,t_p_120_1176_p000469,medium,True,needs_human_review,mixed_text_and_figure,,table,159,0,semantic_or_mixed_route_requires_human_review,"€ emenncn

MAINTENANCE MANUAL WITH
ILLUSTRATED PARTS LIST

N. Single Seat Armrests (200) Removal (detail E of figure 79 of the Illustrated Parts List)
(1) Remove the nut (220) and screw (210).
(2) Remove the armrest (200) from the seat structure.

P. Double Seat Armrests (190) Removal (detail A of figure 87 of the Illustrated Parts List)
(1) Remove the nut (240), washer (230), bushing (220), and screw (210).
(2) Remove the armrest (190) from the seat structure.

Q. Triple Seat Armrests (100) Removal (detail A of figure 107 of the Illustrated Parts List)
(1) Remove the nut (140), washer (130), bushing (120), and screw (110).
(2) Remove the armrest (100) from the seat structure.

R. Plug-in Snack Table Support (230) Removal (detail E of figure 84 of the Illustrated Parts List)
(1) Remove the nut (260), washer (250), and screw (240).

(2) Remove the support (230) from the armrest (200).

EFFECTIVITY: ALL 25-2 1 -00

Page 303/304
Sep 30/98
",local_data\organization\trace_net\ocr_route_scan_pack_tesseract_full\page_images\t_p_120_1176_p000469.tif,,needs_review,
474,t_p_120_1176_p000474,medium,True,needs_human_review,normal_text,,normal_text,75,0,semantic_or_mixed_route_requires_human_review,"< EMBRAER
MAINTENANCE MANUAL WITH
ILLUSTRATED PARTS LIST
CHECK
1. General
A. The following checks must be carried out on the passenger seats:
(1) Visually check all bolts, screws, and nuts removed for damaged threads and/or heads.
(2) Visually check the bushings removed for chafing.
(3) Visually check the parts for nicks, cracks, cuts, corrosion, scoring, excessive wear, and
defects that could impair an efficient seat operation.
EFFECTIVITY: ALL
25 21 00 Page 501/502
Sep 30/98
",local_data\organization\trace_net\ocr_route_scan_pack_tesseract_full\page_images\t_p_120_1176_p000474.tif,,needs_review,
476,t_p_120_1176_p000476,medium,True,needs_human_review,table_or_index,,table,219,3,table_or_index_medium_or_ambiguous,"€& emenncr

MAINTENANCE MANUAL WITH
ILLUSTRATED PARTS LIST

B. Ovens and heating blankets should be capable of maintaining controlled heatup rate of 1 to
113°F/min and temperatures up to 302 + 41°F (150 + 5°C).

4. Typical Repair to Laterals of Passenger Seats (figure 601)

A. Repair Kit - seat (P/N 120-47909-001).

PART QTY. MATERIAL
1 | SEAT LATERAL REPAIR PLATE] 2. | ALCLAD PLATE 2024T3 0.125 inch
(P/N 120-47866-001/002) ((3)2 mm)
2 | SEAT BACKREST JOINT REPAIR| 2 | ALCLAD PLATE 2024-0 0.040 inch
PLATE (P/N 120-47890-001) (1 mm)
FASTENER (CR 3523-4-2) AR -
FASTENER (CR 244CS-3-2) AR -
FASTENER (HL 51-6-6) AR -
COLLAR HST 79 CK-6 AR -

B. Repair Instruction.
(1) Remove the passenger seat lining.

(2) Position the repair plates as per the drawing of figure 601 and drill the passenger seat using
the holes existing in the repair plates as a reference.

(3) Attach the repair plates using the fasteners shown in figure 601.
(4) Install the passenger seat lining",local_data\organization\trace_net\ocr_route_scan_pack_tesseract_full\page_images\t_p_120_1176_p000476.tif,,needs_review,
477,t_p_120_1176_p000477,medium,True,needs_human_review,mixed_text_and_figure,,table,339,0,semantic_or_mixed_route_requires_human_review,"-< EMBRAER
MAINTENANCE MANUAL WITH
ILLUSTRATED PARTS LIST
B. Determine Damage (figure 602).
CAUTION: CHEMICAL PAINT STRIPPERS WILL ATTACK RESIN SYSTEMS, AND SHOULD
NOT BE USED TO REMOVE PAINT BEFORE MAKING DAMAGE ASSESSMENT.

(1) Examine visually for extent of damage.

(2) Check panel in vicinity of damage for entry of water, oil, fuel, dirt, or other foreign matter.

(3) Check for delamination around the damage by tapping firmly on the skin with a small solid
metal disk. Tap uniformly, following parallel lines along the suspect area. If delamination is
present, a dull sound will be heard as opposed to a clear metallic ring on a solidly bonded
area. With the aid of a marker, the contour of the delaminated area may be determined by
marking the spots where the changes in sound occur (figure 603).

(4) Make a chamfer in crack region in order to get a bit of fiber-glass layers (style 7781).

C. Remove Damage and Repair Damaged Area.
(1) Remove damage as follows:
(a) Tr",local_data\organization\trace_net\ocr_route_scan_pack_tesseract_full\page_images\t_p_120_1176_p000477.tif,,needs_review,
479,t_p_120_1176_p000479,medium,True,needs_human_review,mixed_text_and_figure,,table,235,0,semantic_or_mixed_route_requires_human_review,"€& emenncr

MAINTENANCE MANUAL WITH
ILLUSTRATED PARTS LIST

(6) Apply vacuum of 22.0 in.Hg (0.745 bars).

(7) Allow the repair to cure at the room temperature, or accelerate the cure by applying heat until
the temperature reaches 176°F (80°C).

(8) Remove the vacuum bag and lightly sand the edges and corners to produce a smooth finish
without damaging the fibers.

F. Repair Instruction (figure 605).
(1) Remove the cracked adhesive filler and apply EA9320 adhesive on the passenger seat back.

(2) Make 3 (three) reinforcements of stainless steel sheet 302 A2B 0.040"" in thickness and
install them with Cherry-Max rivets CR3523-4-( ).

(3) Adjust the side reinforcement contours according to the seat back shape.
(4) Form the front reinforcement according to the seat back shape.
(5) Rivet keeping a minimum edge distance of 0.32 inches and a pitch of 0.63 in.

6. Typical Repair for Cracks in Triple Passenger Seat Laterals (figure 606)

A. Repair Materials.

NOMENCLAT",local_data\organization\trace_net\ocr_route_scan_pack_tesseract_full\page_images\t_p_120_1176_p000479.tif,,needs_review,
481,t_p_120_1176_p000481,medium,True,needs_human_review,table_or_index,,table,256,4,table_or_index_medium_or_ambiguous,"€& emenncr

MAINTENANCE MANUAL WITH
ILLUSTRATED PARTS LIST

(b) Withdraw the fasteners which join the seat composite structure to the leg structure
assembly and luggage protector, taking care not to damage the holes.

NOTE: If any hole is damaged, repair as described in items 5B, 5C, 5D, 5E, and 5F.

(c) Adjust the baggage protector (P/N 120-34291-001) as necessary, using the installed
seat dimensions as a reference to position the new structure.

(d) Install the new leg structure (P/N 120-29073-005).

(e) Install the preformed seal (P/N PE13076-1) with adhesive AWG 106 before luggage pro-
tector riveting.

(f) Finish the reworked region with polyurethane top coat FS 595-37778/FS 595-37038 as
described in item 14.

B. Double Passenger Seat Leg Replacement (figure 609).

(1) Repair Materials.

PART QTY MATERIAL
1 |SECTION (P/N PE13076-1) 1 -
2 |LUGGAGE PROTECTOR 1 -
P/N 120-34292-001)
3. |CENTER LEG STRUCTURE 1 -
(PIN 120-29074-001)
FASTENER (CR 3522-5) AR",local_data\organization\trace_net\ocr_route_scan_pack_tesseract_full\page_images\t_p_120_1176_p000481.tif,,needs_review,
482,t_p_120_1176_p000482,medium,True,needs_human_review,table_or_index,,table,267,5,table_or_index_medium_or_ambiguous,"€& emenncr

MAINTENANCE MANUAL WITH
ILLUSTRATED PARTS LIST

(c) Adjust the baggage protector (P/N 120-34292-001) as necessary, using the installed
seat dimensions as a reference to position the new structure.

(d) Install the new leg structure (P/N 120-29074-005).

(e) Install the preformed seal (P/N PE13076-1) with adhesive AWG 106 before the luggage
protector riveting.

(f) Finish the reworked region with polyurethane top coat FS 595-37778 or FS 595-37038
as described in item 14.

C. Triple Passenger Seat Leg Replacement (figure 610).

(1) Repair Materials.

PART QTY MATERIAL
1 |CENTER LEG STRUCTURE 1 .
(P/N 120-29074-015)
2  |STRINGER (P/N 120-29919-001) 1 -
3. |LATERAL LEG STRUCTURE 1 -
(P/N 120-29073-006)
FASTENER (CR 3522-5) AR -
FASTENER (CR 3523-5) AR -
ADHESIVE AWG 106 AR -

NOTE: Equivalent substitutes for the listed items may be used.
(2) Repair Procedure.

(a) Remove the coat of paint from the seat region where the fasteners which join the s",local_data\organization\trace_net\ocr_route_scan_pack_tesseract_full\page_images\t_p_120_1176_p000482.tif,,needs_review,
483,t_p_120_1176_p000483,medium,True,needs_human_review,mixed_text_and_figure,,table,264,0,semantic_or_mixed_route_requires_human_review,"-< EMBRAER
MAINTENANCE MANUAL WITH
ILLUSTRATED PARTS LIST
(f) Finish the rework region with polyurethane top coat FS 595-37778/FS 595-37038 as
described in item 14.
9. Typical Repair to Damage in the Double Seat Armrest Latch (figure 611)
A. Repair Materials.
PART MATERIAL

1 OPTION 1: REINFORCEMENT 2 STAINLESS - STEEL PLATE
PLATE (DETAIL A OF FIGURE 302A2B, 0.51 MM (0.02 _ IN)
611) THICK
OPTION 2: REINFORCEMENT 1 STAINLESS - STEEL PLATE
PLATE (DETAIL B OF FIGURE 302A2B, 0.51 MM (0.02 _ IN)
611) THICK
OPTION 3: REINFORCEMENT 1 STAINLESS - STEEL PLATE
PLATE (DETAIL C OF FIGURE 302A2B, 0.51 MM (0.02 _ IN)
611) THICK

2 EPOXY RESIN (EA9320) AR -
WASH PRIMER AR -
PRIMER EPOXY AR -
PAINT, POLYURETHANE, BLACK AR -
(FS-595-37038)

B. Repair Instructions.

(1) Remove the armrest attaching parts from the seat structure: nut (240), washer (230), bush-
ing (220), and screw (210) (figure 87 of Illustrated Parts List).

(2) Using one of the three options, manually impr",local_data\organization\trace_net\ocr_route_scan_pack_tesseract_full\page_images\t_p_120_1176_p000483.tif,,needs_review,
484,t_p_120_1176_p000484,medium,True,needs_human_review,mixed_text_and_figure,,table,216,0,semantic_or_mixed_route_requires_human_review,"€& emenncr

MAINTENANCE MANUAL WITH
ILLUSTRATED PARTS LIST

(6) Install the armrest to the seat structure.

10. Typical Repair to Damage in the Double Seat Armrest Stop (Pre-Mod. $.B. No.120-25-0224) (Figure
612)

A. Repair Materials.

NOMENCLATURE P/N
Carbon Fiber Fabric Style 584
Aramid Fiber Fabric Style 285
Base Resin Epoxy A, B, C, or D (Table 2 of SRM 51-70-01)
Curing Agent A, B, C, or D (Table 2 of SRM 51-70-01)
Sandpaper No. 80 -

B. Repair Instructions.

(1) Remove the armrest attaching parts from the seat structure: nut (240), washer (230), bush-
ing (220), and screw (210) (figure 87 of Illustrated Parts List).

(2) Remove the damaged part and delaminated plies according to the procedures described in
SRM (Structural Repair Manual) 51-70-01 Fiberglass / Aramid Fiber / Carbon Fiber Compos-
ite Struture Repairs - Room Temperature Cure (figure 612).

PLY NUMBER MATERIAL ORIENTATION
1 Carbon fiber fabric, style 584 0° / 90°
2 Carbon fiber fabric, sty",local_data\organization\trace_net\ocr_route_scan_pack_tesseract_full\page_images\t_p_120_1176_p000484.tif,,needs_review,
485,t_p_120_1176_p000485,medium,True,needs_human_review,mixed_text_and_figure,,table,244,0,semantic_or_mixed_route_requires_human_review,"€& emenncr

MAINTENANCE MANUAL WITH
ILLUSTRATED PARTS LIST

11. Typical Repair to Passanger Seat Leg (figure 613)

A. Single Passenger Seat Leg Repair.

(1) Repair Materials.

PART QTY. MATERIAL

1 LATERAL STRUCTURE (P/N 120-29073- 1 -

005)
2 | REPAIR DOUBLER 2 | ALCLAD PLATE 2024-T3
1.016 mm (0.040 in)
3 | ORIGINAL REINFORCEMENT DOUBLER 2 -

4 FASTENER (CR3242-4) OR MS20470 AD4 AR -

5 FASTENER (CR3212-4) OR MS20470 AD4 AR -

NOTE: If the hole is damaged, use the oversize fastener (5) listed above.
(2) Repair Procedure.

(a) Remove the original reinforcing doublers (3) from the leg. Refer to SRM (Structural
Repair Manual) chapter 51-40-02 for Fastener Installation/Removal.

(b) Inspect the leg for cracks. If there is any crack in the leg, locate the end of the crack and
drill a stop hole of 3.175 mm (1/8 in).

(c) Smooth all dents and deformation in the leg.

(d) Set the repair doublers (2) over the leg and reinforcing doublers (3) over the repair d",local_data\organization\trace_net\ocr_route_scan_pack_tesseract_full\page_images\t_p_120_1176_p000485.tif,,needs_review,
486,t_p_120_1176_p000486,medium,True,needs_human_review,table_or_index,,table,232,1,table_or_index_medium_or_ambiguous,"-< EMBRAER
MAINTENANCE MANUAL WITH
ILLUSTRATED PARTS LIST
B. Double Passenger Seat Leg Repair.
(1) Repair Materials.
PART MATERIAL
1 LATERAL STRUCTURE 1 -
(P/N 120-29074-001)
2 REPAIR DOUBLER 2 ALCLAD PLATE 2024-T3
1.016 mm (0.040 in)
3 ORIGINAL REINFORCEMENT DOUBLER 2 -
4 FASTENER (CR3242-4) OR MS20470 AD4 AR -
5 FASTENER (CR3212-4) OR MS20470 AD4 AR -
NOTE: Ifthe hole is damaged, use the oversize fastener (5) listed above.
(2) Repair Procedure.

(a) Remove the original reinforcing doublers (3) from the leg. Refer to SRM (Structural
Repair Manual) - chapter 51-40-02 for Fastener Installation/Removal.

(b) Inspect the leg for cracks. If there is any crack in the leg, locate the end of the crack and
drill a stop hole of 3.175 mm (1/8 in).

(c) Smooth all dents and deformation on the leg.

(d) Set the repair doublers (2) over the leg and reinforcing doublers (3) over the repair dou-
bler, drilling them using the holes in the reinforcing doublers as a guide, and t",local_data\organization\trace_net\ocr_route_scan_pack_tesseract_full\page_images\t_p_120_1176_p000486.tif,,needs_review,
487,t_p_120_1176_p000487,medium,True,needs_human_review,mixed_text_and_figure,,table,242,0,semantic_or_mixed_route_requires_human_review,"-< EMBRAER
MAINTENANCE MANUAL WITH
ILLUSTRATED PARTS LIST
C. Triple Passenger Seat Leg Repairs.
(1) Repair Materials.
PART MATERIAL
1 LATERAL STRUCTURE (P/N 120-29073- 1 -
015)
2 LATERAL LEG STRUCTURE (P/N 120- 1 -
29073-006)
3 REPAIR DOUBLER 2 ALCLAD PLATE 2024-T3
1.016 mm (0.040 in)
4 ORIGINAL REINFORCEMENT DOUBLER 2 -
5 FASTENER (CR3242-4) OR MS20470 AD4 AR -
6 FASTENER (CR3212-4) OR MS20470 AD4 AR -
NOTE: If the hole is damaged, use the oversize fastener (5) listed above.
(2) Repair Procedure.

(a) Remove the original reinforcing doublers (4) from the leg. Refer to SRM (Structural
Repair Manual) - chapter 51-40-02 for Fastener Installation/Removal.

(b) Inspect the leg for cracks. If there is any crack in the leg, locate the end of the crack and
drill a stop hole of 3.175 mm (1/8 in).

(c) Smooth all dents and deformation in the leg.

(d) Set the repair doublers (3) over the leg and reinforcing doublers (4) over the repair dou-
bler, drilling them using t",local_data\organization\trace_net\ocr_route_scan_pack_tesseract_full\page_images\t_p_120_1176_p000487.tif,,needs_review,
488,t_p_120_1176_p000488,medium,True,needs_human_review,mixed_text_and_figure,,table,287,0,semantic_or_mixed_route_requires_human_review,"€& emenncr

MAINTENANCE MANUAL WITH
ILLUSTRATED PARTS LIST

12. Typical Repair for Metal Seat Back Frame (figure 614)

A. Repair Materials.

PART QTY. MATERIAL
1 METAL SEAT BACK FRAME 1 -
2 REPAIR SLEEVE 1 STEEL 4130 TUBING,
7/8 in. O.D. 0.058 IN WALL
3 ROD MIL-R-5632, CLASS 2 TYPE 1 AR -

B. Repair Procedure.

(1)
(2)

(3)
(4)

(5)

(6)
(7)
(8)

Repair as indicated in detail C of figure 614.

Use glass-bead blast over the area where the repair sleeve should be installed in the frame
(1) as well as in the repair sleeve (2) around the area where the weld will be applied.

Set the repair sleeve (2) over the metal seat back frame (1).

Weld around the extremity of the repair sleeve, using the TIG process with rod MIL-R-5632,
Class Il, Type | (3).

Use a stove to do a stress-relief locally, with the temperature between 995 and 1049°F (535
and 565°C) during 2 hours.

Sand smooth all rough surfaces.
Inspect the welded area for cracks using liquid dy",local_data\organization\trace_net\ocr_route_scan_pack_tesseract_full\page_images\t_p_120_1176_p000488.tif,,needs_review,
495,t_p_120_1176_p000495,medium,True,needs_human_review,procedure_or_description,,table,80,0,procedure_or_description_not_strong_enough,"rT

L~ |

€& emenncr

1 - 445°
2 - 0°90°
3 -+45°
4 - 0°90°
5 - 0°90°
6 -+45°
7 - 0°90°
8 -+45°

MAINTENANCE MANUAL WITH
ILLUSTRATED PARTS LIST

-— > A
+ FASTENER CR 3523-4-()

—> A
METAL REINFORCEMENT

fa)

—
VIEW B

SECTION A-A (BOTH SIDES)

REINFORCEMENT ON BOTH SIDES

1,4""

|

1,4""

+ +/+ +4

|

\
+ + )+ +
\
++ ]t +
+ o+t\T +
+ + }+ +
+ +)+ +
t+ + 0+ +
+ + }+ +

FRONT REINFORCEMENT

120TP250008.MCE

Typical Repair to Passenger Seat Back Crack
Figure 605

EFFECTIVITY: ALL

25-21 -00 Page 621

T.P. 120/1176 Sep 30/98
",local_data\organization\trace_net\ocr_route_scan_pack_tesseract_full\page_images\t_p_120_1176_p000495.tif,,needs_review,
496,t_p_120_1176_p000496,medium,True,needs_human_review,procedure_or_description,,table,84,0,procedure_or_description_not_strong_enough,"-< EMBRAER
MAINTENANCE MANUAL WITH
ILLUSTRATED PARTS LIST
S
SE
C7
(GO
\ <7
( 5 Chey SF
Cos
Q
f ly
CRACK pe
VIEW A
|
B
B
VIEW A
——_ 1 Al - POS 1 02302
ee
7 ——s A2 - POS 1.09902
eth dl A3 - POS 2 452
—— At - POS 2 ts
A5 - POS 1 02302
LAY UP DAMAGED AB -— POS 109902
SECTION B B
120TP250009.MCE
Typical Repair to Cracks in Triple Passenger Seat Laterals
Figure 606
EFFECTIVITY: ALL
25 21 00 Page 622
T.P. 120/1176 Sep 30/98
",local_data\organization\trace_net\ocr_route_scan_pack_tesseract_full\page_images\t_p_120_1176_p000496.tif,,needs_review,
497,t_p_120_1176_p000497,medium,True,needs_human_review,procedure_or_description,,image_visual,81,0,procedure_or_description_not_strong_enough,"-< EMBRAER
MAINTENANCE MANUAL WITH
ILLUSTRATED PARTS LIST
)
NA
————————
(F9 CRACK Z CB
1D, 7 /
Py Y
YY
04
> ae Yl NS
ST A AALS SES
aS SS
VIEW A
——>_ Pb Al - POS 1 02302
~~ _
Se S| soe - POs 1 02002
_ ee
es =
A3 - POS 2 +459
A4 - POS 2 1459
AS - POS 1 09302
A6 - POS 1 02902
120TP250010.MG
Repair to Fixed Cover of Single Passenger Seat Laterals
Figure 607
EFFECTIVITY: ALL
25 21 00 Page 623
T.P. 120/1176 Sep 30/98
",local_data\organization\trace_net\ocr_route_scan_pack_tesseract_full\page_images\t_p_120_1176_p000497.tif,,needs_review,
501,t_p_120_1176_p000501,medium,True,needs_human_review,procedure_or_description,,table,108,0,procedure_or_description_not_strong_enough,"-< EMBRAER

MAINTENANCE MANUAL WITH

ILLUSTRATED PARTS LIST

ye

7r;)

7D

o-\|*

ad

“7

“es

loot

oy

“oe

“er

“oes?

ISS

“iN

17

Pn

i

S

in vol

Loe

Ss

CRACK

Ss

SQ

ww

REPAIR OPTIONS a

2

LE

EPOXY RESIN

Sy

er

Ky

iP

C2

GY

4

G

A

REPAIR PARTS

G

EPOXY RESIN

OPTION A

EPOXY RESIN

SN

SO

=

ig

S>

My

P

SY

LS

SS

P

Sy

S>

LP

i,

A

ff

Zz

G

Y

REPAIR PART

4B

V4

WA

G

G

G

REPAIR PART

OPTION C

OPTION B

120TP250103.MCE

Typical Repair to Armrest Latch

Figure 611

EFFECTIVITY: ALL

25-21-00

Page 627

T.P. 120/1176

Sep 30/98
",local_data\organization\trace_net\ocr_route_scan_pack_tesseract_full\page_images\t_p_120_1176_p000501.tif,,needs_review,
502,t_p_120_1176_p000502,medium,True,needs_human_review,procedure_or_description,,table,109,0,procedure_or_description_not_strong_enough,"-< EMBRAER
MAINTENANCE MANUAL WITH
ILLUSTRATED PARTS LIST
NN a“ aN
\ a a KO!
“7 a a ~y
» Lees, on a /
; SO / ee Uc A
Lo SS <—S i aa aa 10, ~
< a ~ rT SS (Ce a ZA y US
Ww we?
Sw Z SF, DAMAGE py ©
Dy 7 S
S
+ 2
PLY No. ORIENTATION
1 - 0°/ 90°
2 - 0°/ 90° == ==
3 - +45° 345! P00) MIN.
4 - 0°/ 90° 8
5 - +45°
6 - 0°/ 90°
7 - +45°
8 - 0°/ 90°
LAMINATION OF LAYERS
VIEW A
DIMENSIONS: ™
(in)
120TP250105.MCE
Typical Repair to Damage Seat Armrest Stop (Pre-Mod. $.B. 120-25-0224)
Figure 612
EFFECTIVITY: ALL 25-21 -00
Page 628
T.P. 120/1176 Sep 30/98
",local_data\organization\trace_net\ocr_route_scan_pack_tesseract_full\page_images\t_p_120_1176_p000502.tif,,needs_review,
503,t_p_120_1176_p000503,medium,True,needs_human_review,procedure_or_description,,image_visual,100,0,procedure_or_description_not_strong_enough,"-< EMBRAER
MAINTENANCE MANUAL WITH
ILLUSTRATED PARTS LIST
om
O/
SS aw
| — J) SS DETAIL A
we SX, 0
K NN < @
ww SS
\ Ci > Sy SS ‘
D < SN
Y SS K <i) . DAMAGED
aa Jo ZY \ Us SEAT STRUCTURE
Re REPAIR DOUBLERS
OVERLAPPING
VIEW B
™.
™. d
ORIGINAL REIFORCING So P
REPAIR DOUBLERS a
OVERLAPPING
CRACK STOP HOLE >
4+ MS20470AD4 ~
| OR CR3242-4
| ORIGINAL REIFORCING
haa
1 |
ie |!
F MS20470AD4
\! OR CR38212-4 h
Ie )
al |?
hae ifs
ie ° | i
y ®
i o-|
\ © l)
120CMM250104.MCE
Typical Repair to Passenger Seat Leg
Figure 613
EFFECTIVITY: ALL
25 21 00 Page 629
T.P. 120/1176 Jan 15/01
",local_data\organization\trace_net\ocr_route_scan_pack_tesseract_full\page_images\t_p_120_1176_p000503.tif,,needs_review,
504,t_p_120_1176_p000504,medium,True,needs_human_review,mixed_text_and_figure,,table,123,0,semantic_or_mixed_route_requires_human_review,"-< EMBRAER
MAINTENANCE MANUAL WITH
ILLUSTRATED PARTS LIST
DETAIL A AS
\ / SL
AY: | | “SS
st CRACK }
NN / ee
a / SS
CP / a.
/
NN 7] oy oo A
| Z~ erm \ ete N _
SA Ker"" a. \ lg ~S
SS 44 — J / / g B
U7 / / (a)
“7 ve / l
- 7 / /
KY aa ae ra a ~S
wy aaa welee SN : a
| wlo7 a “ey
| aan _ ~
Se TKS yA yS
es, aD)
MN WELD
| &
- VIEW B
! 92.20 }
! 1 (3.63) ""|
Kc : | |
| EGAN POTFI
| 1
| ee, WTTTLITFAg UTE
(QO) | |
iy gl WELD 129.54
a (6.10)
PAT 16.66
©) (0.656) re 650) 4
109.20 REPAIR SLEEVE
(4.30)
DIMENSIONS: ™™ 177.80
(in) (7.00)
120CMM250106.MCE
i Typical Repair to Metal Seat Back Frame
Figure 614
EFFECTIVITY: ALL 25-21 -00
Page 630
T.P. 120/1176 Jan 15/01
",local_data\organization\trace_net\ocr_route_scan_pack_tesseract_full\page_images\t_p_120_1176_p000504.tif,,needs_review,
505,t_p_120_1176_p000505,medium,True,needs_human_review,table_or_index,,table,276,0,table_or_index_medium_or_ambiguous,"< EMBRAER
MAINTENANCE MANUAL WITH
ILLUSTRATED PARTS LIST
ASSEMBLY
1. Tools Required
A. Tools commonly used by the technician.
2. Assembly
A. Seat Belt (60) of Single Seat Assembly (detail D of figure 1 of the Illustrated Parts List).
(1) Attach the seat belt (60) to the seat structure by installing bolts (110 and 120), bushing (100),
washers (70 and 80), and nut (90).
B. Seat Belt (80) of Double Seat Assembly (detail A of figure 29 of the Illustrated Parts List).
(1) On the boards:
(a) Attach the seat belt (80) to the seat structure by installing bolts (120 and 125), bushing
(100), washers (110 and 115), and nut (90).
(2) Between seats:
(a) Attach the seat belt (80) to the seat structure by installing the bolt (130), two bushings
(100), two washers (115), and nut (90).
C. Seat Belt (80) of Triple Seat Assembly (detail B of figure 76 of the Illustrated Parts List).
(1) On the boards:
(a) Attach the seat belt (80) to the seat structure by installing bolts (90 and 110),",local_data\organization\trace_net\ocr_route_scan_pack_tesseract_full\page_images\t_p_120_1176_p000505.tif,,needs_review,
506,t_p_120_1176_p000506,medium,True,needs_human_review,mixed_text_and_figure,,table,329,0,semantic_or_mixed_route_requires_human_review,"< EMBRAER
MAINTENANCE MANUAL WITH
ILLUSTRATED PARTS LIST
F. Seat Backrest (30) Installation (figure 1 of the Illustrated Parts List).
(1) Position the Seat Backrest Lining (30) and press its Velcro fastener.
(2) Attach the Snack Table Cover Latch (250) by installing its three attaching screws (270).
(3) Position the Magazine Holder (200) by pressing its two attaching male fastener buttons and
the Velcro fastener.
G. Section PVC (160) Assembly (figure 1 of the Illustrated Parts List).
(1) Position the PVC section (160) and attach it by installing the screw (190), washer (170), and
nut (180).
H. Fixed Armrest Assembly (detail A of figure 1 of the Illustrated Parts List).
(1) Position the front trim cover (240) and attach it by installing the screw (270).
(2) Position the ashtray (210) into the front trim cover (240).
(3) Position the seat armrest lining assembly (220) and attach it by installing its washer (280),
screw (270), and nylon plug (260).
(4) Position the rear tr",local_data\organization\trace_net\ocr_route_scan_pack_tesseract_full\page_images\t_p_120_1176_p000506.tif,,needs_review,
507,t_p_120_1176_p000507,medium,True,needs_human_review,mixed_text_and_figure,,table,125,0,semantic_or_mixed_route_requires_human_review,"€ emenncn

MAINTENANCE MANUAL WITH
ILLUSTRATED PARTS LIST

M. Armrests (230) of the Double Seat Installation (detail A of figure 87 of the Illustrated Parts List).

(1) Position the armrest (230) in the seat structure and install the bushing (220), screw (210),
washer (230), and nut (240).

N. Armrests (100) of the Triple Seat Installation (detail A of figure 107 of the Illustrated Parts List).

(1) Position the armrest (100) in the seat structure and install the bushing (120), screw (110),
washer (130), and nut (140).

O. Plug-in Snack Table Support (230) Assembly (detail E of figure 84 of the Illustrated Parts List).

(1) Position support (230) and install the washer (250), screw (240), and nut (260).

EFFECTIVITY: ALL 25-2 1 -00

Page 703/704
Sep 30/98
",local_data\organization\trace_net\ocr_route_scan_pack_tesseract_full\page_images\t_p_120_1176_p000507.tif,,needs_review,
508,t_p_120_1176_p000508,medium,True,needs_human_review,table_or_index,,normal_text,55,0,table_or_index_medium_or_ambiguous,"< COMPONENT MAINTENANCE MANUAL
EVIBRAER WITH ILLUSTRATED PARTS LIST
RECORD OF TEMPORARY REVISIONS

No. INSERTED REMOVED NUMBER No. INSERTED REMOVED NUMBER

a
a ee
Os ss
ee
a ee
a ee
Os ss
es
ee
a ee
Os ss
ee
a ee
a ee
Os ss
es
ee
a ee
Os ss
ee
a ee
se
",local_data\organization\trace_net\ocr_route_scan_pack_tesseract_full\page_images\t_p_120_1176_p000508.tif,,needs_review,
