page_number,page_id,legacy_route,primary_route,secondary_routes,route_confidence_score,route_confidence_band,auto_resolved,multi_route_required,validator_required,do_not_embed,candidate_routes,route_reasons,validator_contracts,ocr_text_word_count,part_number_count,source_member,source_image_path,ocr_text_path
1,t_p_120_1176_p000001,table,cover_or_title_page,[],100.0,high,True,False,False,False,"[""cover_or_title_page"", ""table_or_index""]","[""first_page_strong_publication_identity""]","[""front_matter_identity_scan""]",63,0,00000001.tif,local_data\organization\trace_net\ocr_route_scan_pack_tesseract_full\page_images\t_p_120_1176_p000001.tif,local_data\organization\trace_net\ocr_route_scan_pack_tesseract_full\ocr_text\t_p_120_1176_p000001.txt
2,t_p_120_1176_p000002,blank_candidate,blank_candidate,[],98.0,high,True,False,False,True,"[""blank_candidate""]","[""empty_or_near_empty_ocr_low_signal""]","[""blank_candidate_confirmation_scan""]",0,0,00000002.tif,local_data\organization\trace_net\ocr_route_scan_pack_tesseract_full\page_images\t_p_120_1176_p000002.tif,
3,t_p_120_1176_p000003,table,detailed_parts_list,[],94.0,high,True,False,False,False,"[""detailed_parts_list"", ""table_or_index""]","[""high_part_number_density""]","[""detailed_parts_list_extraction_scan""]",175,113,00000003.tif,local_data\organization\trace_net\ocr_route_scan_pack_tesseract_full\page_images\t_p_120_1176_p000003.tif,local_data\organization\trace_net\ocr_route_scan_pack_tesseract_full\ocr_text\t_p_120_1176_p000003.txt
4,t_p_120_1176_p000004,normal_text,procedure_or_description,[],82.0,medium,False,False,True,True,"[""procedure_or_description""]","[""procedure_or_description_terms_with_paragraph_text""]","[""procedure_description_context_scan""]",128,0,00000004.tif,local_data\organization\trace_net\ocr_route_scan_pack_tesseract_full\page_images\t_p_120_1176_p000004.tif,local_data\organization\trace_net\ocr_route_scan_pack_tesseract_full\ocr_text\t_p_120_1176_p000004.txt
5,t_p_120_1176_p000005,table,table_or_index,[],90.0,high,True,False,False,False,"[""table_or_index""]","[""table_or_index_terms"", ""legacy_table_signal""]","[""table_ocr_table_candidate_scan""]",397,0,00000005.tif,local_data\organization\trace_net\ocr_route_scan_pack_tesseract_full\page_images\t_p_120_1176_p000005.tif,local_data\organization\trace_net\ocr_route_scan_pack_tesseract_full\ocr_text\t_p_120_1176_p000005.txt
6,t_p_120_1176_p000006,table,table_or_index,[],90.0,high,True,False,False,False,"[""table_or_index""]","[""table_or_index_terms"", ""legacy_table_signal""]","[""table_ocr_table_candidate_scan""]",417,0,00000006.tif,local_data\organization\trace_net\ocr_route_scan_pack_tesseract_full\page_images\t_p_120_1176_p000006.tif,local_data\organization\trace_net\ocr_route_scan_pack_tesseract_full\ocr_text\t_p_120_1176_p000006.txt
7,t_p_120_1176_p000007,table,table_or_index,[],90.0,high,True,False,False,False,"[""table_or_index""]","[""table_or_index_terms"", ""legacy_table_signal""]","[""table_ocr_table_candidate_scan""]",374,0,00000007.tif,local_data\organization\trace_net\ocr_route_scan_pack_tesseract_full\page_images\t_p_120_1176_p000007.tif,local_data\organization\trace_net\ocr_route_scan_pack_tesseract_full\ocr_text\t_p_120_1176_p000007.txt
8,t_p_120_1176_p000008,table,table_or_index,[],90.0,high,True,False,False,False,"[""table_or_index""]","[""table_or_index_terms"", ""legacy_table_signal""]","[""table_ocr_table_candidate_scan""]",368,0,00000008.tif,local_data\organization\trace_net\ocr_route_scan_pack_tesseract_full\page_images\t_p_120_1176_p000008.tif,local_data\organization\trace_net\ocr_route_scan_pack_tesseract_full\ocr_text\t_p_120_1176_p000008.txt
9,t_p_120_1176_p000009,table,table_or_index,[],90.0,high,True,False,False,False,"[""table_or_index""]","[""table_or_index_terms"", ""legacy_table_signal""]","[""table_ocr_table_candidate_scan""]",373,0,00000009.tif,local_data\organization\trace_net\ocr_route_scan_pack_tesseract_full\page_images\t_p_120_1176_p000009.tif,local_data\organization\trace_net\ocr_route_scan_pack_tesseract_full\ocr_text\t_p_120_1176_p000009.txt
10,t_p_120_1176_p000010,table,table_or_index,[],90.0,high,True,False,False,False,"[""table_or_index""]","[""table_or_index_terms"", ""legacy_table_signal""]","[""table_ocr_table_candidate_scan""]",364,0,00000010.tif,local_data\organization\trace_net\ocr_route_scan_pack_tesseract_full\page_images\t_p_120_1176_p000010.tif,local_data\organization\trace_net\ocr_route_scan_pack_tesseract_full\ocr_text\t_p_120_1176_p000010.txt
11,t_p_120_1176_p000011,table,table_or_index,[],90.0,high,True,False,False,False,"[""table_or_index""]","[""table_or_index_terms"", ""legacy_table_signal""]","[""table_ocr_table_candidate_scan""]",264,0,00000011.tif,local_data\organization\trace_net\ocr_route_scan_pack_tesseract_full\page_images\t_p_120_1176_p000011.tif,local_data\organization\trace_net\ocr_route_scan_pack_tesseract_full\ocr_text\t_p_120_1176_p000011.txt
12,t_p_120_1176_p000012,blank_candidate,blank_candidate,[],98.0,high,True,False,False,True,"[""blank_candidate""]","[""empty_or_near_empty_ocr_low_signal""]","[""blank_candidate_confirmation_scan""]",0,0,00000012.tif,local_data\organization\trace_net\ocr_route_scan_pack_tesseract_full\page_images\t_p_120_1176_p000012.tif,
13,t_p_120_1176_p000013,normal_text,table_or_index,[],82.0,medium,False,False,True,True,"[""table_or_index""]","[""table_or_index_terms""]","[""table_ocr_table_candidate_scan""]",84,0,00000013.tif,local_data\organization\trace_net\ocr_route_scan_pack_tesseract_full\page_images\t_p_120_1176_p000013.tif,local_data\organization\trace_net\ocr_route_scan_pack_tesseract_full\ocr_text\t_p_120_1176_p000013.txt
14,t_p_120_1176_p000014,normal_text,review_required,[],0.0,low,False,True,True,True,[],"[""no_route_met_medium_confidence_threshold""]","[""validator_gated_review_resolution_scan""]",75,0,00000014.tif,local_data\organization\trace_net\ocr_route_scan_pack_tesseract_full\page_images\t_p_120_1176_p000014.tif,local_data\organization\trace_net\ocr_route_scan_pack_tesseract_full\ocr_text\t_p_120_1176_p000014.txt
15,t_p_120_1176_p000015,table,procedure_or_description,"[""mixed_text_and_figure""]",82.0,medium,False,True,True,True,"[""procedure_or_description"", ""mixed_text_and_figure""]","[""procedure_or_description_terms_with_paragraph_text""]","[""procedure_description_context_scan"", ""mixed_text_visual_split_scan""]",305,0,00000015.tif,local_data\organization\trace_net\ocr_route_scan_pack_tesseract_full\page_images\t_p_120_1176_p000015.tif,local_data\organization\trace_net\ocr_route_scan_pack_tesseract_full\ocr_text\t_p_120_1176_p000015.txt
16,t_p_120_1176_p000016,normal_text,procedure_or_description,[],82.0,medium,False,False,True,True,"[""procedure_or_description""]","[""procedure_or_description_terms_with_paragraph_text""]","[""procedure_description_context_scan""]",223,0,00000016.tif,local_data\organization\trace_net\ocr_route_scan_pack_tesseract_full\page_images\t_p_120_1176_p000016.tif,local_data\organization\trace_net\ocr_route_scan_pack_tesseract_full\ocr_text\t_p_120_1176_p000016.txt
17,t_p_120_1176_p000017,image_visual,image_visual_diagram,[],90.0,high,True,False,False,False,"[""image_visual_diagram""]","[""legacy_image_visual_sparse_text""]","[""image_visual_ocr_and_vision_queue_scan""]",39,0,00000017.tif,local_data\organization\trace_net\ocr_route_scan_pack_tesseract_full\page_images\t_p_120_1176_p000017.tif,local_data\organization\trace_net\ocr_route_scan_pack_tesseract_full\ocr_text\t_p_120_1176_p000017.txt
18,t_p_120_1176_p000018,image_visual,image_visual_diagram,[],90.0,high,True,False,False,False,"[""image_visual_diagram""]","[""legacy_image_visual_sparse_text""]","[""image_visual_ocr_and_vision_queue_scan""]",43,0,00000018.tif,local_data\organization\trace_net\ocr_route_scan_pack_tesseract_full\page_images\t_p_120_1176_p000018.tif,local_data\organization\trace_net\ocr_route_scan_pack_tesseract_full\ocr_text\t_p_120_1176_p000018.txt
19,t_p_120_1176_p000019,image_visual,image_visual_diagram,[],90.0,high,True,False,False,False,"[""image_visual_diagram""]","[""legacy_image_visual_sparse_text""]","[""image_visual_ocr_and_vision_queue_scan""]",53,0,00000019.tif,local_data\organization\trace_net\ocr_route_scan_pack_tesseract_full\page_images\t_p_120_1176_p000019.tif,local_data\organization\trace_net\ocr_route_scan_pack_tesseract_full\ocr_text\t_p_120_1176_p000019.txt
20,t_p_120_1176_p000020,table,table_or_index,"[""procedure_or_description""]",90.0,high,True,False,False,False,"[""table_or_index"", ""procedure_or_description""]","[""table_or_index_terms"", ""legacy_table_signal""]","[""table_ocr_table_candidate_scan"", ""procedure_description_context_scan""]",273,0,00000020.tif,local_data\organization\trace_net\ocr_route_scan_pack_tesseract_full\page_images\t_p_120_1176_p000020.tif,local_data\organization\trace_net\ocr_route_scan_pack_tesseract_full\ocr_text\t_p_120_1176_p000020.txt
21,t_p_120_1176_p000021,table,normal_text,[],70.0,medium,False,False,True,True,"[""normal_text"", ""table_or_index""]","[""paragraph_text_low_structured_signals""]","[""normal_text_page_context_scan""]",237,0,00000021.tif,local_data\organization\trace_net\ocr_route_scan_pack_tesseract_full\page_images\t_p_120_1176_p000021.tif,local_data\organization\trace_net\ocr_route_scan_pack_tesseract_full\ocr_text\t_p_120_1176_p000021.txt
22,t_p_120_1176_p000022,table,procedure_or_description,[],82.0,medium,False,False,True,True,"[""procedure_or_description""]","[""procedure_or_description_terms_with_paragraph_text""]","[""procedure_description_context_scan""]",192,0,00000022.tif,local_data\organization\trace_net\ocr_route_scan_pack_tesseract_full\page_images\t_p_120_1176_p000022.tif,local_data\organization\trace_net\ocr_route_scan_pack_tesseract_full\ocr_text\t_p_120_1176_p000022.txt
23,t_p_120_1176_p000023,table,procedure_or_description,"[""table_or_index""]",82.0,medium,False,True,True,True,"[""procedure_or_description"", ""table_or_index""]","[""procedure_or_description_terms_with_paragraph_text""]","[""procedure_description_context_scan"", ""table_ocr_table_candidate_scan""]",287,0,00000023.tif,local_data\organization\trace_net\ocr_route_scan_pack_tesseract_full\page_images\t_p_120_1176_p000023.tif,local_data\organization\trace_net\ocr_route_scan_pack_tesseract_full\ocr_text\t_p_120_1176_p000023.txt
24,t_p_120_1176_p000024,table,normal_text,[],70.0,medium,False,False,True,True,"[""normal_text"", ""table_or_index""]","[""paragraph_text_low_structured_signals""]","[""normal_text_page_context_scan""]",116,0,00000024.tif,local_data\organization\trace_net\ocr_route_scan_pack_tesseract_full\page_images\t_p_120_1176_p000024.tif,local_data\organization\trace_net\ocr_route_scan_pack_tesseract_full\ocr_text\t_p_120_1176_p000024.txt
25,t_p_120_1176_p000025,blank_candidate,blank_candidate,[],98.0,high,True,False,False,True,"[""blank_candidate""]","[""empty_or_near_empty_ocr_low_signal""]","[""blank_candidate_confirmation_scan""]",0,0,00000025.tif,local_data\organization\trace_net\ocr_route_scan_pack_tesseract_full\page_images\t_p_120_1176_p000025.tif,
26,t_p_120_1176_p000026,normal_text,review_required,[],0.0,low,False,True,True,True,[],"[""no_route_met_medium_confidence_threshold""]","[""validator_gated_review_resolution_scan""]",20,0,00000026.tif,local_data\organization\trace_net\ocr_route_scan_pack_tesseract_full\page_images\t_p_120_1176_p000026.tif,local_data\organization\trace_net\ocr_route_scan_pack_tesseract_full\ocr_text\t_p_120_1176_p000026.txt
27,t_p_120_1176_p000027,table,table_or_index,[],74.0,medium,False,False,True,True,"[""table_or_index""]","[""row_structure_without_high_part_density"", ""legacy_table_signal""]","[""table_ocr_table_candidate_scan""]",303,0,00000027.tif,local_data\organization\trace_net\ocr_route_scan_pack_tesseract_full\page_images\t_p_120_1176_p000027.tif,local_data\organization\trace_net\ocr_route_scan_pack_tesseract_full\ocr_text\t_p_120_1176_p000027.txt
28,t_p_120_1176_p000028,table,table_or_index,[],74.0,medium,False,False,True,True,"[""table_or_index""]","[""row_structure_without_high_part_density"", ""legacy_table_signal""]","[""table_ocr_table_candidate_scan""]",305,0,00000028.tif,local_data\organization\trace_net\ocr_route_scan_pack_tesseract_full\page_images\t_p_120_1176_p000028.tif,local_data\organization\trace_net\ocr_route_scan_pack_tesseract_full\ocr_text\t_p_120_1176_p000028.txt
29,t_p_120_1176_p000029,table,detailed_parts_list,"[""table_or_index""]",82.0,medium,False,True,True,True,"[""detailed_parts_list"", ""table_or_index""]","[""part_numbers_with_ipl_structure""]","[""detailed_parts_list_extraction_scan"", ""table_ocr_table_candidate_scan""]",281,5,00000029.tif,local_data\organization\trace_net\ocr_route_scan_pack_tesseract_full\page_images\t_p_120_1176_p000029.tif,local_data\organization\trace_net\ocr_route_scan_pack_tesseract_full\ocr_text\t_p_120_1176_p000029.txt
30,t_p_120_1176_p000030,table,detailed_parts_list,[],94.0,high,True,False,False,False,"[""detailed_parts_list"", ""table_or_index""]","[""high_part_number_density""]","[""detailed_parts_list_extraction_scan""]",268,20,00000030.tif,local_data\organization\trace_net\ocr_route_scan_pack_tesseract_full\page_images\t_p_120_1176_p000030.tif,local_data\organization\trace_net\ocr_route_scan_pack_tesseract_full\ocr_text\t_p_120_1176_p000030.txt
31,t_p_120_1176_p000031,table,detailed_parts_list,[],94.0,high,True,False,False,False,"[""detailed_parts_list"", ""table_or_index""]","[""high_part_number_density""]","[""detailed_parts_list_extraction_scan""]",246,28,00000031.tif,local_data\organization\trace_net\ocr_route_scan_pack_tesseract_full\page_images\t_p_120_1176_p000031.tif,local_data\organization\trace_net\ocr_route_scan_pack_tesseract_full\ocr_text\t_p_120_1176_p000031.txt
32,t_p_120_1176_p000032,table,detailed_parts_list,[],94.0,high,True,False,False,False,"[""detailed_parts_list"", ""table_or_index""]","[""high_part_number_density""]","[""detailed_parts_list_extraction_scan""]",220,20,00000032.tif,local_data\organization\trace_net\ocr_route_scan_pack_tesseract_full\page_images\t_p_120_1176_p000032.tif,local_data\organization\trace_net\ocr_route_scan_pack_tesseract_full\ocr_text\t_p_120_1176_p000032.txt
33,t_p_120_1176_p000033,table,detailed_parts_list,"[""table_or_index""]",82.0,medium,False,True,True,True,"[""detailed_parts_list"", ""table_or_index""]","[""part_numbers_with_ipl_structure""]","[""detailed_parts_list_extraction_scan"", ""table_ocr_table_candidate_scan""]",304,5,00000033.tif,local_data\organization\trace_net\ocr_route_scan_pack_tesseract_full\page_images\t_p_120_1176_p000033.tif,local_data\organization\trace_net\ocr_route_scan_pack_tesseract_full\ocr_text\t_p_120_1176_p000033.txt
34,t_p_120_1176_p000034,table,table_or_index,[],74.0,medium,False,False,True,True,"[""table_or_index""]","[""row_structure_without_high_part_density"", ""legacy_table_signal""]","[""table_ocr_table_candidate_scan""]",70,2,00000034.tif,local_data\organization\trace_net\ocr_route_scan_pack_tesseract_full\page_images\t_p_120_1176_p000034.tif,local_data\organization\trace_net\ocr_route_scan_pack_tesseract_full\ocr_text\t_p_120_1176_p000034.txt
35,t_p_120_1176_p000035,blank_candidate,blank_candidate,[],98.0,high,True,False,False,True,"[""blank_candidate""]","[""empty_or_near_empty_ocr_low_signal""]","[""blank_candidate_confirmation_scan""]",0,0,00000035.tif,local_data\organization\trace_net\ocr_route_scan_pack_tesseract_full\page_images\t_p_120_1176_p000035.tif,
36,t_p_120_1176_p000036,table,detailed_parts_list,[],94.0,high,True,False,False,False,"[""detailed_parts_list"", ""table_or_index""]","[""high_part_number_density""]","[""detailed_parts_list_extraction_scan""]",264,16,00000036.tif,local_data\organization\trace_net\ocr_route_scan_pack_tesseract_full\page_images\t_p_120_1176_p000036.tif,local_data\organization\trace_net\ocr_route_scan_pack_tesseract_full\ocr_text\t_p_120_1176_p000036.txt
37,t_p_120_1176_p000037,table,detailed_parts_list,"[""table_or_index""]",82.0,medium,False,True,True,True,"[""detailed_parts_list"", ""table_or_index""]","[""part_numbers_with_ipl_structure""]","[""detailed_parts_list_extraction_scan"", ""table_ocr_table_candidate_scan""]",300,6,00000037.tif,local_data\organization\trace_net\ocr_route_scan_pack_tesseract_full\page_images\t_p_120_1176_p000037.tif,local_data\organization\trace_net\ocr_route_scan_pack_tesseract_full\ocr_text\t_p_120_1176_p000037.txt
38,t_p_120_1176_p000038,table,detailed_parts_list,[],94.0,high,True,False,False,False,"[""detailed_parts_list"", ""table_or_index""]","[""high_part_number_density""]","[""detailed_parts_list_extraction_scan""]",276,11,00000038.tif,local_data\organization\trace_net\ocr_route_scan_pack_tesseract_full\page_images\t_p_120_1176_p000038.tif,local_data\organization\trace_net\ocr_route_scan_pack_tesseract_full\ocr_text\t_p_120_1176_p000038.txt
39,t_p_120_1176_p000039,table,detailed_parts_list,[],82.0,medium,False,False,True,True,"[""detailed_parts_list"", ""table_or_index""]","[""part_numbers_with_ipl_structure""]","[""detailed_parts_list_extraction_scan""]",308,8,00000039.tif,local_data\organization\trace_net\ocr_route_scan_pack_tesseract_full\page_images\t_p_120_1176_p000039.tif,local_data\organization\trace_net\ocr_route_scan_pack_tesseract_full\ocr_text\t_p_120_1176_p000039.txt
40,t_p_120_1176_p000040,table,detailed_parts_list,[],82.0,medium,False,False,True,True,"[""detailed_parts_list"", ""table_or_index""]","[""part_numbers_with_ipl_structure""]","[""detailed_parts_list_extraction_scan""]",297,9,00000040.tif,local_data\organization\trace_net\ocr_route_scan_pack_tesseract_full\page_images\t_p_120_1176_p000040.tif,local_data\organization\trace_net\ocr_route_scan_pack_tesseract_full\ocr_text\t_p_120_1176_p000040.txt
41,t_p_120_1176_p000041,table,detailed_parts_list,"[""table_or_index""]",82.0,medium,False,True,True,True,"[""detailed_parts_list"", ""table_or_index""]","[""part_numbers_with_ipl_structure""]","[""detailed_parts_list_extraction_scan"", ""table_ocr_table_candidate_scan""]",319,3,00000041.tif,local_data\organization\trace_net\ocr_route_scan_pack_tesseract_full\page_images\t_p_120_1176_p000041.tif,local_data\organization\trace_net\ocr_route_scan_pack_tesseract_full\ocr_text\t_p_120_1176_p000041.txt
42,t_p_120_1176_p000042,table,detailed_parts_list,[],82.0,medium,False,False,True,True,"[""detailed_parts_list"", ""table_or_index""]","[""part_numbers_with_ipl_structure""]","[""detailed_parts_list_extraction_scan""]",293,8,00000042.tif,local_data\organization\trace_net\ocr_route_scan_pack_tesseract_full\page_images\t_p_120_1176_p000042.tif,local_data\organization\trace_net\ocr_route_scan_pack_tesseract_full\ocr_text\t_p_120_1176_p000042.txt
43,t_p_120_1176_p000043,table,detailed_parts_list,[],94.0,high,True,False,False,False,"[""detailed_parts_list"", ""table_or_index""]","[""high_part_number_density""]","[""detailed_parts_list_extraction_scan""]",292,15,00000043.tif,local_data\organization\trace_net\ocr_route_scan_pack_tesseract_full\page_images\t_p_120_1176_p000043.tif,local_data\organization\trace_net\ocr_route_scan_pack_tesseract_full\ocr_text\t_p_120_1176_p000043.txt
44,t_p_120_1176_p000044,table,detailed_parts_list,[],94.0,high,True,False,False,False,"[""detailed_parts_list"", ""table_or_index""]","[""high_part_number_density""]","[""detailed_parts_list_extraction_scan""]",274,10,00000044.tif,local_data\organization\trace_net\ocr_route_scan_pack_tesseract_full\page_images\t_p_120_1176_p000044.tif,local_data\organization\trace_net\ocr_route_scan_pack_tesseract_full\ocr_text\t_p_120_1176_p000044.txt
45,t_p_120_1176_p000045,table,detailed_parts_list,"[""table_or_index""]",82.0,medium,False,True,True,True,"[""detailed_parts_list"", ""table_or_index""]","[""part_numbers_with_ipl_structure""]","[""detailed_parts_list_extraction_scan"", ""table_ocr_table_candidate_scan""]",308,7,00000045.tif,local_data\organization\trace_net\ocr_route_scan_pack_tesseract_full\page_images\t_p_120_1176_p000045.tif,local_data\organization\trace_net\ocr_route_scan_pack_tesseract_full\ocr_text\t_p_120_1176_p000045.txt
46,t_p_120_1176_p000046,table,detailed_parts_list,[],82.0,medium,False,False,True,True,"[""detailed_parts_list"", ""table_or_index""]","[""part_numbers_with_ipl_structure""]","[""detailed_parts_list_extraction_scan""]",283,8,00000046.tif,local_data\organization\trace_net\ocr_route_scan_pack_tesseract_full\page_images\t_p_120_1176_p000046.tif,local_data\organization\trace_net\ocr_route_scan_pack_tesseract_full\ocr_text\t_p_120_1176_p000046.txt
47,t_p_120_1176_p000047,table,detailed_parts_list,"[""table_or_index""]",82.0,medium,False,True,True,True,"[""detailed_parts_list"", ""table_or_index""]","[""part_numbers_with_ipl_structure""]","[""detailed_parts_list_extraction_scan"", ""table_ocr_table_candidate_scan""]",264,7,00000047.tif,local_data\organization\trace_net\ocr_route_scan_pack_tesseract_full\page_images\t_p_120_1176_p000047.tif,local_data\organization\trace_net\ocr_route_scan_pack_tesseract_full\ocr_text\t_p_120_1176_p000047.txt
48,t_p_120_1176_p000048,table,detailed_parts_list,"[""table_or_index""]",82.0,medium,False,True,True,True,"[""detailed_parts_list"", ""table_or_index""]","[""part_numbers_with_ipl_structure""]","[""detailed_parts_list_extraction_scan"", ""table_ocr_table_candidate_scan""]",287,3,00000048.tif,local_data\organization\trace_net\ocr_route_scan_pack_tesseract_full\page_images\t_p_120_1176_p000048.tif,local_data\organization\trace_net\ocr_route_scan_pack_tesseract_full\ocr_text\t_p_120_1176_p000048.txt
49,t_p_120_1176_p000049,table,table_or_index,"[""detailed_parts_list""]",74.0,low,False,True,True,True,"[""table_or_index"", ""detailed_parts_list""]","[""row_structure_without_high_part_density"", ""legacy_table_signal""]","[""table_ocr_table_candidate_scan"", ""detailed_parts_list_extraction_scan""]",295,2,00000049.tif,local_data\organization\trace_net\ocr_route_scan_pack_tesseract_full\page_images\t_p_120_1176_p000049.tif,local_data\organization\trace_net\ocr_route_scan_pack_tesseract_full\ocr_text\t_p_120_1176_p000049.txt
50,t_p_120_1176_p000050,table,detailed_parts_list,[],94.0,high,True,False,False,False,"[""detailed_parts_list"", ""table_or_index""]","[""high_part_number_density""]","[""detailed_parts_list_extraction_scan""]",268,16,00000050.tif,local_data\organization\trace_net\ocr_route_scan_pack_tesseract_full\page_images\t_p_120_1176_p000050.tif,local_data\organization\trace_net\ocr_route_scan_pack_tesseract_full\ocr_text\t_p_120_1176_p000050.txt
51,t_p_120_1176_p000051,table,detailed_parts_list,"[""table_or_index""]",82.0,medium,False,True,True,True,"[""detailed_parts_list"", ""table_or_index""]","[""part_numbers_with_ipl_structure""]","[""detailed_parts_list_extraction_scan"", ""table_ocr_table_candidate_scan""]",280,7,00000051.tif,local_data\organization\trace_net\ocr_route_scan_pack_tesseract_full\page_images\t_p_120_1176_p000051.tif,local_data\organization\trace_net\ocr_route_scan_pack_tesseract_full\ocr_text\t_p_120_1176_p000051.txt
52,t_p_120_1176_p000052,table,detailed_parts_list,"[""table_or_index""]",82.0,medium,False,True,True,True,"[""detailed_parts_list"", ""table_or_index""]","[""part_numbers_with_ipl_structure""]","[""detailed_parts_list_extraction_scan"", ""table_ocr_table_candidate_scan""]",293,3,00000052.tif,local_data\organization\trace_net\ocr_route_scan_pack_tesseract_full\page_images\t_p_120_1176_p000052.tif,local_data\organization\trace_net\ocr_route_scan_pack_tesseract_full\ocr_text\t_p_120_1176_p000052.txt
53,t_p_120_1176_p000053,table,detailed_parts_list,"[""table_or_index""]",82.0,medium,False,True,True,True,"[""detailed_parts_list"", ""table_or_index""]","[""part_numbers_with_ipl_structure""]","[""detailed_parts_list_extraction_scan"", ""table_ocr_table_candidate_scan""]",281,6,00000053.tif,local_data\organization\trace_net\ocr_route_scan_pack_tesseract_full\page_images\t_p_120_1176_p000053.tif,local_data\organization\trace_net\ocr_route_scan_pack_tesseract_full\ocr_text\t_p_120_1176_p000053.txt
54,t_p_120_1176_p000054,table,detailed_parts_list,"[""table_or_index""]",82.0,medium,False,True,True,True,"[""detailed_parts_list"", ""table_or_index""]","[""part_numbers_with_ipl_structure""]","[""detailed_parts_list_extraction_scan"", ""table_ocr_table_candidate_scan""]",288,5,00000054.tif,local_data\organization\trace_net\ocr_route_scan_pack_tesseract_full\page_images\t_p_120_1176_p000054.tif,local_data\organization\trace_net\ocr_route_scan_pack_tesseract_full\ocr_text\t_p_120_1176_p000054.txt
55,t_p_120_1176_p000055,table,detailed_parts_list,"[""table_or_index""]",82.0,medium,False,True,True,True,"[""detailed_parts_list"", ""table_or_index""]","[""part_numbers_with_ipl_structure""]","[""detailed_parts_list_extraction_scan"", ""table_ocr_table_candidate_scan""]",282,6,00000055.tif,local_data\organization\trace_net\ocr_route_scan_pack_tesseract_full\page_images\t_p_120_1176_p000055.tif,local_data\organization\trace_net\ocr_route_scan_pack_tesseract_full\ocr_text\t_p_120_1176_p000055.txt
56,t_p_120_1176_p000056,table,detailed_parts_list,[],94.0,high,True,False,False,False,"[""detailed_parts_list"", ""table_or_index""]","[""high_part_number_density""]","[""detailed_parts_list_extraction_scan""]",285,11,00000056.tif,local_data\organization\trace_net\ocr_route_scan_pack_tesseract_full\page_images\t_p_120_1176_p000056.tif,local_data\organization\trace_net\ocr_route_scan_pack_tesseract_full\ocr_text\t_p_120_1176_p000056.txt
57,t_p_120_1176_p000057,table,detailed_parts_list,"[""table_or_index""]",82.0,medium,False,True,True,True,"[""detailed_parts_list"", ""table_or_index""]","[""part_numbers_with_ipl_structure""]","[""detailed_parts_list_extraction_scan"", ""table_ocr_table_candidate_scan""]",294,3,00000057.tif,local_data\organization\trace_net\ocr_route_scan_pack_tesseract_full\page_images\t_p_120_1176_p000057.tif,local_data\organization\trace_net\ocr_route_scan_pack_tesseract_full\ocr_text\t_p_120_1176_p000057.txt
58,t_p_120_1176_p000058,table,table_or_index,"[""detailed_parts_list""]",74.0,low,False,True,True,True,"[""table_or_index"", ""detailed_parts_list""]","[""row_structure_without_high_part_density"", ""legacy_table_signal""]","[""table_ocr_table_candidate_scan"", ""detailed_parts_list_extraction_scan""]",289,0,00000058.tif,local_data\organization\trace_net\ocr_route_scan_pack_tesseract_full\page_images\t_p_120_1176_p000058.tif,local_data\organization\trace_net\ocr_route_scan_pack_tesseract_full\ocr_text\t_p_120_1176_p000058.txt
59,t_p_120_1176_p000059,table,table_or_index,"[""detailed_parts_list""]",74.0,low,False,True,True,True,"[""table_or_index"", ""detailed_parts_list""]","[""row_structure_without_high_part_density"", ""legacy_table_signal""]","[""table_ocr_table_candidate_scan"", ""detailed_parts_list_extraction_scan""]",291,0,00000059.tif,local_data\organization\trace_net\ocr_route_scan_pack_tesseract_full\page_images\t_p_120_1176_p000059.tif,local_data\organization\trace_net\ocr_route_scan_pack_tesseract_full\ocr_text\t_p_120_1176_p000059.txt
60,t_p_120_1176_p000060,table,table_or_index,"[""detailed_parts_list""]",74.0,low,False,True,True,True,"[""table_or_index"", ""detailed_parts_list""]","[""row_structure_without_high_part_density"", ""legacy_table_signal""]","[""table_ocr_table_candidate_scan"", ""detailed_parts_list_extraction_scan""]",292,0,00000060.tif,local_data\organization\trace_net\ocr_route_scan_pack_tesseract_full\page_images\t_p_120_1176_p000060.tif,local_data\organization\trace_net\ocr_route_scan_pack_tesseract_full\ocr_text\t_p_120_1176_p000060.txt
61,t_p_120_1176_p000061,table,table_or_index,"[""detailed_parts_list""]",74.0,low,False,True,True,True,"[""table_or_index"", ""detailed_parts_list""]","[""row_structure_without_high_part_density"", ""legacy_table_signal""]","[""table_ocr_table_candidate_scan"", ""detailed_parts_list_extraction_scan""]",285,0,00000061.tif,local_data\organization\trace_net\ocr_route_scan_pack_tesseract_full\page_images\t_p_120_1176_p000061.tif,local_data\organization\trace_net\ocr_route_scan_pack_tesseract_full\ocr_text\t_p_120_1176_p000061.txt
62,t_p_120_1176_p000062,table,table_or_index,[],74.0,medium,False,False,True,True,"[""table_or_index""]","[""row_structure_without_high_part_density"", ""legacy_table_signal""]","[""table_ocr_table_candidate_scan""]",289,0,00000062.tif,local_data\organization\trace_net\ocr_route_scan_pack_tesseract_full\page_images\t_p_120_1176_p000062.tif,local_data\organization\trace_net\ocr_route_scan_pack_tesseract_full\ocr_text\t_p_120_1176_p000062.txt
63,t_p_120_1176_p000063,table,table_or_index,"[""detailed_parts_list""]",74.0,low,False,True,True,True,"[""table_or_index"", ""detailed_parts_list""]","[""row_structure_without_high_part_density"", ""legacy_table_signal""]","[""table_ocr_table_candidate_scan"", ""detailed_parts_list_extraction_scan""]",287,0,00000063.tif,local_data\organization\trace_net\ocr_route_scan_pack_tesseract_full\page_images\t_p_120_1176_p000063.tif,local_data\organization\trace_net\ocr_route_scan_pack_tesseract_full\ocr_text\t_p_120_1176_p000063.txt
64,t_p_120_1176_p000064,table,table_or_index,"[""detailed_parts_list""]",74.0,low,False,True,True,True,"[""table_or_index"", ""detailed_parts_list""]","[""row_structure_without_high_part_density"", ""legacy_table_signal""]","[""table_ocr_table_candidate_scan"", ""detailed_parts_list_extraction_scan""]",294,0,00000064.tif,local_data\organization\trace_net\ocr_route_scan_pack_tesseract_full\page_images\t_p_120_1176_p000064.tif,local_data\organization\trace_net\ocr_route_scan_pack_tesseract_full\ocr_text\t_p_120_1176_p000064.txt
65,t_p_120_1176_p000065,table,table_or_index,[],74.0,medium,False,False,True,True,"[""table_or_index""]","[""row_structure_without_high_part_density"", ""legacy_table_signal""]","[""table_ocr_table_candidate_scan""]",277,0,00000065.tif,local_data\organization\trace_net\ocr_route_scan_pack_tesseract_full\page_images\t_p_120_1176_p000065.tif,local_data\organization\trace_net\ocr_route_scan_pack_tesseract_full\ocr_text\t_p_120_1176_p000065.txt
66,t_p_120_1176_p000066,table,table_or_index,"[""detailed_parts_list""]",74.0,low,False,True,True,True,"[""table_or_index"", ""detailed_parts_list""]","[""row_structure_without_high_part_density"", ""legacy_table_signal""]","[""table_ocr_table_candidate_scan"", ""detailed_parts_list_extraction_scan""]",301,0,00000066.tif,local_data\organization\trace_net\ocr_route_scan_pack_tesseract_full\page_images\t_p_120_1176_p000066.tif,local_data\organization\trace_net\ocr_route_scan_pack_tesseract_full\ocr_text\t_p_120_1176_p000066.txt
67,t_p_120_1176_p000067,table,table_or_index,"[""detailed_parts_list""]",74.0,low,False,True,True,True,"[""table_or_index"", ""detailed_parts_list""]","[""row_structure_without_high_part_density"", ""legacy_table_signal""]","[""table_ocr_table_candidate_scan"", ""detailed_parts_list_extraction_scan""]",274,0,00000067.tif,local_data\organization\trace_net\ocr_route_scan_pack_tesseract_full\page_images\t_p_120_1176_p000067.tif,local_data\organization\trace_net\ocr_route_scan_pack_tesseract_full\ocr_text\t_p_120_1176_p000067.txt
68,t_p_120_1176_p000068,table,table_or_index,"[""detailed_parts_list""]",74.0,low,False,True,True,True,"[""table_or_index"", ""detailed_parts_list""]","[""row_structure_without_high_part_density"", ""legacy_table_signal""]","[""table_ocr_table_candidate_scan"", ""detailed_parts_list_extraction_scan""]",332,0,00000068.tif,local_data\organization\trace_net\ocr_route_scan_pack_tesseract_full\page_images\t_p_120_1176_p000068.tif,local_data\organization\trace_net\ocr_route_scan_pack_tesseract_full\ocr_text\t_p_120_1176_p000068.txt
69,t_p_120_1176_p000069,table,table_or_index,"[""detailed_parts_list""]",74.0,low,False,True,True,True,"[""table_or_index"", ""detailed_parts_list""]","[""row_structure_without_high_part_density"", ""legacy_table_signal""]","[""table_ocr_table_candidate_scan"", ""detailed_parts_list_extraction_scan""]",291,0,00000069.tif,local_data\organization\trace_net\ocr_route_scan_pack_tesseract_full\page_images\t_p_120_1176_p000069.tif,local_data\organization\trace_net\ocr_route_scan_pack_tesseract_full\ocr_text\t_p_120_1176_p000069.txt
70,t_p_120_1176_p000070,table,table_or_index,"[""detailed_parts_list""]",74.0,low,False,True,True,True,"[""table_or_index"", ""detailed_parts_list""]","[""row_structure_without_high_part_density"", ""legacy_table_signal""]","[""table_ocr_table_candidate_scan"", ""detailed_parts_list_extraction_scan""]",304,0,00000070.tif,local_data\organization\trace_net\ocr_route_scan_pack_tesseract_full\page_images\t_p_120_1176_p000070.tif,local_data\organization\trace_net\ocr_route_scan_pack_tesseract_full\ocr_text\t_p_120_1176_p000070.txt
71,t_p_120_1176_p000071,table,table_or_index,"[""detailed_parts_list""]",74.0,low,False,True,True,True,"[""table_or_index"", ""detailed_parts_list""]","[""row_structure_without_high_part_density"", ""legacy_table_signal""]","[""table_ocr_table_candidate_scan"", ""detailed_parts_list_extraction_scan""]",281,0,00000071.tif,local_data\organization\trace_net\ocr_route_scan_pack_tesseract_full\page_images\t_p_120_1176_p000071.tif,local_data\organization\trace_net\ocr_route_scan_pack_tesseract_full\ocr_text\t_p_120_1176_p000071.txt
72,t_p_120_1176_p000072,table,table_or_index,"[""detailed_parts_list""]",74.0,low,False,True,True,True,"[""table_or_index"", ""detailed_parts_list""]","[""row_structure_without_high_part_density"", ""legacy_table_signal""]","[""table_ocr_table_candidate_scan"", ""detailed_parts_list_extraction_scan""]",275,0,00000072.tif,local_data\organization\trace_net\ocr_route_scan_pack_tesseract_full\page_images\t_p_120_1176_p000072.tif,local_data\organization\trace_net\ocr_route_scan_pack_tesseract_full\ocr_text\t_p_120_1176_p000072.txt
73,t_p_120_1176_p000073,table,table_or_index,"[""detailed_parts_list""]",74.0,low,False,True,True,True,"[""table_or_index"", ""detailed_parts_list""]","[""row_structure_without_high_part_density"", ""legacy_table_signal""]","[""table_ocr_table_candidate_scan"", ""detailed_parts_list_extraction_scan""]",284,0,00000073.tif,local_data\organization\trace_net\ocr_route_scan_pack_tesseract_full\page_images\t_p_120_1176_p000073.tif,local_data\organization\trace_net\ocr_route_scan_pack_tesseract_full\ocr_text\t_p_120_1176_p000073.txt
74,t_p_120_1176_p000074,table,table_or_index,[],74.0,medium,False,False,True,True,"[""table_or_index""]","[""row_structure_without_high_part_density"", ""legacy_table_signal""]","[""table_ocr_table_candidate_scan""]",290,0,00000074.tif,local_data\organization\trace_net\ocr_route_scan_pack_tesseract_full\page_images\t_p_120_1176_p000074.tif,local_data\organization\trace_net\ocr_route_scan_pack_tesseract_full\ocr_text\t_p_120_1176_p000074.txt
75,t_p_120_1176_p000075,table,table_or_index,"[""detailed_parts_list""]",74.0,low,False,True,True,True,"[""table_or_index"", ""detailed_parts_list""]","[""row_structure_without_high_part_density"", ""legacy_table_signal""]","[""table_ocr_table_candidate_scan"", ""detailed_parts_list_extraction_scan""]",288,0,00000075.tif,local_data\organization\trace_net\ocr_route_scan_pack_tesseract_full\page_images\t_p_120_1176_p000075.tif,local_data\organization\trace_net\ocr_route_scan_pack_tesseract_full\ocr_text\t_p_120_1176_p000075.txt
76,t_p_120_1176_p000076,table,table_or_index,[],74.0,medium,False,False,True,True,"[""table_or_index""]","[""row_structure_without_high_part_density"", ""legacy_table_signal""]","[""table_ocr_table_candidate_scan""]",291,0,00000076.tif,local_data\organization\trace_net\ocr_route_scan_pack_tesseract_full\page_images\t_p_120_1176_p000076.tif,local_data\organization\trace_net\ocr_route_scan_pack_tesseract_full\ocr_text\t_p_120_1176_p000076.txt
77,t_p_120_1176_p000077,table,table_or_index,"[""normal_text""]",74.0,low,False,True,True,True,"[""table_or_index"", ""normal_text""]","[""row_structure_without_high_part_density"", ""legacy_table_signal""]","[""table_ocr_table_candidate_scan"", ""normal_text_page_context_scan""]",313,0,00000077.tif,local_data\organization\trace_net\ocr_route_scan_pack_tesseract_full\page_images\t_p_120_1176_p000077.tif,local_data\organization\trace_net\ocr_route_scan_pack_tesseract_full\ocr_text\t_p_120_1176_p000077.txt
78,t_p_120_1176_p000078,table,table_or_index,"[""detailed_parts_list""]",74.0,low,False,True,True,True,"[""table_or_index"", ""detailed_parts_list""]","[""row_structure_without_high_part_density"", ""legacy_table_signal""]","[""table_ocr_table_candidate_scan"", ""detailed_parts_list_extraction_scan""]",76,0,00000078.tif,local_data\organization\trace_net\ocr_route_scan_pack_tesseract_full\page_images\t_p_120_1176_p000078.tif,local_data\organization\trace_net\ocr_route_scan_pack_tesseract_full\ocr_text\t_p_120_1176_p000078.txt
79,t_p_120_1176_p000079,blank_candidate,blank_candidate,[],98.0,high,True,False,False,True,"[""blank_candidate""]","[""empty_or_near_empty_ocr_low_signal""]","[""blank_candidate_confirmation_scan""]",0,0,00000079.tif,local_data\organization\trace_net\ocr_route_scan_pack_tesseract_full\page_images\t_p_120_1176_p000079.tif,
80,t_p_120_1176_p000080,normal_text,review_required,[],0.0,low,False,True,True,True,[],"[""no_route_met_medium_confidence_threshold""]","[""validator_gated_review_resolution_scan""]",21,0,00000080.tif,local_data\organization\trace_net\ocr_route_scan_pack_tesseract_full\page_images\t_p_120_1176_p000080.tif,local_data\organization\trace_net\ocr_route_scan_pack_tesseract_full\ocr_text\t_p_120_1176_p000080.txt
81,t_p_120_1176_p000081,table,image_visual_diagram,[],82.0,medium,False,False,True,True,"[""image_visual_diagram"", ""table_or_index""]","[""concrete_visual_labels_sparse_non_table_text""]","[""image_visual_ocr_and_vision_queue_scan""]",75,1,00000081.tif,local_data\organization\trace_net\ocr_route_scan_pack_tesseract_full\page_images\t_p_120_1176_p000081.tif,local_data\organization\trace_net\ocr_route_scan_pack_tesseract_full\ocr_text\t_p_120_1176_p000081.txt
82,t_p_120_1176_p000082,table,detailed_parts_list,[],94.0,high,True,False,False,False,"[""detailed_parts_list"", ""table_or_index""]","[""high_part_number_density""]","[""detailed_parts_list_extraction_scan""]",244,11,00000082.tif,local_data\organization\trace_net\ocr_route_scan_pack_tesseract_full\page_images\t_p_120_1176_p000082.tif,local_data\organization\trace_net\ocr_route_scan_pack_tesseract_full\ocr_text\t_p_120_1176_p000082.txt
83,t_p_120_1176_p000083,table,detailed_parts_list,[],82.0,medium,False,False,True,True,"[""detailed_parts_list"", ""table_or_index""]","[""part_numbers_with_ipl_structure""]","[""detailed_parts_list_extraction_scan""]",236,9,00000083.tif,local_data\organization\trace_net\ocr_route_scan_pack_tesseract_full\page_images\t_p_120_1176_p000083.tif,local_data\organization\trace_net\ocr_route_scan_pack_tesseract_full\ocr_text\t_p_120_1176_p000083.txt
84,t_p_120_1176_p000084,table,image_visual_diagram,[],82.0,medium,False,False,True,True,"[""image_visual_diagram"", ""table_or_index""]","[""concrete_visual_labels_sparse_non_table_text""]","[""image_visual_ocr_and_vision_queue_scan""]",77,1,00000084.tif,local_data\organization\trace_net\ocr_route_scan_pack_tesseract_full\page_images\t_p_120_1176_p000084.tif,local_data\organization\trace_net\ocr_route_scan_pack_tesseract_full\ocr_text\t_p_120_1176_p000084.txt
85,t_p_120_1176_p000085,table,detailed_parts_list,[],94.0,high,True,False,False,False,"[""detailed_parts_list"", ""table_or_index""]","[""high_part_number_density""]","[""detailed_parts_list_extraction_scan""]",247,11,00000085.tif,local_data\organization\trace_net\ocr_route_scan_pack_tesseract_full\page_images\t_p_120_1176_p000085.tif,local_data\organization\trace_net\ocr_route_scan_pack_tesseract_full\ocr_text\t_p_120_1176_p000085.txt
86,t_p_120_1176_p000086,table,detailed_parts_list,[],82.0,medium,False,False,True,True,"[""detailed_parts_list"", ""table_or_index""]","[""part_numbers_with_ipl_structure""]","[""detailed_parts_list_extraction_scan""]",219,8,00000086.tif,local_data\organization\trace_net\ocr_route_scan_pack_tesseract_full\page_images\t_p_120_1176_p000086.tif,local_data\organization\trace_net\ocr_route_scan_pack_tesseract_full\ocr_text\t_p_120_1176_p000086.txt
87,t_p_120_1176_p000087,table,normal_text,[],70.0,medium,False,False,True,True,"[""normal_text"", ""table_or_index""]","[""paragraph_text_low_structured_signals""]","[""normal_text_page_context_scan""]",99,2,00000087.tif,local_data\organization\trace_net\ocr_route_scan_pack_tesseract_full\page_images\t_p_120_1176_p000087.tif,local_data\organization\trace_net\ocr_route_scan_pack_tesseract_full\ocr_text\t_p_120_1176_p000087.txt
88,t_p_120_1176_p000088,table,detailed_parts_list,[],94.0,high,True,False,False,False,"[""detailed_parts_list"", ""table_or_index""]","[""high_part_number_density""]","[""detailed_parts_list_extraction_scan""]",226,11,00000088.tif,local_data\organization\trace_net\ocr_route_scan_pack_tesseract_full\page_images\t_p_120_1176_p000088.tif,local_data\organization\trace_net\ocr_route_scan_pack_tesseract_full\ocr_text\t_p_120_1176_p000088.txt
89,t_p_120_1176_p000089,table,detailed_parts_list,[],82.0,medium,False,False,True,True,"[""detailed_parts_list"", ""table_or_index""]","[""part_numbers_with_ipl_structure""]","[""detailed_parts_list_extraction_scan""]",189,9,00000089.tif,local_data\organization\trace_net\ocr_route_scan_pack_tesseract_full\page_images\t_p_120_1176_p000089.tif,local_data\organization\trace_net\ocr_route_scan_pack_tesseract_full\ocr_text\t_p_120_1176_p000089.txt
90,t_p_120_1176_p000090,table,image_visual_diagram,[],82.0,medium,False,False,True,True,"[""image_visual_diagram"", ""table_or_index""]","[""concrete_visual_labels_sparse_non_table_text""]","[""image_visual_ocr_and_vision_queue_scan""]",82,1,00000090.tif,local_data\organization\trace_net\ocr_route_scan_pack_tesseract_full\page_images\t_p_120_1176_p000090.tif,local_data\organization\trace_net\ocr_route_scan_pack_tesseract_full\ocr_text\t_p_120_1176_p000090.txt
91,t_p_120_1176_p000091,blank_candidate,blank_candidate,[],98.0,high,True,False,False,True,"[""blank_candidate""]","[""empty_or_near_empty_ocr_low_signal""]","[""blank_candidate_confirmation_scan""]",0,0,00000091.tif,local_data\organization\trace_net\ocr_route_scan_pack_tesseract_full\page_images\t_p_120_1176_p000091.tif,
92,t_p_120_1176_p000092,table,detailed_parts_list,[],94.0,high,True,False,False,False,"[""detailed_parts_list"", ""table_or_index""]","[""high_part_number_density""]","[""detailed_parts_list_extraction_scan""]",271,16,00000092.tif,local_data\organization\trace_net\ocr_route_scan_pack_tesseract_full\page_images\t_p_120_1176_p000092.tif,local_data\organization\trace_net\ocr_route_scan_pack_tesseract_full\ocr_text\t_p_120_1176_p000092.txt
93,t_p_120_1176_p000093,table,image_visual_diagram,"[""normal_text""]",72.0,low,False,True,True,True,"[""image_visual_diagram"", ""normal_text"", ""table_or_index""]","[""figure_caption_sparse_text""]","[""image_visual_ocr_and_vision_queue_scan"", ""normal_text_page_context_scan""]",84,1,00000093.tif,local_data\organization\trace_net\ocr_route_scan_pack_tesseract_full\page_images\t_p_120_1176_p000093.tif,local_data\organization\trace_net\ocr_route_scan_pack_tesseract_full\ocr_text\t_p_120_1176_p000093.txt
94,t_p_120_1176_p000094,table,image_visual_diagram,[],82.0,medium,False,False,True,True,"[""image_visual_diagram"", ""table_or_index""]","[""concrete_visual_labels_sparse_non_table_text""]","[""image_visual_ocr_and_vision_queue_scan""]",72,1,00000094.tif,local_data\organization\trace_net\ocr_route_scan_pack_tesseract_full\page_images\t_p_120_1176_p000094.tif,local_data\organization\trace_net\ocr_route_scan_pack_tesseract_full\ocr_text\t_p_120_1176_p000094.txt
95,t_p_120_1176_p000095,table,detailed_parts_list,[],94.0,high,True,False,False,False,"[""detailed_parts_list"", ""table_or_index""]","[""high_part_number_density""]","[""detailed_parts_list_extraction_scan""]",238,11,00000095.tif,local_data\organization\trace_net\ocr_route_scan_pack_tesseract_full\page_images\t_p_120_1176_p000095.tif,local_data\organization\trace_net\ocr_route_scan_pack_tesseract_full\ocr_text\t_p_120_1176_p000095.txt
96,t_p_120_1176_p000096,table,detailed_parts_list,[],82.0,medium,False,False,True,True,"[""detailed_parts_list"", ""table_or_index""]","[""part_numbers_with_ipl_structure""]","[""detailed_parts_list_extraction_scan""]",240,9,00000096.tif,local_data\organization\trace_net\ocr_route_scan_pack_tesseract_full\page_images\t_p_120_1176_p000096.tif,local_data\organization\trace_net\ocr_route_scan_pack_tesseract_full\ocr_text\t_p_120_1176_p000096.txt
97,t_p_120_1176_p000097,table,image_visual_diagram,[],82.0,medium,False,False,True,True,"[""image_visual_diagram"", ""table_or_index""]","[""concrete_visual_labels_sparse_non_table_text""]","[""image_visual_ocr_and_vision_queue_scan""]",88,1,00000097.tif,local_data\organization\trace_net\ocr_route_scan_pack_tesseract_full\page_images\t_p_120_1176_p000097.tif,local_data\organization\trace_net\ocr_route_scan_pack_tesseract_full\ocr_text\t_p_120_1176_p000097.txt
98,t_p_120_1176_p000098,table,detailed_parts_list,[],94.0,high,True,False,False,False,"[""detailed_parts_list"", ""table_or_index""]","[""high_part_number_density""]","[""detailed_parts_list_extraction_scan""]",244,13,00000098.tif,local_data\organization\trace_net\ocr_route_scan_pack_tesseract_full\page_images\t_p_120_1176_p000098.tif,local_data\organization\trace_net\ocr_route_scan_pack_tesseract_full\ocr_text\t_p_120_1176_p000098.txt
99,t_p_120_1176_p000099,table,detailed_parts_list,[],82.0,medium,False,False,True,True,"[""detailed_parts_list"", ""table_or_index""]","[""part_numbers_with_ipl_structure""]","[""detailed_parts_list_extraction_scan""]",123,4,00000099.tif,local_data\organization\trace_net\ocr_route_scan_pack_tesseract_full\page_images\t_p_120_1176_p000099.tif,local_data\organization\trace_net\ocr_route_scan_pack_tesseract_full\ocr_text\t_p_120_1176_p000099.txt
100,t_p_120_1176_p000100,table,normal_text,[],70.0,medium,False,False,True,True,"[""normal_text"", ""table_or_index""]","[""paragraph_text_low_structured_signals""]","[""normal_text_page_context_scan""]",94,2,00000100.tif,local_data\organization\trace_net\ocr_route_scan_pack_tesseract_full\page_images\t_p_120_1176_p000100.tif,local_data\organization\trace_net\ocr_route_scan_pack_tesseract_full\ocr_text\t_p_120_1176_p000100.txt
101,t_p_120_1176_p000101,table,detailed_parts_list,[],94.0,high,True,False,False,False,"[""detailed_parts_list"", ""table_or_index""]","[""high_part_number_density""]","[""detailed_parts_list_extraction_scan""]",256,12,00000101.tif,local_data\organization\trace_net\ocr_route_scan_pack_tesseract_full\page_images\t_p_120_1176_p000101.tif,local_data\organization\trace_net\ocr_route_scan_pack_tesseract_full\ocr_text\t_p_120_1176_p000101.txt
102,t_p_120_1176_p000102,table,detailed_parts_list,[],82.0,medium,False,False,True,True,"[""detailed_parts_list"", ""table_or_index""]","[""part_numbers_with_ipl_structure""]","[""detailed_parts_list_extraction_scan""]",155,9,00000102.tif,local_data\organization\trace_net\ocr_route_scan_pack_tesseract_full\page_images\t_p_120_1176_p000102.tif,local_data\organization\trace_net\ocr_route_scan_pack_tesseract_full\ocr_text\t_p_120_1176_p000102.txt
103,t_p_120_1176_p000103,blank_candidate,blank_candidate,[],98.0,high,True,False,False,True,"[""blank_candidate""]","[""empty_or_near_empty_ocr_low_signal""]","[""blank_candidate_confirmation_scan""]",0,0,00000103.tif,local_data\organization\trace_net\ocr_route_scan_pack_tesseract_full\page_images\t_p_120_1176_p000103.tif,
104,t_p_120_1176_p000104,table,image_visual_diagram,[],82.0,medium,False,False,True,True,"[""image_visual_diagram"", ""table_or_index""]","[""concrete_visual_labels_sparse_non_table_text""]","[""image_visual_ocr_and_vision_queue_scan""]",67,1,00000104.tif,local_data\organization\trace_net\ocr_route_scan_pack_tesseract_full\page_images\t_p_120_1176_p000104.tif,local_data\organization\trace_net\ocr_route_scan_pack_tesseract_full\ocr_text\t_p_120_1176_p000104.txt
105,t_p_120_1176_p000105,table,detailed_parts_list,[],94.0,high,True,False,False,False,"[""detailed_parts_list"", ""table_or_index""]","[""high_part_number_density""]","[""detailed_parts_list_extraction_scan""]",221,11,00000105.tif,local_data\organization\trace_net\ocr_route_scan_pack_tesseract_full\page_images\t_p_120_1176_p000105.tif,local_data\organization\trace_net\ocr_route_scan_pack_tesseract_full\ocr_text\t_p_120_1176_p000105.txt
106,t_p_120_1176_p000106,table,detailed_parts_list,[],82.0,medium,False,False,True,True,"[""detailed_parts_list"", ""table_or_index""]","[""part_numbers_with_ipl_structure""]","[""detailed_parts_list_extraction_scan""]",159,6,00000106.tif,local_data\organization\trace_net\ocr_route_scan_pack_tesseract_full\page_images\t_p_120_1176_p000106.tif,local_data\organization\trace_net\ocr_route_scan_pack_tesseract_full\ocr_text\t_p_120_1176_p000106.txt
107,t_p_120_1176_p000107,table,review_required,"[""table_or_index""]",0.0,low,False,True,True,True,"[""table_or_index""]","[""no_route_met_medium_confidence_threshold""]","[""validator_gated_review_resolution_scan"", ""table_ocr_table_candidate_scan""]",68,1,00000107.tif,local_data\organization\trace_net\ocr_route_scan_pack_tesseract_full\page_images\t_p_120_1176_p000107.tif,local_data\organization\trace_net\ocr_route_scan_pack_tesseract_full\ocr_text\t_p_120_1176_p000107.txt
108,t_p_120_1176_p000108,table,detailed_parts_list,[],82.0,medium,False,False,True,True,"[""detailed_parts_list"", ""table_or_index""]","[""part_numbers_with_ipl_structure""]","[""detailed_parts_list_extraction_scan""]",223,9,00000108.tif,local_data\organization\trace_net\ocr_route_scan_pack_tesseract_full\page_images\t_p_120_1176_p000108.tif,local_data\organization\trace_net\ocr_route_scan_pack_tesseract_full\ocr_text\t_p_120_1176_p000108.txt
109,t_p_120_1176_p000109,table,detailed_parts_list,[],82.0,medium,False,False,True,True,"[""detailed_parts_list"", ""table_or_index""]","[""part_numbers_with_ipl_structure""]","[""detailed_parts_list_extraction_scan""]",119,6,00000109.tif,local_data\organization\trace_net\ocr_route_scan_pack_tesseract_full\page_images\t_p_120_1176_p000109.tif,local_data\organization\trace_net\ocr_route_scan_pack_tesseract_full\ocr_text\t_p_120_1176_p000109.txt
110,t_p_120_1176_p000110,table,image_visual_diagram,[],82.0,medium,False,False,True,True,"[""image_visual_diagram"", ""table_or_index""]","[""concrete_visual_labels_sparse_non_table_text""]","[""image_visual_ocr_and_vision_queue_scan""]",75,1,00000110.tif,local_data\organization\trace_net\ocr_route_scan_pack_tesseract_full\page_images\t_p_120_1176_p000110.tif,local_data\organization\trace_net\ocr_route_scan_pack_tesseract_full\ocr_text\t_p_120_1176_p000110.txt
111,t_p_120_1176_p000111,blank_candidate,blank_candidate,[],98.0,high,True,False,False,True,"[""blank_candidate""]","[""empty_or_near_empty_ocr_low_signal""]","[""blank_candidate_confirmation_scan""]",0,0,00000111.tif,local_data\organization\trace_net\ocr_route_scan_pack_tesseract_full\page_images\t_p_120_1176_p000111.tif,
112,t_p_120_1176_p000112,table,detailed_parts_list,[],94.0,high,True,False,False,False,"[""detailed_parts_list"", ""table_or_index""]","[""high_part_number_density""]","[""detailed_parts_list_extraction_scan""]",203,10,00000112.tif,local_data\organization\trace_net\ocr_route_scan_pack_tesseract_full\page_images\t_p_120_1176_p000112.tif,local_data\organization\trace_net\ocr_route_scan_pack_tesseract_full\ocr_text\t_p_120_1176_p000112.txt
113,t_p_120_1176_p000113,table,detailed_parts_list,[],82.0,medium,False,False,True,True,"[""detailed_parts_list"", ""table_or_index""]","[""part_numbers_with_ipl_structure""]","[""detailed_parts_list_extraction_scan""]",163,7,00000113.tif,local_data\organization\trace_net\ocr_route_scan_pack_tesseract_full\page_images\t_p_120_1176_p000113.tif,local_data\organization\trace_net\ocr_route_scan_pack_tesseract_full\ocr_text\t_p_120_1176_p000113.txt
114,t_p_120_1176_p000114,table,image_visual_diagram,[],82.0,medium,False,False,True,True,"[""image_visual_diagram"", ""table_or_index""]","[""concrete_visual_labels_sparse_non_table_text""]","[""image_visual_ocr_and_vision_queue_scan""]",80,1,00000114.tif,local_data\organization\trace_net\ocr_route_scan_pack_tesseract_full\page_images\t_p_120_1176_p000114.tif,local_data\organization\trace_net\ocr_route_scan_pack_tesseract_full\ocr_text\t_p_120_1176_p000114.txt
115,t_p_120_1176_p000115,table,detailed_parts_list,[],82.0,medium,False,False,True,True,"[""detailed_parts_list"", ""table_or_index""]","[""part_numbers_with_ipl_structure""]","[""detailed_parts_list_extraction_scan""]",200,8,00000115.tif,local_data\organization\trace_net\ocr_route_scan_pack_tesseract_full\page_images\t_p_120_1176_p000115.tif,local_data\organization\trace_net\ocr_route_scan_pack_tesseract_full\ocr_text\t_p_120_1176_p000115.txt
116,t_p_120_1176_p000116,table,detailed_parts_list,[],82.0,medium,False,False,True,True,"[""detailed_parts_list"", ""table_or_index""]","[""part_numbers_with_ipl_structure""]","[""detailed_parts_list_extraction_scan""]",110,5,00000116.tif,local_data\organization\trace_net\ocr_route_scan_pack_tesseract_full\page_images\t_p_120_1176_p000116.tif,local_data\organization\trace_net\ocr_route_scan_pack_tesseract_full\ocr_text\t_p_120_1176_p000116.txt
117,t_p_120_1176_p000117,table,normal_text,[],70.0,medium,False,False,True,True,"[""normal_text"", ""table_or_index""]","[""paragraph_text_low_structured_signals""]","[""normal_text_page_context_scan""]",93,2,00000117.tif,local_data\organization\trace_net\ocr_route_scan_pack_tesseract_full\page_images\t_p_120_1176_p000117.tif,local_data\organization\trace_net\ocr_route_scan_pack_tesseract_full\ocr_text\t_p_120_1176_p000117.txt
118,t_p_120_1176_p000118,table,detailed_parts_list,[],94.0,high,True,False,False,False,"[""detailed_parts_list"", ""table_or_index""]","[""high_part_number_density""]","[""detailed_parts_list_extraction_scan""]",227,13,00000118.tif,local_data\organization\trace_net\ocr_route_scan_pack_tesseract_full\page_images\t_p_120_1176_p000118.tif,local_data\organization\trace_net\ocr_route_scan_pack_tesseract_full\ocr_text\t_p_120_1176_p000118.txt
119,t_p_120_1176_p000119,table,detailed_parts_list,[],82.0,medium,False,False,True,True,"[""detailed_parts_list"", ""table_or_index""]","[""part_numbers_with_ipl_structure""]","[""detailed_parts_list_extraction_scan""]",154,9,00000119.tif,local_data\organization\trace_net\ocr_route_scan_pack_tesseract_full\page_images\t_p_120_1176_p000119.tif,local_data\organization\trace_net\ocr_route_scan_pack_tesseract_full\ocr_text\t_p_120_1176_p000119.txt
120,t_p_120_1176_p000120,table,image_visual_diagram,[],82.0,medium,False,False,True,True,"[""image_visual_diagram"", ""table_or_index""]","[""concrete_visual_labels_sparse_non_table_text""]","[""image_visual_ocr_and_vision_queue_scan""]",76,1,00000120.tif,local_data\organization\trace_net\ocr_route_scan_pack_tesseract_full\page_images\t_p_120_1176_p000120.tif,local_data\organization\trace_net\ocr_route_scan_pack_tesseract_full\ocr_text\t_p_120_1176_p000120.txt
121,t_p_120_1176_p000121,blank_candidate,blank_candidate,[],98.0,high,True,False,False,True,"[""blank_candidate""]","[""empty_or_near_empty_ocr_low_signal""]","[""blank_candidate_confirmation_scan""]",0,0,00000121.tif,local_data\organization\trace_net\ocr_route_scan_pack_tesseract_full\page_images\t_p_120_1176_p000121.tif,
122,t_p_120_1176_p000122,table,detailed_parts_list,[],94.0,high,True,False,False,False,"[""detailed_parts_list"", ""table_or_index""]","[""high_part_number_density""]","[""detailed_parts_list_extraction_scan""]",239,12,00000122.tif,local_data\organization\trace_net\ocr_route_scan_pack_tesseract_full\page_images\t_p_120_1176_p000122.tif,local_data\organization\trace_net\ocr_route_scan_pack_tesseract_full\ocr_text\t_p_120_1176_p000122.txt
123,t_p_120_1176_p000123,table,detailed_parts_list,[],82.0,medium,False,False,True,True,"[""detailed_parts_list"", ""table_or_index""]","[""part_numbers_with_ipl_structure""]","[""detailed_parts_list_extraction_scan""]",217,9,00000123.tif,local_data\organization\trace_net\ocr_route_scan_pack_tesseract_full\page_images\t_p_120_1176_p000123.tif,local_data\organization\trace_net\ocr_route_scan_pack_tesseract_full\ocr_text\t_p_120_1176_p000123.txt
124,t_p_120_1176_p000124,table,image_visual_diagram,[],82.0,medium,False,False,True,True,"[""image_visual_diagram"", ""table_or_index""]","[""concrete_visual_labels_sparse_non_table_text""]","[""image_visual_ocr_and_vision_queue_scan""]",84,1,00000124.tif,local_data\organization\trace_net\ocr_route_scan_pack_tesseract_full\page_images\t_p_120_1176_p000124.tif,local_data\organization\trace_net\ocr_route_scan_pack_tesseract_full\ocr_text\t_p_120_1176_p000124.txt
125,t_p_120_1176_p000125,table,detailed_parts_list,[],94.0,high,True,False,False,False,"[""detailed_parts_list"", ""table_or_index""]","[""high_part_number_density""]","[""detailed_parts_list_extraction_scan""]",226,12,00000125.tif,local_data\organization\trace_net\ocr_route_scan_pack_tesseract_full\page_images\t_p_120_1176_p000125.tif,local_data\organization\trace_net\ocr_route_scan_pack_tesseract_full\ocr_text\t_p_120_1176_p000125.txt
126,t_p_120_1176_p000126,table,detailed_parts_list,[],82.0,medium,False,False,True,True,"[""detailed_parts_list"", ""table_or_index""]","[""part_numbers_with_ipl_structure""]","[""detailed_parts_list_extraction_scan""]",222,8,00000126.tif,local_data\organization\trace_net\ocr_route_scan_pack_tesseract_full\page_images\t_p_120_1176_p000126.tif,local_data\organization\trace_net\ocr_route_scan_pack_tesseract_full\ocr_text\t_p_120_1176_p000126.txt
127,t_p_120_1176_p000127,table,image_visual_diagram,[],82.0,medium,False,False,True,True,"[""image_visual_diagram"", ""table_or_index""]","[""concrete_visual_labels_sparse_non_table_text""]","[""image_visual_ocr_and_vision_queue_scan""]",101,1,00000127.tif,local_data\organization\trace_net\ocr_route_scan_pack_tesseract_full\page_images\t_p_120_1176_p000127.tif,local_data\organization\trace_net\ocr_route_scan_pack_tesseract_full\ocr_text\t_p_120_1176_p000127.txt
128,t_p_120_1176_p000128,table,detailed_parts_list,[],94.0,high,True,False,False,False,"[""detailed_parts_list"", ""table_or_index""]","[""high_part_number_density""]","[""detailed_parts_list_extraction_scan""]",206,10,00000128.tif,local_data\organization\trace_net\ocr_route_scan_pack_tesseract_full\page_images\t_p_120_1176_p000128.tif,local_data\organization\trace_net\ocr_route_scan_pack_tesseract_full\ocr_text\t_p_120_1176_p000128.txt
129,t_p_120_1176_p000129,table,detailed_parts_list,[],82.0,medium,False,False,True,True,"[""detailed_parts_list"", ""table_or_index""]","[""part_numbers_with_ipl_structure""]","[""detailed_parts_list_extraction_scan""]",146,7,00000129.tif,local_data\organization\trace_net\ocr_route_scan_pack_tesseract_full\page_images\t_p_120_1176_p000129.tif,local_data\organization\trace_net\ocr_route_scan_pack_tesseract_full\ocr_text\t_p_120_1176_p000129.txt
130,t_p_120_1176_p000130,table,image_visual_diagram,[],82.0,medium,False,False,True,True,"[""image_visual_diagram"", ""table_or_index""]","[""concrete_visual_labels_sparse_non_table_text""]","[""image_visual_ocr_and_vision_queue_scan""]",69,1,00000130.tif,local_data\organization\trace_net\ocr_route_scan_pack_tesseract_full\page_images\t_p_120_1176_p000130.tif,local_data\organization\trace_net\ocr_route_scan_pack_tesseract_full\ocr_text\t_p_120_1176_p000130.txt
131,t_p_120_1176_p000131,table,detailed_parts_list,[],94.0,high,True,False,False,False,"[""detailed_parts_list"", ""table_or_index""]","[""high_part_number_density""]","[""detailed_parts_list_extraction_scan""]",214,11,00000131.tif,local_data\organization\trace_net\ocr_route_scan_pack_tesseract_full\page_images\t_p_120_1176_p000131.tif,local_data\organization\trace_net\ocr_route_scan_pack_tesseract_full\ocr_text\t_p_120_1176_p000131.txt
132,t_p_120_1176_p000132,table,detailed_parts_list,[],94.0,high,True,False,False,False,"[""detailed_parts_list"", ""table_or_index""]","[""high_part_number_density""]","[""detailed_parts_list_extraction_scan""]",244,10,00000132.tif,local_data\organization\trace_net\ocr_route_scan_pack_tesseract_full\page_images\t_p_120_1176_p000132.tif,local_data\organization\trace_net\ocr_route_scan_pack_tesseract_full\ocr_text\t_p_120_1176_p000132.txt
133,t_p_120_1176_p000133,table,image_visual_diagram,[],82.0,medium,False,False,True,True,"[""image_visual_diagram"", ""table_or_index""]","[""concrete_visual_labels_sparse_non_table_text""]","[""image_visual_ocr_and_vision_queue_scan""]",66,1,00000133.tif,local_data\organization\trace_net\ocr_route_scan_pack_tesseract_full\page_images\t_p_120_1176_p000133.tif,local_data\organization\trace_net\ocr_route_scan_pack_tesseract_full\ocr_text\t_p_120_1176_p000133.txt
134,t_p_120_1176_p000134,table,detailed_parts_list,[],94.0,high,True,False,False,False,"[""detailed_parts_list"", ""table_or_index""]","[""high_part_number_density""]","[""detailed_parts_list_extraction_scan""]",242,11,00000134.tif,local_data\organization\trace_net\ocr_route_scan_pack_tesseract_full\page_images\t_p_120_1176_p000134.tif,local_data\organization\trace_net\ocr_route_scan_pack_tesseract_full\ocr_text\t_p_120_1176_p000134.txt
135,t_p_120_1176_p000135,table,detailed_parts_list,[],94.0,high,True,False,False,False,"[""detailed_parts_list"", ""table_or_index""]","[""high_part_number_density""]","[""detailed_parts_list_extraction_scan""]",178,10,00000135.tif,local_data\organization\trace_net\ocr_route_scan_pack_tesseract_full\page_images\t_p_120_1176_p000135.tif,local_data\organization\trace_net\ocr_route_scan_pack_tesseract_full\ocr_text\t_p_120_1176_p000135.txt
136,t_p_120_1176_p000136,table,image_visual_diagram,[],82.0,medium,False,False,True,True,"[""image_visual_diagram"", ""table_or_index""]","[""concrete_visual_labels_sparse_non_table_text""]","[""image_visual_ocr_and_vision_queue_scan""]",71,1,00000136.tif,local_data\organization\trace_net\ocr_route_scan_pack_tesseract_full\page_images\t_p_120_1176_p000136.tif,local_data\organization\trace_net\ocr_route_scan_pack_tesseract_full\ocr_text\t_p_120_1176_p000136.txt
137,t_p_120_1176_p000137,table,detailed_parts_list,[],94.0,high,True,False,False,False,"[""detailed_parts_list"", ""table_or_index""]","[""high_part_number_density""]","[""detailed_parts_list_extraction_scan""]",233,11,00000137.tif,local_data\organization\trace_net\ocr_route_scan_pack_tesseract_full\page_images\t_p_120_1176_p000137.tif,local_data\organization\trace_net\ocr_route_scan_pack_tesseract_full\ocr_text\t_p_120_1176_p000137.txt
138,t_p_120_1176_p000138,table,detailed_parts_list,[],82.0,medium,False,False,True,True,"[""detailed_parts_list"", ""table_or_index""]","[""part_numbers_with_ipl_structure""]","[""detailed_parts_list_extraction_scan""]",174,9,00000138.tif,local_data\organization\trace_net\ocr_route_scan_pack_tesseract_full\page_images\t_p_120_1176_p000138.tif,local_data\organization\trace_net\ocr_route_scan_pack_tesseract_full\ocr_text\t_p_120_1176_p000138.txt
139,t_p_120_1176_p000139,table,image_visual_diagram,[],82.0,medium,False,False,True,True,"[""image_visual_diagram"", ""table_or_index""]","[""concrete_visual_labels_sparse_non_table_text""]","[""image_visual_ocr_and_vision_queue_scan""]",83,1,00000139.tif,local_data\organization\trace_net\ocr_route_scan_pack_tesseract_full\page_images\t_p_120_1176_p000139.tif,local_data\organization\trace_net\ocr_route_scan_pack_tesseract_full\ocr_text\t_p_120_1176_p000139.txt
140,t_p_120_1176_p000140,table,detailed_parts_list,[],94.0,high,True,False,False,False,"[""detailed_parts_list"", ""table_or_index""]","[""high_part_number_density""]","[""detailed_parts_list_extraction_scan""]",268,16,00000140.tif,local_data\organization\trace_net\ocr_route_scan_pack_tesseract_full\page_images\t_p_120_1176_p000140.tif,local_data\organization\trace_net\ocr_route_scan_pack_tesseract_full\ocr_text\t_p_120_1176_p000140.txt
141,t_p_120_1176_p000141,table,image_visual_diagram,[],72.0,medium,False,False,True,True,"[""image_visual_diagram"", ""table_or_index""]","[""figure_caption_sparse_text""]","[""image_visual_ocr_and_vision_queue_scan""]",78,1,00000141.tif,local_data\organization\trace_net\ocr_route_scan_pack_tesseract_full\page_images\t_p_120_1176_p000141.tif,local_data\organization\trace_net\ocr_route_scan_pack_tesseract_full\ocr_text\t_p_120_1176_p000141.txt
142,t_p_120_1176_p000142,table,image_visual_diagram,[],82.0,medium,False,False,True,True,"[""image_visual_diagram"", ""table_or_index""]","[""concrete_visual_labels_sparse_non_table_text""]","[""image_visual_ocr_and_vision_queue_scan""]",67,1,00000142.tif,local_data\organization\trace_net\ocr_route_scan_pack_tesseract_full\page_images\t_p_120_1176_p000142.tif,local_data\organization\trace_net\ocr_route_scan_pack_tesseract_full\ocr_text\t_p_120_1176_p000142.txt
143,t_p_120_1176_p000143,table,detailed_parts_list,[],94.0,high,True,False,False,False,"[""detailed_parts_list"", ""table_or_index""]","[""high_part_number_density""]","[""detailed_parts_list_extraction_scan""]",237,11,00000143.tif,local_data\organization\trace_net\ocr_route_scan_pack_tesseract_full\page_images\t_p_120_1176_p000143.tif,local_data\organization\trace_net\ocr_route_scan_pack_tesseract_full\ocr_text\t_p_120_1176_p000143.txt
144,t_p_120_1176_p000144,table,detailed_parts_list,[],94.0,high,True,False,False,False,"[""detailed_parts_list"", ""table_or_index""]","[""high_part_number_density""]","[""detailed_parts_list_extraction_scan""]",185,10,00000144.tif,local_data\organization\trace_net\ocr_route_scan_pack_tesseract_full\page_images\t_p_120_1176_p000144.tif,local_data\organization\trace_net\ocr_route_scan_pack_tesseract_full\ocr_text\t_p_120_1176_p000144.txt
145,t_p_120_1176_p000145,table,image_visual_diagram,[],82.0,medium,False,False,True,True,"[""image_visual_diagram"", ""table_or_index""]","[""concrete_visual_labels_sparse_non_table_text""]","[""image_visual_ocr_and_vision_queue_scan""]",67,1,00000145.tif,local_data\organization\trace_net\ocr_route_scan_pack_tesseract_full\page_images\t_p_120_1176_p000145.tif,local_data\organization\trace_net\ocr_route_scan_pack_tesseract_full\ocr_text\t_p_120_1176_p000145.txt
146,t_p_120_1176_p000146,table,detailed_parts_list,[],94.0,high,True,False,False,False,"[""detailed_parts_list"", ""table_or_index""]","[""high_part_number_density""]","[""detailed_parts_list_extraction_scan""]",210,10,00000146.tif,local_data\organization\trace_net\ocr_route_scan_pack_tesseract_full\page_images\t_p_120_1176_p000146.tif,local_data\organization\trace_net\ocr_route_scan_pack_tesseract_full\ocr_text\t_p_120_1176_p000146.txt
147,t_p_120_1176_p000147,table,detailed_parts_list,[],82.0,medium,False,False,True,True,"[""detailed_parts_list"", ""table_or_index""]","[""part_numbers_with_ipl_structure""]","[""detailed_parts_list_extraction_scan""]",122,7,00000147.tif,local_data\organization\trace_net\ocr_route_scan_pack_tesseract_full\page_images\t_p_120_1176_p000147.tif,local_data\organization\trace_net\ocr_route_scan_pack_tesseract_full\ocr_text\t_p_120_1176_p000147.txt
148,t_p_120_1176_p000148,table,image_visual_diagram,[],82.0,medium,False,False,True,True,"[""image_visual_diagram"", ""table_or_index""]","[""concrete_visual_labels_sparse_non_table_text""]","[""image_visual_ocr_and_vision_queue_scan""]",70,1,00000148.tif,local_data\organization\trace_net\ocr_route_scan_pack_tesseract_full\page_images\t_p_120_1176_p000148.tif,local_data\organization\trace_net\ocr_route_scan_pack_tesseract_full\ocr_text\t_p_120_1176_p000148.txt
149,t_p_120_1176_p000149,table,detailed_parts_list,[],94.0,high,True,False,False,False,"[""detailed_parts_list"", ""table_or_index""]","[""high_part_number_density""]","[""detailed_parts_list_extraction_scan""]",207,11,00000149.tif,local_data\organization\trace_net\ocr_route_scan_pack_tesseract_full\page_images\t_p_120_1176_p000149.tif,local_data\organization\trace_net\ocr_route_scan_pack_tesseract_full\ocr_text\t_p_120_1176_p000149.txt
150,t_p_120_1176_p000150,table,detailed_parts_list,[],82.0,medium,False,False,True,True,"[""detailed_parts_list"", ""table_or_index""]","[""part_numbers_with_ipl_structure""]","[""detailed_parts_list_extraction_scan""]",92,5,00000150.tif,local_data\organization\trace_net\ocr_route_scan_pack_tesseract_full\page_images\t_p_120_1176_p000150.tif,local_data\organization\trace_net\ocr_route_scan_pack_tesseract_full\ocr_text\t_p_120_1176_p000150.txt
151,t_p_120_1176_p000151,table,image_visual_diagram,[],82.0,medium,False,False,True,True,"[""image_visual_diagram"", ""table_or_index""]","[""concrete_visual_labels_sparse_non_table_text""]","[""image_visual_ocr_and_vision_queue_scan""]",68,1,00000151.tif,local_data\organization\trace_net\ocr_route_scan_pack_tesseract_full\page_images\t_p_120_1176_p000151.tif,local_data\organization\trace_net\ocr_route_scan_pack_tesseract_full\ocr_text\t_p_120_1176_p000151.txt
152,t_p_120_1176_p000152,table,detailed_parts_list,[],94.0,high,True,False,False,False,"[""detailed_parts_list"", ""table_or_index""]","[""high_part_number_density""]","[""detailed_parts_list_extraction_scan""]",210,10,00000152.tif,local_data\organization\trace_net\ocr_route_scan_pack_tesseract_full\page_images\t_p_120_1176_p000152.tif,local_data\organization\trace_net\ocr_route_scan_pack_tesseract_full\ocr_text\t_p_120_1176_p000152.txt
153,t_p_120_1176_p000153,table,detailed_parts_list,[],82.0,medium,False,False,True,True,"[""detailed_parts_list"", ""table_or_index""]","[""part_numbers_with_ipl_structure""]","[""detailed_parts_list_extraction_scan""]",123,6,00000153.tif,local_data\organization\trace_net\ocr_route_scan_pack_tesseract_full\page_images\t_p_120_1176_p000153.tif,local_data\organization\trace_net\ocr_route_scan_pack_tesseract_full\ocr_text\t_p_120_1176_p000153.txt
154,t_p_120_1176_p000154,table,image_visual_diagram,[],82.0,medium,False,False,True,True,"[""image_visual_diagram"", ""table_or_index""]","[""concrete_visual_labels_sparse_non_table_text""]","[""image_visual_ocr_and_vision_queue_scan""]",75,1,00000154.tif,local_data\organization\trace_net\ocr_route_scan_pack_tesseract_full\page_images\t_p_120_1176_p000154.tif,local_data\organization\trace_net\ocr_route_scan_pack_tesseract_full\ocr_text\t_p_120_1176_p000154.txt
155,t_p_120_1176_p000155,table,detailed_parts_list,[],94.0,high,True,False,False,False,"[""detailed_parts_list"", ""table_or_index""]","[""high_part_number_density""]","[""detailed_parts_list_extraction_scan""]",192,10,00000155.tif,local_data\organization\trace_net\ocr_route_scan_pack_tesseract_full\page_images\t_p_120_1176_p000155.tif,local_data\organization\trace_net\ocr_route_scan_pack_tesseract_full\ocr_text\t_p_120_1176_p000155.txt
156,t_p_120_1176_p000156,table,detailed_parts_list,[],82.0,medium,False,False,True,True,"[""detailed_parts_list"", ""table_or_index""]","[""part_numbers_with_ipl_structure""]","[""detailed_parts_list_extraction_scan""]",117,6,00000156.tif,local_data\organization\trace_net\ocr_route_scan_pack_tesseract_full\page_images\t_p_120_1176_p000156.tif,local_data\organization\trace_net\ocr_route_scan_pack_tesseract_full\ocr_text\t_p_120_1176_p000156.txt
157,t_p_120_1176_p000157,table,image_visual_diagram,[],72.0,medium,False,False,True,True,"[""image_visual_diagram"", ""table_or_index""]","[""figure_caption_sparse_text""]","[""image_visual_ocr_and_vision_queue_scan""]",69,1,00000157.tif,local_data\organization\trace_net\ocr_route_scan_pack_tesseract_full\page_images\t_p_120_1176_p000157.tif,local_data\organization\trace_net\ocr_route_scan_pack_tesseract_full\ocr_text\t_p_120_1176_p000157.txt
158,t_p_120_1176_p000158,table,detailed_parts_list,[],94.0,high,True,False,False,False,"[""detailed_parts_list"", ""table_or_index""]","[""high_part_number_density""]","[""detailed_parts_list_extraction_scan""]",219,11,00000158.tif,local_data\organization\trace_net\ocr_route_scan_pack_tesseract_full\page_images\t_p_120_1176_p000158.tif,local_data\organization\trace_net\ocr_route_scan_pack_tesseract_full\ocr_text\t_p_120_1176_p000158.txt
159,t_p_120_1176_p000159,table,detailed_parts_list,[],82.0,medium,False,False,True,True,"[""detailed_parts_list"", ""table_or_index""]","[""part_numbers_with_ipl_structure""]","[""detailed_parts_list_extraction_scan""]",84,4,00000159.tif,local_data\organization\trace_net\ocr_route_scan_pack_tesseract_full\page_images\t_p_120_1176_p000159.tif,local_data\organization\trace_net\ocr_route_scan_pack_tesseract_full\ocr_text\t_p_120_1176_p000159.txt
160,t_p_120_1176_p000160,table,image_visual_diagram,[],82.0,medium,False,False,True,True,"[""image_visual_diagram"", ""table_or_index""]","[""concrete_visual_labels_sparse_non_table_text""]","[""image_visual_ocr_and_vision_queue_scan""]",74,1,00000160.tif,local_data\organization\trace_net\ocr_route_scan_pack_tesseract_full\page_images\t_p_120_1176_p000160.tif,local_data\organization\trace_net\ocr_route_scan_pack_tesseract_full\ocr_text\t_p_120_1176_p000160.txt
161,t_p_120_1176_p000161,table,detailed_parts_list,[],94.0,high,True,False,False,False,"[""detailed_parts_list"", ""table_or_index""]","[""high_part_number_density""]","[""detailed_parts_list_extraction_scan""]",209,10,00000161.tif,local_data\organization\trace_net\ocr_route_scan_pack_tesseract_full\page_images\t_p_120_1176_p000161.tif,local_data\organization\trace_net\ocr_route_scan_pack_tesseract_full\ocr_text\t_p_120_1176_p000161.txt
162,t_p_120_1176_p000162,table,detailed_parts_list,[],82.0,medium,False,False,True,True,"[""detailed_parts_list"", ""table_or_index""]","[""part_numbers_with_ipl_structure""]","[""detailed_parts_list_extraction_scan""]",88,4,00000162.tif,local_data\organization\trace_net\ocr_route_scan_pack_tesseract_full\page_images\t_p_120_1176_p000162.tif,local_data\organization\trace_net\ocr_route_scan_pack_tesseract_full\ocr_text\t_p_120_1176_p000162.txt
163,t_p_120_1176_p000163,table,image_visual_diagram,[],82.0,medium,False,False,True,True,"[""image_visual_diagram"", ""table_or_index""]","[""concrete_visual_labels_sparse_non_table_text""]","[""image_visual_ocr_and_vision_queue_scan""]",82,1,00000163.tif,local_data\organization\trace_net\ocr_route_scan_pack_tesseract_full\page_images\t_p_120_1176_p000163.tif,local_data\organization\trace_net\ocr_route_scan_pack_tesseract_full\ocr_text\t_p_120_1176_p000163.txt
164,t_p_120_1176_p000164,table,detailed_parts_list,[],82.0,medium,False,False,True,True,"[""detailed_parts_list"", ""table_or_index""]","[""part_numbers_with_ipl_structure""]","[""detailed_parts_list_extraction_scan""]",193,9,00000164.tif,local_data\organization\trace_net\ocr_route_scan_pack_tesseract_full\page_images\t_p_120_1176_p000164.tif,local_data\organization\trace_net\ocr_route_scan_pack_tesseract_full\ocr_text\t_p_120_1176_p000164.txt
165,t_p_120_1176_p000165,table,detailed_parts_list,[],82.0,medium,False,False,True,True,"[""detailed_parts_list"", ""table_or_index""]","[""part_numbers_with_ipl_structure""]","[""detailed_parts_list_extraction_scan""]",129,7,00000165.tif,local_data\organization\trace_net\ocr_route_scan_pack_tesseract_full\page_images\t_p_120_1176_p000165.tif,local_data\organization\trace_net\ocr_route_scan_pack_tesseract_full\ocr_text\t_p_120_1176_p000165.txt
166,t_p_120_1176_p000166,table,image_visual_diagram,[],82.0,medium,False,False,True,True,"[""image_visual_diagram"", ""table_or_index""]","[""concrete_visual_labels_sparse_non_table_text""]","[""image_visual_ocr_and_vision_queue_scan""]",80,1,00000166.tif,local_data\organization\trace_net\ocr_route_scan_pack_tesseract_full\page_images\t_p_120_1176_p000166.tif,local_data\organization\trace_net\ocr_route_scan_pack_tesseract_full\ocr_text\t_p_120_1176_p000166.txt
167,t_p_120_1176_p000167,table,detailed_parts_list,[],94.0,high,True,False,False,False,"[""detailed_parts_list"", ""table_or_index""]","[""high_part_number_density""]","[""detailed_parts_list_extraction_scan""]",209,10,00000167.tif,local_data\organization\trace_net\ocr_route_scan_pack_tesseract_full\page_images\t_p_120_1176_p000167.tif,local_data\organization\trace_net\ocr_route_scan_pack_tesseract_full\ocr_text\t_p_120_1176_p000167.txt
168,t_p_120_1176_p000168,table,detailed_parts_list,[],82.0,medium,False,False,True,True,"[""detailed_parts_list"", ""table_or_index""]","[""part_numbers_with_ipl_structure""]","[""detailed_parts_list_extraction_scan""]",110,5,00000168.tif,local_data\organization\trace_net\ocr_route_scan_pack_tesseract_full\page_images\t_p_120_1176_p000168.tif,local_data\organization\trace_net\ocr_route_scan_pack_tesseract_full\ocr_text\t_p_120_1176_p000168.txt
169,t_p_120_1176_p000169,table,review_required,"[""table_or_index""]",0.0,low,False,True,True,True,"[""table_or_index""]","[""no_route_met_medium_confidence_threshold""]","[""validator_gated_review_resolution_scan"", ""table_ocr_table_candidate_scan""]",67,1,00000169.tif,local_data\organization\trace_net\ocr_route_scan_pack_tesseract_full\page_images\t_p_120_1176_p000169.tif,local_data\organization\trace_net\ocr_route_scan_pack_tesseract_full\ocr_text\t_p_120_1176_p000169.txt
170,t_p_120_1176_p000170,table,detailed_parts_list,[],94.0,high,True,False,False,False,"[""detailed_parts_list"", ""table_or_index""]","[""high_part_number_density""]","[""detailed_parts_list_extraction_scan""]",223,11,00000170.tif,local_data\organization\trace_net\ocr_route_scan_pack_tesseract_full\page_images\t_p_120_1176_p000170.tif,local_data\organization\trace_net\ocr_route_scan_pack_tesseract_full\ocr_text\t_p_120_1176_p000170.txt
171,t_p_120_1176_p000171,table,detailed_parts_list,[],82.0,medium,False,False,True,True,"[""detailed_parts_list"", ""table_or_index""]","[""part_numbers_with_ipl_structure""]","[""detailed_parts_list_extraction_scan""]",92,5,00000171.tif,local_data\organization\trace_net\ocr_route_scan_pack_tesseract_full\page_images\t_p_120_1176_p000171.tif,local_data\organization\trace_net\ocr_route_scan_pack_tesseract_full\ocr_text\t_p_120_1176_p000171.txt
172,t_p_120_1176_p000172,table,image_visual_diagram,[],82.0,medium,False,False,True,True,"[""image_visual_diagram"", ""table_or_index""]","[""concrete_visual_labels_sparse_non_table_text""]","[""image_visual_ocr_and_vision_queue_scan""]",75,1,00000172.tif,local_data\organization\trace_net\ocr_route_scan_pack_tesseract_full\page_images\t_p_120_1176_p000172.tif,local_data\organization\trace_net\ocr_route_scan_pack_tesseract_full\ocr_text\t_p_120_1176_p000172.txt
173,t_p_120_1176_p000173,table,detailed_parts_list,[],94.0,high,True,False,False,False,"[""detailed_parts_list"", ""table_or_index""]","[""high_part_number_density""]","[""detailed_parts_list_extraction_scan""]",235,15,00000173.tif,local_data\organization\trace_net\ocr_route_scan_pack_tesseract_full\page_images\t_p_120_1176_p000173.tif,local_data\organization\trace_net\ocr_route_scan_pack_tesseract_full\ocr_text\t_p_120_1176_p000173.txt
174,t_p_120_1176_p000174,table,image_visual_diagram,[],72.0,medium,False,False,True,True,"[""image_visual_diagram"", ""table_or_index""]","[""figure_caption_sparse_text""]","[""image_visual_ocr_and_vision_queue_scan""]",66,1,00000174.tif,local_data\organization\trace_net\ocr_route_scan_pack_tesseract_full\page_images\t_p_120_1176_p000174.tif,local_data\organization\trace_net\ocr_route_scan_pack_tesseract_full\ocr_text\t_p_120_1176_p000174.txt
175,t_p_120_1176_p000175,table,image_visual_diagram,[],82.0,medium,False,False,True,True,"[""image_visual_diagram"", ""table_or_index""]","[""concrete_visual_labels_sparse_non_table_text""]","[""image_visual_ocr_and_vision_queue_scan""]",66,1,00000175.tif,local_data\organization\trace_net\ocr_route_scan_pack_tesseract_full\page_images\t_p_120_1176_p000175.tif,local_data\organization\trace_net\ocr_route_scan_pack_tesseract_full\ocr_text\t_p_120_1176_p000175.txt
176,t_p_120_1176_p000176,table,detailed_parts_list,[],94.0,high,True,False,False,False,"[""detailed_parts_list"", ""table_or_index""]","[""high_part_number_density""]","[""detailed_parts_list_extraction_scan""]",206,10,00000176.tif,local_data\organization\trace_net\ocr_route_scan_pack_tesseract_full\page_images\t_p_120_1176_p000176.tif,local_data\organization\trace_net\ocr_route_scan_pack_tesseract_full\ocr_text\t_p_120_1176_p000176.txt
177,t_p_120_1176_p000177,table,detailed_parts_list,[],82.0,medium,False,False,True,True,"[""detailed_parts_list"", ""table_or_index""]","[""part_numbers_with_ipl_structure""]","[""detailed_parts_list_extraction_scan""]",125,6,00000177.tif,local_data\organization\trace_net\ocr_route_scan_pack_tesseract_full\page_images\t_p_120_1176_p000177.tif,local_data\organization\trace_net\ocr_route_scan_pack_tesseract_full\ocr_text\t_p_120_1176_p000177.txt
178,t_p_120_1176_p000178,table,image_visual_diagram,[],82.0,medium,False,False,True,True,"[""image_visual_diagram"", ""table_or_index""]","[""concrete_visual_labels_sparse_non_table_text""]","[""image_visual_ocr_and_vision_queue_scan""]",66,1,00000178.tif,local_data\organization\trace_net\ocr_route_scan_pack_tesseract_full\page_images\t_p_120_1176_p000178.tif,local_data\organization\trace_net\ocr_route_scan_pack_tesseract_full\ocr_text\t_p_120_1176_p000178.txt
179,t_p_120_1176_p000179,table,detailed_parts_list,[],94.0,high,True,False,False,False,"[""detailed_parts_list"", ""table_or_index""]","[""high_part_number_density""]","[""detailed_parts_list_extraction_scan""]",238,16,00000179.tif,local_data\organization\trace_net\ocr_route_scan_pack_tesseract_full\page_images\t_p_120_1176_p000179.tif,local_data\organization\trace_net\ocr_route_scan_pack_tesseract_full\ocr_text\t_p_120_1176_p000179.txt
180,t_p_120_1176_p000180,table,image_visual_diagram,[],72.0,medium,False,False,True,True,"[""image_visual_diagram"", ""table_or_index""]","[""figure_caption_sparse_text""]","[""image_visual_ocr_and_vision_queue_scan""]",66,1,00000180.tif,local_data\organization\trace_net\ocr_route_scan_pack_tesseract_full\page_images\t_p_120_1176_p000180.tif,local_data\organization\trace_net\ocr_route_scan_pack_tesseract_full\ocr_text\t_p_120_1176_p000180.txt
181,t_p_120_1176_p000181,table,image_visual_diagram,[],82.0,medium,False,False,True,True,"[""image_visual_diagram"", ""table_or_index""]","[""concrete_visual_labels_sparse_non_table_text""]","[""image_visual_ocr_and_vision_queue_scan""]",105,1,00000181.tif,local_data\organization\trace_net\ocr_route_scan_pack_tesseract_full\page_images\t_p_120_1176_p000181.tif,local_data\organization\trace_net\ocr_route_scan_pack_tesseract_full\ocr_text\t_p_120_1176_p000181.txt
182,t_p_120_1176_p000182,table,detailed_parts_list,[],82.0,medium,False,False,True,True,"[""detailed_parts_list"", ""table_or_index""]","[""part_numbers_with_ipl_structure""]","[""detailed_parts_list_extraction_scan""]",202,9,00000182.tif,local_data\organization\trace_net\ocr_route_scan_pack_tesseract_full\page_images\t_p_120_1176_p000182.tif,local_data\organization\trace_net\ocr_route_scan_pack_tesseract_full\ocr_text\t_p_120_1176_p000182.txt
183,t_p_120_1176_p000183,table,detailed_parts_list,[],82.0,medium,False,False,True,True,"[""detailed_parts_list"", ""table_or_index""]","[""part_numbers_with_ipl_structure""]","[""detailed_parts_list_extraction_scan""]",194,9,00000183.tif,local_data\organization\trace_net\ocr_route_scan_pack_tesseract_full\page_images\t_p_120_1176_p000183.tif,local_data\organization\trace_net\ocr_route_scan_pack_tesseract_full\ocr_text\t_p_120_1176_p000183.txt
184,t_p_120_1176_p000184,table,normal_text,[],70.0,medium,False,False,True,True,"[""normal_text"", ""table_or_index""]","[""paragraph_text_low_structured_signals""]","[""normal_text_page_context_scan""]",114,1,00000184.tif,local_data\organization\trace_net\ocr_route_scan_pack_tesseract_full\page_images\t_p_120_1176_p000184.tif,local_data\organization\trace_net\ocr_route_scan_pack_tesseract_full\ocr_text\t_p_120_1176_p000184.txt
185,t_p_120_1176_p000185,table,detailed_parts_list,[],94.0,high,True,False,False,False,"[""detailed_parts_list"", ""table_or_index""]","[""high_part_number_density""]","[""detailed_parts_list_extraction_scan""]",254,17,00000185.tif,local_data\organization\trace_net\ocr_route_scan_pack_tesseract_full\page_images\t_p_120_1176_p000185.tif,local_data\organization\trace_net\ocr_route_scan_pack_tesseract_full\ocr_text\t_p_120_1176_p000185.txt
186,t_p_120_1176_p000186,table,detailed_parts_list,[],94.0,high,True,False,False,False,"[""detailed_parts_list"", ""table_or_index""]","[""high_part_number_density""]","[""detailed_parts_list_extraction_scan""]",229,13,00000186.tif,local_data\organization\trace_net\ocr_route_scan_pack_tesseract_full\page_images\t_p_120_1176_p000186.tif,local_data\organization\trace_net\ocr_route_scan_pack_tesseract_full\ocr_text\t_p_120_1176_p000186.txt
187,t_p_120_1176_p000187,blank_candidate,blank_candidate,[],98.0,high,True,False,False,True,"[""blank_candidate""]","[""empty_or_near_empty_ocr_low_signal""]","[""blank_candidate_confirmation_scan""]",0,0,00000187.tif,local_data\organization\trace_net\ocr_route_scan_pack_tesseract_full\page_images\t_p_120_1176_p000187.tif,
188,t_p_120_1176_p000188,table,image_visual_diagram,[],82.0,medium,False,False,True,True,"[""image_visual_diagram"", ""table_or_index""]","[""concrete_visual_labels_sparse_non_table_text""]","[""image_visual_ocr_and_vision_queue_scan""]",100,1,00000188.tif,local_data\organization\trace_net\ocr_route_scan_pack_tesseract_full\page_images\t_p_120_1176_p000188.tif,local_data\organization\trace_net\ocr_route_scan_pack_tesseract_full\ocr_text\t_p_120_1176_p000188.txt
189,t_p_120_1176_p000189,table,detailed_parts_list,[],82.0,medium,False,False,True,True,"[""detailed_parts_list"", ""table_or_index""]","[""part_numbers_with_ipl_structure""]","[""detailed_parts_list_extraction_scan""]",213,7,00000189.tif,local_data\organization\trace_net\ocr_route_scan_pack_tesseract_full\page_images\t_p_120_1176_p000189.tif,local_data\organization\trace_net\ocr_route_scan_pack_tesseract_full\ocr_text\t_p_120_1176_p000189.txt
190,t_p_120_1176_p000190,table,detailed_parts_list,[],82.0,medium,False,False,True,True,"[""detailed_parts_list"", ""table_or_index""]","[""part_numbers_with_ipl_structure""]","[""detailed_parts_list_extraction_scan""]",205,9,00000190.tif,local_data\organization\trace_net\ocr_route_scan_pack_tesseract_full\page_images\t_p_120_1176_p000190.tif,local_data\organization\trace_net\ocr_route_scan_pack_tesseract_full\ocr_text\t_p_120_1176_p000190.txt
191,t_p_120_1176_p000191,table,normal_text,[],70.0,medium,False,False,True,True,"[""normal_text"", ""table_or_index""]","[""paragraph_text_low_structured_signals""]","[""normal_text_page_context_scan""]",89,2,00000191.tif,local_data\organization\trace_net\ocr_route_scan_pack_tesseract_full\page_images\t_p_120_1176_p000191.tif,local_data\organization\trace_net\ocr_route_scan_pack_tesseract_full\ocr_text\t_p_120_1176_p000191.txt
192,t_p_120_1176_p000192,table,detailed_parts_list,[],94.0,high,True,False,False,False,"[""detailed_parts_list"", ""table_or_index""]","[""high_part_number_density""]","[""detailed_parts_list_extraction_scan""]",264,14,00000192.tif,local_data\organization\trace_net\ocr_route_scan_pack_tesseract_full\page_images\t_p_120_1176_p000192.tif,local_data\organization\trace_net\ocr_route_scan_pack_tesseract_full\ocr_text\t_p_120_1176_p000192.txt
193,t_p_120_1176_p000193,table,detailed_parts_list,[],94.0,high,True,False,False,False,"[""detailed_parts_list"", ""table_or_index""]","[""high_part_number_density""]","[""detailed_parts_list_extraction_scan""]",191,12,00000193.tif,local_data\organization\trace_net\ocr_route_scan_pack_tesseract_full\page_images\t_p_120_1176_p000193.tif,local_data\organization\trace_net\ocr_route_scan_pack_tesseract_full\ocr_text\t_p_120_1176_p000193.txt
194,t_p_120_1176_p000194,table,image_visual_diagram,[],82.0,medium,False,False,True,True,"[""image_visual_diagram"", ""table_or_index""]","[""concrete_visual_labels_sparse_non_table_text""]","[""image_visual_ocr_and_vision_queue_scan""]",119,1,00000194.tif,local_data\organization\trace_net\ocr_route_scan_pack_tesseract_full\page_images\t_p_120_1176_p000194.tif,local_data\organization\trace_net\ocr_route_scan_pack_tesseract_full\ocr_text\t_p_120_1176_p000194.txt
195,t_p_120_1176_p000195,blank_candidate,blank_candidate,[],98.0,high,True,False,False,True,"[""blank_candidate""]","[""empty_or_near_empty_ocr_low_signal""]","[""blank_candidate_confirmation_scan""]",0,0,00000195.tif,local_data\organization\trace_net\ocr_route_scan_pack_tesseract_full\page_images\t_p_120_1176_p000195.tif,
196,t_p_120_1176_p000196,table,detailed_parts_list,[],82.0,medium,False,False,True,True,"[""detailed_parts_list"", ""table_or_index""]","[""part_numbers_with_ipl_structure""]","[""detailed_parts_list_extraction_scan""]",216,7,00000196.tif,local_data\organization\trace_net\ocr_route_scan_pack_tesseract_full\page_images\t_p_120_1176_p000196.tif,local_data\organization\trace_net\ocr_route_scan_pack_tesseract_full\ocr_text\t_p_120_1176_p000196.txt
197,t_p_120_1176_p000197,table,detailed_parts_list,[],82.0,medium,False,False,True,True,"[""detailed_parts_list"", ""table_or_index""]","[""part_numbers_with_ipl_structure""]","[""detailed_parts_list_extraction_scan""]",166,7,00000197.tif,local_data\organization\trace_net\ocr_route_scan_pack_tesseract_full\page_images\t_p_120_1176_p000197.tif,local_data\organization\trace_net\ocr_route_scan_pack_tesseract_full\ocr_text\t_p_120_1176_p000197.txt
198,t_p_120_1176_p000198,table,normal_text,[],70.0,medium,False,False,True,True,"[""normal_text"", ""table_or_index""]","[""paragraph_text_low_structured_signals""]","[""normal_text_page_context_scan""]",129,2,00000198.tif,local_data\organization\trace_net\ocr_route_scan_pack_tesseract_full\page_images\t_p_120_1176_p000198.tif,local_data\organization\trace_net\ocr_route_scan_pack_tesseract_full\ocr_text\t_p_120_1176_p000198.txt
199,t_p_120_1176_p000199,table,detailed_parts_list,[],94.0,high,True,False,False,False,"[""detailed_parts_list"", ""table_or_index""]","[""high_part_number_density""]","[""detailed_parts_list_extraction_scan""]",255,16,00000199.tif,local_data\organization\trace_net\ocr_route_scan_pack_tesseract_full\page_images\t_p_120_1176_p000199.tif,local_data\organization\trace_net\ocr_route_scan_pack_tesseract_full\ocr_text\t_p_120_1176_p000199.txt
200,t_p_120_1176_p000200,table,detailed_parts_list,[],94.0,high,True,False,False,False,"[""detailed_parts_list"", ""table_or_index""]","[""high_part_number_density""]","[""detailed_parts_list_extraction_scan""]",200,12,00000200.tif,local_data\organization\trace_net\ocr_route_scan_pack_tesseract_full\page_images\t_p_120_1176_p000200.tif,local_data\organization\trace_net\ocr_route_scan_pack_tesseract_full\ocr_text\t_p_120_1176_p000200.txt
201,t_p_120_1176_p000201,blank_candidate,blank_candidate,[],98.0,high,True,False,False,True,"[""blank_candidate""]","[""empty_or_near_empty_ocr_low_signal""]","[""blank_candidate_confirmation_scan""]",0,0,00000201.tif,local_data\organization\trace_net\ocr_route_scan_pack_tesseract_full\page_images\t_p_120_1176_p000201.tif,
202,t_p_120_1176_p000202,table,image_visual_diagram,[],82.0,medium,False,False,True,True,"[""image_visual_diagram"", ""table_or_index""]","[""concrete_visual_labels_sparse_non_table_text""]","[""image_visual_ocr_and_vision_queue_scan""]",108,1,00000202.tif,local_data\organization\trace_net\ocr_route_scan_pack_tesseract_full\page_images\t_p_120_1176_p000202.tif,local_data\organization\trace_net\ocr_route_scan_pack_tesseract_full\ocr_text\t_p_120_1176_p000202.txt
203,t_p_120_1176_p000203,table,detailed_parts_list,[],82.0,medium,False,False,True,True,"[""detailed_parts_list"", ""table_or_index""]","[""part_numbers_with_ipl_structure""]","[""detailed_parts_list_extraction_scan""]",212,8,00000203.tif,local_data\organization\trace_net\ocr_route_scan_pack_tesseract_full\page_images\t_p_120_1176_p000203.tif,local_data\organization\trace_net\ocr_route_scan_pack_tesseract_full\ocr_text\t_p_120_1176_p000203.txt
204,t_p_120_1176_p000204,table,detailed_parts_list,[],94.0,high,True,False,False,False,"[""detailed_parts_list"", ""table_or_index""]","[""high_part_number_density""]","[""detailed_parts_list_extraction_scan""]",205,10,00000204.tif,local_data\organization\trace_net\ocr_route_scan_pack_tesseract_full\page_images\t_p_120_1176_p000204.tif,local_data\organization\trace_net\ocr_route_scan_pack_tesseract_full\ocr_text\t_p_120_1176_p000204.txt
205,t_p_120_1176_p000205,table,image_visual_diagram,[],82.0,medium,False,False,True,True,"[""image_visual_diagram"", ""table_or_index""]","[""concrete_visual_labels_sparse_non_table_text""]","[""image_visual_ocr_and_vision_queue_scan""]",102,1,00000205.tif,local_data\organization\trace_net\ocr_route_scan_pack_tesseract_full\page_images\t_p_120_1176_p000205.tif,local_data\organization\trace_net\ocr_route_scan_pack_tesseract_full\ocr_text\t_p_120_1176_p000205.txt
206,t_p_120_1176_p000206,table,detailed_parts_list,[],82.0,medium,False,False,True,True,"[""detailed_parts_list"", ""table_or_index""]","[""part_numbers_with_ipl_structure""]","[""detailed_parts_list_extraction_scan""]",225,9,00000206.tif,local_data\organization\trace_net\ocr_route_scan_pack_tesseract_full\page_images\t_p_120_1176_p000206.tif,local_data\organization\trace_net\ocr_route_scan_pack_tesseract_full\ocr_text\t_p_120_1176_p000206.txt
207,t_p_120_1176_p000207,table,detailed_parts_list,[],94.0,high,True,False,False,False,"[""detailed_parts_list"", ""table_or_index""]","[""high_part_number_density""]","[""detailed_parts_list_extraction_scan""]",200,10,00000207.tif,local_data\organization\trace_net\ocr_route_scan_pack_tesseract_full\page_images\t_p_120_1176_p000207.tif,local_data\organization\trace_net\ocr_route_scan_pack_tesseract_full\ocr_text\t_p_120_1176_p000207.txt
208,t_p_120_1176_p000208,table,image_visual_diagram,[],82.0,medium,False,False,True,True,"[""image_visual_diagram"", ""table_or_index""]","[""concrete_visual_labels_sparse_non_table_text""]","[""image_visual_ocr_and_vision_queue_scan""]",119,1,00000208.tif,local_data\organization\trace_net\ocr_route_scan_pack_tesseract_full\page_images\t_p_120_1176_p000208.tif,local_data\organization\trace_net\ocr_route_scan_pack_tesseract_full\ocr_text\t_p_120_1176_p000208.txt
209,t_p_120_1176_p000209,table,detailed_parts_list,[],82.0,medium,False,False,True,True,"[""detailed_parts_list"", ""table_or_index""]","[""part_numbers_with_ipl_structure""]","[""detailed_parts_list_extraction_scan""]",211,8,00000209.tif,local_data\organization\trace_net\ocr_route_scan_pack_tesseract_full\page_images\t_p_120_1176_p000209.tif,local_data\organization\trace_net\ocr_route_scan_pack_tesseract_full\ocr_text\t_p_120_1176_p000209.txt
210,t_p_120_1176_p000210,table,detailed_parts_list,[],82.0,medium,False,False,True,True,"[""detailed_parts_list"", ""table_or_index""]","[""part_numbers_with_ipl_structure""]","[""detailed_parts_list_extraction_scan""]",172,7,00000210.tif,local_data\organization\trace_net\ocr_route_scan_pack_tesseract_full\page_images\t_p_120_1176_p000210.tif,local_data\organization\trace_net\ocr_route_scan_pack_tesseract_full\ocr_text\t_p_120_1176_p000210.txt
211,t_p_120_1176_p000211,table,image_visual_diagram,[],82.0,medium,False,False,True,True,"[""image_visual_diagram"", ""table_or_index""]","[""concrete_visual_labels_sparse_non_table_text""]","[""image_visual_ocr_and_vision_queue_scan""]",100,1,00000211.tif,local_data\organization\trace_net\ocr_route_scan_pack_tesseract_full\page_images\t_p_120_1176_p000211.tif,local_data\organization\trace_net\ocr_route_scan_pack_tesseract_full\ocr_text\t_p_120_1176_p000211.txt
212,t_p_120_1176_p000212,table,detailed_parts_list,[],82.0,medium,False,False,True,True,"[""detailed_parts_list"", ""table_or_index""]","[""part_numbers_with_ipl_structure""]","[""detailed_parts_list_extraction_scan""]",196,8,00000212.tif,local_data\organization\trace_net\ocr_route_scan_pack_tesseract_full\page_images\t_p_120_1176_p000212.tif,local_data\organization\trace_net\ocr_route_scan_pack_tesseract_full\ocr_text\t_p_120_1176_p000212.txt
213,t_p_120_1176_p000213,table,detailed_parts_list,[],82.0,medium,False,False,True,True,"[""detailed_parts_list"", ""table_or_index""]","[""part_numbers_with_ipl_structure""]","[""detailed_parts_list_extraction_scan""]",183,8,00000213.tif,local_data\organization\trace_net\ocr_route_scan_pack_tesseract_full\page_images\t_p_120_1176_p000213.tif,local_data\organization\trace_net\ocr_route_scan_pack_tesseract_full\ocr_text\t_p_120_1176_p000213.txt
214,t_p_120_1176_p000214,table,normal_text,[],70.0,medium,False,False,True,True,"[""normal_text"", ""table_or_index""]","[""paragraph_text_low_structured_signals""]","[""normal_text_page_context_scan""]",97,1,00000214.tif,local_data\organization\trace_net\ocr_route_scan_pack_tesseract_full\page_images\t_p_120_1176_p000214.tif,local_data\organization\trace_net\ocr_route_scan_pack_tesseract_full\ocr_text\t_p_120_1176_p000214.txt
215,t_p_120_1176_p000215,table,detailed_parts_list,[],82.0,medium,False,False,True,True,"[""detailed_parts_list"", ""table_or_index""]","[""part_numbers_with_ipl_structure""]","[""detailed_parts_list_extraction_scan""]",203,8,00000215.tif,local_data\organization\trace_net\ocr_route_scan_pack_tesseract_full\page_images\t_p_120_1176_p000215.tif,local_data\organization\trace_net\ocr_route_scan_pack_tesseract_full\ocr_text\t_p_120_1176_p000215.txt
216,t_p_120_1176_p000216,table,detailed_parts_list,[],82.0,medium,False,False,True,True,"[""detailed_parts_list"", ""table_or_index""]","[""part_numbers_with_ipl_structure""]","[""detailed_parts_list_extraction_scan""]",127,7,00000216.tif,local_data\organization\trace_net\ocr_route_scan_pack_tesseract_full\page_images\t_p_120_1176_p000216.tif,local_data\organization\trace_net\ocr_route_scan_pack_tesseract_full\ocr_text\t_p_120_1176_p000216.txt
217,t_p_120_1176_p000217,blank_candidate,blank_candidate,[],98.0,high,True,False,False,True,"[""blank_candidate""]","[""empty_or_near_empty_ocr_low_signal""]","[""blank_candidate_confirmation_scan""]",0,0,00000217.tif,local_data\organization\trace_net\ocr_route_scan_pack_tesseract_full\page_images\t_p_120_1176_p000217.tif,
218,t_p_120_1176_p000218,table,image_visual_diagram,"[""normal_text""]",72.0,low,False,True,True,True,"[""image_visual_diagram"", ""normal_text"", ""table_or_index""]","[""figure_caption_sparse_text""]","[""image_visual_ocr_and_vision_queue_scan"", ""normal_text_page_context_scan""]",89,1,00000218.tif,local_data\organization\trace_net\ocr_route_scan_pack_tesseract_full\page_images\t_p_120_1176_p000218.tif,local_data\organization\trace_net\ocr_route_scan_pack_tesseract_full\ocr_text\t_p_120_1176_p000218.txt
219,t_p_120_1176_p000219,table,detailed_parts_list,[],82.0,medium,False,False,True,True,"[""detailed_parts_list"", ""table_or_index""]","[""part_numbers_with_ipl_structure""]","[""detailed_parts_list_extraction_scan""]",185,9,00000219.tif,local_data\organization\trace_net\ocr_route_scan_pack_tesseract_full\page_images\t_p_120_1176_p000219.tif,local_data\organization\trace_net\ocr_route_scan_pack_tesseract_full\ocr_text\t_p_120_1176_p000219.txt
220,t_p_120_1176_p000220,table,detailed_parts_list,[],82.0,medium,False,False,True,True,"[""detailed_parts_list"", ""table_or_index""]","[""part_numbers_with_ipl_structure""]","[""detailed_parts_list_extraction_scan""]",186,8,00000220.tif,local_data\organization\trace_net\ocr_route_scan_pack_tesseract_full\page_images\t_p_120_1176_p000220.tif,local_data\organization\trace_net\ocr_route_scan_pack_tesseract_full\ocr_text\t_p_120_1176_p000220.txt
221,t_p_120_1176_p000221,table,image_visual_diagram,[],82.0,medium,False,False,True,True,"[""image_visual_diagram"", ""table_or_index""]","[""concrete_visual_labels_sparse_non_table_text""]","[""image_visual_ocr_and_vision_queue_scan""]",109,1,00000221.tif,local_data\organization\trace_net\ocr_route_scan_pack_tesseract_full\page_images\t_p_120_1176_p000221.tif,local_data\organization\trace_net\ocr_route_scan_pack_tesseract_full\ocr_text\t_p_120_1176_p000221.txt
222,t_p_120_1176_p000222,table,detailed_parts_list,[],82.0,medium,False,False,True,True,"[""detailed_parts_list"", ""table_or_index""]","[""part_numbers_with_ipl_structure""]","[""detailed_parts_list_extraction_scan""]",196,8,00000222.tif,local_data\organization\trace_net\ocr_route_scan_pack_tesseract_full\page_images\t_p_120_1176_p000222.tif,local_data\organization\trace_net\ocr_route_scan_pack_tesseract_full\ocr_text\t_p_120_1176_p000222.txt
223,t_p_120_1176_p000223,table,detailed_parts_list,[],82.0,medium,False,False,True,True,"[""detailed_parts_list"", ""table_or_index""]","[""part_numbers_with_ipl_structure""]","[""detailed_parts_list_extraction_scan""]",131,5,00000223.tif,local_data\organization\trace_net\ocr_route_scan_pack_tesseract_full\page_images\t_p_120_1176_p000223.tif,local_data\organization\trace_net\ocr_route_scan_pack_tesseract_full\ocr_text\t_p_120_1176_p000223.txt
224,t_p_120_1176_p000224,table,image_visual_diagram,[],82.0,medium,False,False,True,True,"[""image_visual_diagram"", ""table_or_index""]","[""concrete_visual_labels_sparse_non_table_text""]","[""image_visual_ocr_and_vision_queue_scan""]",100,1,00000224.tif,local_data\organization\trace_net\ocr_route_scan_pack_tesseract_full\page_images\t_p_120_1176_p000224.tif,local_data\organization\trace_net\ocr_route_scan_pack_tesseract_full\ocr_text\t_p_120_1176_p000224.txt
225,t_p_120_1176_p000225,table,detailed_parts_list,[],94.0,high,True,False,False,False,"[""detailed_parts_list"", ""table_or_index""]","[""high_part_number_density""]","[""detailed_parts_list_extraction_scan""]",193,10,00000225.tif,local_data\organization\trace_net\ocr_route_scan_pack_tesseract_full\page_images\t_p_120_1176_p000225.tif,local_data\organization\trace_net\ocr_route_scan_pack_tesseract_full\ocr_text\t_p_120_1176_p000225.txt
226,t_p_120_1176_p000226,table,detailed_parts_list,[],82.0,medium,False,False,True,True,"[""detailed_parts_list"", ""table_or_index""]","[""part_numbers_with_ipl_structure""]","[""detailed_parts_list_extraction_scan""]",187,8,00000226.tif,local_data\organization\trace_net\ocr_route_scan_pack_tesseract_full\page_images\t_p_120_1176_p000226.tif,local_data\organization\trace_net\ocr_route_scan_pack_tesseract_full\ocr_text\t_p_120_1176_p000226.txt
227,t_p_120_1176_p000227,table,image_visual_diagram,[],82.0,medium,False,False,True,True,"[""image_visual_diagram"", ""table_or_index""]","[""concrete_visual_labels_sparse_non_table_text""]","[""image_visual_ocr_and_vision_queue_scan""]",95,1,00000227.tif,local_data\organization\trace_net\ocr_route_scan_pack_tesseract_full\page_images\t_p_120_1176_p000227.tif,local_data\organization\trace_net\ocr_route_scan_pack_tesseract_full\ocr_text\t_p_120_1176_p000227.txt
228,t_p_120_1176_p000228,table,detailed_parts_list,[],94.0,high,True,False,False,False,"[""detailed_parts_list"", ""table_or_index""]","[""high_part_number_density""]","[""detailed_parts_list_extraction_scan""]",206,10,00000228.tif,local_data\organization\trace_net\ocr_route_scan_pack_tesseract_full\page_images\t_p_120_1176_p000228.tif,local_data\organization\trace_net\ocr_route_scan_pack_tesseract_full\ocr_text\t_p_120_1176_p000228.txt
229,t_p_120_1176_p000229,table,detailed_parts_list,[],94.0,high,True,False,False,False,"[""detailed_parts_list"", ""table_or_index""]","[""high_part_number_density""]","[""detailed_parts_list_extraction_scan""]",244,12,00000229.tif,local_data\organization\trace_net\ocr_route_scan_pack_tesseract_full\page_images\t_p_120_1176_p000229.tif,local_data\organization\trace_net\ocr_route_scan_pack_tesseract_full\ocr_text\t_p_120_1176_p000229.txt
230,t_p_120_1176_p000230,table,image_visual_diagram,"[""normal_text""]",72.0,low,False,True,True,True,"[""image_visual_diagram"", ""normal_text"", ""table_or_index""]","[""figure_caption_sparse_text""]","[""image_visual_ocr_and_vision_queue_scan"", ""normal_text_page_context_scan""]",94,1,00000230.tif,local_data\organization\trace_net\ocr_route_scan_pack_tesseract_full\page_images\t_p_120_1176_p000230.tif,local_data\organization\trace_net\ocr_route_scan_pack_tesseract_full\ocr_text\t_p_120_1176_p000230.txt
231,t_p_120_1176_p000231,table,detailed_parts_list,[],94.0,high,True,False,False,False,"[""detailed_parts_list"", ""table_or_index""]","[""high_part_number_density""]","[""detailed_parts_list_extraction_scan""]",194,10,00000231.tif,local_data\organization\trace_net\ocr_route_scan_pack_tesseract_full\page_images\t_p_120_1176_p000231.tif,local_data\organization\trace_net\ocr_route_scan_pack_tesseract_full\ocr_text\t_p_120_1176_p000231.txt
232,t_p_120_1176_p000232,table,detailed_parts_list,[],94.0,high,True,False,False,False,"[""detailed_parts_list"", ""table_or_index""]","[""high_part_number_density""]","[""detailed_parts_list_extraction_scan""]",217,11,00000232.tif,local_data\organization\trace_net\ocr_route_scan_pack_tesseract_full\page_images\t_p_120_1176_p000232.tif,local_data\organization\trace_net\ocr_route_scan_pack_tesseract_full\ocr_text\t_p_120_1176_p000232.txt
233,t_p_120_1176_p000233,table,image_visual_diagram,[],82.0,medium,False,False,True,True,"[""image_visual_diagram"", ""table_or_index""]","[""concrete_visual_labels_sparse_non_table_text""]","[""image_visual_ocr_and_vision_queue_scan""]",112,1,00000233.tif,local_data\organization\trace_net\ocr_route_scan_pack_tesseract_full\page_images\t_p_120_1176_p000233.tif,local_data\organization\trace_net\ocr_route_scan_pack_tesseract_full\ocr_text\t_p_120_1176_p000233.txt
234,t_p_120_1176_p000234,table,detailed_parts_list,[],94.0,high,True,False,False,False,"[""detailed_parts_list"", ""table_or_index""]","[""high_part_number_density""]","[""detailed_parts_list_extraction_scan""]",221,14,00000234.tif,local_data\organization\trace_net\ocr_route_scan_pack_tesseract_full\page_images\t_p_120_1176_p000234.tif,local_data\organization\trace_net\ocr_route_scan_pack_tesseract_full\ocr_text\t_p_120_1176_p000234.txt
235,t_p_120_1176_p000235,table,detailed_parts_list,[],82.0,medium,False,False,True,True,"[""detailed_parts_list"", ""table_or_index""]","[""part_numbers_with_ipl_structure""]","[""detailed_parts_list_extraction_scan""]",198,8,00000235.tif,local_data\organization\trace_net\ocr_route_scan_pack_tesseract_full\page_images\t_p_120_1176_p000235.tif,local_data\organization\trace_net\ocr_route_scan_pack_tesseract_full\ocr_text\t_p_120_1176_p000235.txt
236,t_p_120_1176_p000236,table,image_visual_diagram,[],82.0,medium,False,False,True,True,"[""image_visual_diagram"", ""table_or_index""]","[""concrete_visual_labels_sparse_non_table_text""]","[""image_visual_ocr_and_vision_queue_scan""]",104,1,00000236.tif,local_data\organization\trace_net\ocr_route_scan_pack_tesseract_full\page_images\t_p_120_1176_p000236.tif,local_data\organization\trace_net\ocr_route_scan_pack_tesseract_full\ocr_text\t_p_120_1176_p000236.txt
237,t_p_120_1176_p000237,table,detailed_parts_list,[],94.0,high,True,False,False,False,"[""detailed_parts_list"", ""table_or_index""]","[""high_part_number_density""]","[""detailed_parts_list_extraction_scan""]",201,10,00000237.tif,local_data\organization\trace_net\ocr_route_scan_pack_tesseract_full\page_images\t_p_120_1176_p000237.tif,local_data\organization\trace_net\ocr_route_scan_pack_tesseract_full\ocr_text\t_p_120_1176_p000237.txt
238,t_p_120_1176_p000238,table,detailed_parts_list,[],94.0,high,True,False,False,False,"[""detailed_parts_list"", ""table_or_index""]","[""high_part_number_density""]","[""detailed_parts_list_extraction_scan""]",260,12,00000238.tif,local_data\organization\trace_net\ocr_route_scan_pack_tesseract_full\page_images\t_p_120_1176_p000238.tif,local_data\organization\trace_net\ocr_route_scan_pack_tesseract_full\ocr_text\t_p_120_1176_p000238.txt
239,t_p_120_1176_p000239,table,image_visual_diagram,[],82.0,medium,False,False,True,True,"[""image_visual_diagram"", ""table_or_index""]","[""concrete_visual_labels_sparse_non_table_text""]","[""image_visual_ocr_and_vision_queue_scan""]",105,1,00000239.tif,local_data\organization\trace_net\ocr_route_scan_pack_tesseract_full\page_images\t_p_120_1176_p000239.tif,local_data\organization\trace_net\ocr_route_scan_pack_tesseract_full\ocr_text\t_p_120_1176_p000239.txt
240,t_p_120_1176_p000240,table,detailed_parts_list,[],94.0,high,True,False,False,False,"[""detailed_parts_list"", ""table_or_index""]","[""high_part_number_density""]","[""detailed_parts_list_extraction_scan""]",212,10,00000240.tif,local_data\organization\trace_net\ocr_route_scan_pack_tesseract_full\page_images\t_p_120_1176_p000240.tif,local_data\organization\trace_net\ocr_route_scan_pack_tesseract_full\ocr_text\t_p_120_1176_p000240.txt
241,t_p_120_1176_p000241,table,detailed_parts_list,[],94.0,high,True,False,False,False,"[""detailed_parts_list"", ""table_or_index""]","[""high_part_number_density""]","[""detailed_parts_list_extraction_scan""]",218,12,00000241.tif,local_data\organization\trace_net\ocr_route_scan_pack_tesseract_full\page_images\t_p_120_1176_p000241.tif,local_data\organization\trace_net\ocr_route_scan_pack_tesseract_full\ocr_text\t_p_120_1176_p000241.txt
242,t_p_120_1176_p000242,table,image_visual_diagram,[],82.0,medium,False,False,True,True,"[""image_visual_diagram"", ""table_or_index""]","[""concrete_visual_labels_sparse_non_table_text""]","[""image_visual_ocr_and_vision_queue_scan""]",92,1,00000242.tif,local_data\organization\trace_net\ocr_route_scan_pack_tesseract_full\page_images\t_p_120_1176_p000242.tif,local_data\organization\trace_net\ocr_route_scan_pack_tesseract_full\ocr_text\t_p_120_1176_p000242.txt
243,t_p_120_1176_p000243,table,detailed_parts_list,[],94.0,high,True,False,False,False,"[""detailed_parts_list"", ""table_or_index""]","[""high_part_number_density""]","[""detailed_parts_list_extraction_scan""]",200,10,00000243.tif,local_data\organization\trace_net\ocr_route_scan_pack_tesseract_full\page_images\t_p_120_1176_p000243.tif,local_data\organization\trace_net\ocr_route_scan_pack_tesseract_full\ocr_text\t_p_120_1176_p000243.txt
244,t_p_120_1176_p000244,table,detailed_parts_list,[],94.0,high,True,False,False,False,"[""detailed_parts_list"", ""table_or_index""]","[""high_part_number_density""]","[""detailed_parts_list_extraction_scan""]",218,11,00000244.tif,local_data\organization\trace_net\ocr_route_scan_pack_tesseract_full\page_images\t_p_120_1176_p000244.tif,local_data\organization\trace_net\ocr_route_scan_pack_tesseract_full\ocr_text\t_p_120_1176_p000244.txt
245,t_p_120_1176_p000245,table,image_visual_diagram,[],82.0,medium,False,False,True,True,"[""image_visual_diagram"", ""table_or_index""]","[""concrete_visual_labels_sparse_non_table_text""]","[""image_visual_ocr_and_vision_queue_scan""]",113,1,00000245.tif,local_data\organization\trace_net\ocr_route_scan_pack_tesseract_full\page_images\t_p_120_1176_p000245.tif,local_data\organization\trace_net\ocr_route_scan_pack_tesseract_full\ocr_text\t_p_120_1176_p000245.txt
246,t_p_120_1176_p000246,table,detailed_parts_list,[],94.0,high,True,False,False,False,"[""detailed_parts_list"", ""table_or_index""]","[""high_part_number_density""]","[""detailed_parts_list_extraction_scan""]",222,10,00000246.tif,local_data\organization\trace_net\ocr_route_scan_pack_tesseract_full\page_images\t_p_120_1176_p000246.tif,local_data\organization\trace_net\ocr_route_scan_pack_tesseract_full\ocr_text\t_p_120_1176_p000246.txt
247,t_p_120_1176_p000247,table,detailed_parts_list,[],82.0,medium,False,False,True,True,"[""detailed_parts_list"", ""table_or_index""]","[""part_numbers_with_ipl_structure""]","[""detailed_parts_list_extraction_scan""]",165,8,00000247.tif,local_data\organization\trace_net\ocr_route_scan_pack_tesseract_full\page_images\t_p_120_1176_p000247.tif,local_data\organization\trace_net\ocr_route_scan_pack_tesseract_full\ocr_text\t_p_120_1176_p000247.txt
248,t_p_120_1176_p000248,table,image_visual_diagram,[],82.0,medium,False,False,True,True,"[""image_visual_diagram"", ""table_or_index""]","[""concrete_visual_labels_sparse_non_table_text""]","[""image_visual_ocr_and_vision_queue_scan""]",103,1,00000248.tif,local_data\organization\trace_net\ocr_route_scan_pack_tesseract_full\page_images\t_p_120_1176_p000248.tif,local_data\organization\trace_net\ocr_route_scan_pack_tesseract_full\ocr_text\t_p_120_1176_p000248.txt
249,t_p_120_1176_p000249,table,detailed_parts_list,[],94.0,high,True,False,False,False,"[""detailed_parts_list"", ""table_or_index""]","[""high_part_number_density""]","[""detailed_parts_list_extraction_scan""]",198,10,00000249.tif,local_data\organization\trace_net\ocr_route_scan_pack_tesseract_full\page_images\t_p_120_1176_p000249.tif,local_data\organization\trace_net\ocr_route_scan_pack_tesseract_full\ocr_text\t_p_120_1176_p000249.txt
250,t_p_120_1176_p000250,table,detailed_parts_list,[],94.0,high,True,False,False,False,"[""detailed_parts_list"", ""table_or_index""]","[""high_part_number_density""]","[""detailed_parts_list_extraction_scan""]",228,12,00000250.tif,local_data\organization\trace_net\ocr_route_scan_pack_tesseract_full\page_images\t_p_120_1176_p000250.tif,local_data\organization\trace_net\ocr_route_scan_pack_tesseract_full\ocr_text\t_p_120_1176_p000250.txt
251,t_p_120_1176_p000251,table,image_visual_diagram,[],82.0,medium,False,False,True,True,"[""image_visual_diagram"", ""table_or_index""]","[""concrete_visual_labels_sparse_non_table_text""]","[""image_visual_ocr_and_vision_queue_scan""]",102,1,00000251.tif,local_data\organization\trace_net\ocr_route_scan_pack_tesseract_full\page_images\t_p_120_1176_p000251.tif,local_data\organization\trace_net\ocr_route_scan_pack_tesseract_full\ocr_text\t_p_120_1176_p000251.txt
252,t_p_120_1176_p000252,table,detailed_parts_list,[],82.0,medium,False,False,True,True,"[""detailed_parts_list"", ""table_or_index""]","[""part_numbers_with_ipl_structure""]","[""detailed_parts_list_extraction_scan""]",189,8,00000252.tif,local_data\organization\trace_net\ocr_route_scan_pack_tesseract_full\page_images\t_p_120_1176_p000252.tif,local_data\organization\trace_net\ocr_route_scan_pack_tesseract_full\ocr_text\t_p_120_1176_p000252.txt
253,t_p_120_1176_p000253,table,detailed_parts_list,[],94.0,high,True,False,False,False,"[""detailed_parts_list"", ""table_or_index""]","[""high_part_number_density""]","[""detailed_parts_list_extraction_scan""]",230,11,00000253.tif,local_data\organization\trace_net\ocr_route_scan_pack_tesseract_full\page_images\t_p_120_1176_p000253.tif,local_data\organization\trace_net\ocr_route_scan_pack_tesseract_full\ocr_text\t_p_120_1176_p000253.txt
254,t_p_120_1176_p000254,table,image_visual_diagram,[],82.0,medium,False,False,True,True,"[""image_visual_diagram"", ""table_or_index""]","[""concrete_visual_labels_sparse_non_table_text""]","[""image_visual_ocr_and_vision_queue_scan""]",96,1,00000254.tif,local_data\organization\trace_net\ocr_route_scan_pack_tesseract_full\page_images\t_p_120_1176_p000254.tif,local_data\organization\trace_net\ocr_route_scan_pack_tesseract_full\ocr_text\t_p_120_1176_p000254.txt
255,t_p_120_1176_p000255,table,detailed_parts_list,[],82.0,medium,False,False,True,True,"[""detailed_parts_list"", ""table_or_index""]","[""part_numbers_with_ipl_structure""]","[""detailed_parts_list_extraction_scan""]",195,9,00000255.tif,local_data\organization\trace_net\ocr_route_scan_pack_tesseract_full\page_images\t_p_120_1176_p000255.tif,local_data\organization\trace_net\ocr_route_scan_pack_tesseract_full\ocr_text\t_p_120_1176_p000255.txt
256,t_p_120_1176_p000256,table,detailed_parts_list,[],94.0,high,True,False,False,False,"[""detailed_parts_list"", ""table_or_index""]","[""high_part_number_density""]","[""detailed_parts_list_extraction_scan""]",165,10,00000256.tif,local_data\organization\trace_net\ocr_route_scan_pack_tesseract_full\page_images\t_p_120_1176_p000256.tif,local_data\organization\trace_net\ocr_route_scan_pack_tesseract_full\ocr_text\t_p_120_1176_p000256.txt
257,t_p_120_1176_p000257,table,image_visual_diagram,[],82.0,medium,False,False,True,True,"[""image_visual_diagram"", ""table_or_index""]","[""concrete_visual_labels_sparse_non_table_text""]","[""image_visual_ocr_and_vision_queue_scan""]",98,1,00000257.tif,local_data\organization\trace_net\ocr_route_scan_pack_tesseract_full\page_images\t_p_120_1176_p000257.tif,local_data\organization\trace_net\ocr_route_scan_pack_tesseract_full\ocr_text\t_p_120_1176_p000257.txt
258,t_p_120_1176_p000258,table,detailed_parts_list,[],94.0,high,True,False,False,False,"[""detailed_parts_list"", ""table_or_index""]","[""high_part_number_density""]","[""detailed_parts_list_extraction_scan""]",238,11,00000258.tif,local_data\organization\trace_net\ocr_route_scan_pack_tesseract_full\page_images\t_p_120_1176_p000258.tif,local_data\organization\trace_net\ocr_route_scan_pack_tesseract_full\ocr_text\t_p_120_1176_p000258.txt
259,t_p_120_1176_p000259,table,detailed_parts_list,[],82.0,medium,False,False,True,True,"[""detailed_parts_list"", ""table_or_index""]","[""part_numbers_with_ipl_structure""]","[""detailed_parts_list_extraction_scan""]",149,9,00000259.tif,local_data\organization\trace_net\ocr_route_scan_pack_tesseract_full\page_images\t_p_120_1176_p000259.tif,local_data\organization\trace_net\ocr_route_scan_pack_tesseract_full\ocr_text\t_p_120_1176_p000259.txt
260,t_p_120_1176_p000260,table,image_visual_diagram,[],82.0,medium,False,False,True,True,"[""image_visual_diagram"", ""table_or_index""]","[""concrete_visual_labels_sparse_non_table_text""]","[""image_visual_ocr_and_vision_queue_scan""]",95,1,00000260.tif,local_data\organization\trace_net\ocr_route_scan_pack_tesseract_full\page_images\t_p_120_1176_p000260.tif,local_data\organization\trace_net\ocr_route_scan_pack_tesseract_full\ocr_text\t_p_120_1176_p000260.txt
261,t_p_120_1176_p000261,table,detailed_parts_list,[],94.0,high,True,False,False,False,"[""detailed_parts_list"", ""table_or_index""]","[""high_part_number_density""]","[""detailed_parts_list_extraction_scan""]",223,10,00000261.tif,local_data\organization\trace_net\ocr_route_scan_pack_tesseract_full\page_images\t_p_120_1176_p000261.tif,local_data\organization\trace_net\ocr_route_scan_pack_tesseract_full\ocr_text\t_p_120_1176_p000261.txt
262,t_p_120_1176_p000262,table,detailed_parts_list,[],94.0,high,True,False,False,False,"[""detailed_parts_list"", ""table_or_index""]","[""high_part_number_density""]","[""detailed_parts_list_extraction_scan""]",240,11,00000262.tif,local_data\organization\trace_net\ocr_route_scan_pack_tesseract_full\page_images\t_p_120_1176_p000262.tif,local_data\organization\trace_net\ocr_route_scan_pack_tesseract_full\ocr_text\t_p_120_1176_p000262.txt
263,t_p_120_1176_p000263,table,image_visual_diagram,[],82.0,medium,False,False,True,True,"[""image_visual_diagram"", ""table_or_index""]","[""concrete_visual_labels_sparse_non_table_text""]","[""image_visual_ocr_and_vision_queue_scan""]",119,1,00000263.tif,local_data\organization\trace_net\ocr_route_scan_pack_tesseract_full\page_images\t_p_120_1176_p000263.tif,local_data\organization\trace_net\ocr_route_scan_pack_tesseract_full\ocr_text\t_p_120_1176_p000263.txt
264,t_p_120_1176_p000264,table,detailed_parts_list,[],94.0,high,True,False,False,False,"[""detailed_parts_list"", ""table_or_index""]","[""high_part_number_density""]","[""detailed_parts_list_extraction_scan""]",246,11,00000264.tif,local_data\organization\trace_net\ocr_route_scan_pack_tesseract_full\page_images\t_p_120_1176_p000264.tif,local_data\organization\trace_net\ocr_route_scan_pack_tesseract_full\ocr_text\t_p_120_1176_p000264.txt
265,t_p_120_1176_p000265,table,detailed_parts_list,[],82.0,medium,False,False,True,True,"[""detailed_parts_list"", ""table_or_index""]","[""part_numbers_with_ipl_structure""]","[""detailed_parts_list_extraction_scan""]",187,8,00000265.tif,local_data\organization\trace_net\ocr_route_scan_pack_tesseract_full\page_images\t_p_120_1176_p000265.tif,local_data\organization\trace_net\ocr_route_scan_pack_tesseract_full\ocr_text\t_p_120_1176_p000265.txt
266,t_p_120_1176_p000266,table,image_visual_diagram,[],82.0,medium,False,False,True,True,"[""image_visual_diagram"", ""table_or_index""]","[""concrete_visual_labels_sparse_non_table_text""]","[""image_visual_ocr_and_vision_queue_scan""]",117,1,00000266.tif,local_data\organization\trace_net\ocr_route_scan_pack_tesseract_full\page_images\t_p_120_1176_p000266.tif,local_data\organization\trace_net\ocr_route_scan_pack_tesseract_full\ocr_text\t_p_120_1176_p000266.txt
267,t_p_120_1176_p000267,table,detailed_parts_list,[],94.0,high,True,False,False,False,"[""detailed_parts_list"", ""table_or_index""]","[""high_part_number_density""]","[""detailed_parts_list_extraction_scan""]",238,12,00000267.tif,local_data\organization\trace_net\ocr_route_scan_pack_tesseract_full\page_images\t_p_120_1176_p000267.tif,local_data\organization\trace_net\ocr_route_scan_pack_tesseract_full\ocr_text\t_p_120_1176_p000267.txt
268,t_p_120_1176_p000268,table,detailed_parts_list,[],82.0,medium,False,False,True,True,"[""detailed_parts_list"", ""table_or_index""]","[""part_numbers_with_ipl_structure""]","[""detailed_parts_list_extraction_scan""]",121,7,00000268.tif,local_data\organization\trace_net\ocr_route_scan_pack_tesseract_full\page_images\t_p_120_1176_p000268.tif,local_data\organization\trace_net\ocr_route_scan_pack_tesseract_full\ocr_text\t_p_120_1176_p000268.txt
269,t_p_120_1176_p000269,table,image_visual_diagram,[],82.0,medium,False,False,True,True,"[""image_visual_diagram"", ""table_or_index""]","[""concrete_visual_labels_sparse_non_table_text""]","[""image_visual_ocr_and_vision_queue_scan""]",99,1,00000269.tif,local_data\organization\trace_net\ocr_route_scan_pack_tesseract_full\page_images\t_p_120_1176_p000269.tif,local_data\organization\trace_net\ocr_route_scan_pack_tesseract_full\ocr_text\t_p_120_1176_p000269.txt
270,t_p_120_1176_p000270,table,detailed_parts_list,[],82.0,medium,False,False,True,True,"[""detailed_parts_list"", ""table_or_index""]","[""part_numbers_with_ipl_structure""]","[""detailed_parts_list_extraction_scan""]",196,9,00000270.tif,local_data\organization\trace_net\ocr_route_scan_pack_tesseract_full\page_images\t_p_120_1176_p000270.tif,local_data\organization\trace_net\ocr_route_scan_pack_tesseract_full\ocr_text\t_p_120_1176_p000270.txt
271,t_p_120_1176_p000271,table,detailed_parts_list,[],94.0,high,True,False,False,False,"[""detailed_parts_list"", ""table_or_index""]","[""high_part_number_density""]","[""detailed_parts_list_extraction_scan""]",219,10,00000271.tif,local_data\organization\trace_net\ocr_route_scan_pack_tesseract_full\page_images\t_p_120_1176_p000271.tif,local_data\organization\trace_net\ocr_route_scan_pack_tesseract_full\ocr_text\t_p_120_1176_p000271.txt
272,t_p_120_1176_p000272,table,image_visual_diagram,[],82.0,medium,False,False,True,True,"[""image_visual_diagram"", ""table_or_index""]","[""concrete_visual_labels_sparse_non_table_text""]","[""image_visual_ocr_and_vision_queue_scan""]",96,1,00000272.tif,local_data\organization\trace_net\ocr_route_scan_pack_tesseract_full\page_images\t_p_120_1176_p000272.tif,local_data\organization\trace_net\ocr_route_scan_pack_tesseract_full\ocr_text\t_p_120_1176_p000272.txt
273,t_p_120_1176_p000273,table,detailed_parts_list,[],82.0,medium,False,False,True,True,"[""detailed_parts_list"", ""table_or_index""]","[""part_numbers_with_ipl_structure""]","[""detailed_parts_list_extraction_scan""]",202,9,00000273.tif,local_data\organization\trace_net\ocr_route_scan_pack_tesseract_full\page_images\t_p_120_1176_p000273.tif,local_data\organization\trace_net\ocr_route_scan_pack_tesseract_full\ocr_text\t_p_120_1176_p000273.txt
274,t_p_120_1176_p000274,table,detailed_parts_list,[],94.0,high,True,False,False,False,"[""detailed_parts_list"", ""table_or_index""]","[""high_part_number_density""]","[""detailed_parts_list_extraction_scan""]",182,10,00000274.tif,local_data\organization\trace_net\ocr_route_scan_pack_tesseract_full\page_images\t_p_120_1176_p000274.tif,local_data\organization\trace_net\ocr_route_scan_pack_tesseract_full\ocr_text\t_p_120_1176_p000274.txt
275,t_p_120_1176_p000275,table,image_visual_diagram,[],82.0,medium,False,False,True,True,"[""image_visual_diagram"", ""table_or_index""]","[""concrete_visual_labels_sparse_non_table_text""]","[""image_visual_ocr_and_vision_queue_scan""]",98,1,00000275.tif,local_data\organization\trace_net\ocr_route_scan_pack_tesseract_full\page_images\t_p_120_1176_p000275.tif,local_data\organization\trace_net\ocr_route_scan_pack_tesseract_full\ocr_text\t_p_120_1176_p000275.txt
276,t_p_120_1176_p000276,table,detailed_parts_list,[],94.0,high,True,False,False,False,"[""detailed_parts_list"", ""table_or_index""]","[""high_part_number_density""]","[""detailed_parts_list_extraction_scan""]",248,14,00000276.tif,local_data\organization\trace_net\ocr_route_scan_pack_tesseract_full\page_images\t_p_120_1176_p000276.tif,local_data\organization\trace_net\ocr_route_scan_pack_tesseract_full\ocr_text\t_p_120_1176_p000276.txt
277,t_p_120_1176_p000277,table,detailed_parts_list,[],82.0,medium,False,False,True,True,"[""detailed_parts_list"", ""table_or_index""]","[""part_numbers_with_ipl_structure""]","[""detailed_parts_list_extraction_scan""]",128,6,00000277.tif,local_data\organization\trace_net\ocr_route_scan_pack_tesseract_full\page_images\t_p_120_1176_p000277.tif,local_data\organization\trace_net\ocr_route_scan_pack_tesseract_full\ocr_text\t_p_120_1176_p000277.txt
278,t_p_120_1176_p000278,table,image_visual_diagram,[],82.0,medium,False,False,True,True,"[""image_visual_diagram"", ""table_or_index""]","[""concrete_visual_labels_sparse_non_table_text""]","[""image_visual_ocr_and_vision_queue_scan""]",108,1,00000278.tif,local_data\organization\trace_net\ocr_route_scan_pack_tesseract_full\page_images\t_p_120_1176_p000278.tif,local_data\organization\trace_net\ocr_route_scan_pack_tesseract_full\ocr_text\t_p_120_1176_p000278.txt
279,t_p_120_1176_p000279,table,detailed_parts_list,[],82.0,medium,False,False,True,True,"[""detailed_parts_list"", ""table_or_index""]","[""part_numbers_with_ipl_structure""]","[""detailed_parts_list_extraction_scan""]",186,9,00000279.tif,local_data\organization\trace_net\ocr_route_scan_pack_tesseract_full\page_images\t_p_120_1176_p000279.tif,local_data\organization\trace_net\ocr_route_scan_pack_tesseract_full\ocr_text\t_p_120_1176_p000279.txt
280,t_p_120_1176_p000280,table,detailed_parts_list,[],94.0,high,True,False,False,False,"[""detailed_parts_list"", ""table_or_index""]","[""high_part_number_density""]","[""detailed_parts_list_extraction_scan""]",160,10,00000280.tif,local_data\organization\trace_net\ocr_route_scan_pack_tesseract_full\page_images\t_p_120_1176_p000280.tif,local_data\organization\trace_net\ocr_route_scan_pack_tesseract_full\ocr_text\t_p_120_1176_p000280.txt
281,t_p_120_1176_p000281,table,image_visual_diagram,[],82.0,medium,False,False,True,True,"[""image_visual_diagram"", ""table_or_index""]","[""concrete_visual_labels_sparse_non_table_text""]","[""image_visual_ocr_and_vision_queue_scan""]",111,0,00000281.tif,local_data\organization\trace_net\ocr_route_scan_pack_tesseract_full\page_images\t_p_120_1176_p000281.tif,local_data\organization\trace_net\ocr_route_scan_pack_tesseract_full\ocr_text\t_p_120_1176_p000281.txt
282,t_p_120_1176_p000282,table,detailed_parts_list,[],82.0,medium,False,False,True,True,"[""detailed_parts_list"", ""table_or_index""]","[""part_numbers_with_ipl_structure""]","[""detailed_parts_list_extraction_scan""]",180,9,00000282.tif,local_data\organization\trace_net\ocr_route_scan_pack_tesseract_full\page_images\t_p_120_1176_p000282.tif,local_data\organization\trace_net\ocr_route_scan_pack_tesseract_full\ocr_text\t_p_120_1176_p000282.txt
283,t_p_120_1176_p000283,table,detailed_parts_list,[],82.0,medium,False,False,True,True,"[""detailed_parts_list"", ""table_or_index""]","[""part_numbers_with_ipl_structure""]","[""detailed_parts_list_extraction_scan""]",160,9,00000283.tif,local_data\organization\trace_net\ocr_route_scan_pack_tesseract_full\page_images\t_p_120_1176_p000283.tif,local_data\organization\trace_net\ocr_route_scan_pack_tesseract_full\ocr_text\t_p_120_1176_p000283.txt
284,t_p_120_1176_p000284,table,image_visual_diagram,[],82.0,medium,False,False,True,True,"[""image_visual_diagram"", ""table_or_index""]","[""concrete_visual_labels_sparse_non_table_text""]","[""image_visual_ocr_and_vision_queue_scan""]",99,1,00000284.tif,local_data\organization\trace_net\ocr_route_scan_pack_tesseract_full\page_images\t_p_120_1176_p000284.tif,local_data\organization\trace_net\ocr_route_scan_pack_tesseract_full\ocr_text\t_p_120_1176_p000284.txt
285,t_p_120_1176_p000285,table,detailed_parts_list,[],82.0,medium,False,False,True,True,"[""detailed_parts_list"", ""table_or_index""]","[""part_numbers_with_ipl_structure""]","[""detailed_parts_list_extraction_scan""]",186,9,00000285.tif,local_data\organization\trace_net\ocr_route_scan_pack_tesseract_full\page_images\t_p_120_1176_p000285.tif,local_data\organization\trace_net\ocr_route_scan_pack_tesseract_full\ocr_text\t_p_120_1176_p000285.txt
286,t_p_120_1176_p000286,table,detailed_parts_list,[],82.0,medium,False,False,True,True,"[""detailed_parts_list"", ""table_or_index""]","[""part_numbers_with_ipl_structure""]","[""detailed_parts_list_extraction_scan""]",137,8,00000286.tif,local_data\organization\trace_net\ocr_route_scan_pack_tesseract_full\page_images\t_p_120_1176_p000286.tif,local_data\organization\trace_net\ocr_route_scan_pack_tesseract_full\ocr_text\t_p_120_1176_p000286.txt
287,t_p_120_1176_p000287,table,image_visual_diagram,[],82.0,medium,False,False,True,True,"[""image_visual_diagram"", ""table_or_index""]","[""concrete_visual_labels_sparse_non_table_text""]","[""image_visual_ocr_and_vision_queue_scan""]",92,1,00000287.tif,local_data\organization\trace_net\ocr_route_scan_pack_tesseract_full\page_images\t_p_120_1176_p000287.tif,local_data\organization\trace_net\ocr_route_scan_pack_tesseract_full\ocr_text\t_p_120_1176_p000287.txt
288,t_p_120_1176_p000288,table,detailed_parts_list,[],82.0,medium,False,False,True,True,"[""detailed_parts_list"", ""table_or_index""]","[""part_numbers_with_ipl_structure""]","[""detailed_parts_list_extraction_scan""]",214,9,00000288.tif,local_data\organization\trace_net\ocr_route_scan_pack_tesseract_full\page_images\t_p_120_1176_p000288.tif,local_data\organization\trace_net\ocr_route_scan_pack_tesseract_full\ocr_text\t_p_120_1176_p000288.txt
289,t_p_120_1176_p000289,table,detailed_parts_list,[],82.0,medium,False,False,True,True,"[""detailed_parts_list"", ""table_or_index""]","[""part_numbers_with_ipl_structure""]","[""detailed_parts_list_extraction_scan""]",98,6,00000289.tif,local_data\organization\trace_net\ocr_route_scan_pack_tesseract_full\page_images\t_p_120_1176_p000289.tif,local_data\organization\trace_net\ocr_route_scan_pack_tesseract_full\ocr_text\t_p_120_1176_p000289.txt
290,t_p_120_1176_p000290,table,image_visual_diagram,[],82.0,medium,False,False,True,True,"[""image_visual_diagram"", ""table_or_index""]","[""concrete_visual_labels_sparse_non_table_text""]","[""image_visual_ocr_and_vision_queue_scan""]",101,1,00000290.tif,local_data\organization\trace_net\ocr_route_scan_pack_tesseract_full\page_images\t_p_120_1176_p000290.tif,local_data\organization\trace_net\ocr_route_scan_pack_tesseract_full\ocr_text\t_p_120_1176_p000290.txt
291,t_p_120_1176_p000291,table,detailed_parts_list,[],82.0,medium,False,False,True,True,"[""detailed_parts_list"", ""table_or_index""]","[""part_numbers_with_ipl_structure""]","[""detailed_parts_list_extraction_scan""]",202,9,00000291.tif,local_data\organization\trace_net\ocr_route_scan_pack_tesseract_full\page_images\t_p_120_1176_p000291.tif,local_data\organization\trace_net\ocr_route_scan_pack_tesseract_full\ocr_text\t_p_120_1176_p000291.txt
292,t_p_120_1176_p000292,table,detailed_parts_list,[],82.0,medium,False,False,True,True,"[""detailed_parts_list"", ""table_or_index""]","[""part_numbers_with_ipl_structure""]","[""detailed_parts_list_extraction_scan""]",149,7,00000292.tif,local_data\organization\trace_net\ocr_route_scan_pack_tesseract_full\page_images\t_p_120_1176_p000292.tif,local_data\organization\trace_net\ocr_route_scan_pack_tesseract_full\ocr_text\t_p_120_1176_p000292.txt
293,t_p_120_1176_p000293,table,review_required,"[""table_or_index""]",0.0,low,False,True,True,True,"[""table_or_index""]","[""no_route_met_medium_confidence_threshold""]","[""validator_gated_review_resolution_scan"", ""table_ocr_table_candidate_scan""]",129,1,00000293.tif,local_data\organization\trace_net\ocr_route_scan_pack_tesseract_full\page_images\t_p_120_1176_p000293.tif,local_data\organization\trace_net\ocr_route_scan_pack_tesseract_full\ocr_text\t_p_120_1176_p000293.txt
294,t_p_120_1176_p000294,table,detailed_parts_list,[],82.0,medium,False,False,True,True,"[""detailed_parts_list"", ""table_or_index""]","[""part_numbers_with_ipl_structure""]","[""detailed_parts_list_extraction_scan""]",220,9,00000294.tif,local_data\organization\trace_net\ocr_route_scan_pack_tesseract_full\page_images\t_p_120_1176_p000294.tif,local_data\organization\trace_net\ocr_route_scan_pack_tesseract_full\ocr_text\t_p_120_1176_p000294.txt
295,t_p_120_1176_p000295,table,detailed_parts_list,[],94.0,high,True,False,False,False,"[""detailed_parts_list"", ""table_or_index""]","[""high_part_number_density""]","[""detailed_parts_list_extraction_scan""]",150,10,00000295.tif,local_data\organization\trace_net\ocr_route_scan_pack_tesseract_full\page_images\t_p_120_1176_p000295.tif,local_data\organization\trace_net\ocr_route_scan_pack_tesseract_full\ocr_text\t_p_120_1176_p000295.txt
296,t_p_120_1176_p000296,table,review_required,"[""table_or_index""]",0.0,low,False,True,True,True,"[""table_or_index""]","[""no_route_met_medium_confidence_threshold""]","[""validator_gated_review_resolution_scan"", ""table_ocr_table_candidate_scan""]",121,1,00000296.tif,local_data\organization\trace_net\ocr_route_scan_pack_tesseract_full\page_images\t_p_120_1176_p000296.tif,local_data\organization\trace_net\ocr_route_scan_pack_tesseract_full\ocr_text\t_p_120_1176_p000296.txt
297,t_p_120_1176_p000297,table,detailed_parts_list,[],94.0,high,True,False,False,False,"[""detailed_parts_list"", ""table_or_index""]","[""high_part_number_density""]","[""detailed_parts_list_extraction_scan""]",274,17,00000297.tif,local_data\organization\trace_net\ocr_route_scan_pack_tesseract_full\page_images\t_p_120_1176_p000297.tif,local_data\organization\trace_net\ocr_route_scan_pack_tesseract_full\ocr_text\t_p_120_1176_p000297.txt
298,t_p_120_1176_p000298,table,image_visual_diagram,[],72.0,medium,False,False,True,True,"[""image_visual_diagram"", ""table_or_index""]","[""figure_caption_sparse_text""]","[""image_visual_ocr_and_vision_queue_scan""]",75,1,00000298.tif,local_data\organization\trace_net\ocr_route_scan_pack_tesseract_full\page_images\t_p_120_1176_p000298.tif,local_data\organization\trace_net\ocr_route_scan_pack_tesseract_full\ocr_text\t_p_120_1176_p000298.txt
299,t_p_120_1176_p000299,table,review_required,"[""table_or_index""]",0.0,low,False,True,True,True,"[""table_or_index""]","[""no_route_met_medium_confidence_threshold""]","[""validator_gated_review_resolution_scan"", ""table_ocr_table_candidate_scan""]",135,1,00000299.tif,local_data\organization\trace_net\ocr_route_scan_pack_tesseract_full\page_images\t_p_120_1176_p000299.tif,local_data\organization\trace_net\ocr_route_scan_pack_tesseract_full\ocr_text\t_p_120_1176_p000299.txt
300,t_p_120_1176_p000300,table,detailed_parts_list,[],94.0,high,True,False,False,False,"[""detailed_parts_list"", ""table_or_index""]","[""high_part_number_density""]","[""detailed_parts_list_extraction_scan""]",221,10,00000300.tif,local_data\organization\trace_net\ocr_route_scan_pack_tesseract_full\page_images\t_p_120_1176_p000300.tif,local_data\organization\trace_net\ocr_route_scan_pack_tesseract_full\ocr_text\t_p_120_1176_p000300.txt
301,t_p_120_1176_p000301,table,detailed_parts_list,[],82.0,medium,False,False,True,True,"[""detailed_parts_list"", ""table_or_index""]","[""part_numbers_with_ipl_structure""]","[""detailed_parts_list_extraction_scan""]",130,7,00000301.tif,local_data\organization\trace_net\ocr_route_scan_pack_tesseract_full\page_images\t_p_120_1176_p000301.tif,local_data\organization\trace_net\ocr_route_scan_pack_tesseract_full\ocr_text\t_p_120_1176_p000301.txt
302,t_p_120_1176_p000302,table,review_required,"[""table_or_index""]",0.0,low,False,True,True,True,"[""table_or_index""]","[""no_route_met_medium_confidence_threshold""]","[""validator_gated_review_resolution_scan"", ""table_ocr_table_candidate_scan""]",137,1,00000302.tif,local_data\organization\trace_net\ocr_route_scan_pack_tesseract_full\page_images\t_p_120_1176_p000302.tif,local_data\organization\trace_net\ocr_route_scan_pack_tesseract_full\ocr_text\t_p_120_1176_p000302.txt
303,t_p_120_1176_p000303,table,detailed_parts_list,[],94.0,high,True,False,False,False,"[""detailed_parts_list"", ""table_or_index""]","[""high_part_number_density""]","[""detailed_parts_list_extraction_scan""]",211,10,00000303.tif,local_data\organization\trace_net\ocr_route_scan_pack_tesseract_full\page_images\t_p_120_1176_p000303.tif,local_data\organization\trace_net\ocr_route_scan_pack_tesseract_full\ocr_text\t_p_120_1176_p000303.txt
304,t_p_120_1176_p000304,table,detailed_parts_list,[],82.0,medium,False,False,True,True,"[""detailed_parts_list"", ""table_or_index""]","[""part_numbers_with_ipl_structure""]","[""detailed_parts_list_extraction_scan""]",136,8,00000304.tif,local_data\organization\trace_net\ocr_route_scan_pack_tesseract_full\page_images\t_p_120_1176_p000304.tif,local_data\organization\trace_net\ocr_route_scan_pack_tesseract_full\ocr_text\t_p_120_1176_p000304.txt
305,t_p_120_1176_p000305,table,image_visual_diagram,[],82.0,medium,False,False,True,True,"[""image_visual_diagram"", ""table_or_index""]","[""concrete_visual_labels_sparse_non_table_text""]","[""image_visual_ocr_and_vision_queue_scan""]",112,1,00000305.tif,local_data\organization\trace_net\ocr_route_scan_pack_tesseract_full\page_images\t_p_120_1176_p000305.tif,local_data\organization\trace_net\ocr_route_scan_pack_tesseract_full\ocr_text\t_p_120_1176_p000305.txt
306,t_p_120_1176_p000306,table,detailed_parts_list,[],82.0,medium,False,False,True,True,"[""detailed_parts_list"", ""table_or_index""]","[""part_numbers_with_ipl_structure""]","[""detailed_parts_list_extraction_scan""]",206,9,00000306.tif,local_data\organization\trace_net\ocr_route_scan_pack_tesseract_full\page_images\t_p_120_1176_p000306.tif,local_data\organization\trace_net\ocr_route_scan_pack_tesseract_full\ocr_text\t_p_120_1176_p000306.txt
307,t_p_120_1176_p000307,table,detailed_parts_list,[],82.0,medium,False,False,True,True,"[""detailed_parts_list"", ""table_or_index""]","[""part_numbers_with_ipl_structure""]","[""detailed_parts_list_extraction_scan""]",135,7,00000307.tif,local_data\organization\trace_net\ocr_route_scan_pack_tesseract_full\page_images\t_p_120_1176_p000307.tif,local_data\organization\trace_net\ocr_route_scan_pack_tesseract_full\ocr_text\t_p_120_1176_p000307.txt
308,t_p_120_1176_p000308,table,image_visual_diagram,[],82.0,medium,False,False,True,True,"[""image_visual_diagram"", ""table_or_index""]","[""concrete_visual_labels_sparse_non_table_text""]","[""image_visual_ocr_and_vision_queue_scan""]",106,1,00000308.tif,local_data\organization\trace_net\ocr_route_scan_pack_tesseract_full\page_images\t_p_120_1176_p000308.tif,local_data\organization\trace_net\ocr_route_scan_pack_tesseract_full\ocr_text\t_p_120_1176_p000308.txt
309,t_p_120_1176_p000309,table,detailed_parts_list,[],94.0,high,True,False,False,False,"[""detailed_parts_list"", ""table_or_index""]","[""high_part_number_density""]","[""detailed_parts_list_extraction_scan""]",215,10,00000309.tif,local_data\organization\trace_net\ocr_route_scan_pack_tesseract_full\page_images\t_p_120_1176_p000309.tif,local_data\organization\trace_net\ocr_route_scan_pack_tesseract_full\ocr_text\t_p_120_1176_p000309.txt
310,t_p_120_1176_p000310,table,detailed_parts_list,[],82.0,medium,False,False,True,True,"[""detailed_parts_list"", ""table_or_index""]","[""part_numbers_with_ipl_structure""]","[""detailed_parts_list_extraction_scan""]",112,7,00000310.tif,local_data\organization\trace_net\ocr_route_scan_pack_tesseract_full\page_images\t_p_120_1176_p000310.tif,local_data\organization\trace_net\ocr_route_scan_pack_tesseract_full\ocr_text\t_p_120_1176_p000310.txt
311,t_p_120_1176_p000311,table,image_visual_diagram,[],82.0,medium,False,False,True,True,"[""image_visual_diagram"", ""table_or_index""]","[""concrete_visual_labels_sparse_non_table_text""]","[""image_visual_ocr_and_vision_queue_scan""]",80,1,00000311.tif,local_data\organization\trace_net\ocr_route_scan_pack_tesseract_full\page_images\t_p_120_1176_p000311.tif,local_data\organization\trace_net\ocr_route_scan_pack_tesseract_full\ocr_text\t_p_120_1176_p000311.txt
312,t_p_120_1176_p000312,table,detailed_parts_list,[],94.0,high,True,False,False,False,"[""detailed_parts_list"", ""table_or_index""]","[""high_part_number_density""]","[""detailed_parts_list_extraction_scan""]",216,14,00000312.tif,local_data\organization\trace_net\ocr_route_scan_pack_tesseract_full\page_images\t_p_120_1176_p000312.tif,local_data\organization\trace_net\ocr_route_scan_pack_tesseract_full\ocr_text\t_p_120_1176_p000312.txt
313,t_p_120_1176_p000313,table,image_visual_diagram,[],82.0,medium,False,False,True,True,"[""image_visual_diagram"", ""table_or_index""]","[""concrete_visual_labels_sparse_non_table_text""]","[""image_visual_ocr_and_vision_queue_scan""]",82,1,00000313.tif,local_data\organization\trace_net\ocr_route_scan_pack_tesseract_full\page_images\t_p_120_1176_p000313.tif,local_data\organization\trace_net\ocr_route_scan_pack_tesseract_full\ocr_text\t_p_120_1176_p000313.txt
314,t_p_120_1176_p000314,table,detailed_parts_list,[],94.0,high,True,False,False,False,"[""detailed_parts_list"", ""table_or_index""]","[""high_part_number_density""]","[""detailed_parts_list_extraction_scan""]",160,10,00000314.tif,local_data\organization\trace_net\ocr_route_scan_pack_tesseract_full\page_images\t_p_120_1176_p000314.tif,local_data\organization\trace_net\ocr_route_scan_pack_tesseract_full\ocr_text\t_p_120_1176_p000314.txt
315,t_p_120_1176_p000315,image_visual,image_visual_diagram,[],90.0,high,True,False,False,False,"[""image_visual_diagram""]","[""legacy_image_visual_sparse_text""]","[""image_visual_ocr_and_vision_queue_scan""]",80,1,00000315.tif,local_data\organization\trace_net\ocr_route_scan_pack_tesseract_full\page_images\t_p_120_1176_p000315.tif,local_data\organization\trace_net\ocr_route_scan_pack_tesseract_full\ocr_text\t_p_120_1176_p000315.txt
316,t_p_120_1176_p000316,table,detailed_parts_list,[],94.0,high,True,False,False,False,"[""detailed_parts_list"", ""table_or_index""]","[""high_part_number_density""]","[""detailed_parts_list_extraction_scan""]",190,12,00000316.tif,local_data\organization\trace_net\ocr_route_scan_pack_tesseract_full\page_images\t_p_120_1176_p000316.tif,local_data\organization\trace_net\ocr_route_scan_pack_tesseract_full\ocr_text\t_p_120_1176_p000316.txt
317,t_p_120_1176_p000317,table,image_visual_diagram,[],82.0,medium,False,False,True,True,"[""image_visual_diagram"", ""table_or_index""]","[""concrete_visual_labels_sparse_non_table_text""]","[""image_visual_ocr_and_vision_queue_scan""]",82,1,00000317.tif,local_data\organization\trace_net\ocr_route_scan_pack_tesseract_full\page_images\t_p_120_1176_p000317.tif,local_data\organization\trace_net\ocr_route_scan_pack_tesseract_full\ocr_text\t_p_120_1176_p000317.txt
318,t_p_120_1176_p000318,table,detailed_parts_list,[],94.0,high,True,False,False,False,"[""detailed_parts_list"", ""table_or_index""]","[""high_part_number_density""]","[""detailed_parts_list_extraction_scan""]",162,10,00000318.tif,local_data\organization\trace_net\ocr_route_scan_pack_tesseract_full\page_images\t_p_120_1176_p000318.tif,local_data\organization\trace_net\ocr_route_scan_pack_tesseract_full\ocr_text\t_p_120_1176_p000318.txt
319,t_p_120_1176_p000319,table,image_visual_diagram,[],82.0,medium,False,False,True,True,"[""image_visual_diagram"", ""table_or_index""]","[""concrete_visual_labels_sparse_non_table_text""]","[""image_visual_ocr_and_vision_queue_scan""]",87,1,00000319.tif,local_data\organization\trace_net\ocr_route_scan_pack_tesseract_full\page_images\t_p_120_1176_p000319.tif,local_data\organization\trace_net\ocr_route_scan_pack_tesseract_full\ocr_text\t_p_120_1176_p000319.txt
320,t_p_120_1176_p000320,table,detailed_parts_list,[],94.0,high,True,False,False,False,"[""detailed_parts_list"", ""table_or_index""]","[""high_part_number_density""]","[""detailed_parts_list_extraction_scan""]",196,12,00000320.tif,local_data\organization\trace_net\ocr_route_scan_pack_tesseract_full\page_images\t_p_120_1176_p000320.tif,local_data\organization\trace_net\ocr_route_scan_pack_tesseract_full\ocr_text\t_p_120_1176_p000320.txt
321,t_p_120_1176_p000321,table,image_visual_diagram,[],82.0,medium,False,False,True,True,"[""image_visual_diagram"", ""table_or_index""]","[""concrete_visual_labels_sparse_non_table_text""]","[""image_visual_ocr_and_vision_queue_scan""]",82,1,00000321.tif,local_data\organization\trace_net\ocr_route_scan_pack_tesseract_full\page_images\t_p_120_1176_p000321.tif,local_data\organization\trace_net\ocr_route_scan_pack_tesseract_full\ocr_text\t_p_120_1176_p000321.txt
322,t_p_120_1176_p000322,table,detailed_parts_list,[],94.0,high,True,False,False,False,"[""detailed_parts_list"", ""table_or_index""]","[""high_part_number_density""]","[""detailed_parts_list_extraction_scan""]",160,10,00000322.tif,local_data\organization\trace_net\ocr_route_scan_pack_tesseract_full\page_images\t_p_120_1176_p000322.tif,local_data\organization\trace_net\ocr_route_scan_pack_tesseract_full\ocr_text\t_p_120_1176_p000322.txt
323,t_p_120_1176_p000323,table,image_visual_diagram,[],82.0,medium,False,False,True,True,"[""image_visual_diagram"", ""table_or_index""]","[""concrete_visual_labels_sparse_non_table_text""]","[""image_visual_ocr_and_vision_queue_scan""]",82,1,00000323.tif,local_data\organization\trace_net\ocr_route_scan_pack_tesseract_full\page_images\t_p_120_1176_p000323.tif,local_data\organization\trace_net\ocr_route_scan_pack_tesseract_full\ocr_text\t_p_120_1176_p000323.txt
324,t_p_120_1176_p000324,table,detailed_parts_list,[],94.0,high,True,False,False,False,"[""detailed_parts_list"", ""table_or_index""]","[""high_part_number_density""]","[""detailed_parts_list_extraction_scan""]",256,18,00000324.tif,local_data\organization\trace_net\ocr_route_scan_pack_tesseract_full\page_images\t_p_120_1176_p000324.tif,local_data\organization\trace_net\ocr_route_scan_pack_tesseract_full\ocr_text\t_p_120_1176_p000324.txt
325,t_p_120_1176_p000325,table,image_visual_diagram,[],82.0,medium,False,False,True,True,"[""image_visual_diagram"", ""table_or_index""]","[""concrete_visual_labels_sparse_non_table_text""]","[""image_visual_ocr_and_vision_queue_scan""]",83,1,00000325.tif,local_data\organization\trace_net\ocr_route_scan_pack_tesseract_full\page_images\t_p_120_1176_p000325.tif,local_data\organization\trace_net\ocr_route_scan_pack_tesseract_full\ocr_text\t_p_120_1176_p000325.txt
326,t_p_120_1176_p000326,table,detailed_parts_list,[],94.0,high,True,False,False,False,"[""detailed_parts_list"", ""table_or_index""]","[""high_part_number_density""]","[""detailed_parts_list_extraction_scan""]",163,10,00000326.tif,local_data\organization\trace_net\ocr_route_scan_pack_tesseract_full\page_images\t_p_120_1176_p000326.tif,local_data\organization\trace_net\ocr_route_scan_pack_tesseract_full\ocr_text\t_p_120_1176_p000326.txt
327,t_p_120_1176_p000327,image_visual,image_visual_diagram,[],90.0,high,True,False,False,False,"[""image_visual_diagram""]","[""legacy_image_visual_sparse_text""]","[""image_visual_ocr_and_vision_queue_scan""]",80,1,00000327.tif,local_data\organization\trace_net\ocr_route_scan_pack_tesseract_full\page_images\t_p_120_1176_p000327.tif,local_data\organization\trace_net\ocr_route_scan_pack_tesseract_full\ocr_text\t_p_120_1176_p000327.txt
328,t_p_120_1176_p000328,table,detailed_parts_list,[],94.0,high,True,False,False,False,"[""detailed_parts_list"", ""table_or_index""]","[""high_part_number_density""]","[""detailed_parts_list_extraction_scan""]",188,12,00000328.tif,local_data\organization\trace_net\ocr_route_scan_pack_tesseract_full\page_images\t_p_120_1176_p000328.tif,local_data\organization\trace_net\ocr_route_scan_pack_tesseract_full\ocr_text\t_p_120_1176_p000328.txt
329,t_p_120_1176_p000329,normal_text,review_required,[],0.0,low,False,True,True,True,[],"[""no_route_met_medium_confidence_threshold""]","[""validator_gated_review_resolution_scan""]",64,1,00000329.tif,local_data\organization\trace_net\ocr_route_scan_pack_tesseract_full\page_images\t_p_120_1176_p000329.tif,local_data\organization\trace_net\ocr_route_scan_pack_tesseract_full\ocr_text\t_p_120_1176_p000329.txt
330,t_p_120_1176_p000330,table,detailed_parts_list,[],94.0,high,True,False,False,False,"[""detailed_parts_list"", ""table_or_index""]","[""high_part_number_density""]","[""detailed_parts_list_extraction_scan""]",251,13,00000330.tif,local_data\organization\trace_net\ocr_route_scan_pack_tesseract_full\page_images\t_p_120_1176_p000330.tif,local_data\organization\trace_net\ocr_route_scan_pack_tesseract_full\ocr_text\t_p_120_1176_p000330.txt
331,t_p_120_1176_p000331,table,image_visual_diagram,"[""normal_text""]",72.0,low,False,True,True,True,"[""image_visual_diagram"", ""normal_text"", ""table_or_index""]","[""figure_caption_sparse_text""]","[""image_visual_ocr_and_vision_queue_scan"", ""normal_text_page_context_scan""]",99,1,00000331.tif,local_data\organization\trace_net\ocr_route_scan_pack_tesseract_full\page_images\t_p_120_1176_p000331.tif,local_data\organization\trace_net\ocr_route_scan_pack_tesseract_full\ocr_text\t_p_120_1176_p000331.txt
332,t_p_120_1176_p000332,table,normal_text,[],70.0,medium,False,False,True,True,"[""normal_text"", ""table_or_index""]","[""paragraph_text_low_structured_signals""]","[""normal_text_page_context_scan""]",125,2,00000332.tif,local_data\organization\trace_net\ocr_route_scan_pack_tesseract_full\page_images\t_p_120_1176_p000332.tif,local_data\organization\trace_net\ocr_route_scan_pack_tesseract_full\ocr_text\t_p_120_1176_p000332.txt
333,t_p_120_1176_p000333,table,detailed_parts_list,[],94.0,high,True,False,False,False,"[""detailed_parts_list"", ""table_or_index""]","[""high_part_number_density""]","[""detailed_parts_list_extraction_scan""]",256,14,00000333.tif,local_data\organization\trace_net\ocr_route_scan_pack_tesseract_full\page_images\t_p_120_1176_p000333.tif,local_data\organization\trace_net\ocr_route_scan_pack_tesseract_full\ocr_text\t_p_120_1176_p000333.txt
334,t_p_120_1176_p000334,table,detailed_parts_list,[],82.0,medium,False,False,True,True,"[""detailed_parts_list"", ""table_or_index""]","[""part_numbers_with_ipl_structure""]","[""detailed_parts_list_extraction_scan""]",105,6,00000334.tif,local_data\organization\trace_net\ocr_route_scan_pack_tesseract_full\page_images\t_p_120_1176_p000334.tif,local_data\organization\trace_net\ocr_route_scan_pack_tesseract_full\ocr_text\t_p_120_1176_p000334.txt
335,t_p_120_1176_p000335,blank_candidate,blank_candidate,[],98.0,high,True,False,False,True,"[""blank_candidate""]","[""empty_or_near_empty_ocr_low_signal""]","[""blank_candidate_confirmation_scan""]",0,0,00000335.tif,local_data\organization\trace_net\ocr_route_scan_pack_tesseract_full\page_images\t_p_120_1176_p000335.tif,
336,t_p_120_1176_p000336,table,image_visual_diagram,[],82.0,medium,False,False,True,True,"[""image_visual_diagram"", ""table_or_index""]","[""concrete_visual_labels_sparse_non_table_text""]","[""image_visual_ocr_and_vision_queue_scan""]",107,1,00000336.tif,local_data\organization\trace_net\ocr_route_scan_pack_tesseract_full\page_images\t_p_120_1176_p000336.tif,local_data\organization\trace_net\ocr_route_scan_pack_tesseract_full\ocr_text\t_p_120_1176_p000336.txt
337,t_p_120_1176_p000337,table,detailed_parts_list,[],94.0,high,True,False,False,False,"[""detailed_parts_list"", ""table_or_index""]","[""high_part_number_density""]","[""detailed_parts_list_extraction_scan""]",252,16,00000337.tif,local_data\organization\trace_net\ocr_route_scan_pack_tesseract_full\page_images\t_p_120_1176_p000337.tif,local_data\organization\trace_net\ocr_route_scan_pack_tesseract_full\ocr_text\t_p_120_1176_p000337.txt
338,t_p_120_1176_p000338,table,image_visual_diagram,[],72.0,medium,False,False,True,True,"[""image_visual_diagram"", ""table_or_index""]","[""figure_caption_sparse_text""]","[""image_visual_ocr_and_vision_queue_scan""]",71,1,00000338.tif,local_data\organization\trace_net\ocr_route_scan_pack_tesseract_full\page_images\t_p_120_1176_p000338.tif,local_data\organization\trace_net\ocr_route_scan_pack_tesseract_full\ocr_text\t_p_120_1176_p000338.txt
339,t_p_120_1176_p000339,table,image_visual_diagram,[],82.0,medium,False,False,True,True,"[""image_visual_diagram"", ""table_or_index""]","[""concrete_visual_labels_sparse_non_table_text""]","[""image_visual_ocr_and_vision_queue_scan""]",94,1,00000339.tif,local_data\organization\trace_net\ocr_route_scan_pack_tesseract_full\page_images\t_p_120_1176_p000339.tif,local_data\organization\trace_net\ocr_route_scan_pack_tesseract_full\ocr_text\t_p_120_1176_p000339.txt
340,t_p_120_1176_p000340,table,detailed_parts_list,[],94.0,high,True,False,False,False,"[""detailed_parts_list"", ""table_or_index""]","[""high_part_number_density""]","[""detailed_parts_list_extraction_scan""]",210,13,00000340.tif,local_data\organization\trace_net\ocr_route_scan_pack_tesseract_full\page_images\t_p_120_1176_p000340.tif,local_data\organization\trace_net\ocr_route_scan_pack_tesseract_full\ocr_text\t_p_120_1176_p000340.txt
341,t_p_120_1176_p000341,table,image_visual_diagram,[],72.0,medium,False,False,True,True,"[""image_visual_diagram"", ""table_or_index""]","[""figure_caption_sparse_text""]","[""image_visual_ocr_and_vision_queue_scan""]",72,1,00000341.tif,local_data\organization\trace_net\ocr_route_scan_pack_tesseract_full\page_images\t_p_120_1176_p000341.tif,local_data\organization\trace_net\ocr_route_scan_pack_tesseract_full\ocr_text\t_p_120_1176_p000341.txt
342,t_p_120_1176_p000342,table,image_visual_diagram,[],82.0,medium,False,False,True,True,"[""image_visual_diagram"", ""table_or_index""]","[""concrete_visual_labels_sparse_non_table_text""]","[""image_visual_ocr_and_vision_queue_scan""]",81,1,00000342.tif,local_data\organization\trace_net\ocr_route_scan_pack_tesseract_full\page_images\t_p_120_1176_p000342.tif,local_data\organization\trace_net\ocr_route_scan_pack_tesseract_full\ocr_text\t_p_120_1176_p000342.txt
343,t_p_120_1176_p000343,table,detailed_parts_list,[],94.0,high,True,False,False,False,"[""detailed_parts_list"", ""table_or_index""]","[""high_part_number_density""]","[""detailed_parts_list_extraction_scan""]",220,10,00000343.tif,local_data\organization\trace_net\ocr_route_scan_pack_tesseract_full\page_images\t_p_120_1176_p000343.tif,local_data\organization\trace_net\ocr_route_scan_pack_tesseract_full\ocr_text\t_p_120_1176_p000343.txt
344,t_p_120_1176_p000344,table,detailed_parts_list,[],82.0,medium,False,False,True,True,"[""detailed_parts_list"", ""table_or_index""]","[""part_numbers_with_ipl_structure""]","[""detailed_parts_list_extraction_scan""]",101,3,00000344.tif,local_data\organization\trace_net\ocr_route_scan_pack_tesseract_full\page_images\t_p_120_1176_p000344.tif,local_data\organization\trace_net\ocr_route_scan_pack_tesseract_full\ocr_text\t_p_120_1176_p000344.txt
345,t_p_120_1176_p000345,table,image_visual_diagram,[],82.0,medium,False,False,True,True,"[""image_visual_diagram"", ""table_or_index""]","[""concrete_visual_labels_sparse_non_table_text""]","[""image_visual_ocr_and_vision_queue_scan""]",80,1,00000345.tif,local_data\organization\trace_net\ocr_route_scan_pack_tesseract_full\page_images\t_p_120_1176_p000345.tif,local_data\organization\trace_net\ocr_route_scan_pack_tesseract_full\ocr_text\t_p_120_1176_p000345.txt
346,t_p_120_1176_p000346,table,detailed_parts_list,[],94.0,high,True,False,False,False,"[""detailed_parts_list"", ""table_or_index""]","[""high_part_number_density""]","[""detailed_parts_list_extraction_scan""]",248,12,00000346.tif,local_data\organization\trace_net\ocr_route_scan_pack_tesseract_full\page_images\t_p_120_1176_p000346.tif,local_data\organization\trace_net\ocr_route_scan_pack_tesseract_full\ocr_text\t_p_120_1176_p000346.txt
347,t_p_120_1176_p000347,table,detailed_parts_list,[],82.0,medium,False,False,True,True,"[""detailed_parts_list"", ""table_or_index""]","[""part_numbers_with_ipl_structure""]","[""detailed_parts_list_extraction_scan""]",174,7,00000347.tif,local_data\organization\trace_net\ocr_route_scan_pack_tesseract_full\page_images\t_p_120_1176_p000347.tif,local_data\organization\trace_net\ocr_route_scan_pack_tesseract_full\ocr_text\t_p_120_1176_p000347.txt
348,t_p_120_1176_p000348,table,image_visual_diagram,[],82.0,medium,False,False,True,True,"[""image_visual_diagram"", ""table_or_index""]","[""concrete_visual_labels_sparse_non_table_text""]","[""image_visual_ocr_and_vision_queue_scan""]",87,1,00000348.tif,local_data\organization\trace_net\ocr_route_scan_pack_tesseract_full\page_images\t_p_120_1176_p000348.tif,local_data\organization\trace_net\ocr_route_scan_pack_tesseract_full\ocr_text\t_p_120_1176_p000348.txt
349,t_p_120_1176_p000349,table,detailed_parts_list,[],94.0,high,True,False,False,False,"[""detailed_parts_list"", ""table_or_index""]","[""high_part_number_density""]","[""detailed_parts_list_extraction_scan""]",259,13,00000349.tif,local_data\organization\trace_net\ocr_route_scan_pack_tesseract_full\page_images\t_p_120_1176_p000349.tif,local_data\organization\trace_net\ocr_route_scan_pack_tesseract_full\ocr_text\t_p_120_1176_p000349.txt
350,t_p_120_1176_p000350,table,detailed_parts_list,[],94.0,high,True,False,False,False,"[""detailed_parts_list"", ""table_or_index""]","[""high_part_number_density""]","[""detailed_parts_list_extraction_scan""]",234,10,00000350.tif,local_data\organization\trace_net\ocr_route_scan_pack_tesseract_full\page_images\t_p_120_1176_p000350.tif,local_data\organization\trace_net\ocr_route_scan_pack_tesseract_full\ocr_text\t_p_120_1176_p000350.txt
351,t_p_120_1176_p000351,table,image_visual_diagram,[],82.0,medium,False,False,True,True,"[""image_visual_diagram"", ""table_or_index""]","[""concrete_visual_labels_sparse_non_table_text""]","[""image_visual_ocr_and_vision_queue_scan""]",84,1,00000351.tif,local_data\organization\trace_net\ocr_route_scan_pack_tesseract_full\page_images\t_p_120_1176_p000351.tif,local_data\organization\trace_net\ocr_route_scan_pack_tesseract_full\ocr_text\t_p_120_1176_p000351.txt
352,t_p_120_1176_p000352,table,detailed_parts_list,[],94.0,high,True,False,False,False,"[""detailed_parts_list"", ""table_or_index""]","[""high_part_number_density""]","[""detailed_parts_list_extraction_scan""]",218,10,00000352.tif,local_data\organization\trace_net\ocr_route_scan_pack_tesseract_full\page_images\t_p_120_1176_p000352.tif,local_data\organization\trace_net\ocr_route_scan_pack_tesseract_full\ocr_text\t_p_120_1176_p000352.txt
353,t_p_120_1176_p000353,table,detailed_parts_list,[],82.0,medium,False,False,True,True,"[""detailed_parts_list"", ""table_or_index""]","[""part_numbers_with_ipl_structure""]","[""detailed_parts_list_extraction_scan""]",107,3,00000353.tif,local_data\organization\trace_net\ocr_route_scan_pack_tesseract_full\page_images\t_p_120_1176_p000353.tif,local_data\organization\trace_net\ocr_route_scan_pack_tesseract_full\ocr_text\t_p_120_1176_p000353.txt
354,t_p_120_1176_p000354,table,image_visual_diagram,[],82.0,medium,False,False,True,True,"[""image_visual_diagram"", ""table_or_index""]","[""concrete_visual_labels_sparse_non_table_text""]","[""image_visual_ocr_and_vision_queue_scan""]",81,1,00000354.tif,local_data\organization\trace_net\ocr_route_scan_pack_tesseract_full\page_images\t_p_120_1176_p000354.tif,local_data\organization\trace_net\ocr_route_scan_pack_tesseract_full\ocr_text\t_p_120_1176_p000354.txt
355,t_p_120_1176_p000355,table,detailed_parts_list,[],94.0,high,True,False,False,False,"[""detailed_parts_list"", ""table_or_index""]","[""high_part_number_density""]","[""detailed_parts_list_extraction_scan""]",238,12,00000355.tif,local_data\organization\trace_net\ocr_route_scan_pack_tesseract_full\page_images\t_p_120_1176_p000355.tif,local_data\organization\trace_net\ocr_route_scan_pack_tesseract_full\ocr_text\t_p_120_1176_p000355.txt
356,t_p_120_1176_p000356,table,detailed_parts_list,[],94.0,high,True,False,False,False,"[""detailed_parts_list"", ""table_or_index""]","[""high_part_number_density""]","[""detailed_parts_list_extraction_scan""]",190,10,00000356.tif,local_data\organization\trace_net\ocr_route_scan_pack_tesseract_full\page_images\t_p_120_1176_p000356.tif,local_data\organization\trace_net\ocr_route_scan_pack_tesseract_full\ocr_text\t_p_120_1176_p000356.txt
357,t_p_120_1176_p000357,table,image_visual_diagram,[],82.0,medium,False,False,True,True,"[""image_visual_diagram"", ""table_or_index""]","[""concrete_visual_labels_sparse_non_table_text""]","[""image_visual_ocr_and_vision_queue_scan""]",82,1,00000357.tif,local_data\organization\trace_net\ocr_route_scan_pack_tesseract_full\page_images\t_p_120_1176_p000357.tif,local_data\organization\trace_net\ocr_route_scan_pack_tesseract_full\ocr_text\t_p_120_1176_p000357.txt
358,t_p_120_1176_p000358,table,detailed_parts_list,[],94.0,high,True,False,False,False,"[""detailed_parts_list"", ""table_or_index""]","[""high_part_number_density""]","[""detailed_parts_list_extraction_scan""]",275,16,00000358.tif,local_data\organization\trace_net\ocr_route_scan_pack_tesseract_full\page_images\t_p_120_1176_p000358.tif,local_data\organization\trace_net\ocr_route_scan_pack_tesseract_full\ocr_text\t_p_120_1176_p000358.txt
359,t_p_120_1176_p000359,table,detailed_parts_list,[],94.0,high,True,False,False,False,"[""detailed_parts_list"", ""table_or_index""]","[""high_part_number_density""]","[""detailed_parts_list_extraction_scan""]",215,11,00000359.tif,local_data\organization\trace_net\ocr_route_scan_pack_tesseract_full\page_images\t_p_120_1176_p000359.tif,local_data\organization\trace_net\ocr_route_scan_pack_tesseract_full\ocr_text\t_p_120_1176_p000359.txt
360,t_p_120_1176_p000360,table,image_visual_diagram,[],82.0,medium,False,False,True,True,"[""image_visual_diagram"", ""table_or_index""]","[""concrete_visual_labels_sparse_non_table_text""]","[""image_visual_ocr_and_vision_queue_scan""]",87,1,00000360.tif,local_data\organization\trace_net\ocr_route_scan_pack_tesseract_full\page_images\t_p_120_1176_p000360.tif,local_data\organization\trace_net\ocr_route_scan_pack_tesseract_full\ocr_text\t_p_120_1176_p000360.txt
361,t_p_120_1176_p000361,table,detailed_parts_list,[],94.0,high,True,False,False,False,"[""detailed_parts_list"", ""table_or_index""]","[""high_part_number_density""]","[""detailed_parts_list_extraction_scan""]",266,16,00000361.tif,local_data\organization\trace_net\ocr_route_scan_pack_tesseract_full\page_images\t_p_120_1176_p000361.tif,local_data\organization\trace_net\ocr_route_scan_pack_tesseract_full\ocr_text\t_p_120_1176_p000361.txt
362,t_p_120_1176_p000362,table,detailed_parts_list,[],94.0,high,True,False,False,False,"[""detailed_parts_list"", ""table_or_index""]","[""high_part_number_density""]","[""detailed_parts_list_extraction_scan""]",244,13,00000362.tif,local_data\organization\trace_net\ocr_route_scan_pack_tesseract_full\page_images\t_p_120_1176_p000362.tif,local_data\organization\trace_net\ocr_route_scan_pack_tesseract_full\ocr_text\t_p_120_1176_p000362.txt
363,t_p_120_1176_p000363,table,image_visual_diagram,[],82.0,medium,False,False,True,True,"[""image_visual_diagram"", ""table_or_index""]","[""concrete_visual_labels_sparse_non_table_text""]","[""image_visual_ocr_and_vision_queue_scan""]",84,1,00000363.tif,local_data\organization\trace_net\ocr_route_scan_pack_tesseract_full\page_images\t_p_120_1176_p000363.tif,local_data\organization\trace_net\ocr_route_scan_pack_tesseract_full\ocr_text\t_p_120_1176_p000363.txt
364,t_p_120_1176_p000364,table,detailed_parts_list,[],94.0,high,True,False,False,False,"[""detailed_parts_list"", ""table_or_index""]","[""high_part_number_density""]","[""detailed_parts_list_extraction_scan""]",255,13,00000364.tif,local_data\organization\trace_net\ocr_route_scan_pack_tesseract_full\page_images\t_p_120_1176_p000364.tif,local_data\organization\trace_net\ocr_route_scan_pack_tesseract_full\ocr_text\t_p_120_1176_p000364.txt
365,t_p_120_1176_p000365,table,detailed_parts_list,[],82.0,medium,False,False,True,True,"[""detailed_parts_list"", ""table_or_index""]","[""part_numbers_with_ipl_structure""]","[""detailed_parts_list_extraction_scan""]",74,3,00000365.tif,local_data\organization\trace_net\ocr_route_scan_pack_tesseract_full\page_images\t_p_120_1176_p000365.tif,local_data\organization\trace_net\ocr_route_scan_pack_tesseract_full\ocr_text\t_p_120_1176_p000365.txt
366,t_p_120_1176_p000366,table,image_visual_diagram,[],82.0,medium,False,False,True,True,"[""image_visual_diagram"", ""table_or_index""]","[""concrete_visual_labels_sparse_non_table_text""]","[""image_visual_ocr_and_vision_queue_scan""]",83,1,00000366.tif,local_data\organization\trace_net\ocr_route_scan_pack_tesseract_full\page_images\t_p_120_1176_p000366.tif,local_data\organization\trace_net\ocr_route_scan_pack_tesseract_full\ocr_text\t_p_120_1176_p000366.txt
367,t_p_120_1176_p000367,table,image_visual_diagram,[],82.0,medium,False,False,True,True,"[""image_visual_diagram"", ""table_or_index""]","[""concrete_visual_labels_sparse_non_table_text""]","[""image_visual_ocr_and_vision_queue_scan""]",94,1,00000367.tif,local_data\organization\trace_net\ocr_route_scan_pack_tesseract_full\page_images\t_p_120_1176_p000367.tif,local_data\organization\trace_net\ocr_route_scan_pack_tesseract_full\ocr_text\t_p_120_1176_p000367.txt
368,t_p_120_1176_p000368,table,detailed_parts_list,[],94.0,high,True,False,False,False,"[""detailed_parts_list"", ""table_or_index""]","[""high_part_number_density""]","[""detailed_parts_list_extraction_scan""]",284,14,00000368.tif,local_data\organization\trace_net\ocr_route_scan_pack_tesseract_full\page_images\t_p_120_1176_p000368.tif,local_data\organization\trace_net\ocr_route_scan_pack_tesseract_full\ocr_text\t_p_120_1176_p000368.txt
369,t_p_120_1176_p000369,table,normal_text,[],70.0,medium,False,False,True,True,"[""normal_text"", ""table_or_index""]","[""paragraph_text_low_structured_signals""]","[""normal_text_page_context_scan""]",132,2,00000369.tif,local_data\organization\trace_net\ocr_route_scan_pack_tesseract_full\page_images\t_p_120_1176_p000369.tif,local_data\organization\trace_net\ocr_route_scan_pack_tesseract_full\ocr_text\t_p_120_1176_p000369.txt
370,t_p_120_1176_p000370,table,image_visual_diagram,[],82.0,medium,False,False,True,True,"[""image_visual_diagram"", ""table_or_index""]","[""concrete_visual_labels_sparse_non_table_text""]","[""image_visual_ocr_and_vision_queue_scan""]",93,1,00000370.tif,local_data\organization\trace_net\ocr_route_scan_pack_tesseract_full\page_images\t_p_120_1176_p000370.tif,local_data\organization\trace_net\ocr_route_scan_pack_tesseract_full\ocr_text\t_p_120_1176_p000370.txt
371,t_p_120_1176_p000371,table,image_visual_diagram,[],82.0,medium,False,False,True,True,"[""image_visual_diagram"", ""table_or_index""]","[""concrete_visual_labels_sparse_non_table_text""]","[""image_visual_ocr_and_vision_queue_scan""]",86,1,00000371.tif,local_data\organization\trace_net\ocr_route_scan_pack_tesseract_full\page_images\t_p_120_1176_p000371.tif,local_data\organization\trace_net\ocr_route_scan_pack_tesseract_full\ocr_text\t_p_120_1176_p000371.txt
372,t_p_120_1176_p000372,table,detailed_parts_list,[],94.0,high,True,False,False,False,"[""detailed_parts_list"", ""table_or_index""]","[""high_part_number_density""]","[""detailed_parts_list_extraction_scan""]",313,16,00000372.tif,local_data\organization\trace_net\ocr_route_scan_pack_tesseract_full\page_images\t_p_120_1176_p000372.tif,local_data\organization\trace_net\ocr_route_scan_pack_tesseract_full\ocr_text\t_p_120_1176_p000372.txt
373,t_p_120_1176_p000373,table,detailed_parts_list,[],82.0,medium,False,False,True,True,"[""detailed_parts_list"", ""table_or_index""]","[""part_numbers_with_ipl_structure""]","[""detailed_parts_list_extraction_scan""]",144,8,00000373.tif,local_data\organization\trace_net\ocr_route_scan_pack_tesseract_full\page_images\t_p_120_1176_p000373.tif,local_data\organization\trace_net\ocr_route_scan_pack_tesseract_full\ocr_text\t_p_120_1176_p000373.txt
374,t_p_120_1176_p000374,table,image_visual_diagram,"[""normal_text""]",72.0,low,False,True,True,True,"[""image_visual_diagram"", ""normal_text"", ""table_or_index""]","[""figure_caption_sparse_text""]","[""image_visual_ocr_and_vision_queue_scan"", ""normal_text_page_context_scan""]",94,1,00000374.tif,local_data\organization\trace_net\ocr_route_scan_pack_tesseract_full\page_images\t_p_120_1176_p000374.tif,local_data\organization\trace_net\ocr_route_scan_pack_tesseract_full\ocr_text\t_p_120_1176_p000374.txt
375,t_p_120_1176_p000375,table,image_visual_diagram,[],82.0,medium,False,False,True,True,"[""image_visual_diagram"", ""table_or_index""]","[""concrete_visual_labels_sparse_non_table_text""]","[""image_visual_ocr_and_vision_queue_scan""]",86,1,00000375.tif,local_data\organization\trace_net\ocr_route_scan_pack_tesseract_full\page_images\t_p_120_1176_p000375.tif,local_data\organization\trace_net\ocr_route_scan_pack_tesseract_full\ocr_text\t_p_120_1176_p000375.txt
376,t_p_120_1176_p000376,table,detailed_parts_list,[],94.0,high,True,False,False,False,"[""detailed_parts_list"", ""table_or_index""]","[""high_part_number_density""]","[""detailed_parts_list_extraction_scan""]",314,16,00000376.tif,local_data\organization\trace_net\ocr_route_scan_pack_tesseract_full\page_images\t_p_120_1176_p000376.tif,local_data\organization\trace_net\ocr_route_scan_pack_tesseract_full\ocr_text\t_p_120_1176_p000376.txt
377,t_p_120_1176_p000377,table,detailed_parts_list,[],82.0,medium,False,False,True,True,"[""detailed_parts_list"", ""table_or_index""]","[""part_numbers_with_ipl_structure""]","[""detailed_parts_list_extraction_scan""]",108,5,00000377.tif,local_data\organization\trace_net\ocr_route_scan_pack_tesseract_full\page_images\t_p_120_1176_p000377.tif,local_data\organization\trace_net\ocr_route_scan_pack_tesseract_full\ocr_text\t_p_120_1176_p000377.txt
378,t_p_120_1176_p000378,table,image_visual_diagram,"[""normal_text""]",72.0,low,False,True,True,True,"[""image_visual_diagram"", ""normal_text"", ""table_or_index""]","[""figure_caption_sparse_text""]","[""image_visual_ocr_and_vision_queue_scan"", ""normal_text_page_context_scan""]",97,1,00000378.tif,local_data\organization\trace_net\ocr_route_scan_pack_tesseract_full\page_images\t_p_120_1176_p000378.tif,local_data\organization\trace_net\ocr_route_scan_pack_tesseract_full\ocr_text\t_p_120_1176_p000378.txt
379,t_p_120_1176_p000379,table,image_visual_diagram,[],82.0,medium,False,False,True,True,"[""image_visual_diagram"", ""table_or_index""]","[""concrete_visual_labels_sparse_non_table_text""]","[""image_visual_ocr_and_vision_queue_scan""]",76,1,00000379.tif,local_data\organization\trace_net\ocr_route_scan_pack_tesseract_full\page_images\t_p_120_1176_p000379.tif,local_data\organization\trace_net\ocr_route_scan_pack_tesseract_full\ocr_text\t_p_120_1176_p000379.txt
380,t_p_120_1176_p000380,table,detailed_parts_list,[],94.0,high,True,False,False,False,"[""detailed_parts_list"", ""table_or_index""]","[""high_part_number_density""]","[""detailed_parts_list_extraction_scan""]",261,13,00000380.tif,local_data\organization\trace_net\ocr_route_scan_pack_tesseract_full\page_images\t_p_120_1176_p000380.tif,local_data\organization\trace_net\ocr_route_scan_pack_tesseract_full\ocr_text\t_p_120_1176_p000380.txt
381,t_p_120_1176_p000381,table,detailed_parts_list,[],94.0,high,True,False,False,False,"[""detailed_parts_list"", ""table_or_index""]","[""high_part_number_density""]","[""detailed_parts_list_extraction_scan""]",169,11,00000381.tif,local_data\organization\trace_net\ocr_route_scan_pack_tesseract_full\page_images\t_p_120_1176_p000381.tif,local_data\organization\trace_net\ocr_route_scan_pack_tesseract_full\ocr_text\t_p_120_1176_p000381.txt
382,t_p_120_1176_p000382,image_visual,image_visual_diagram,"[""normal_text""]",90.0,high,True,False,False,False,"[""image_visual_diagram"", ""normal_text""]","[""legacy_image_visual_sparse_text""]","[""image_visual_ocr_and_vision_queue_scan"", ""normal_text_page_context_scan""]",89,1,00000382.tif,local_data\organization\trace_net\ocr_route_scan_pack_tesseract_full\page_images\t_p_120_1176_p000382.tif,local_data\organization\trace_net\ocr_route_scan_pack_tesseract_full\ocr_text\t_p_120_1176_p000382.txt
383,t_p_120_1176_p000383,table,image_visual_diagram,[],82.0,medium,False,False,True,True,"[""image_visual_diagram"", ""table_or_index""]","[""concrete_visual_labels_sparse_non_table_text""]","[""image_visual_ocr_and_vision_queue_scan""]",92,1,00000383.tif,local_data\organization\trace_net\ocr_route_scan_pack_tesseract_full\page_images\t_p_120_1176_p000383.tif,local_data\organization\trace_net\ocr_route_scan_pack_tesseract_full\ocr_text\t_p_120_1176_p000383.txt
384,t_p_120_1176_p000384,table,detailed_parts_list,[],94.0,high,True,False,False,False,"[""detailed_parts_list"", ""table_or_index""]","[""high_part_number_density""]","[""detailed_parts_list_extraction_scan""]",246,12,00000384.tif,local_data\organization\trace_net\ocr_route_scan_pack_tesseract_full\page_images\t_p_120_1176_p000384.tif,local_data\organization\trace_net\ocr_route_scan_pack_tesseract_full\ocr_text\t_p_120_1176_p000384.txt
385,t_p_120_1176_p000385,table,normal_text,[],70.0,medium,False,False,True,True,"[""normal_text"", ""table_or_index""]","[""paragraph_text_low_structured_signals""]","[""normal_text_page_context_scan""]",118,2,00000385.tif,local_data\organization\trace_net\ocr_route_scan_pack_tesseract_full\page_images\t_p_120_1176_p000385.tif,local_data\organization\trace_net\ocr_route_scan_pack_tesseract_full\ocr_text\t_p_120_1176_p000385.txt
386,t_p_120_1176_p000386,table,image_visual_diagram,[],82.0,medium,False,False,True,True,"[""image_visual_diagram"", ""table_or_index""]","[""concrete_visual_labels_sparse_non_table_text""]","[""image_visual_ocr_and_vision_queue_scan""]",85,1,00000386.tif,local_data\organization\trace_net\ocr_route_scan_pack_tesseract_full\page_images\t_p_120_1176_p000386.tif,local_data\organization\trace_net\ocr_route_scan_pack_tesseract_full\ocr_text\t_p_120_1176_p000386.txt
387,t_p_120_1176_p000387,table,image_visual_diagram,[],82.0,medium,False,False,True,True,"[""image_visual_diagram"", ""table_or_index""]","[""concrete_visual_labels_sparse_non_table_text""]","[""image_visual_ocr_and_vision_queue_scan""]",87,1,00000387.tif,local_data\organization\trace_net\ocr_route_scan_pack_tesseract_full\page_images\t_p_120_1176_p000387.tif,local_data\organization\trace_net\ocr_route_scan_pack_tesseract_full\ocr_text\t_p_120_1176_p000387.txt
388,t_p_120_1176_p000388,table,detailed_parts_list,[],94.0,high,True,False,False,False,"[""detailed_parts_list"", ""table_or_index""]","[""high_part_number_density""]","[""detailed_parts_list_extraction_scan""]",267,14,00000388.tif,local_data\organization\trace_net\ocr_route_scan_pack_tesseract_full\page_images\t_p_120_1176_p000388.tif,local_data\organization\trace_net\ocr_route_scan_pack_tesseract_full\ocr_text\t_p_120_1176_p000388.txt
389,t_p_120_1176_p000389,table,detailed_parts_list,[],82.0,medium,False,False,True,True,"[""detailed_parts_list"", ""table_or_index""]","[""part_numbers_with_ipl_structure""]","[""detailed_parts_list_extraction_scan""]",128,5,00000389.tif,local_data\organization\trace_net\ocr_route_scan_pack_tesseract_full\page_images\t_p_120_1176_p000389.tif,local_data\organization\trace_net\ocr_route_scan_pack_tesseract_full\ocr_text\t_p_120_1176_p000389.txt
390,t_p_120_1176_p000390,table,image_visual_diagram,[],82.0,medium,False,False,True,True,"[""image_visual_diagram"", ""table_or_index""]","[""concrete_visual_labels_sparse_non_table_text""]","[""image_visual_ocr_and_vision_queue_scan""]",86,0,00000390.tif,local_data\organization\trace_net\ocr_route_scan_pack_tesseract_full\page_images\t_p_120_1176_p000390.tif,local_data\organization\trace_net\ocr_route_scan_pack_tesseract_full\ocr_text\t_p_120_1176_p000390.txt
391,t_p_120_1176_p000391,table,image_visual_diagram,[],82.0,medium,False,False,True,True,"[""image_visual_diagram"", ""table_or_index""]","[""concrete_visual_labels_sparse_non_table_text""]","[""image_visual_ocr_and_vision_queue_scan""]",85,1,00000391.tif,local_data\organization\trace_net\ocr_route_scan_pack_tesseract_full\page_images\t_p_120_1176_p000391.tif,local_data\organization\trace_net\ocr_route_scan_pack_tesseract_full\ocr_text\t_p_120_1176_p000391.txt
392,t_p_120_1176_p000392,table,detailed_parts_list,[],94.0,high,True,False,False,False,"[""detailed_parts_list"", ""table_or_index""]","[""high_part_number_density""]","[""detailed_parts_list_extraction_scan""]",261,15,00000392.tif,local_data\organization\trace_net\ocr_route_scan_pack_tesseract_full\page_images\t_p_120_1176_p000392.tif,local_data\organization\trace_net\ocr_route_scan_pack_tesseract_full\ocr_text\t_p_120_1176_p000392.txt
393,t_p_120_1176_p000393,table,detailed_parts_list,[],82.0,medium,False,False,True,True,"[""detailed_parts_list"", ""table_or_index""]","[""part_numbers_with_ipl_structure""]","[""detailed_parts_list_extraction_scan""]",104,5,00000393.tif,local_data\organization\trace_net\ocr_route_scan_pack_tesseract_full\page_images\t_p_120_1176_p000393.tif,local_data\organization\trace_net\ocr_route_scan_pack_tesseract_full\ocr_text\t_p_120_1176_p000393.txt
394,t_p_120_1176_p000394,table,image_visual_diagram,"[""normal_text""]",72.0,low,False,True,True,True,"[""image_visual_diagram"", ""normal_text"", ""table_or_index""]","[""figure_caption_sparse_text""]","[""image_visual_ocr_and_vision_queue_scan"", ""normal_text_page_context_scan""]",89,1,00000394.tif,local_data\organization\trace_net\ocr_route_scan_pack_tesseract_full\page_images\t_p_120_1176_p000394.tif,local_data\organization\trace_net\ocr_route_scan_pack_tesseract_full\ocr_text\t_p_120_1176_p000394.txt
395,t_p_120_1176_p000395,table,image_visual_diagram,[],82.0,medium,False,False,True,True,"[""image_visual_diagram"", ""table_or_index""]","[""concrete_visual_labels_sparse_non_table_text""]","[""image_visual_ocr_and_vision_queue_scan""]",85,1,00000395.tif,local_data\organization\trace_net\ocr_route_scan_pack_tesseract_full\page_images\t_p_120_1176_p000395.tif,local_data\organization\trace_net\ocr_route_scan_pack_tesseract_full\ocr_text\t_p_120_1176_p000395.txt
396,t_p_120_1176_p000396,table,detailed_parts_list,[],94.0,high,True,False,False,False,"[""detailed_parts_list"", ""table_or_index""]","[""high_part_number_density""]","[""detailed_parts_list_extraction_scan""]",260,13,00000396.tif,local_data\organization\trace_net\ocr_route_scan_pack_tesseract_full\page_images\t_p_120_1176_p000396.tif,local_data\organization\trace_net\ocr_route_scan_pack_tesseract_full\ocr_text\t_p_120_1176_p000396.txt
397,t_p_120_1176_p000397,table,detailed_parts_list,[],82.0,medium,False,False,True,True,"[""detailed_parts_list"", ""table_or_index""]","[""part_numbers_with_ipl_structure""]","[""detailed_parts_list_extraction_scan""]",165,9,00000397.tif,local_data\organization\trace_net\ocr_route_scan_pack_tesseract_full\page_images\t_p_120_1176_p000397.tif,local_data\organization\trace_net\ocr_route_scan_pack_tesseract_full\ocr_text\t_p_120_1176_p000397.txt
398,t_p_120_1176_p000398,table,image_visual_diagram,[],82.0,medium,False,False,True,True,"[""image_visual_diagram"", ""table_or_index""]","[""concrete_visual_labels_sparse_non_table_text""]","[""image_visual_ocr_and_vision_queue_scan""]",92,1,00000398.tif,local_data\organization\trace_net\ocr_route_scan_pack_tesseract_full\page_images\t_p_120_1176_p000398.tif,local_data\organization\trace_net\ocr_route_scan_pack_tesseract_full\ocr_text\t_p_120_1176_p000398.txt
399,t_p_120_1176_p000399,table,image_visual_diagram,[],82.0,medium,False,False,True,True,"[""image_visual_diagram"", ""table_or_index""]","[""concrete_visual_labels_sparse_non_table_text""]","[""image_visual_ocr_and_vision_queue_scan""]",88,1,00000399.tif,local_data\organization\trace_net\ocr_route_scan_pack_tesseract_full\page_images\t_p_120_1176_p000399.tif,local_data\organization\trace_net\ocr_route_scan_pack_tesseract_full\ocr_text\t_p_120_1176_p000399.txt
400,t_p_120_1176_p000400,table,detailed_parts_list,[],94.0,high,True,False,False,False,"[""detailed_parts_list"", ""table_or_index""]","[""high_part_number_density""]","[""detailed_parts_list_extraction_scan""]",281,15,00000400.tif,local_data\organization\trace_net\ocr_route_scan_pack_tesseract_full\page_images\t_p_120_1176_p000400.tif,local_data\organization\trace_net\ocr_route_scan_pack_tesseract_full\ocr_text\t_p_120_1176_p000400.txt
401,t_p_120_1176_p000401,table,detailed_parts_list,[],82.0,medium,False,False,True,True,"[""detailed_parts_list"", ""table_or_index""]","[""part_numbers_with_ipl_structure""]","[""detailed_parts_list_extraction_scan""]",144,9,00000401.tif,local_data\organization\trace_net\ocr_route_scan_pack_tesseract_full\page_images\t_p_120_1176_p000401.tif,local_data\organization\trace_net\ocr_route_scan_pack_tesseract_full\ocr_text\t_p_120_1176_p000401.txt
402,t_p_120_1176_p000402,table,image_visual_diagram,[],82.0,medium,False,False,True,True,"[""image_visual_diagram"", ""table_or_index""]","[""concrete_visual_labels_sparse_non_table_text""]","[""image_visual_ocr_and_vision_queue_scan""]",91,1,00000402.tif,local_data\organization\trace_net\ocr_route_scan_pack_tesseract_full\page_images\t_p_120_1176_p000402.tif,local_data\organization\trace_net\ocr_route_scan_pack_tesseract_full\ocr_text\t_p_120_1176_p000402.txt
403,t_p_120_1176_p000403,table,image_visual_diagram,[],82.0,medium,False,False,True,True,"[""image_visual_diagram"", ""table_or_index""]","[""concrete_visual_labels_sparse_non_table_text""]","[""image_visual_ocr_and_vision_queue_scan""]",78,1,00000403.tif,local_data\organization\trace_net\ocr_route_scan_pack_tesseract_full\page_images\t_p_120_1176_p000403.tif,local_data\organization\trace_net\ocr_route_scan_pack_tesseract_full\ocr_text\t_p_120_1176_p000403.txt
404,t_p_120_1176_p000404,table,detailed_parts_list,[],94.0,high,True,False,False,False,"[""detailed_parts_list"", ""table_or_index""]","[""high_part_number_density""]","[""detailed_parts_list_extraction_scan""]",267,15,00000404.tif,local_data\organization\trace_net\ocr_route_scan_pack_tesseract_full\page_images\t_p_120_1176_p000404.tif,local_data\organization\trace_net\ocr_route_scan_pack_tesseract_full\ocr_text\t_p_120_1176_p000404.txt
405,t_p_120_1176_p000405,table,detailed_parts_list,[],82.0,medium,False,False,True,True,"[""detailed_parts_list"", ""table_or_index""]","[""part_numbers_with_ipl_structure""]","[""detailed_parts_list_extraction_scan""]",158,8,00000405.tif,local_data\organization\trace_net\ocr_route_scan_pack_tesseract_full\page_images\t_p_120_1176_p000405.tif,local_data\organization\trace_net\ocr_route_scan_pack_tesseract_full\ocr_text\t_p_120_1176_p000405.txt
406,t_p_120_1176_p000406,table,image_visual_diagram,"[""normal_text""]",72.0,low,False,True,True,True,"[""image_visual_diagram"", ""normal_text"", ""table_or_index""]","[""figure_caption_sparse_text""]","[""image_visual_ocr_and_vision_queue_scan"", ""normal_text_page_context_scan""]",96,1,00000406.tif,local_data\organization\trace_net\ocr_route_scan_pack_tesseract_full\page_images\t_p_120_1176_p000406.tif,local_data\organization\trace_net\ocr_route_scan_pack_tesseract_full\ocr_text\t_p_120_1176_p000406.txt
407,t_p_120_1176_p000407,table,image_visual_diagram,[],82.0,medium,False,False,True,True,"[""image_visual_diagram"", ""table_or_index""]","[""concrete_visual_labels_sparse_non_table_text""]","[""image_visual_ocr_and_vision_queue_scan""]",83,1,00000407.tif,local_data\organization\trace_net\ocr_route_scan_pack_tesseract_full\page_images\t_p_120_1176_p000407.tif,local_data\organization\trace_net\ocr_route_scan_pack_tesseract_full\ocr_text\t_p_120_1176_p000407.txt
408,t_p_120_1176_p000408,table,detailed_parts_list,[],94.0,high,True,False,False,False,"[""detailed_parts_list"", ""table_or_index""]","[""high_part_number_density""]","[""detailed_parts_list_extraction_scan""]",340,19,00000408.tif,local_data\organization\trace_net\ocr_route_scan_pack_tesseract_full\page_images\t_p_120_1176_p000408.tif,local_data\organization\trace_net\ocr_route_scan_pack_tesseract_full\ocr_text\t_p_120_1176_p000408.txt
409,t_p_120_1176_p000409,table,detailed_parts_list,[],82.0,medium,False,False,True,True,"[""detailed_parts_list"", ""table_or_index""]","[""part_numbers_with_ipl_structure""]","[""detailed_parts_list_extraction_scan""]",104,5,00000409.tif,local_data\organization\trace_net\ocr_route_scan_pack_tesseract_full\page_images\t_p_120_1176_p000409.tif,local_data\organization\trace_net\ocr_route_scan_pack_tesseract_full\ocr_text\t_p_120_1176_p000409.txt
410,t_p_120_1176_p000410,table,image_visual_diagram,[],82.0,medium,False,False,True,True,"[""image_visual_diagram"", ""table_or_index""]","[""concrete_visual_labels_sparse_non_table_text""]","[""image_visual_ocr_and_vision_queue_scan""]",95,1,00000410.tif,local_data\organization\trace_net\ocr_route_scan_pack_tesseract_full\page_images\t_p_120_1176_p000410.tif,local_data\organization\trace_net\ocr_route_scan_pack_tesseract_full\ocr_text\t_p_120_1176_p000410.txt
411,t_p_120_1176_p000411,table,image_visual_diagram,[],82.0,medium,False,False,True,True,"[""image_visual_diagram"", ""table_or_index""]","[""concrete_visual_labels_sparse_non_table_text""]","[""image_visual_ocr_and_vision_queue_scan""]",80,1,00000411.tif,local_data\organization\trace_net\ocr_route_scan_pack_tesseract_full\page_images\t_p_120_1176_p000411.tif,local_data\organization\trace_net\ocr_route_scan_pack_tesseract_full\ocr_text\t_p_120_1176_p000411.txt
412,t_p_120_1176_p000412,table,detailed_parts_list,[],94.0,high,True,False,False,False,"[""detailed_parts_list"", ""table_or_index""]","[""high_part_number_density""]","[""detailed_parts_list_extraction_scan""]",285,18,00000412.tif,local_data\organization\trace_net\ocr_route_scan_pack_tesseract_full\page_images\t_p_120_1176_p000412.tif,local_data\organization\trace_net\ocr_route_scan_pack_tesseract_full\ocr_text\t_p_120_1176_p000412.txt
413,t_p_120_1176_p000413,table,detailed_parts_list,[],94.0,high,True,False,False,False,"[""detailed_parts_list"", ""table_or_index""]","[""high_part_number_density""]","[""detailed_parts_list_extraction_scan""]",183,10,00000413.tif,local_data\organization\trace_net\ocr_route_scan_pack_tesseract_full\page_images\t_p_120_1176_p000413.tif,local_data\organization\trace_net\ocr_route_scan_pack_tesseract_full\ocr_text\t_p_120_1176_p000413.txt
414,t_p_120_1176_p000414,table,image_visual_diagram,"[""normal_text""]",72.0,low,False,True,True,True,"[""image_visual_diagram"", ""normal_text"", ""table_or_index""]","[""figure_caption_sparse_text""]","[""image_visual_ocr_and_vision_queue_scan"", ""normal_text_page_context_scan""]",91,1,00000414.tif,local_data\organization\trace_net\ocr_route_scan_pack_tesseract_full\page_images\t_p_120_1176_p000414.tif,local_data\organization\trace_net\ocr_route_scan_pack_tesseract_full\ocr_text\t_p_120_1176_p000414.txt
415,t_p_120_1176_p000415,table,image_visual_diagram,[],82.0,medium,False,False,True,True,"[""image_visual_diagram"", ""table_or_index""]","[""concrete_visual_labels_sparse_non_table_text""]","[""image_visual_ocr_and_vision_queue_scan""]",80,1,00000415.tif,local_data\organization\trace_net\ocr_route_scan_pack_tesseract_full\page_images\t_p_120_1176_p000415.tif,local_data\organization\trace_net\ocr_route_scan_pack_tesseract_full\ocr_text\t_p_120_1176_p000415.txt
416,t_p_120_1176_p000416,table,detailed_parts_list,[],94.0,high,True,False,False,False,"[""detailed_parts_list"", ""table_or_index""]","[""high_part_number_density""]","[""detailed_parts_list_extraction_scan""]",226,12,00000416.tif,local_data\organization\trace_net\ocr_route_scan_pack_tesseract_full\page_images\t_p_120_1176_p000416.tif,local_data\organization\trace_net\ocr_route_scan_pack_tesseract_full\ocr_text\t_p_120_1176_p000416.txt
417,t_p_120_1176_p000417,table,detailed_parts_list,[],94.0,high,True,False,False,False,"[""detailed_parts_list"", ""table_or_index""]","[""high_part_number_density""]","[""detailed_parts_list_extraction_scan""]",159,11,00000417.tif,local_data\organization\trace_net\ocr_route_scan_pack_tesseract_full\page_images\t_p_120_1176_p000417.tif,local_data\organization\trace_net\ocr_route_scan_pack_tesseract_full\ocr_text\t_p_120_1176_p000417.txt
418,t_p_120_1176_p000418,table,image_visual_diagram,"[""normal_text""]",72.0,low,False,True,True,True,"[""image_visual_diagram"", ""normal_text"", ""table_or_index""]","[""figure_caption_sparse_text""]","[""image_visual_ocr_and_vision_queue_scan"", ""normal_text_page_context_scan""]",103,1,00000418.tif,local_data\organization\trace_net\ocr_route_scan_pack_tesseract_full\page_images\t_p_120_1176_p000418.tif,local_data\organization\trace_net\ocr_route_scan_pack_tesseract_full\ocr_text\t_p_120_1176_p000418.txt
419,t_p_120_1176_p000419,table,image_visual_diagram,[],82.0,medium,False,False,True,True,"[""image_visual_diagram"", ""table_or_index""]","[""concrete_visual_labels_sparse_non_table_text""]","[""image_visual_ocr_and_vision_queue_scan""]",88,1,00000419.tif,local_data\organization\trace_net\ocr_route_scan_pack_tesseract_full\page_images\t_p_120_1176_p000419.tif,local_data\organization\trace_net\ocr_route_scan_pack_tesseract_full\ocr_text\t_p_120_1176_p000419.txt
420,t_p_120_1176_p000420,table,detailed_parts_list,[],94.0,high,True,False,False,False,"[""detailed_parts_list"", ""table_or_index""]","[""high_part_number_density""]","[""detailed_parts_list_extraction_scan""]",264,14,00000420.tif,local_data\organization\trace_net\ocr_route_scan_pack_tesseract_full\page_images\t_p_120_1176_p000420.tif,local_data\organization\trace_net\ocr_route_scan_pack_tesseract_full\ocr_text\t_p_120_1176_p000420.txt
421,t_p_120_1176_p000421,table,detailed_parts_list,[],94.0,high,True,False,False,False,"[""detailed_parts_list"", ""table_or_index""]","[""high_part_number_density""]","[""detailed_parts_list_extraction_scan""]",177,12,00000421.tif,local_data\organization\trace_net\ocr_route_scan_pack_tesseract_full\page_images\t_p_120_1176_p000421.tif,local_data\organization\trace_net\ocr_route_scan_pack_tesseract_full\ocr_text\t_p_120_1176_p000421.txt
422,t_p_120_1176_p000422,table,image_visual_diagram,[],82.0,medium,False,False,True,True,"[""image_visual_diagram"", ""table_or_index""]","[""concrete_visual_labels_sparse_non_table_text""]","[""image_visual_ocr_and_vision_queue_scan""]",90,1,00000422.tif,local_data\organization\trace_net\ocr_route_scan_pack_tesseract_full\page_images\t_p_120_1176_p000422.tif,local_data\organization\trace_net\ocr_route_scan_pack_tesseract_full\ocr_text\t_p_120_1176_p000422.txt
423,t_p_120_1176_p000423,table,image_visual_diagram,[],82.0,medium,False,False,True,True,"[""image_visual_diagram"", ""table_or_index""]","[""concrete_visual_labels_sparse_non_table_text""]","[""image_visual_ocr_and_vision_queue_scan""]",82,1,00000423.tif,local_data\organization\trace_net\ocr_route_scan_pack_tesseract_full\page_images\t_p_120_1176_p000423.tif,local_data\organization\trace_net\ocr_route_scan_pack_tesseract_full\ocr_text\t_p_120_1176_p000423.txt
424,t_p_120_1176_p000424,table,detailed_parts_list,[],94.0,high,True,False,False,False,"[""detailed_parts_list"", ""table_or_index""]","[""high_part_number_density""]","[""detailed_parts_list_extraction_scan""]",252,11,00000424.tif,local_data\organization\trace_net\ocr_route_scan_pack_tesseract_full\page_images\t_p_120_1176_p000424.tif,local_data\organization\trace_net\ocr_route_scan_pack_tesseract_full\ocr_text\t_p_120_1176_p000424.txt
425,t_p_120_1176_p000425,table,detailed_parts_list,[],82.0,medium,False,False,True,True,"[""detailed_parts_list"", ""table_or_index""]","[""part_numbers_with_ipl_structure""]","[""detailed_parts_list_extraction_scan""]",131,4,00000425.tif,local_data\organization\trace_net\ocr_route_scan_pack_tesseract_full\page_images\t_p_120_1176_p000425.tif,local_data\organization\trace_net\ocr_route_scan_pack_tesseract_full\ocr_text\t_p_120_1176_p000425.txt
426,t_p_120_1176_p000426,table,image_visual_diagram,[],82.0,medium,False,False,True,True,"[""image_visual_diagram"", ""table_or_index""]","[""concrete_visual_labels_sparse_non_table_text""]","[""image_visual_ocr_and_vision_queue_scan""]",89,1,00000426.tif,local_data\organization\trace_net\ocr_route_scan_pack_tesseract_full\page_images\t_p_120_1176_p000426.tif,local_data\organization\trace_net\ocr_route_scan_pack_tesseract_full\ocr_text\t_p_120_1176_p000426.txt
427,t_p_120_1176_p000427,table,image_visual_diagram,[],82.0,medium,False,False,True,True,"[""image_visual_diagram"", ""table_or_index""]","[""concrete_visual_labels_sparse_non_table_text""]","[""image_visual_ocr_and_vision_queue_scan""]",80,1,00000427.tif,local_data\organization\trace_net\ocr_route_scan_pack_tesseract_full\page_images\t_p_120_1176_p000427.tif,local_data\organization\trace_net\ocr_route_scan_pack_tesseract_full\ocr_text\t_p_120_1176_p000427.txt
428,t_p_120_1176_p000428,table,detailed_parts_list,[],94.0,high,True,False,False,False,"[""detailed_parts_list"", ""table_or_index""]","[""high_part_number_density""]","[""detailed_parts_list_extraction_scan""]",241,12,00000428.tif,local_data\organization\trace_net\ocr_route_scan_pack_tesseract_full\page_images\t_p_120_1176_p000428.tif,local_data\organization\trace_net\ocr_route_scan_pack_tesseract_full\ocr_text\t_p_120_1176_p000428.txt
429,t_p_120_1176_p000429,table,detailed_parts_list,[],82.0,medium,False,False,True,True,"[""detailed_parts_list"", ""table_or_index""]","[""part_numbers_with_ipl_structure""]","[""detailed_parts_list_extraction_scan""]",194,8,00000429.tif,local_data\organization\trace_net\ocr_route_scan_pack_tesseract_full\page_images\t_p_120_1176_p000429.tif,local_data\organization\trace_net\ocr_route_scan_pack_tesseract_full\ocr_text\t_p_120_1176_p000429.txt
430,t_p_120_1176_p000430,table,image_visual_diagram,[],82.0,medium,False,False,True,True,"[""image_visual_diagram"", ""table_or_index""]","[""concrete_visual_labels_sparse_non_table_text""]","[""image_visual_ocr_and_vision_queue_scan""]",78,1,00000430.tif,local_data\organization\trace_net\ocr_route_scan_pack_tesseract_full\page_images\t_p_120_1176_p000430.tif,local_data\organization\trace_net\ocr_route_scan_pack_tesseract_full\ocr_text\t_p_120_1176_p000430.txt
431,t_p_120_1176_p000431,table,image_visual_diagram,[],82.0,medium,False,False,True,True,"[""image_visual_diagram"", ""table_or_index""]","[""concrete_visual_labels_sparse_non_table_text""]","[""image_visual_ocr_and_vision_queue_scan""]",83,1,00000431.tif,local_data\organization\trace_net\ocr_route_scan_pack_tesseract_full\page_images\t_p_120_1176_p000431.tif,local_data\organization\trace_net\ocr_route_scan_pack_tesseract_full\ocr_text\t_p_120_1176_p000431.txt
432,t_p_120_1176_p000432,table,detailed_parts_list,[],94.0,high,True,False,False,False,"[""detailed_parts_list"", ""table_or_index""]","[""high_part_number_density""]","[""detailed_parts_list_extraction_scan""]",314,16,00000432.tif,local_data\organization\trace_net\ocr_route_scan_pack_tesseract_full\page_images\t_p_120_1176_p000432.tif,local_data\organization\trace_net\ocr_route_scan_pack_tesseract_full\ocr_text\t_p_120_1176_p000432.txt
433,t_p_120_1176_p000433,table,detailed_parts_list,[],82.0,medium,False,False,True,True,"[""detailed_parts_list"", ""table_or_index""]","[""part_numbers_with_ipl_structure""]","[""detailed_parts_list_extraction_scan""]",133,7,00000433.tif,local_data\organization\trace_net\ocr_route_scan_pack_tesseract_full\page_images\t_p_120_1176_p000433.tif,local_data\organization\trace_net\ocr_route_scan_pack_tesseract_full\ocr_text\t_p_120_1176_p000433.txt
434,t_p_120_1176_p000434,table,image_visual_diagram,"[""normal_text""]",72.0,low,False,True,True,True,"[""image_visual_diagram"", ""normal_text"", ""table_or_index""]","[""figure_caption_sparse_text""]","[""image_visual_ocr_and_vision_queue_scan"", ""normal_text_page_context_scan""]",87,1,00000434.tif,local_data\organization\trace_net\ocr_route_scan_pack_tesseract_full\page_images\t_p_120_1176_p000434.tif,local_data\organization\trace_net\ocr_route_scan_pack_tesseract_full\ocr_text\t_p_120_1176_p000434.txt
435,t_p_120_1176_p000435,table,image_visual_diagram,[],82.0,medium,False,False,True,True,"[""image_visual_diagram"", ""table_or_index""]","[""concrete_visual_labels_sparse_non_table_text""]","[""image_visual_ocr_and_vision_queue_scan""]",78,1,00000435.tif,local_data\organization\trace_net\ocr_route_scan_pack_tesseract_full\page_images\t_p_120_1176_p000435.tif,local_data\organization\trace_net\ocr_route_scan_pack_tesseract_full\ocr_text\t_p_120_1176_p000435.txt
436,t_p_120_1176_p000436,table,detailed_parts_list,[],94.0,high,True,False,False,False,"[""detailed_parts_list"", ""table_or_index""]","[""high_part_number_density""]","[""detailed_parts_list_extraction_scan""]",234,13,00000436.tif,local_data\organization\trace_net\ocr_route_scan_pack_tesseract_full\page_images\t_p_120_1176_p000436.tif,local_data\organization\trace_net\ocr_route_scan_pack_tesseract_full\ocr_text\t_p_120_1176_p000436.txt
437,t_p_120_1176_p000437,table,detailed_parts_list,[],82.0,medium,False,False,True,True,"[""detailed_parts_list"", ""table_or_index""]","[""part_numbers_with_ipl_structure""]","[""detailed_parts_list_extraction_scan""]",134,6,00000437.tif,local_data\organization\trace_net\ocr_route_scan_pack_tesseract_full\page_images\t_p_120_1176_p000437.tif,local_data\organization\trace_net\ocr_route_scan_pack_tesseract_full\ocr_text\t_p_120_1176_p000437.txt
438,t_p_120_1176_p000438,table,image_visual_diagram,"[""normal_text""]",72.0,low,False,True,True,True,"[""image_visual_diagram"", ""normal_text"", ""table_or_index""]","[""figure_caption_sparse_text""]","[""image_visual_ocr_and_vision_queue_scan"", ""normal_text_page_context_scan""]",98,0,00000438.tif,local_data\organization\trace_net\ocr_route_scan_pack_tesseract_full\page_images\t_p_120_1176_p000438.tif,local_data\organization\trace_net\ocr_route_scan_pack_tesseract_full\ocr_text\t_p_120_1176_p000438.txt
439,t_p_120_1176_p000439,table,image_visual_diagram,[],82.0,medium,False,False,True,True,"[""image_visual_diagram"", ""table_or_index""]","[""concrete_visual_labels_sparse_non_table_text""]","[""image_visual_ocr_and_vision_queue_scan""]",78,1,00000439.tif,local_data\organization\trace_net\ocr_route_scan_pack_tesseract_full\page_images\t_p_120_1176_p000439.tif,local_data\organization\trace_net\ocr_route_scan_pack_tesseract_full\ocr_text\t_p_120_1176_p000439.txt
440,t_p_120_1176_p000440,table,detailed_parts_list,[],94.0,high,True,False,False,False,"[""detailed_parts_list"", ""table_or_index""]","[""high_part_number_density""]","[""detailed_parts_list_extraction_scan""]",305,14,00000440.tif,local_data\organization\trace_net\ocr_route_scan_pack_tesseract_full\page_images\t_p_120_1176_p000440.tif,local_data\organization\trace_net\ocr_route_scan_pack_tesseract_full\ocr_text\t_p_120_1176_p000440.txt
441,t_p_120_1176_p000441,table,detailed_parts_list,[],82.0,medium,False,False,True,True,"[""detailed_parts_list"", ""table_or_index""]","[""part_numbers_with_ipl_structure""]","[""detailed_parts_list_extraction_scan""]",138,7,00000441.tif,local_data\organization\trace_net\ocr_route_scan_pack_tesseract_full\page_images\t_p_120_1176_p000441.tif,local_data\organization\trace_net\ocr_route_scan_pack_tesseract_full\ocr_text\t_p_120_1176_p000441.txt
442,t_p_120_1176_p000442,table,image_visual_diagram,"[""normal_text""]",72.0,low,False,True,True,True,"[""image_visual_diagram"", ""normal_text"", ""table_or_index""]","[""figure_caption_sparse_text""]","[""image_visual_ocr_and_vision_queue_scan"", ""normal_text_page_context_scan""]",105,1,00000442.tif,local_data\organization\trace_net\ocr_route_scan_pack_tesseract_full\page_images\t_p_120_1176_p000442.tif,local_data\organization\trace_net\ocr_route_scan_pack_tesseract_full\ocr_text\t_p_120_1176_p000442.txt
443,t_p_120_1176_p000443,table,image_visual_diagram,[],82.0,medium,False,False,True,True,"[""image_visual_diagram"", ""table_or_index""]","[""concrete_visual_labels_sparse_non_table_text""]","[""image_visual_ocr_and_vision_queue_scan""]",85,1,00000443.tif,local_data\organization\trace_net\ocr_route_scan_pack_tesseract_full\page_images\t_p_120_1176_p000443.tif,local_data\organization\trace_net\ocr_route_scan_pack_tesseract_full\ocr_text\t_p_120_1176_p000443.txt
444,t_p_120_1176_p000444,table,detailed_parts_list,[],94.0,high,True,False,False,False,"[""detailed_parts_list"", ""table_or_index""]","[""high_part_number_density""]","[""detailed_parts_list_extraction_scan""]",274,13,00000444.tif,local_data\organization\trace_net\ocr_route_scan_pack_tesseract_full\page_images\t_p_120_1176_p000444.tif,local_data\organization\trace_net\ocr_route_scan_pack_tesseract_full\ocr_text\t_p_120_1176_p000444.txt
445,t_p_120_1176_p000445,table,detailed_parts_list,[],94.0,high,True,False,False,False,"[""detailed_parts_list"", ""table_or_index""]","[""high_part_number_density""]","[""detailed_parts_list_extraction_scan""]",209,14,00000445.tif,local_data\organization\trace_net\ocr_route_scan_pack_tesseract_full\page_images\t_p_120_1176_p000445.tif,local_data\organization\trace_net\ocr_route_scan_pack_tesseract_full\ocr_text\t_p_120_1176_p000445.txt
446,t_p_120_1176_p000446,table,image_visual_diagram,[],82.0,medium,False,False,True,True,"[""image_visual_diagram"", ""table_or_index""]","[""concrete_visual_labels_sparse_non_table_text""]","[""image_visual_ocr_and_vision_queue_scan""]",76,1,00000446.tif,local_data\organization\trace_net\ocr_route_scan_pack_tesseract_full\page_images\t_p_120_1176_p000446.tif,local_data\organization\trace_net\ocr_route_scan_pack_tesseract_full\ocr_text\t_p_120_1176_p000446.txt
447,t_p_120_1176_p000447,table,detailed_parts_list,[],94.0,high,True,False,False,False,"[""detailed_parts_list"", ""table_or_index""]","[""high_part_number_density""]","[""detailed_parts_list_extraction_scan""]",224,13,00000447.tif,local_data\organization\trace_net\ocr_route_scan_pack_tesseract_full\page_images\t_p_120_1176_p000447.tif,local_data\organization\trace_net\ocr_route_scan_pack_tesseract_full\ocr_text\t_p_120_1176_p000447.txt
448,t_p_120_1176_p000448,table,image_visual_diagram,[],82.0,medium,False,False,True,True,"[""image_visual_diagram"", ""table_or_index""]","[""concrete_visual_labels_sparse_non_table_text""]","[""image_visual_ocr_and_vision_queue_scan""]",80,1,00000448.tif,local_data\organization\trace_net\ocr_route_scan_pack_tesseract_full\page_images\t_p_120_1176_p000448.tif,local_data\organization\trace_net\ocr_route_scan_pack_tesseract_full\ocr_text\t_p_120_1176_p000448.txt
449,t_p_120_1176_p000449,table,detailed_parts_list,[],94.0,high,True,False,False,False,"[""detailed_parts_list"", ""table_or_index""]","[""high_part_number_density""]","[""detailed_parts_list_extraction_scan""]",196,10,00000449.tif,local_data\organization\trace_net\ocr_route_scan_pack_tesseract_full\page_images\t_p_120_1176_p000449.tif,local_data\organization\trace_net\ocr_route_scan_pack_tesseract_full\ocr_text\t_p_120_1176_p000449.txt
450,t_p_120_1176_p000450,table,detailed_parts_list,[],82.0,medium,False,False,True,True,"[""detailed_parts_list"", ""table_or_index""]","[""part_numbers_with_ipl_structure""]","[""detailed_parts_list_extraction_scan""]",68,3,00000450.tif,local_data\organization\trace_net\ocr_route_scan_pack_tesseract_full\page_images\t_p_120_1176_p000450.tif,local_data\organization\trace_net\ocr_route_scan_pack_tesseract_full\ocr_text\t_p_120_1176_p000450.txt
451,t_p_120_1176_p000451,table,image_visual_diagram,[],82.0,medium,False,False,True,True,"[""image_visual_diagram"", ""table_or_index""]","[""concrete_visual_labels_sparse_non_table_text""]","[""image_visual_ocr_and_vision_queue_scan""]",88,1,00000451.tif,local_data\organization\trace_net\ocr_route_scan_pack_tesseract_full\page_images\t_p_120_1176_p000451.tif,local_data\organization\trace_net\ocr_route_scan_pack_tesseract_full\ocr_text\t_p_120_1176_p000451.txt
452,t_p_120_1176_p000452,table,detailed_parts_list,[],94.0,high,True,False,False,False,"[""detailed_parts_list"", ""table_or_index""]","[""high_part_number_density""]","[""detailed_parts_list_extraction_scan""]",255,15,00000452.tif,local_data\organization\trace_net\ocr_route_scan_pack_tesseract_full\page_images\t_p_120_1176_p000452.tif,local_data\organization\trace_net\ocr_route_scan_pack_tesseract_full\ocr_text\t_p_120_1176_p000452.txt
453,t_p_120_1176_p000453,table,detailed_parts_list,[],82.0,medium,False,False,True,True,"[""detailed_parts_list"", ""table_or_index""]","[""part_numbers_with_ipl_structure""]","[""detailed_parts_list_extraction_scan""]",129,7,00000453.tif,local_data\organization\trace_net\ocr_route_scan_pack_tesseract_full\page_images\t_p_120_1176_p000453.tif,local_data\organization\trace_net\ocr_route_scan_pack_tesseract_full\ocr_text\t_p_120_1176_p000453.txt
454,t_p_120_1176_p000454,table,image_visual_diagram,[],82.0,medium,False,False,True,True,"[""image_visual_diagram"", ""table_or_index""]","[""concrete_visual_labels_sparse_non_table_text""]","[""image_visual_ocr_and_vision_queue_scan""]",73,0,00000454.tif,local_data\organization\trace_net\ocr_route_scan_pack_tesseract_full\page_images\t_p_120_1176_p000454.tif,local_data\organization\trace_net\ocr_route_scan_pack_tesseract_full\ocr_text\t_p_120_1176_p000454.txt
455,t_p_120_1176_p000455,table,detailed_parts_list,[],82.0,medium,False,False,True,True,"[""detailed_parts_list"", ""table_or_index""]","[""part_numbers_with_ipl_structure""]","[""detailed_parts_list_extraction_scan""]",189,8,00000455.tif,local_data\organization\trace_net\ocr_route_scan_pack_tesseract_full\page_images\t_p_120_1176_p000455.tif,local_data\organization\trace_net\ocr_route_scan_pack_tesseract_full\ocr_text\t_p_120_1176_p000455.txt
456,t_p_120_1176_p000456,table,detailed_parts_list,[],82.0,medium,False,False,True,True,"[""detailed_parts_list"", ""table_or_index""]","[""part_numbers_with_ipl_structure""]","[""detailed_parts_list_extraction_scan""]",117,4,00000456.tif,local_data\organization\trace_net\ocr_route_scan_pack_tesseract_full\page_images\t_p_120_1176_p000456.tif,local_data\organization\trace_net\ocr_route_scan_pack_tesseract_full\ocr_text\t_p_120_1176_p000456.txt
457,t_p_120_1176_p000457,table,image_visual_diagram,[],82.0,medium,False,False,True,True,"[""image_visual_diagram"", ""table_or_index""]","[""concrete_visual_labels_sparse_non_table_text""]","[""image_visual_ocr_and_vision_queue_scan""]",59,0,00000457.tif,local_data\organization\trace_net\ocr_route_scan_pack_tesseract_full\page_images\t_p_120_1176_p000457.tif,local_data\organization\trace_net\ocr_route_scan_pack_tesseract_full\ocr_text\t_p_120_1176_p000457.txt
458,t_p_120_1176_p000458,table,detailed_parts_list,[],94.0,high,True,False,False,False,"[""detailed_parts_list"", ""table_or_index""]","[""high_part_number_density""]","[""detailed_parts_list_extraction_scan""]",189,10,00000458.tif,local_data\organization\trace_net\ocr_route_scan_pack_tesseract_full\page_images\t_p_120_1176_p000458.tif,local_data\organization\trace_net\ocr_route_scan_pack_tesseract_full\ocr_text\t_p_120_1176_p000458.txt
459,t_p_120_1176_p000459,table,detailed_parts_list,[],82.0,medium,False,False,True,True,"[""detailed_parts_list"", ""table_or_index""]","[""part_numbers_with_ipl_structure""]","[""detailed_parts_list_extraction_scan""]",135,5,00000459.tif,local_data\organization\trace_net\ocr_route_scan_pack_tesseract_full\page_images\t_p_120_1176_p000459.tif,local_data\organization\trace_net\ocr_route_scan_pack_tesseract_full\ocr_text\t_p_120_1176_p000459.txt
460,t_p_120_1176_p000460,table,image_visual_diagram,[],82.0,medium,False,False,True,True,"[""image_visual_diagram"", ""table_or_index""]","[""concrete_visual_labels_sparse_non_table_text""]","[""image_visual_ocr_and_vision_queue_scan""]",76,0,00000460.tif,local_data\organization\trace_net\ocr_route_scan_pack_tesseract_full\page_images\t_p_120_1176_p000460.tif,local_data\organization\trace_net\ocr_route_scan_pack_tesseract_full\ocr_text\t_p_120_1176_p000460.txt
461,t_p_120_1176_p000461,table,detailed_parts_list,[],94.0,high,True,False,False,False,"[""detailed_parts_list"", ""table_or_index""]","[""high_part_number_density""]","[""detailed_parts_list_extraction_scan""]",212,14,00000461.tif,local_data\organization\trace_net\ocr_route_scan_pack_tesseract_full\page_images\t_p_120_1176_p000461.tif,local_data\organization\trace_net\ocr_route_scan_pack_tesseract_full\ocr_text\t_p_120_1176_p000461.txt
462,t_p_120_1176_p000462,table,detailed_parts_list,[],82.0,medium,False,False,True,True,"[""detailed_parts_list"", ""table_or_index""]","[""part_numbers_with_ipl_structure""]","[""detailed_parts_list_extraction_scan""]",77,3,00000462.tif,local_data\organization\trace_net\ocr_route_scan_pack_tesseract_full\page_images\t_p_120_1176_p000462.tif,local_data\organization\trace_net\ocr_route_scan_pack_tesseract_full\ocr_text\t_p_120_1176_p000462.txt
463,t_p_120_1176_p000463,table,image_visual_diagram,[],82.0,medium,False,False,True,True,"[""image_visual_diagram"", ""table_or_index""]","[""concrete_visual_labels_sparse_non_table_text""]","[""image_visual_ocr_and_vision_queue_scan""]",64,0,00000463.tif,local_data\organization\trace_net\ocr_route_scan_pack_tesseract_full\page_images\t_p_120_1176_p000463.tif,local_data\organization\trace_net\ocr_route_scan_pack_tesseract_full\ocr_text\t_p_120_1176_p000463.txt
464,t_p_120_1176_p000464,table,detailed_parts_list,[],82.0,medium,False,False,True,True,"[""detailed_parts_list"", ""table_or_index""]","[""part_numbers_with_ipl_structure""]","[""detailed_parts_list_extraction_scan""]",178,9,00000464.tif,local_data\organization\trace_net\ocr_route_scan_pack_tesseract_full\page_images\t_p_120_1176_p000464.tif,local_data\organization\trace_net\ocr_route_scan_pack_tesseract_full\ocr_text\t_p_120_1176_p000464.txt
465,t_p_120_1176_p000465,table,detailed_parts_list,[],82.0,medium,False,False,True,True,"[""detailed_parts_list"", ""table_or_index""]","[""part_numbers_with_ipl_structure""]","[""detailed_parts_list_extraction_scan""]",83,3,00000465.tif,local_data\organization\trace_net\ocr_route_scan_pack_tesseract_full\page_images\t_p_120_1176_p000465.tif,local_data\organization\trace_net\ocr_route_scan_pack_tesseract_full\ocr_text\t_p_120_1176_p000465.txt
466,t_p_120_1176_p000466,normal_text,procedure_or_description,[],82.0,medium,False,False,True,True,"[""procedure_or_description""]","[""procedure_or_description_terms_with_paragraph_text""]","[""procedure_description_context_scan""]",145,0,00000466.tif,local_data\organization\trace_net\ocr_route_scan_pack_tesseract_full\page_images\t_p_120_1176_p000466.tif,local_data\organization\trace_net\ocr_route_scan_pack_tesseract_full\ocr_text\t_p_120_1176_p000466.txt
467,t_p_120_1176_p000467,table,procedure_or_description,"[""mixed_text_and_figure""]",82.0,medium,False,True,True,True,"[""procedure_or_description"", ""mixed_text_and_figure""]","[""procedure_or_description_terms_with_paragraph_text""]","[""procedure_description_context_scan"", ""mixed_text_visual_split_scan""]",280,0,00000467.tif,local_data\organization\trace_net\ocr_route_scan_pack_tesseract_full\page_images\t_p_120_1176_p000467.tif,local_data\organization\trace_net\ocr_route_scan_pack_tesseract_full\ocr_text\t_p_120_1176_p000467.txt
468,t_p_120_1176_p000468,table,procedure_or_description,"[""mixed_text_and_figure""]",82.0,medium,False,True,True,True,"[""procedure_or_description"", ""mixed_text_and_figure""]","[""procedure_or_description_terms_with_paragraph_text""]","[""procedure_description_context_scan"", ""mixed_text_visual_split_scan""]",327,0,00000468.tif,local_data\organization\trace_net\ocr_route_scan_pack_tesseract_full\page_images\t_p_120_1176_p000468.tif,local_data\organization\trace_net\ocr_route_scan_pack_tesseract_full\ocr_text\t_p_120_1176_p000468.txt
469,t_p_120_1176_p000469,table,mixed_text_and_figure,"[""procedure_or_description""]",70.0,medium,False,True,True,True,"[""mixed_text_and_figure"", ""procedure_or_description"", ""table_or_index""]","[""figure_caption_with_meaningful_prose""]","[""mixed_text_visual_split_scan"", ""procedure_description_context_scan""]",159,0,00000469.tif,local_data\organization\trace_net\ocr_route_scan_pack_tesseract_full\page_images\t_p_120_1176_p000469.tif,local_data\organization\trace_net\ocr_route_scan_pack_tesseract_full\ocr_text\t_p_120_1176_p000469.txt
470,t_p_120_1176_p000470,normal_text,procedure_or_description,[],82.0,medium,False,False,True,True,"[""procedure_or_description""]","[""procedure_or_description_terms_with_paragraph_text""]","[""procedure_description_context_scan""]",198,0,00000470.tif,local_data\organization\trace_net\ocr_route_scan_pack_tesseract_full\page_images\t_p_120_1176_p000470.tif,local_data\organization\trace_net\ocr_route_scan_pack_tesseract_full\ocr_text\t_p_120_1176_p000470.txt
471,t_p_120_1176_p000471,table,procedure_or_description,[],82.0,medium,False,False,True,True,"[""procedure_or_description""]","[""procedure_or_description_terms_with_paragraph_text""]","[""procedure_description_context_scan""]",216,0,00000471.tif,local_data\organization\trace_net\ocr_route_scan_pack_tesseract_full\page_images\t_p_120_1176_p000471.tif,local_data\organization\trace_net\ocr_route_scan_pack_tesseract_full\ocr_text\t_p_120_1176_p000471.txt
472,t_p_120_1176_p000472,table,procedure_or_description,[],82.0,medium,False,False,True,True,"[""procedure_or_description""]","[""procedure_or_description_terms_with_paragraph_text""]","[""procedure_description_context_scan""]",327,0,00000472.tif,local_data\organization\trace_net\ocr_route_scan_pack_tesseract_full\page_images\t_p_120_1176_p000472.tif,local_data\organization\trace_net\ocr_route_scan_pack_tesseract_full\ocr_text\t_p_120_1176_p000472.txt
473,t_p_120_1176_p000473,normal_text,procedure_or_description,[],62.0,low,False,True,True,True,"[""procedure_or_description""]","[""procedure_terms_and_prose_density""]","[""procedure_description_context_scan""]",231,0,00000473.tif,local_data\organization\trace_net\ocr_route_scan_pack_tesseract_full\page_images\t_p_120_1176_p000473.tif,local_data\organization\trace_net\ocr_route_scan_pack_tesseract_full\ocr_text\t_p_120_1176_p000473.txt
474,t_p_120_1176_p000474,normal_text,procedure_or_description,[],82.0,medium,False,False,True,True,"[""procedure_or_description""]","[""procedure_or_description_terms_with_paragraph_text""]","[""procedure_description_context_scan""]",75,0,00000474.tif,local_data\organization\trace_net\ocr_route_scan_pack_tesseract_full\page_images\t_p_120_1176_p000474.tif,local_data\organization\trace_net\ocr_route_scan_pack_tesseract_full\ocr_text\t_p_120_1176_p000474.txt
475,t_p_120_1176_p000475,table,procedure_or_description,[],82.0,medium,False,False,True,True,"[""procedure_or_description""]","[""procedure_or_description_terms_with_paragraph_text""]","[""procedure_description_context_scan""]",287,0,00000475.tif,local_data\organization\trace_net\ocr_route_scan_pack_tesseract_full\page_images\t_p_120_1176_p000475.tif,local_data\organization\trace_net\ocr_route_scan_pack_tesseract_full\ocr_text\t_p_120_1176_p000475.txt
476,t_p_120_1176_p000476,table,mixed_text_and_figure,"[""procedure_or_description""]",70.0,medium,False,True,True,True,"[""mixed_text_and_figure"", ""procedure_or_description"", ""table_or_index""]","[""figure_caption_with_meaningful_prose""]","[""mixed_text_visual_split_scan"", ""procedure_description_context_scan""]",219,3,00000476.tif,local_data\organization\trace_net\ocr_route_scan_pack_tesseract_full\page_images\t_p_120_1176_p000476.tif,local_data\organization\trace_net\ocr_route_scan_pack_tesseract_full\ocr_text\t_p_120_1176_p000476.txt
477,t_p_120_1176_p000477,table,procedure_or_description,"[""mixed_text_and_figure""]",82.0,medium,False,True,True,True,"[""procedure_or_description"", ""mixed_text_and_figure""]","[""procedure_or_description_terms_with_paragraph_text""]","[""procedure_description_context_scan"", ""mixed_text_visual_split_scan""]",339,0,00000477.tif,local_data\organization\trace_net\ocr_route_scan_pack_tesseract_full\page_images\t_p_120_1176_p000477.tif,local_data\organization\trace_net\ocr_route_scan_pack_tesseract_full\ocr_text\t_p_120_1176_p000477.txt
478,t_p_120_1176_p000478,table,procedure_or_description,[],62.0,low,False,True,True,True,"[""procedure_or_description"", ""table_or_index""]","[""procedure_terms_and_prose_density""]","[""procedure_description_context_scan""]",366,0,00000478.tif,local_data\organization\trace_net\ocr_route_scan_pack_tesseract_full\page_images\t_p_120_1176_p000478.tif,local_data\organization\trace_net\ocr_route_scan_pack_tesseract_full\ocr_text\t_p_120_1176_p000478.txt
479,t_p_120_1176_p000479,table,mixed_text_and_figure,"[""procedure_or_description""]",70.0,medium,False,True,True,True,"[""mixed_text_and_figure"", ""procedure_or_description"", ""table_or_index""]","[""figure_caption_with_meaningful_prose""]","[""mixed_text_visual_split_scan"", ""procedure_description_context_scan""]",235,0,00000479.tif,local_data\organization\trace_net\ocr_route_scan_pack_tesseract_full\page_images\t_p_120_1176_p000479.tif,local_data\organization\trace_net\ocr_route_scan_pack_tesseract_full\ocr_text\t_p_120_1176_p000479.txt
480,t_p_120_1176_p000480,table,mixed_text_and_figure,"[""procedure_or_description""]",70.0,medium,False,True,True,True,"[""mixed_text_and_figure"", ""procedure_or_description"", ""table_or_index""]","[""figure_caption_with_meaningful_prose""]","[""mixed_text_visual_split_scan"", ""procedure_description_context_scan""]",194,2,00000480.tif,local_data\organization\trace_net\ocr_route_scan_pack_tesseract_full\page_images\t_p_120_1176_p000480.tif,local_data\organization\trace_net\ocr_route_scan_pack_tesseract_full\ocr_text\t_p_120_1176_p000480.txt
481,t_p_120_1176_p000481,table,mixed_text_and_figure,[],70.0,medium,False,True,True,True,"[""mixed_text_and_figure"", ""table_or_index""]","[""figure_caption_with_meaningful_prose""]","[""mixed_text_visual_split_scan""]",256,4,00000481.tif,local_data\organization\trace_net\ocr_route_scan_pack_tesseract_full\page_images\t_p_120_1176_p000481.tif,local_data\organization\trace_net\ocr_route_scan_pack_tesseract_full\ocr_text\t_p_120_1176_p000481.txt
482,t_p_120_1176_p000482,table,review_required,"[""table_or_index""]",0.0,low,False,True,True,True,"[""table_or_index""]","[""no_route_met_medium_confidence_threshold""]","[""validator_gated_review_resolution_scan"", ""table_ocr_table_candidate_scan""]",267,5,00000482.tif,local_data\organization\trace_net\ocr_route_scan_pack_tesseract_full\page_images\t_p_120_1176_p000482.tif,local_data\organization\trace_net\ocr_route_scan_pack_tesseract_full\ocr_text\t_p_120_1176_p000482.txt
483,t_p_120_1176_p000483,table,mixed_text_and_figure,"[""procedure_or_description""]",70.0,medium,False,True,True,True,"[""mixed_text_and_figure"", ""procedure_or_description"", ""table_or_index""]","[""figure_caption_with_meaningful_prose""]","[""mixed_text_visual_split_scan"", ""procedure_description_context_scan""]",264,0,00000483.tif,local_data\organization\trace_net\ocr_route_scan_pack_tesseract_full\page_images\t_p_120_1176_p000483.tif,local_data\organization\trace_net\ocr_route_scan_pack_tesseract_full\ocr_text\t_p_120_1176_p000483.txt
484,t_p_120_1176_p000484,table,mixed_text_and_figure,"[""procedure_or_description""]",70.0,medium,False,True,True,True,"[""mixed_text_and_figure"", ""procedure_or_description"", ""table_or_index""]","[""figure_caption_with_meaningful_prose""]","[""mixed_text_visual_split_scan"", ""procedure_description_context_scan""]",216,0,00000484.tif,local_data\organization\trace_net\ocr_route_scan_pack_tesseract_full\page_images\t_p_120_1176_p000484.tif,local_data\organization\trace_net\ocr_route_scan_pack_tesseract_full\ocr_text\t_p_120_1176_p000484.txt
485,t_p_120_1176_p000485,table,procedure_or_description,"[""mixed_text_and_figure""]",82.0,medium,False,True,True,True,"[""procedure_or_description"", ""mixed_text_and_figure""]","[""procedure_or_description_terms_with_paragraph_text""]","[""procedure_description_context_scan"", ""mixed_text_visual_split_scan""]",244,0,00000485.tif,local_data\organization\trace_net\ocr_route_scan_pack_tesseract_full\page_images\t_p_120_1176_p000485.tif,local_data\organization\trace_net\ocr_route_scan_pack_tesseract_full\ocr_text\t_p_120_1176_p000485.txt
486,t_p_120_1176_p000486,table,procedure_or_description,[],82.0,medium,False,False,True,True,"[""procedure_or_description""]","[""procedure_or_description_terms_with_paragraph_text""]","[""procedure_description_context_scan""]",232,1,00000486.tif,local_data\organization\trace_net\ocr_route_scan_pack_tesseract_full\page_images\t_p_120_1176_p000486.tif,local_data\organization\trace_net\ocr_route_scan_pack_tesseract_full\ocr_text\t_p_120_1176_p000486.txt
487,t_p_120_1176_p000487,table,procedure_or_description,[],82.0,medium,False,False,True,True,"[""procedure_or_description""]","[""procedure_or_description_terms_with_paragraph_text""]","[""procedure_description_context_scan""]",242,0,00000487.tif,local_data\organization\trace_net\ocr_route_scan_pack_tesseract_full\page_images\t_p_120_1176_p000487.tif,local_data\organization\trace_net\ocr_route_scan_pack_tesseract_full\ocr_text\t_p_120_1176_p000487.txt
488,t_p_120_1176_p000488,table,mixed_text_and_figure,"[""procedure_or_description""]",70.0,medium,False,True,True,True,"[""mixed_text_and_figure"", ""procedure_or_description"", ""table_or_index""]","[""figure_caption_with_meaningful_prose""]","[""mixed_text_visual_split_scan"", ""procedure_description_context_scan""]",287,0,00000488.tif,local_data\organization\trace_net\ocr_route_scan_pack_tesseract_full\page_images\t_p_120_1176_p000488.tif,local_data\organization\trace_net\ocr_route_scan_pack_tesseract_full\ocr_text\t_p_120_1176_p000488.txt
489,t_p_120_1176_p000489,table,procedure_or_description,[],62.0,low,False,True,True,True,"[""procedure_or_description"", ""table_or_index""]","[""procedure_terms_and_prose_density""]","[""procedure_description_context_scan""]",211,0,00000489.tif,local_data\organization\trace_net\ocr_route_scan_pack_tesseract_full\page_images\t_p_120_1176_p000489.tif,local_data\organization\trace_net\ocr_route_scan_pack_tesseract_full\ocr_text\t_p_120_1176_p000489.txt
490,t_p_120_1176_p000490,table,procedure_or_description,[],62.0,low,False,True,True,True,"[""procedure_or_description"", ""table_or_index""]","[""procedure_terms_and_prose_density""]","[""procedure_description_context_scan""]",124,0,00000490.tif,local_data\organization\trace_net\ocr_route_scan_pack_tesseract_full\page_images\t_p_120_1176_p000490.tif,local_data\organization\trace_net\ocr_route_scan_pack_tesseract_full\ocr_text\t_p_120_1176_p000490.txt
491,t_p_120_1176_p000491,normal_text,image_visual_diagram,[],82.0,medium,False,False,True,True,"[""image_visual_diagram""]","[""concrete_visual_labels_sparse_non_table_text""]","[""image_visual_ocr_and_vision_queue_scan""]",79,0,00000491.tif,local_data\organization\trace_net\ocr_route_scan_pack_tesseract_full\page_images\t_p_120_1176_p000491.tif,local_data\organization\trace_net\ocr_route_scan_pack_tesseract_full\ocr_text\t_p_120_1176_p000491.txt
492,t_p_120_1176_p000492,table,image_visual_diagram,[],82.0,medium,False,False,True,True,"[""image_visual_diagram"", ""table_or_index""]","[""concrete_visual_labels_sparse_non_table_text""]","[""image_visual_ocr_and_vision_queue_scan""]",85,0,00000492.tif,local_data\organization\trace_net\ocr_route_scan_pack_tesseract_full\page_images\t_p_120_1176_p000492.tif,local_data\organization\trace_net\ocr_route_scan_pack_tesseract_full\ocr_text\t_p_120_1176_p000492.txt
493,t_p_120_1176_p000493,normal_text,image_visual_diagram,[],82.0,medium,False,False,True,True,"[""image_visual_diagram""]","[""concrete_visual_labels_sparse_non_table_text""]","[""image_visual_ocr_and_vision_queue_scan""]",86,0,00000493.tif,local_data\organization\trace_net\ocr_route_scan_pack_tesseract_full\page_images\t_p_120_1176_p000493.tif,local_data\organization\trace_net\ocr_route_scan_pack_tesseract_full\ocr_text\t_p_120_1176_p000493.txt
494,t_p_120_1176_p000494,normal_text,image_visual_diagram,[],82.0,medium,False,False,True,True,"[""image_visual_diagram""]","[""concrete_visual_labels_sparse_non_table_text""]","[""image_visual_ocr_and_vision_queue_scan""]",70,0,00000494.tif,local_data\organization\trace_net\ocr_route_scan_pack_tesseract_full\page_images\t_p_120_1176_p000494.tif,local_data\organization\trace_net\ocr_route_scan_pack_tesseract_full\ocr_text\t_p_120_1176_p000494.txt
495,t_p_120_1176_p000495,table,image_visual_diagram,[],82.0,medium,False,False,True,True,"[""image_visual_diagram"", ""table_or_index""]","[""concrete_visual_labels_sparse_non_table_text""]","[""image_visual_ocr_and_vision_queue_scan""]",80,0,00000495.tif,local_data\organization\trace_net\ocr_route_scan_pack_tesseract_full\page_images\t_p_120_1176_p000495.tif,local_data\organization\trace_net\ocr_route_scan_pack_tesseract_full\ocr_text\t_p_120_1176_p000495.txt
496,t_p_120_1176_p000496,table,image_visual_diagram,[],82.0,medium,False,False,True,True,"[""image_visual_diagram"", ""table_or_index""]","[""concrete_visual_labels_sparse_non_table_text""]","[""image_visual_ocr_and_vision_queue_scan""]",84,0,00000496.tif,local_data\organization\trace_net\ocr_route_scan_pack_tesseract_full\page_images\t_p_120_1176_p000496.tif,local_data\organization\trace_net\ocr_route_scan_pack_tesseract_full\ocr_text\t_p_120_1176_p000496.txt
497,t_p_120_1176_p000497,image_visual,image_visual_diagram,[],90.0,high,True,False,False,False,"[""image_visual_diagram""]","[""legacy_image_visual_sparse_text""]","[""image_visual_ocr_and_vision_queue_scan""]",81,0,00000497.tif,local_data\organization\trace_net\ocr_route_scan_pack_tesseract_full\page_images\t_p_120_1176_p000497.tif,local_data\organization\trace_net\ocr_route_scan_pack_tesseract_full\ocr_text\t_p_120_1176_p000497.txt
498,t_p_120_1176_p000498,image_visual,image_visual_diagram,[],90.0,high,True,False,False,False,"[""image_visual_diagram""]","[""legacy_image_visual_sparse_text""]","[""image_visual_ocr_and_vision_queue_scan""]",57,0,00000498.tif,local_data\organization\trace_net\ocr_route_scan_pack_tesseract_full\page_images\t_p_120_1176_p000498.tif,local_data\organization\trace_net\ocr_route_scan_pack_tesseract_full\ocr_text\t_p_120_1176_p000498.txt
499,t_p_120_1176_p000499,image_visual,image_visual_diagram,[],90.0,high,True,False,False,False,"[""image_visual_diagram""]","[""legacy_image_visual_sparse_text""]","[""image_visual_ocr_and_vision_queue_scan""]",61,0,00000499.tif,local_data\organization\trace_net\ocr_route_scan_pack_tesseract_full\page_images\t_p_120_1176_p000499.tif,local_data\organization\trace_net\ocr_route_scan_pack_tesseract_full\ocr_text\t_p_120_1176_p000499.txt
500,t_p_120_1176_p000500,image_visual,image_visual_diagram,[],90.0,high,True,False,False,False,"[""image_visual_diagram""]","[""legacy_image_visual_sparse_text""]","[""image_visual_ocr_and_vision_queue_scan""]",56,0,00000500.tif,local_data\organization\trace_net\ocr_route_scan_pack_tesseract_full\page_images\t_p_120_1176_p000500.tif,local_data\organization\trace_net\ocr_route_scan_pack_tesseract_full\ocr_text\t_p_120_1176_p000500.txt
501,t_p_120_1176_p000501,table,image_visual_diagram,"[""mixed_text_and_figure"", ""procedure_or_description""]",82.0,low,False,True,True,True,"[""image_visual_diagram"", ""mixed_text_and_figure"", ""procedure_or_description"", ""table_or_index""]","[""concrete_visual_labels_sparse_non_table_text""]","[""image_visual_ocr_and_vision_queue_scan"", ""mixed_text_visual_split_scan"", ""procedure_description_context_scan""]",108,0,00000501.tif,local_data\organization\trace_net\ocr_route_scan_pack_tesseract_full\page_images\t_p_120_1176_p000501.tif,local_data\organization\trace_net\ocr_route_scan_pack_tesseract_full\ocr_text\t_p_120_1176_p000501.txt
502,t_p_120_1176_p000502,table,image_visual_diagram,"[""mixed_text_and_figure"", ""procedure_or_description""]",82.0,low,False,True,True,True,"[""image_visual_diagram"", ""mixed_text_and_figure"", ""procedure_or_description"", ""table_or_index""]","[""concrete_visual_labels_sparse_non_table_text""]","[""image_visual_ocr_and_vision_queue_scan"", ""mixed_text_visual_split_scan"", ""procedure_description_context_scan""]",109,0,00000502.tif,local_data\organization\trace_net\ocr_route_scan_pack_tesseract_full\page_images\t_p_120_1176_p000502.tif,local_data\organization\trace_net\ocr_route_scan_pack_tesseract_full\ocr_text\t_p_120_1176_p000502.txt
503,t_p_120_1176_p000503,image_visual,image_visual_diagram,"[""mixed_text_and_figure"", ""procedure_or_description""]",90.0,medium,False,True,True,True,"[""image_visual_diagram"", ""mixed_text_and_figure"", ""procedure_or_description""]","[""legacy_image_visual_sparse_text""]","[""image_visual_ocr_and_vision_queue_scan"", ""mixed_text_visual_split_scan"", ""procedure_description_context_scan""]",100,0,00000503.tif,local_data\organization\trace_net\ocr_route_scan_pack_tesseract_full\page_images\t_p_120_1176_p000503.tif,local_data\organization\trace_net\ocr_route_scan_pack_tesseract_full\ocr_text\t_p_120_1176_p000503.txt
504,t_p_120_1176_p000504,table,mixed_text_and_figure,"[""procedure_or_description""]",70.0,medium,False,True,True,True,"[""mixed_text_and_figure"", ""procedure_or_description"", ""table_or_index""]","[""figure_caption_with_meaningful_prose""]","[""mixed_text_visual_split_scan"", ""procedure_description_context_scan""]",123,0,00000504.tif,local_data\organization\trace_net\ocr_route_scan_pack_tesseract_full\page_images\t_p_120_1176_p000504.tif,local_data\organization\trace_net\ocr_route_scan_pack_tesseract_full\ocr_text\t_p_120_1176_p000504.txt
505,t_p_120_1176_p000505,table,mixed_text_and_figure,"[""procedure_or_description""]",70.0,medium,False,True,True,True,"[""mixed_text_and_figure"", ""procedure_or_description"", ""table_or_index""]","[""figure_caption_with_meaningful_prose""]","[""mixed_text_visual_split_scan"", ""procedure_description_context_scan""]",276,0,00000505.tif,local_data\organization\trace_net\ocr_route_scan_pack_tesseract_full\page_images\t_p_120_1176_p000505.tif,local_data\organization\trace_net\ocr_route_scan_pack_tesseract_full\ocr_text\t_p_120_1176_p000505.txt
506,t_p_120_1176_p000506,table,procedure_or_description,"[""mixed_text_and_figure""]",82.0,medium,False,True,True,True,"[""procedure_or_description"", ""mixed_text_and_figure""]","[""procedure_or_description_terms_with_paragraph_text""]","[""procedure_description_context_scan"", ""mixed_text_visual_split_scan""]",329,0,00000506.tif,local_data\organization\trace_net\ocr_route_scan_pack_tesseract_full\page_images\t_p_120_1176_p000506.tif,local_data\organization\trace_net\ocr_route_scan_pack_tesseract_full\ocr_text\t_p_120_1176_p000506.txt
507,t_p_120_1176_p000507,table,procedure_or_description,"[""mixed_text_and_figure""]",82.0,medium,False,True,True,True,"[""procedure_or_description"", ""mixed_text_and_figure""]","[""procedure_or_description_terms_with_paragraph_text""]","[""procedure_description_context_scan"", ""mixed_text_visual_split_scan""]",125,0,00000507.tif,local_data\organization\trace_net\ocr_route_scan_pack_tesseract_full\page_images\t_p_120_1176_p000507.tif,local_data\organization\trace_net\ocr_route_scan_pack_tesseract_full\ocr_text\t_p_120_1176_p000507.txt
508,t_p_120_1176_p000508,normal_text,review_required,[],0.0,low,False,True,True,True,[],"[""no_route_met_medium_confidence_threshold""]","[""validator_gated_review_resolution_scan""]",55,0,00000508.tif,local_data\organization\trace_net\ocr_route_scan_pack_tesseract_full\page_images\t_p_120_1176_p000508.tif,local_data\organization\trace_net\ocr_route_scan_pack_tesseract_full\ocr_text\t_p_120_1176_p000508.txt
509,t_p_120_1176_p000509,table,procedure_or_description,"[""table_or_index""]",82.0,medium,False,True,True,True,"[""procedure_or_description"", ""table_or_index""]","[""procedure_or_description_terms_with_paragraph_text""]","[""procedure_description_context_scan"", ""table_ocr_table_candidate_scan""]",348,0,00000509.tif,local_data\organization\trace_net\ocr_route_scan_pack_tesseract_full\page_images\t_p_120_1176_p000509.tif,local_data\organization\trace_net\ocr_route_scan_pack_tesseract_full\ocr_text\t_p_120_1176_p000509.txt
