source_link_id,manual_id,publication_number,ata_code,page_sequence,page_label,page_type,title,rescarta_object_id,rescarta_page_id,rescarta_url,source_url,tiff_path,ocr_text_path
t_p_120_1176:t_p_120_1176_p000001,t_p_120_1176,T.P. 120/1176,25-21-00,1,1,,,t_p_120_1176,000001,http://localhost:8080/rescarta/t_p_120_1176/000001,http://localhost:8080/rescarta/t_p_120_1176/000001,local_data\rescarta_exports\t_p_120_1176\pages\000001_00000001.tif,local_data\rescarta_exports\t_p_120_1176\ocr\000001_00000001.txt
t_p_120_1176:t_p_120_1176_p000002,t_p_120_1176,T.P. 120/1176,25-21-00,2,2,,,t_p_120_1176,000002,http://localhost:8080/rescarta/t_p_120_1176/000002,http://localhost:8080/rescarta/t_p_120_1176/000002,local_data\rescarta_exports\t_p_120_1176\pages\000002_00000002.tif,local_data\rescarta_exports\t_p_120_1176\ocr\000002_00000002.txt
t_p_120_1176:t_p_120_1176_p000003,t_p_120_1176,T.P. 120/1176,25-21-00,3,i/ii,,APPLICABILITY,t_p_120_1176,000003,http://localhost:8080/rescarta/t_p_120_1176/000003,http://localhost:8080/rescarta/t_p_120_1176/000003,local_data\rescarta_exports\t_p_120_1176\pages\000003_00000003.tif,local_data\rescarta_exports\t_p_120_1176\ocr\000003_00000003.txt
t_p_120_1176:t_p_120_1176_p000004,t_p_120_1176,T.P. 120/1176,25-21-00,4,1,,INTRODUCTION,t_p_120_1176,000004,http://localhost:8080/rescarta/t_p_120_1176/000004,http://localhost:8080/rescarta/t_p_120_1176/000004,local_data\rescarta_exports\t_p_120_1176\pages\000004_00000004.tif,local_data\rescarta_exports\t_p_120_1176\ocr\000004_00000004.txt
t_p_120_1176:t_p_120_1176_p000005,t_p_120_1176,T.P. 120/1176,25-21-00,5,1,,LIST OF EFFECTIVE PAGES,t_p_120_1176,000005,http://localhost:8080/rescarta/t_p_120_1176/000005,http://localhost:8080/rescarta/t_p_120_1176/000005,local_data\rescarta_exports\t_p_120_1176\pages\000005_00000005.tif,local_data\rescarta_exports\t_p_120_1176\ocr\000005_00000005.txt
t_p_120_1176:t_p_120_1176_p000006,t_p_120_1176,T.P. 120/1176,25-21-00,6,2,,LIST OF EFFECTIVE PAGES,t_p_120_1176,000006,http://localhost:8080/rescarta/t_p_120_1176/000006,http://localhost:8080/rescarta/t_p_120_1176/000006,local_data\rescarta_exports\t_p_120_1176\pages\000006_00000006.tif,local_data\rescarta_exports\t_p_120_1176\ocr\000006_00000006.txt
t_p_120_1176:t_p_120_1176_p000007,t_p_120_1176,T.P. 120/1176,25-21-00,7,3,,LIST OF EFFECTIVE PAGES,t_p_120_1176,000007,http://localhost:8080/rescarta/t_p_120_1176/000007,http://localhost:8080/rescarta/t_p_120_1176/000007,local_data\rescarta_exports\t_p_120_1176\pages\000007_00000007.tif,local_data\rescarta_exports\t_p_120_1176\ocr\000007_00000007.txt
t_p_120_1176:t_p_120_1176_p000008,t_p_120_1176,T.P. 120/1176,25-21-00,8,4,,LIST OF EFFECTIVE PAGES,t_p_120_1176,000008,http://localhost:8080/rescarta/t_p_120_1176/000008,http://localhost:8080/rescarta/t_p_120_1176/000008,local_data\rescarta_exports\t_p_120_1176\pages\000008_00000008.tif,local_data\rescarta_exports\t_p_120_1176\ocr\000008_00000008.txt
t_p_120_1176:t_p_120_1176_p000009,t_p_120_1176,T.P. 120/1176,25-21-00,9,5,,LIST OF EFFECTIVE PAGES,t_p_120_1176,000009,http://localhost:8080/rescarta/t_p_120_1176/000009,http://localhost:8080/rescarta/t_p_120_1176/000009,local_data\rescarta_exports\t_p_120_1176\pages\000009_00000009.tif,local_data\rescarta_exports\t_p_120_1176\ocr\000009_00000009.txt
t_p_120_1176:t_p_120_1176_p000010,t_p_120_1176,T.P. 120/1176,25-21-00,10,6,,LIST OF EFFECTIVE PAGES,t_p_120_1176,000010,http://localhost:8080/rescarta/t_p_120_1176/000010,http://localhost:8080/rescarta/t_p_120_1176/000010,local_data\rescarta_exports\t_p_120_1176\pages\000010_00000010.tif,local_data\rescarta_exports\t_p_120_1176\ocr\000010_00000010.txt
t_p_120_1176:t_p_120_1176_p000011,t_p_120_1176,T.P. 120/1176,25-21-00,11,7,,LIST OF EFFECTIVE PAGES,t_p_120_1176,000011,http://localhost:8080/rescarta/t_p_120_1176/000011,http://localhost:8080/rescarta/t_p_120_1176/000011,local_data\rescarta_exports\t_p_120_1176\pages\000011_00000011.tif,local_data\rescarta_exports\t_p_120_1176\ocr\000011_00000011.txt
t_p_120_1176:t_p_120_1176_p000012,t_p_120_1176,T.P. 120/1176,25-21-00,12,12,,,t_p_120_1176,000012,http://localhost:8080/rescarta/t_p_120_1176/000012,http://localhost:8080/rescarta/t_p_120_1176/000012,local_data\rescarta_exports\t_p_120_1176\pages\000012_00000012.tif,local_data\rescarta_exports\t_p_120_1176\ocr\000012_00000012.txt
t_p_120_1176:t_p_120_1176_p000013,t_p_120_1176,T.P. 120/1176,25-21-00,13,13,,,t_p_120_1176,000013,http://localhost:8080/rescarta/t_p_120_1176/000013,http://localhost:8080/rescarta/t_p_120_1176/000013,local_data\rescarta_exports\t_p_120_1176\pages\000013_00000013.tif,local_data\rescarta_exports\t_p_120_1176\ocr\000013_00000013.txt
t_p_120_1176:t_p_120_1176_p000014,t_p_120_1176,T.P. 120/1176,25-21-00,14,14,,,t_p_120_1176,000014,http://localhost:8080/rescarta/t_p_120_1176/000014,http://localhost:8080/rescarta/t_p_120_1176/000014,local_data\rescarta_exports\t_p_120_1176\pages\000014_00000014.tif,local_data\rescarta_exports\t_p_120_1176\ocr\000014_00000014.txt
t_p_120_1176:t_p_120_1176_p000015,t_p_120_1176,T.P. 120/1176,25-21-00,15,15,,,t_p_120_1176,000015,http://localhost:8080/rescarta/t_p_120_1176/000015,http://localhost:8080/rescarta/t_p_120_1176/000015,local_data\rescarta_exports\t_p_120_1176\pages\000015_00000015.tif,local_data\rescarta_exports\t_p_120_1176\ocr\000015_00000015.txt
t_p_120_1176:t_p_120_1176_p000016,t_p_120_1176,T.P. 120/1176,25-21-00,16,2,,,t_p_120_1176,000016,http://localhost:8080/rescarta/t_p_120_1176/000016,http://localhost:8080/rescarta/t_p_120_1176/000016,local_data\rescarta_exports\t_p_120_1176\pages\000016_00000016.tif,local_data\rescarta_exports\t_p_120_1176\ocr\000016_00000016.txt
t_p_120_1176:t_p_120_1176_p000017,t_p_120_1176,T.P. 120/1176,25-21-00,17,17,,,t_p_120_1176,000017,http://localhost:8080/rescarta/t_p_120_1176/000017,http://localhost:8080/rescarta/t_p_120_1176/000017,local_data\rescarta_exports\t_p_120_1176\pages\000017_00000017.tif,local_data\rescarta_exports\t_p_120_1176\ocr\000017_00000017.txt
t_p_120_1176:t_p_120_1176_p000018,t_p_120_1176,T.P. 120/1176,25-21-00,18,4,,,t_p_120_1176,000018,http://localhost:8080/rescarta/t_p_120_1176/000018,http://localhost:8080/rescarta/t_p_120_1176/000018,local_data\rescarta_exports\t_p_120_1176\pages\000018_00000018.tif,local_data\rescarta_exports\t_p_120_1176\ocr\000018_00000018.txt
t_p_120_1176:t_p_120_1176_p000019,t_p_120_1176,T.P. 120/1176,25-21-00,19,5,,,t_p_120_1176,000019,http://localhost:8080/rescarta/t_p_120_1176/000019,http://localhost:8080/rescarta/t_p_120_1176/000019,local_data\rescarta_exports\t_p_120_1176\pages\000019_00000019.tif,local_data\rescarta_exports\t_p_120_1176\ocr\000019_00000019.txt
t_p_120_1176:t_p_120_1176_p000020,t_p_120_1176,T.P. 120/1176,25-21-00,20,1001,,,t_p_120_1176,000020,http://localhost:8080/rescarta/t_p_120_1176/000020,http://localhost:8080/rescarta/t_p_120_1176/000020,local_data\rescarta_exports\t_p_120_1176\pages\000020_00000020.tif,local_data\rescarta_exports\t_p_120_1176\ocr\000020_00000020.txt
t_p_120_1176:t_p_120_1176_p000021,t_p_120_1176,T.P. 120/1176,25-21-00,21,1002,,,t_p_120_1176,000021,http://localhost:8080/rescarta/t_p_120_1176/000021,http://localhost:8080/rescarta/t_p_120_1176/000021,local_data\rescarta_exports\t_p_120_1176\pages\000021_00000021.tif,local_data\rescarta_exports\t_p_120_1176\ocr\000021_00000021.txt
t_p_120_1176:t_p_120_1176_p000022,t_p_120_1176,T.P. 120/1176,25-21-00,22,1003,,,t_p_120_1176,000022,http://localhost:8080/rescarta/t_p_120_1176/000022,http://localhost:8080/rescarta/t_p_120_1176/000022,local_data\rescarta_exports\t_p_120_1176\pages\000022_00000022.tif,local_data\rescarta_exports\t_p_120_1176\ocr\000022_00000022.txt
t_p_120_1176:t_p_120_1176_p000023,t_p_120_1176,T.P. 120/1176,25-21-00,23,1004,,CONTENTS,t_p_120_1176,000023,http://localhost:8080/rescarta/t_p_120_1176/000023,http://localhost:8080/rescarta/t_p_120_1176/000023,local_data\rescarta_exports\t_p_120_1176\pages\000023_00000023.tif,local_data\rescarta_exports\t_p_120_1176\ocr\000023_00000023.txt
t_p_120_1176:t_p_120_1176_p000024,t_p_120_1176,T.P. 120/1176,25-21-00,24,1005,,VENDORS,t_p_120_1176,000024,http://localhost:8080/rescarta/t_p_120_1176/000024,http://localhost:8080/rescarta/t_p_120_1176/000024,local_data\rescarta_exports\t_p_120_1176\pages\000024_00000024.tif,local_data\rescarta_exports\t_p_120_1176\ocr\000024_00000024.txt
t_p_120_1176:t_p_120_1176_p000025,t_p_120_1176,T.P. 120/1176,25-21-00,25,25,,,t_p_120_1176,000025,http://localhost:8080/rescarta/t_p_120_1176/000025,http://localhost:8080/rescarta/t_p_120_1176/000025,local_data\rescarta_exports\t_p_120_1176\pages\000025_00000025.tif,local_data\rescarta_exports\t_p_120_1176\ocr\000025_00000025.txt
t_p_120_1176:t_p_120_1176_p000026,t_p_120_1176,T.P. 120/1176,25-21-00,26,1007,,,t_p_120_1176,000026,http://localhost:8080/rescarta/t_p_120_1176/000026,http://localhost:8080/rescarta/t_p_120_1176/000026,local_data\rescarta_exports\t_p_120_1176\pages\000026_00000026.tif,local_data\rescarta_exports\t_p_120_1176\ocr\000026_00000026.txt
t_p_120_1176:t_p_120_1176_p000027,t_p_120_1176,T.P. 120/1176,25-21-00,27,1008,,,t_p_120_1176,000027,http://localhost:8080/rescarta/t_p_120_1176/000027,http://localhost:8080/rescarta/t_p_120_1176/000027,local_data\rescarta_exports\t_p_120_1176\pages\000027_00000027.tif,local_data\rescarta_exports\t_p_120_1176\ocr\000027_00000027.txt
t_p_120_1176:t_p_120_1176_p000028,t_p_120_1176,T.P. 120/1176,25-21-00,28,1009,,,t_p_120_1176,000028,http://localhost:8080/rescarta/t_p_120_1176/000028,http://localhost:8080/rescarta/t_p_120_1176/000028,local_data\rescarta_exports\t_p_120_1176\pages\000028_00000028.tif,local_data\rescarta_exports\t_p_120_1176\ocr\000028_00000028.txt
t_p_120_1176:t_p_120_1176_p000029,t_p_120_1176,T.P. 120/1176,25-21-00,29,1010,,,t_p_120_1176,000029,http://localhost:8080/rescarta/t_p_120_1176/000029,http://localhost:8080/rescarta/t_p_120_1176/000029,local_data\rescarta_exports\t_p_120_1176\pages\000029_00000029.tif,local_data\rescarta_exports\t_p_120_1176\ocr\000029_00000029.txt
t_p_120_1176:t_p_120_1176_p000030,t_p_120_1176,T.P. 120/1176,25-21-00,30,1011,,,t_p_120_1176,000030,http://localhost:8080/rescarta/t_p_120_1176/000030,http://localhost:8080/rescarta/t_p_120_1176/000030,local_data\rescarta_exports\t_p_120_1176\pages\000030_00000030.tif,local_data\rescarta_exports\t_p_120_1176\ocr\000030_00000030.txt
t_p_120_1176:t_p_120_1176_p000031,t_p_120_1176,T.P. 120/1176,25-21-00,31,1012,,,t_p_120_1176,000031,http://localhost:8080/rescarta/t_p_120_1176/000031,http://localhost:8080/rescarta/t_p_120_1176/000031,local_data\rescarta_exports\t_p_120_1176\pages\000031_00000031.tif,local_data\rescarta_exports\t_p_120_1176\ocr\000031_00000031.txt
t_p_120_1176:t_p_120_1176_p000032,t_p_120_1176,T.P. 120/1176,25-21-00,32,1013,,,t_p_120_1176,000032,http://localhost:8080/rescarta/t_p_120_1176/000032,http://localhost:8080/rescarta/t_p_120_1176/000032,local_data\rescarta_exports\t_p_120_1176\pages\000032_00000032.tif,local_data\rescarta_exports\t_p_120_1176\ocr\000032_00000032.txt
t_p_120_1176:t_p_120_1176_p000033,t_p_120_1176,T.P. 120/1176,25-21-00,33,1014,,,t_p_120_1176,000033,http://localhost:8080/rescarta/t_p_120_1176/000033,http://localhost:8080/rescarta/t_p_120_1176/000033,local_data\rescarta_exports\t_p_120_1176\pages\000033_00000033.tif,local_data\rescarta_exports\t_p_120_1176\ocr\000033_00000033.txt
t_p_120_1176:t_p_120_1176_p000034,t_p_120_1176,T.P. 120/1176,25-21-00,34,34,,,t_p_120_1176,000034,http://localhost:8080/rescarta/t_p_120_1176/000034,http://localhost:8080/rescarta/t_p_120_1176/000034,local_data\rescarta_exports\t_p_120_1176\pages\000034_00000034.tif,local_data\rescarta_exports\t_p_120_1176\ocr\000034_00000034.txt
t_p_120_1176:t_p_120_1176_p000035,t_p_120_1176,T.P. 120/1176,25-21-00,35,35,,,t_p_120_1176,000035,http://localhost:8080/rescarta/t_p_120_1176/000035,http://localhost:8080/rescarta/t_p_120_1176/000035,local_data\rescarta_exports\t_p_120_1176\pages\000035_00000035.tif,local_data\rescarta_exports\t_p_120_1176\ocr\000035_00000035.txt
t_p_120_1176:t_p_120_1176_p000036,t_p_120_1176,T.P. 120/1176,25-21-00,36,1015,,,t_p_120_1176,000036,http://localhost:8080/rescarta/t_p_120_1176/000036,http://localhost:8080/rescarta/t_p_120_1176/000036,local_data\rescarta_exports\t_p_120_1176\pages\000036_00000036.tif,local_data\rescarta_exports\t_p_120_1176\ocr\000036_00000036.txt
t_p_120_1176:t_p_120_1176_p000037,t_p_120_1176,T.P. 120/1176,25-21-00,37,1016,,,t_p_120_1176,000037,http://localhost:8080/rescarta/t_p_120_1176/000037,http://localhost:8080/rescarta/t_p_120_1176/000037,local_data\rescarta_exports\t_p_120_1176\pages\000037_00000037.tif,local_data\rescarta_exports\t_p_120_1176\ocr\000037_00000037.txt
t_p_120_1176:t_p_120_1176_p000038,t_p_120_1176,T.P. 120/1176,25-21-00,38,1017,,,t_p_120_1176,000038,http://localhost:8080/rescarta/t_p_120_1176/000038,http://localhost:8080/rescarta/t_p_120_1176/000038,local_data\rescarta_exports\t_p_120_1176\pages\000038_00000038.tif,local_data\rescarta_exports\t_p_120_1176\ocr\000038_00000038.txt
t_p_120_1176:t_p_120_1176_p000039,t_p_120_1176,T.P. 120/1176,25-21-00,39,1018,,,t_p_120_1176,000039,http://localhost:8080/rescarta/t_p_120_1176/000039,http://localhost:8080/rescarta/t_p_120_1176/000039,local_data\rescarta_exports\t_p_120_1176\pages\000039_00000039.tif,local_data\rescarta_exports\t_p_120_1176\ocr\000039_00000039.txt
t_p_120_1176:t_p_120_1176_p000040,t_p_120_1176,T.P. 120/1176,25-21-00,40,1019,,,t_p_120_1176,000040,http://localhost:8080/rescarta/t_p_120_1176/000040,http://localhost:8080/rescarta/t_p_120_1176/000040,local_data\rescarta_exports\t_p_120_1176\pages\000040_00000040.tif,local_data\rescarta_exports\t_p_120_1176\ocr\000040_00000040.txt
t_p_120_1176:t_p_120_1176_p000041,t_p_120_1176,T.P. 120/1176,25-21-00,41,1020,,,t_p_120_1176,000041,http://localhost:8080/rescarta/t_p_120_1176/000041,http://localhost:8080/rescarta/t_p_120_1176/000041,local_data\rescarta_exports\t_p_120_1176\pages\000041_00000041.tif,local_data\rescarta_exports\t_p_120_1176\ocr\000041_00000041.txt
t_p_120_1176:t_p_120_1176_p000042,t_p_120_1176,T.P. 120/1176,11-00-66,42,1021,,,t_p_120_1176,000042,http://localhost:8080/rescarta/t_p_120_1176/000042,http://localhost:8080/rescarta/t_p_120_1176/000042,local_data\rescarta_exports\t_p_120_1176\pages\000042_00000042.tif,local_data\rescarta_exports\t_p_120_1176\ocr\000042_00000042.txt
t_p_120_1176:t_p_120_1176_p000043,t_p_120_1176,T.P. 120/1176,25-21-00,43,1022,,,t_p_120_1176,000043,http://localhost:8080/rescarta/t_p_120_1176/000043,http://localhost:8080/rescarta/t_p_120_1176/000043,local_data\rescarta_exports\t_p_120_1176\pages\000043_00000043.tif,local_data\rescarta_exports\t_p_120_1176\ocr\000043_00000043.txt
t_p_120_1176:t_p_120_1176_p000044,t_p_120_1176,T.P. 120/1176,25-21-00,44,1023,,,t_p_120_1176,000044,http://localhost:8080/rescarta/t_p_120_1176/000044,http://localhost:8080/rescarta/t_p_120_1176/000044,local_data\rescarta_exports\t_p_120_1176\pages\000044_00000044.tif,local_data\rescarta_exports\t_p_120_1176\ocr\000044_00000044.txt
t_p_120_1176:t_p_120_1176_p000045,t_p_120_1176,T.P. 120/1176,25-21-00,45,1024,,,t_p_120_1176,000045,http://localhost:8080/rescarta/t_p_120_1176/000045,http://localhost:8080/rescarta/t_p_120_1176/000045,local_data\rescarta_exports\t_p_120_1176\pages\000045_00000045.tif,local_data\rescarta_exports\t_p_120_1176\ocr\000045_00000045.txt
t_p_120_1176:t_p_120_1176_p000046,t_p_120_1176,T.P. 120/1176,25-21-00,46,1025,,,t_p_120_1176,000046,http://localhost:8080/rescarta/t_p_120_1176/000046,http://localhost:8080/rescarta/t_p_120_1176/000046,local_data\rescarta_exports\t_p_120_1176\pages\000046_00000046.tif,local_data\rescarta_exports\t_p_120_1176\ocr\000046_00000046.txt
t_p_120_1176:t_p_120_1176_p000047,t_p_120_1176,T.P. 120/1176,25-21-00,47,1026,,,t_p_120_1176,000047,http://localhost:8080/rescarta/t_p_120_1176/000047,http://localhost:8080/rescarta/t_p_120_1176/000047,local_data\rescarta_exports\t_p_120_1176\pages\000047_00000047.tif,local_data\rescarta_exports\t_p_120_1176\ocr\000047_00000047.txt
t_p_120_1176:t_p_120_1176_p000048,t_p_120_1176,T.P. 120/1176,25-21-00,48,1027,,,t_p_120_1176,000048,http://localhost:8080/rescarta/t_p_120_1176/000048,http://localhost:8080/rescarta/t_p_120_1176/000048,local_data\rescarta_exports\t_p_120_1176\pages\000048_00000048.tif,local_data\rescarta_exports\t_p_120_1176\ocr\000048_00000048.txt
t_p_120_1176:t_p_120_1176_p000049,t_p_120_1176,T.P. 120/1176,25-21-00,49,1028,,,t_p_120_1176,000049,http://localhost:8080/rescarta/t_p_120_1176/000049,http://localhost:8080/rescarta/t_p_120_1176/000049,local_data\rescarta_exports\t_p_120_1176\pages\000049_00000049.tif,local_data\rescarta_exports\t_p_120_1176\ocr\000049_00000049.txt
t_p_120_1176:t_p_120_1176_p000050,t_p_120_1176,T.P. 120/1176,25-21-00,50,1029,,,t_p_120_1176,000050,http://localhost:8080/rescarta/t_p_120_1176/000050,http://localhost:8080/rescarta/t_p_120_1176/000050,local_data\rescarta_exports\t_p_120_1176\pages\000050_00000050.tif,local_data\rescarta_exports\t_p_120_1176\ocr\000050_00000050.txt
t_p_120_1176:t_p_120_1176_p000051,t_p_120_1176,T.P. 120/1176,25-21-00,51,1030,,,t_p_120_1176,000051,http://localhost:8080/rescarta/t_p_120_1176/000051,http://localhost:8080/rescarta/t_p_120_1176/000051,local_data\rescarta_exports\t_p_120_1176\pages\000051_00000051.tif,local_data\rescarta_exports\t_p_120_1176\ocr\000051_00000051.txt
t_p_120_1176:t_p_120_1176_p000052,t_p_120_1176,T.P. 120/1176,25-21-00,52,1031,,,t_p_120_1176,000052,http://localhost:8080/rescarta/t_p_120_1176/000052,http://localhost:8080/rescarta/t_p_120_1176/000052,local_data\rescarta_exports\t_p_120_1176\pages\000052_00000052.tif,local_data\rescarta_exports\t_p_120_1176\ocr\000052_00000052.txt
t_p_120_1176:t_p_120_1176_p000053,t_p_120_1176,T.P. 120/1176,25-21-00,53,1032,,,t_p_120_1176,000053,http://localhost:8080/rescarta/t_p_120_1176/000053,http://localhost:8080/rescarta/t_p_120_1176/000053,local_data\rescarta_exports\t_p_120_1176\pages\000053_00000053.tif,local_data\rescarta_exports\t_p_120_1176\ocr\000053_00000053.txt
t_p_120_1176:t_p_120_1176_p000054,t_p_120_1176,T.P. 120/1176,25-21-00,54,1033,,,t_p_120_1176,000054,http://localhost:8080/rescarta/t_p_120_1176/000054,http://localhost:8080/rescarta/t_p_120_1176/000054,local_data\rescarta_exports\t_p_120_1176\pages\000054_00000054.tif,local_data\rescarta_exports\t_p_120_1176\ocr\000054_00000054.txt
t_p_120_1176:t_p_120_1176_p000055,t_p_120_1176,T.P. 120/1176,25-21-00,55,1034,,,t_p_120_1176,000055,http://localhost:8080/rescarta/t_p_120_1176/000055,http://localhost:8080/rescarta/t_p_120_1176/000055,local_data\rescarta_exports\t_p_120_1176\pages\000055_00000055.tif,local_data\rescarta_exports\t_p_120_1176\ocr\000055_00000055.txt
t_p_120_1176:t_p_120_1176_p000056,t_p_120_1176,T.P. 120/1176,25-21-00,56,1035,,,t_p_120_1176,000056,http://localhost:8080/rescarta/t_p_120_1176/000056,http://localhost:8080/rescarta/t_p_120_1176/000056,local_data\rescarta_exports\t_p_120_1176\pages\000056_00000056.tif,local_data\rescarta_exports\t_p_120_1176\ocr\000056_00000056.txt
t_p_120_1176:t_p_120_1176_p000057,t_p_120_1176,T.P. 120/1176,25-21-00,57,1036,,,t_p_120_1176,000057,http://localhost:8080/rescarta/t_p_120_1176/000057,http://localhost:8080/rescarta/t_p_120_1176/000057,local_data\rescarta_exports\t_p_120_1176\pages\000057_00000057.tif,local_data\rescarta_exports\t_p_120_1176\ocr\000057_00000057.txt
t_p_120_1176:t_p_120_1176_p000058,t_p_120_1176,T.P. 120/1176,25-21-00,58,1037,,,t_p_120_1176,000058,http://localhost:8080/rescarta/t_p_120_1176/000058,http://localhost:8080/rescarta/t_p_120_1176/000058,local_data\rescarta_exports\t_p_120_1176\pages\000058_00000058.tif,local_data\rescarta_exports\t_p_120_1176\ocr\000058_00000058.txt
t_p_120_1176:t_p_120_1176_p000059,t_p_120_1176,T.P. 120/1176,25-21-00,59,1038,,,t_p_120_1176,000059,http://localhost:8080/rescarta/t_p_120_1176/000059,http://localhost:8080/rescarta/t_p_120_1176/000059,local_data\rescarta_exports\t_p_120_1176\pages\000059_00000059.tif,local_data\rescarta_exports\t_p_120_1176\ocr\000059_00000059.txt
t_p_120_1176:t_p_120_1176_p000060,t_p_120_1176,T.P. 120/1176,25-21-00,60,1039,,,t_p_120_1176,000060,http://localhost:8080/rescarta/t_p_120_1176/000060,http://localhost:8080/rescarta/t_p_120_1176/000060,local_data\rescarta_exports\t_p_120_1176\pages\000060_00000060.tif,local_data\rescarta_exports\t_p_120_1176\ocr\000060_00000060.txt
t_p_120_1176:t_p_120_1176_p000061,t_p_120_1176,T.P. 120/1176,25-21-00,61,1040,,,t_p_120_1176,000061,http://localhost:8080/rescarta/t_p_120_1176/000061,http://localhost:8080/rescarta/t_p_120_1176/000061,local_data\rescarta_exports\t_p_120_1176\pages\000061_00000061.tif,local_data\rescarta_exports\t_p_120_1176\ocr\000061_00000061.txt
t_p_120_1176:t_p_120_1176_p000062,t_p_120_1176,T.P. 120/1176,25-21-00,62,1041,,,t_p_120_1176,000062,http://localhost:8080/rescarta/t_p_120_1176/000062,http://localhost:8080/rescarta/t_p_120_1176/000062,local_data\rescarta_exports\t_p_120_1176\pages\000062_00000062.tif,local_data\rescarta_exports\t_p_120_1176\ocr\000062_00000062.txt
t_p_120_1176:t_p_120_1176_p000063,t_p_120_1176,T.P. 120/1176,25-21-00,63,1042,,,t_p_120_1176,000063,http://localhost:8080/rescarta/t_p_120_1176/000063,http://localhost:8080/rescarta/t_p_120_1176/000063,local_data\rescarta_exports\t_p_120_1176\pages\000063_00000063.tif,local_data\rescarta_exports\t_p_120_1176\ocr\000063_00000063.txt
t_p_120_1176:t_p_120_1176_p000064,t_p_120_1176,T.P. 120/1176,25-21-00,64,1043,,,t_p_120_1176,000064,http://localhost:8080/rescarta/t_p_120_1176/000064,http://localhost:8080/rescarta/t_p_120_1176/000064,local_data\rescarta_exports\t_p_120_1176\pages\000064_00000064.tif,local_data\rescarta_exports\t_p_120_1176\ocr\000064_00000064.txt
t_p_120_1176:t_p_120_1176_p000065,t_p_120_1176,T.P. 120/1176,25-21-00,65,1044,,,t_p_120_1176,000065,http://localhost:8080/rescarta/t_p_120_1176/000065,http://localhost:8080/rescarta/t_p_120_1176/000065,local_data\rescarta_exports\t_p_120_1176\pages\000065_00000065.tif,local_data\rescarta_exports\t_p_120_1176\ocr\000065_00000065.txt
t_p_120_1176:t_p_120_1176_p000066,t_p_120_1176,T.P. 120/1176,25-21-00,66,1045,,,t_p_120_1176,000066,http://localhost:8080/rescarta/t_p_120_1176/000066,http://localhost:8080/rescarta/t_p_120_1176/000066,local_data\rescarta_exports\t_p_120_1176\pages\000066_00000066.tif,local_data\rescarta_exports\t_p_120_1176\ocr\000066_00000066.txt
t_p_120_1176:t_p_120_1176_p000067,t_p_120_1176,T.P. 120/1176,25-21-00,67,1046,,,t_p_120_1176,000067,http://localhost:8080/rescarta/t_p_120_1176/000067,http://localhost:8080/rescarta/t_p_120_1176/000067,local_data\rescarta_exports\t_p_120_1176\pages\000067_00000067.tif,local_data\rescarta_exports\t_p_120_1176\ocr\000067_00000067.txt
t_p_120_1176:t_p_120_1176_p000068,t_p_120_1176,T.P. 120/1176,25-21-00,68,1047,,,t_p_120_1176,000068,http://localhost:8080/rescarta/t_p_120_1176/000068,http://localhost:8080/rescarta/t_p_120_1176/000068,local_data\rescarta_exports\t_p_120_1176\pages\000068_00000068.tif,local_data\rescarta_exports\t_p_120_1176\ocr\000068_00000068.txt
t_p_120_1176:t_p_120_1176_p000069,t_p_120_1176,T.P. 120/1176,25-21-00,69,1048,,,t_p_120_1176,000069,http://localhost:8080/rescarta/t_p_120_1176/000069,http://localhost:8080/rescarta/t_p_120_1176/000069,local_data\rescarta_exports\t_p_120_1176\pages\000069_00000069.tif,local_data\rescarta_exports\t_p_120_1176\ocr\000069_00000069.txt
t_p_120_1176:t_p_120_1176_p000070,t_p_120_1176,T.P. 120/1176,25-21-00,70,1049,,,t_p_120_1176,000070,http://localhost:8080/rescarta/t_p_120_1176/000070,http://localhost:8080/rescarta/t_p_120_1176/000070,local_data\rescarta_exports\t_p_120_1176\pages\000070_00000070.tif,local_data\rescarta_exports\t_p_120_1176\ocr\000070_00000070.txt
t_p_120_1176:t_p_120_1176_p000071,t_p_120_1176,T.P. 120/1176,25-21-00,71,1050,,,t_p_120_1176,000071,http://localhost:8080/rescarta/t_p_120_1176/000071,http://localhost:8080/rescarta/t_p_120_1176/000071,local_data\rescarta_exports\t_p_120_1176\pages\000071_00000071.tif,local_data\rescarta_exports\t_p_120_1176\ocr\000071_00000071.txt
t_p_120_1176:t_p_120_1176_p000072,t_p_120_1176,T.P. 120/1176,25-21-00,72,1051,,,t_p_120_1176,000072,http://localhost:8080/rescarta/t_p_120_1176/000072,http://localhost:8080/rescarta/t_p_120_1176/000072,local_data\rescarta_exports\t_p_120_1176\pages\000072_00000072.tif,local_data\rescarta_exports\t_p_120_1176\ocr\000072_00000072.txt
t_p_120_1176:t_p_120_1176_p000073,t_p_120_1176,T.P. 120/1176,25-21-00,73,1052,,,t_p_120_1176,000073,http://localhost:8080/rescarta/t_p_120_1176/000073,http://localhost:8080/rescarta/t_p_120_1176/000073,local_data\rescarta_exports\t_p_120_1176\pages\000073_00000073.tif,local_data\rescarta_exports\t_p_120_1176\ocr\000073_00000073.txt
t_p_120_1176:t_p_120_1176_p000074,t_p_120_1176,T.P. 120/1176,25-21-00,74,74,,,t_p_120_1176,000074,http://localhost:8080/rescarta/t_p_120_1176/000074,http://localhost:8080/rescarta/t_p_120_1176/000074,local_data\rescarta_exports\t_p_120_1176\pages\000074_00000074.tif,local_data\rescarta_exports\t_p_120_1176\ocr\000074_00000074.txt
t_p_120_1176:t_p_120_1176_p000075,t_p_120_1176,T.P. 120/1176,25-21-00,75,75,,,t_p_120_1176,000075,http://localhost:8080/rescarta/t_p_120_1176/000075,http://localhost:8080/rescarta/t_p_120_1176/000075,local_data\rescarta_exports\t_p_120_1176\pages\000075_00000075.tif,local_data\rescarta_exports\t_p_120_1176\ocr\000075_00000075.txt
t_p_120_1176:t_p_120_1176_p000076,t_p_120_1176,T.P. 120/1176,25-21-00,76,1052c,,,t_p_120_1176,000076,http://localhost:8080/rescarta/t_p_120_1176/000076,http://localhost:8080/rescarta/t_p_120_1176/000076,local_data\rescarta_exports\t_p_120_1176\pages\000076_00000076.tif,local_data\rescarta_exports\t_p_120_1176\ocr\000076_00000076.txt
t_p_120_1176:t_p_120_1176_p000077,t_p_120_1176,T.P. 120/1176,25-21-00,77,1052d,,,t_p_120_1176,000077,http://localhost:8080/rescarta/t_p_120_1176/000077,http://localhost:8080/rescarta/t_p_120_1176/000077,local_data\rescarta_exports\t_p_120_1176\pages\000077_00000077.tif,local_data\rescarta_exports\t_p_120_1176\ocr\000077_00000077.txt
t_p_120_1176:t_p_120_1176_p000078,t_p_120_1176,T.P. 120/1176,25-21-00,78,78,,,t_p_120_1176,000078,http://localhost:8080/rescarta/t_p_120_1176/000078,http://localhost:8080/rescarta/t_p_120_1176/000078,local_data\rescarta_exports\t_p_120_1176\pages\000078_00000078.tif,local_data\rescarta_exports\t_p_120_1176\ocr\000078_00000078.txt
t_p_120_1176:t_p_120_1176_p000079,t_p_120_1176,T.P. 120/1176,25-21-00,79,79,,,t_p_120_1176,000079,http://localhost:8080/rescarta/t_p_120_1176/000079,http://localhost:8080/rescarta/t_p_120_1176/000079,local_data\rescarta_exports\t_p_120_1176\pages\000079_00000079.tif,local_data\rescarta_exports\t_p_120_1176\ocr\000079_00000079.txt
t_p_120_1176:t_p_120_1176_p000080,t_p_120_1176,T.P. 120/1176,25-21-00,80,1053,,,t_p_120_1176,000080,http://localhost:8080/rescarta/t_p_120_1176/000080,http://localhost:8080/rescarta/t_p_120_1176/000080,local_data\rescarta_exports\t_p_120_1176\pages\000080_00000080.tif,local_data\rescarta_exports\t_p_120_1176\ocr\000080_00000080.txt
t_p_120_1176:t_p_120_1176_p000081,t_p_120_1176,T.P. 120/1176,25-21-00,81,1054,,,t_p_120_1176,000081,http://localhost:8080/rescarta/t_p_120_1176/000081,http://localhost:8080/rescarta/t_p_120_1176/000081,local_data\rescarta_exports\t_p_120_1176\pages\000081_00000081.tif,local_data\rescarta_exports\t_p_120_1176\ocr\000081_00000081.txt
t_p_120_1176:t_p_120_1176_p000082,t_p_120_1176,T.P. 120/1176,25-21-00,82,1055,,,t_p_120_1176,000082,http://localhost:8080/rescarta/t_p_120_1176/000082,http://localhost:8080/rescarta/t_p_120_1176/000082,local_data\rescarta_exports\t_p_120_1176\pages\000082_00000082.tif,local_data\rescarta_exports\t_p_120_1176\ocr\000082_00000082.txt
t_p_120_1176:t_p_120_1176_p000083,t_p_120_1176,T.P. 120/1176,25-21-00,83,1056,,,t_p_120_1176,000083,http://localhost:8080/rescarta/t_p_120_1176/000083,http://localhost:8080/rescarta/t_p_120_1176/000083,local_data\rescarta_exports\t_p_120_1176\pages\000083_00000083.tif,local_data\rescarta_exports\t_p_120_1176\ocr\000083_00000083.txt
t_p_120_1176:t_p_120_1176_p000084,t_p_120_1176,T.P. 120/1176,25-21-00,84,1057,,,t_p_120_1176,000084,http://localhost:8080/rescarta/t_p_120_1176/000084,http://localhost:8080/rescarta/t_p_120_1176/000084,local_data\rescarta_exports\t_p_120_1176\pages\000084_00000084.tif,local_data\rescarta_exports\t_p_120_1176\ocr\000084_00000084.txt
t_p_120_1176:t_p_120_1176_p000085,t_p_120_1176,T.P. 120/1176,25-21-00,85,1058,,,t_p_120_1176,000085,http://localhost:8080/rescarta/t_p_120_1176/000085,http://localhost:8080/rescarta/t_p_120_1176/000085,local_data\rescarta_exports\t_p_120_1176\pages\000085_00000085.tif,local_data\rescarta_exports\t_p_120_1176\ocr\000085_00000085.txt
t_p_120_1176:t_p_120_1176_p000086,t_p_120_1176,T.P. 120/1176,25-21-00,86,1059,,,t_p_120_1176,000086,http://localhost:8080/rescarta/t_p_120_1176/000086,http://localhost:8080/rescarta/t_p_120_1176/000086,local_data\rescarta_exports\t_p_120_1176\pages\000086_00000086.tif,local_data\rescarta_exports\t_p_120_1176\ocr\000086_00000086.txt
t_p_120_1176:t_p_120_1176_p000087,t_p_120_1176,T.P. 120/1176,25-21-00,87,1060,,,t_p_120_1176,000087,http://localhost:8080/rescarta/t_p_120_1176/000087,http://localhost:8080/rescarta/t_p_120_1176/000087,local_data\rescarta_exports\t_p_120_1176\pages\000087_00000087.tif,local_data\rescarta_exports\t_p_120_1176\ocr\000087_00000087.txt
t_p_120_1176:t_p_120_1176_p000088,t_p_120_1176,T.P. 120/1176,25-21-00,88,88,,,t_p_120_1176,000088,http://localhost:8080/rescarta/t_p_120_1176/000088,http://localhost:8080/rescarta/t_p_120_1176/000088,local_data\rescarta_exports\t_p_120_1176\pages\000088_00000088.tif,local_data\rescarta_exports\t_p_120_1176\ocr\000088_00000088.txt
t_p_120_1176:t_p_120_1176_p000089,t_p_120_1176,T.P. 120/1176,25-21-00,89,89,,,t_p_120_1176,000089,http://localhost:8080/rescarta/t_p_120_1176/000089,http://localhost:8080/rescarta/t_p_120_1176/000089,local_data\rescarta_exports\t_p_120_1176\pages\000089_00000089.tif,local_data\rescarta_exports\t_p_120_1176\ocr\000089_00000089.txt
t_p_120_1176:t_p_120_1176_p000090,t_p_120_1176,T.P. 120/1176,25-21-00,90,1060c/d,,,t_p_120_1176,000090,http://localhost:8080/rescarta/t_p_120_1176/000090,http://localhost:8080/rescarta/t_p_120_1176/000090,local_data\rescarta_exports\t_p_120_1176\pages\000090_00000090.tif,local_data\rescarta_exports\t_p_120_1176\ocr\000090_00000090.txt
t_p_120_1176:t_p_120_1176_p000091,t_p_120_1176,T.P. 120/1176,25-21-00,91,91,,,t_p_120_1176,000091,http://localhost:8080/rescarta/t_p_120_1176/000091,http://localhost:8080/rescarta/t_p_120_1176/000091,local_data\rescarta_exports\t_p_120_1176\pages\000091_00000091.tif,local_data\rescarta_exports\t_p_120_1176\ocr\000091_00000091.txt
t_p_120_1176:t_p_120_1176_p000092,t_p_120_1176,T.P. 120/1176,25-21-00,92,1061,,,t_p_120_1176,000092,http://localhost:8080/rescarta/t_p_120_1176/000092,http://localhost:8080/rescarta/t_p_120_1176/000092,local_data\rescarta_exports\t_p_120_1176\pages\000092_00000092.tif,local_data\rescarta_exports\t_p_120_1176\ocr\000092_00000092.txt
t_p_120_1176:t_p_120_1176_p000093,t_p_120_1176,T.P. 120/1176,25-21-00,93,1062,,,t_p_120_1176,000093,http://localhost:8080/rescarta/t_p_120_1176/000093,http://localhost:8080/rescarta/t_p_120_1176/000093,local_data\rescarta_exports\t_p_120_1176\pages\000093_00000093.tif,local_data\rescarta_exports\t_p_120_1176\ocr\000093_00000093.txt
t_p_120_1176:t_p_120_1176_p000094,t_p_120_1176,T.P. 120/1176,25-21-00,94,1063,,,t_p_120_1176,000094,http://localhost:8080/rescarta/t_p_120_1176/000094,http://localhost:8080/rescarta/t_p_120_1176/000094,local_data\rescarta_exports\t_p_120_1176\pages\000094_00000094.tif,local_data\rescarta_exports\t_p_120_1176\ocr\000094_00000094.txt
t_p_120_1176:t_p_120_1176_p000095,t_p_120_1176,T.P. 120/1176,25-21-00,95,1064,,,t_p_120_1176,000095,http://localhost:8080/rescarta/t_p_120_1176/000095,http://localhost:8080/rescarta/t_p_120_1176/000095,local_data\rescarta_exports\t_p_120_1176\pages\000095_00000095.tif,local_data\rescarta_exports\t_p_120_1176\ocr\000095_00000095.txt
t_p_120_1176:t_p_120_1176_p000096,t_p_120_1176,T.P. 120/1176,25-21-00,96,1065,,,t_p_120_1176,000096,http://localhost:8080/rescarta/t_p_120_1176/000096,http://localhost:8080/rescarta/t_p_120_1176/000096,local_data\rescarta_exports\t_p_120_1176\pages\000096_00000096.tif,local_data\rescarta_exports\t_p_120_1176\ocr\000096_00000096.txt
t_p_120_1176:t_p_120_1176_p000097,t_p_120_1176,T.P. 120/1176,25-21-00,97,1066,,,t_p_120_1176,000097,http://localhost:8080/rescarta/t_p_120_1176/000097,http://localhost:8080/rescarta/t_p_120_1176/000097,local_data\rescarta_exports\t_p_120_1176\pages\000097_00000097.tif,local_data\rescarta_exports\t_p_120_1176\ocr\000097_00000097.txt
t_p_120_1176:t_p_120_1176_p000098,t_p_120_1176,T.P. 120/1176,25-21-00,98,1067,,,t_p_120_1176,000098,http://localhost:8080/rescarta/t_p_120_1176/000098,http://localhost:8080/rescarta/t_p_120_1176/000098,local_data\rescarta_exports\t_p_120_1176\pages\000098_00000098.tif,local_data\rescarta_exports\t_p_120_1176\ocr\000098_00000098.txt
t_p_120_1176:t_p_120_1176_p000099,t_p_120_1176,T.P. 120/1176,25-21-00,99,1068,,,t_p_120_1176,000099,http://localhost:8080/rescarta/t_p_120_1176/000099,http://localhost:8080/rescarta/t_p_120_1176/000099,local_data\rescarta_exports\t_p_120_1176\pages\000099_00000099.tif,local_data\rescarta_exports\t_p_120_1176\ocr\000099_00000099.txt
t_p_120_1176:t_p_120_1176_p000100,t_p_120_1176,T.P. 120/1176,25-21-00,100,100,,,t_p_120_1176,000100,http://localhost:8080/rescarta/t_p_120_1176/000100,http://localhost:8080/rescarta/t_p_120_1176/000100,local_data\rescarta_exports\t_p_120_1176\pages\000100_00000100.tif,local_data\rescarta_exports\t_p_120_1176\ocr\000100_00000100.txt
t_p_120_1176:t_p_120_1176_p000101,t_p_120_1176,T.P. 120/1176,25-21-00,101,101,,,t_p_120_1176,000101,http://localhost:8080/rescarta/t_p_120_1176/000101,http://localhost:8080/rescarta/t_p_120_1176/000101,local_data\rescarta_exports\t_p_120_1176\pages\000101_00000101.tif,local_data\rescarta_exports\t_p_120_1176\ocr\000101_00000101.txt
t_p_120_1176:t_p_120_1176_p000102,t_p_120_1176,T.P. 120/1176,25-21-00,102,1068c/d,,,t_p_120_1176,000102,http://localhost:8080/rescarta/t_p_120_1176/000102,http://localhost:8080/rescarta/t_p_120_1176/000102,local_data\rescarta_exports\t_p_120_1176\pages\000102_00000102.tif,local_data\rescarta_exports\t_p_120_1176\ocr\000102_00000102.txt
t_p_120_1176:t_p_120_1176_p000103,t_p_120_1176,T.P. 120/1176,25-21-00,103,103,,,t_p_120_1176,000103,http://localhost:8080/rescarta/t_p_120_1176/000103,http://localhost:8080/rescarta/t_p_120_1176/000103,local_data\rescarta_exports\t_p_120_1176\pages\000103_00000103.tif,local_data\rescarta_exports\t_p_120_1176\ocr\000103_00000103.txt
t_p_120_1176:t_p_120_1176_p000104,t_p_120_1176,T.P. 120/1176,25-21-00,104,1069,,,t_p_120_1176,000104,http://localhost:8080/rescarta/t_p_120_1176/000104,http://localhost:8080/rescarta/t_p_120_1176/000104,local_data\rescarta_exports\t_p_120_1176\pages\000104_00000104.tif,local_data\rescarta_exports\t_p_120_1176\ocr\000104_00000104.txt
t_p_120_1176:t_p_120_1176_p000105,t_p_120_1176,T.P. 120/1176,25-21-00,105,1070,,,t_p_120_1176,000105,http://localhost:8080/rescarta/t_p_120_1176/000105,http://localhost:8080/rescarta/t_p_120_1176/000105,local_data\rescarta_exports\t_p_120_1176\pages\000105_00000105.tif,local_data\rescarta_exports\t_p_120_1176\ocr\000105_00000105.txt
t_p_120_1176:t_p_120_1176_p000106,t_p_120_1176,T.P. 120/1176,25-21-00,106,1071,,,t_p_120_1176,000106,http://localhost:8080/rescarta/t_p_120_1176/000106,http://localhost:8080/rescarta/t_p_120_1176/000106,local_data\rescarta_exports\t_p_120_1176\pages\000106_00000106.tif,local_data\rescarta_exports\t_p_120_1176\ocr\000106_00000106.txt
t_p_120_1176:t_p_120_1176_p000107,t_p_120_1176,T.P. 120/1176,25-21-00,107,1072,,,t_p_120_1176,000107,http://localhost:8080/rescarta/t_p_120_1176/000107,http://localhost:8080/rescarta/t_p_120_1176/000107,local_data\rescarta_exports\t_p_120_1176\pages\000107_00000107.tif,local_data\rescarta_exports\t_p_120_1176\ocr\000107_00000107.txt
t_p_120_1176:t_p_120_1176_p000108,t_p_120_1176,T.P. 120/1176,25-21-00,108,108,,,t_p_120_1176,000108,http://localhost:8080/rescarta/t_p_120_1176/000108,http://localhost:8080/rescarta/t_p_120_1176/000108,local_data\rescarta_exports\t_p_120_1176\pages\000108_00000108.tif,local_data\rescarta_exports\t_p_120_1176\ocr\000108_00000108.txt
t_p_120_1176:t_p_120_1176_p000109,t_p_120_1176,T.P. 120/1176,25-21-00,109,109,,,t_p_120_1176,000109,http://localhost:8080/rescarta/t_p_120_1176/000109,http://localhost:8080/rescarta/t_p_120_1176/000109,local_data\rescarta_exports\t_p_120_1176\pages\000109_00000109.tif,local_data\rescarta_exports\t_p_120_1176\ocr\000109_00000109.txt
t_p_120_1176:t_p_120_1176_p000110,t_p_120_1176,T.P. 120/1176,25-21-00,110,1072c/d,,,t_p_120_1176,000110,http://localhost:8080/rescarta/t_p_120_1176/000110,http://localhost:8080/rescarta/t_p_120_1176/000110,local_data\rescarta_exports\t_p_120_1176\pages\000110_00000110.tif,local_data\rescarta_exports\t_p_120_1176\ocr\000110_00000110.txt
t_p_120_1176:t_p_120_1176_p000111,t_p_120_1176,T.P. 120/1176,25-21-00,111,111,,,t_p_120_1176,000111,http://localhost:8080/rescarta/t_p_120_1176/000111,http://localhost:8080/rescarta/t_p_120_1176/000111,local_data\rescarta_exports\t_p_120_1176\pages\000111_00000111.tif,local_data\rescarta_exports\t_p_120_1176\ocr\000111_00000111.txt
t_p_120_1176:t_p_120_1176_p000112,t_p_120_1176,T.P. 120/1176,25-21-00,112,1073,,,t_p_120_1176,000112,http://localhost:8080/rescarta/t_p_120_1176/000112,http://localhost:8080/rescarta/t_p_120_1176/000112,local_data\rescarta_exports\t_p_120_1176\pages\000112_00000112.tif,local_data\rescarta_exports\t_p_120_1176\ocr\000112_00000112.txt
t_p_120_1176:t_p_120_1176_p000113,t_p_120_1176,T.P. 120/1176,25-21-00,113,1074,,,t_p_120_1176,000113,http://localhost:8080/rescarta/t_p_120_1176/000113,http://localhost:8080/rescarta/t_p_120_1176/000113,local_data\rescarta_exports\t_p_120_1176\pages\000113_00000113.tif,local_data\rescarta_exports\t_p_120_1176\ocr\000113_00000113.txt
t_p_120_1176:t_p_120_1176_p000114,t_p_120_1176,T.P. 120/1176,25-21-00,114,1075,,,t_p_120_1176,000114,http://localhost:8080/rescarta/t_p_120_1176/000114,http://localhost:8080/rescarta/t_p_120_1176/000114,local_data\rescarta_exports\t_p_120_1176\pages\000114_00000114.tif,local_data\rescarta_exports\t_p_120_1176\ocr\000114_00000114.txt
t_p_120_1176:t_p_120_1176_p000115,t_p_120_1176,T.P. 120/1176,25-21-00,115,1076,,,t_p_120_1176,000115,http://localhost:8080/rescarta/t_p_120_1176/000115,http://localhost:8080/rescarta/t_p_120_1176/000115,local_data\rescarta_exports\t_p_120_1176\pages\000115_00000115.tif,local_data\rescarta_exports\t_p_120_1176\ocr\000115_00000115.txt
t_p_120_1176:t_p_120_1176_p000116,t_p_120_1176,T.P. 120/1176,25-21-00,116,1077,,,t_p_120_1176,000116,http://localhost:8080/rescarta/t_p_120_1176/000116,http://localhost:8080/rescarta/t_p_120_1176/000116,local_data\rescarta_exports\t_p_120_1176\pages\000116_00000116.tif,local_data\rescarta_exports\t_p_120_1176\ocr\000116_00000116.txt
t_p_120_1176:t_p_120_1176_p000117,t_p_120_1176,T.P. 120/1176,25-21-00,117,1078,,,t_p_120_1176,000117,http://localhost:8080/rescarta/t_p_120_1176/000117,http://localhost:8080/rescarta/t_p_120_1176/000117,local_data\rescarta_exports\t_p_120_1176\pages\000117_00000117.tif,local_data\rescarta_exports\t_p_120_1176\ocr\000117_00000117.txt
t_p_120_1176:t_p_120_1176_p000118,t_p_120_1176,T.P. 120/1176,25-21-00,118,118,,,t_p_120_1176,000118,http://localhost:8080/rescarta/t_p_120_1176/000118,http://localhost:8080/rescarta/t_p_120_1176/000118,local_data\rescarta_exports\t_p_120_1176\pages\000118_00000118.tif,local_data\rescarta_exports\t_p_120_1176\ocr\000118_00000118.txt
t_p_120_1176:t_p_120_1176_p000119,t_p_120_1176,T.P. 120/1176,25-21-00,119,119,,,t_p_120_1176,000119,http://localhost:8080/rescarta/t_p_120_1176/000119,http://localhost:8080/rescarta/t_p_120_1176/000119,local_data\rescarta_exports\t_p_120_1176\pages\000119_00000119.tif,local_data\rescarta_exports\t_p_120_1176\ocr\000119_00000119.txt
t_p_120_1176:t_p_120_1176_p000120,t_p_120_1176,T.P. 120/1176,25-21-00,120,1078c/d,,,t_p_120_1176,000120,http://localhost:8080/rescarta/t_p_120_1176/000120,http://localhost:8080/rescarta/t_p_120_1176/000120,local_data\rescarta_exports\t_p_120_1176\pages\000120_00000120.tif,local_data\rescarta_exports\t_p_120_1176\ocr\000120_00000120.txt
t_p_120_1176:t_p_120_1176_p000121,t_p_120_1176,T.P. 120/1176,25-21-00,121,121,,,t_p_120_1176,000121,http://localhost:8080/rescarta/t_p_120_1176/000121,http://localhost:8080/rescarta/t_p_120_1176/000121,local_data\rescarta_exports\t_p_120_1176\pages\000121_00000121.tif,local_data\rescarta_exports\t_p_120_1176\ocr\000121_00000121.txt
t_p_120_1176:t_p_120_1176_p000122,t_p_120_1176,T.P. 120/1176,25-21-00,122,1079,,,t_p_120_1176,000122,http://localhost:8080/rescarta/t_p_120_1176/000122,http://localhost:8080/rescarta/t_p_120_1176/000122,local_data\rescarta_exports\t_p_120_1176\pages\000122_00000122.tif,local_data\rescarta_exports\t_p_120_1176\ocr\000122_00000122.txt
t_p_120_1176:t_p_120_1176_p000123,t_p_120_1176,T.P. 120/1176,25-21-00,123,1080,,,t_p_120_1176,000123,http://localhost:8080/rescarta/t_p_120_1176/000123,http://localhost:8080/rescarta/t_p_120_1176/000123,local_data\rescarta_exports\t_p_120_1176\pages\000123_00000123.tif,local_data\rescarta_exports\t_p_120_1176\ocr\000123_00000123.txt
t_p_120_1176:t_p_120_1176_p000124,t_p_120_1176,T.P. 120/1176,25-21-00,124,1081,,,t_p_120_1176,000124,http://localhost:8080/rescarta/t_p_120_1176/000124,http://localhost:8080/rescarta/t_p_120_1176/000124,local_data\rescarta_exports\t_p_120_1176\pages\000124_00000124.tif,local_data\rescarta_exports\t_p_120_1176\ocr\000124_00000124.txt
t_p_120_1176:t_p_120_1176_p000125,t_p_120_1176,T.P. 120/1176,25-21-00,125,1082,,,t_p_120_1176,000125,http://localhost:8080/rescarta/t_p_120_1176/000125,http://localhost:8080/rescarta/t_p_120_1176/000125,local_data\rescarta_exports\t_p_120_1176\pages\000125_00000125.tif,local_data\rescarta_exports\t_p_120_1176\ocr\000125_00000125.txt
t_p_120_1176:t_p_120_1176_p000126,t_p_120_1176,T.P. 120/1176,25-21-00,126,1083,,,t_p_120_1176,000126,http://localhost:8080/rescarta/t_p_120_1176/000126,http://localhost:8080/rescarta/t_p_120_1176/000126,local_data\rescarta_exports\t_p_120_1176\pages\000126_00000126.tif,local_data\rescarta_exports\t_p_120_1176\ocr\000126_00000126.txt
t_p_120_1176:t_p_120_1176_p000127,t_p_120_1176,T.P. 120/1176,25-21-00,127,1084,,,t_p_120_1176,000127,http://localhost:8080/rescarta/t_p_120_1176/000127,http://localhost:8080/rescarta/t_p_120_1176/000127,local_data\rescarta_exports\t_p_120_1176\pages\000127_00000127.tif,local_data\rescarta_exports\t_p_120_1176\ocr\000127_00000127.txt
t_p_120_1176:t_p_120_1176_p000128,t_p_120_1176,T.P. 120/1176,25-21-00,128,1085,,,t_p_120_1176,000128,http://localhost:8080/rescarta/t_p_120_1176/000128,http://localhost:8080/rescarta/t_p_120_1176/000128,local_data\rescarta_exports\t_p_120_1176\pages\000128_00000128.tif,local_data\rescarta_exports\t_p_120_1176\ocr\000128_00000128.txt
t_p_120_1176:t_p_120_1176_p000129,t_p_120_1176,T.P. 120/1176,25-21-00,129,1086,,,t_p_120_1176,000129,http://localhost:8080/rescarta/t_p_120_1176/000129,http://localhost:8080/rescarta/t_p_120_1176/000129,local_data\rescarta_exports\t_p_120_1176\pages\000129_00000129.tif,local_data\rescarta_exports\t_p_120_1176\ocr\000129_00000129.txt
t_p_120_1176:t_p_120_1176_p000130,t_p_120_1176,T.P. 120/1176,25-21-00,130,1087,,,t_p_120_1176,000130,http://localhost:8080/rescarta/t_p_120_1176/000130,http://localhost:8080/rescarta/t_p_120_1176/000130,local_data\rescarta_exports\t_p_120_1176\pages\000130_00000130.tif,local_data\rescarta_exports\t_p_120_1176\ocr\000130_00000130.txt
t_p_120_1176:t_p_120_1176_p000131,t_p_120_1176,T.P. 120/1176,25-21-00,131,1088,,,t_p_120_1176,000131,http://localhost:8080/rescarta/t_p_120_1176/000131,http://localhost:8080/rescarta/t_p_120_1176/000131,local_data\rescarta_exports\t_p_120_1176\pages\000131_00000131.tif,local_data\rescarta_exports\t_p_120_1176\ocr\000131_00000131.txt
t_p_120_1176:t_p_120_1176_p000132,t_p_120_1176,T.P. 120/1176,25-21-00,132,1089,,,t_p_120_1176,000132,http://localhost:8080/rescarta/t_p_120_1176/000132,http://localhost:8080/rescarta/t_p_120_1176/000132,local_data\rescarta_exports\t_p_120_1176\pages\000132_00000132.tif,local_data\rescarta_exports\t_p_120_1176\ocr\000132_00000132.txt
t_p_120_1176:t_p_120_1176_p000133,t_p_120_1176,T.P. 120/1176,25-21-00,133,1090,,,t_p_120_1176,000133,http://localhost:8080/rescarta/t_p_120_1176/000133,http://localhost:8080/rescarta/t_p_120_1176/000133,local_data\rescarta_exports\t_p_120_1176\pages\000133_00000133.tif,local_data\rescarta_exports\t_p_120_1176\ocr\000133_00000133.txt
t_p_120_1176:t_p_120_1176_p000134,t_p_120_1176,T.P. 120/1176,25-21-00,134,1091,,,t_p_120_1176,000134,http://localhost:8080/rescarta/t_p_120_1176/000134,http://localhost:8080/rescarta/t_p_120_1176/000134,local_data\rescarta_exports\t_p_120_1176\pages\000134_00000134.tif,local_data\rescarta_exports\t_p_120_1176\ocr\000134_00000134.txt
t_p_120_1176:t_p_120_1176_p000135,t_p_120_1176,T.P. 120/1176,25-21-00,135,1092,,,t_p_120_1176,000135,http://localhost:8080/rescarta/t_p_120_1176/000135,http://localhost:8080/rescarta/t_p_120_1176/000135,local_data\rescarta_exports\t_p_120_1176\pages\000135_00000135.tif,local_data\rescarta_exports\t_p_120_1176\ocr\000135_00000135.txt
t_p_120_1176:t_p_120_1176_p000136,t_p_120_1176,T.P. 120/1176,25-21-00,136,1093,,,t_p_120_1176,000136,http://localhost:8080/rescarta/t_p_120_1176/000136,http://localhost:8080/rescarta/t_p_120_1176/000136,local_data\rescarta_exports\t_p_120_1176\pages\000136_00000136.tif,local_data\rescarta_exports\t_p_120_1176\ocr\000136_00000136.txt
t_p_120_1176:t_p_120_1176_p000137,t_p_120_1176,T.P. 120/1176,25-21-00,137,1094,,,t_p_120_1176,000137,http://localhost:8080/rescarta/t_p_120_1176/000137,http://localhost:8080/rescarta/t_p_120_1176/000137,local_data\rescarta_exports\t_p_120_1176\pages\000137_00000137.tif,local_data\rescarta_exports\t_p_120_1176\ocr\000137_00000137.txt
t_p_120_1176:t_p_120_1176_p000138,t_p_120_1176,T.P. 120/1176,25-21-00,138,1095,,,t_p_120_1176,000138,http://localhost:8080/rescarta/t_p_120_1176/000138,http://localhost:8080/rescarta/t_p_120_1176/000138,local_data\rescarta_exports\t_p_120_1176\pages\000138_00000138.tif,local_data\rescarta_exports\t_p_120_1176\ocr\000138_00000138.txt
t_p_120_1176:t_p_120_1176_p000139,t_p_120_1176,T.P. 120/1176,25-21-00,139,1096,,,t_p_120_1176,000139,http://localhost:8080/rescarta/t_p_120_1176/000139,http://localhost:8080/rescarta/t_p_120_1176/000139,local_data\rescarta_exports\t_p_120_1176\pages\000139_00000139.tif,local_data\rescarta_exports\t_p_120_1176\ocr\000139_00000139.txt
t_p_120_1176:t_p_120_1176_p000140,t_p_120_1176,T.P. 120/1176,25-21-00,140,1097,,,t_p_120_1176,000140,http://localhost:8080/rescarta/t_p_120_1176/000140,http://localhost:8080/rescarta/t_p_120_1176/000140,local_data\rescarta_exports\t_p_120_1176\pages\000140_00000140.tif,local_data\rescarta_exports\t_p_120_1176\ocr\000140_00000140.txt
t_p_120_1176:t_p_120_1176_p000141,t_p_120_1176,T.P. 120/1176,25-21-00,141,1098,,,t_p_120_1176,000141,http://localhost:8080/rescarta/t_p_120_1176/000141,http://localhost:8080/rescarta/t_p_120_1176/000141,local_data\rescarta_exports\t_p_120_1176\pages\000141_00000141.tif,local_data\rescarta_exports\t_p_120_1176\ocr\000141_00000141.txt
t_p_120_1176:t_p_120_1176_p000142,t_p_120_1176,T.P. 120/1176,25-21-00,142,1099,,,t_p_120_1176,000142,http://localhost:8080/rescarta/t_p_120_1176/000142,http://localhost:8080/rescarta/t_p_120_1176/000142,local_data\rescarta_exports\t_p_120_1176\pages\000142_00000142.tif,local_data\rescarta_exports\t_p_120_1176\ocr\000142_00000142.txt
t_p_120_1176:t_p_120_1176_p000143,t_p_120_1176,T.P. 120/1176,25-21-00,143,1100,,,t_p_120_1176,000143,http://localhost:8080/rescarta/t_p_120_1176/000143,http://localhost:8080/rescarta/t_p_120_1176/000143,local_data\rescarta_exports\t_p_120_1176\pages\000143_00000143.tif,local_data\rescarta_exports\t_p_120_1176\ocr\000143_00000143.txt
t_p_120_1176:t_p_120_1176_p000144,t_p_120_1176,T.P. 120/1176,25-21-00,144,1101,,,t_p_120_1176,000144,http://localhost:8080/rescarta/t_p_120_1176/000144,http://localhost:8080/rescarta/t_p_120_1176/000144,local_data\rescarta_exports\t_p_120_1176\pages\000144_00000144.tif,local_data\rescarta_exports\t_p_120_1176\ocr\000144_00000144.txt
t_p_120_1176:t_p_120_1176_p000145,t_p_120_1176,T.P. 120/1176,25-21-00,145,1102,,,t_p_120_1176,000145,http://localhost:8080/rescarta/t_p_120_1176/000145,http://localhost:8080/rescarta/t_p_120_1176/000145,local_data\rescarta_exports\t_p_120_1176\pages\000145_00000145.tif,local_data\rescarta_exports\t_p_120_1176\ocr\000145_00000145.txt
t_p_120_1176:t_p_120_1176_p000146,t_p_120_1176,T.P. 120/1176,25-21-00,146,1103,,,t_p_120_1176,000146,http://localhost:8080/rescarta/t_p_120_1176/000146,http://localhost:8080/rescarta/t_p_120_1176/000146,local_data\rescarta_exports\t_p_120_1176\pages\000146_00000146.tif,local_data\rescarta_exports\t_p_120_1176\ocr\000146_00000146.txt
t_p_120_1176:t_p_120_1176_p000147,t_p_120_1176,T.P. 120/1176,25-21-00,147,1104,,,t_p_120_1176,000147,http://localhost:8080/rescarta/t_p_120_1176/000147,http://localhost:8080/rescarta/t_p_120_1176/000147,local_data\rescarta_exports\t_p_120_1176\pages\000147_00000147.tif,local_data\rescarta_exports\t_p_120_1176\ocr\000147_00000147.txt
t_p_120_1176:t_p_120_1176_p000148,t_p_120_1176,T.P. 120/1176,25-21-00,148,1105,,,t_p_120_1176,000148,http://localhost:8080/rescarta/t_p_120_1176/000148,http://localhost:8080/rescarta/t_p_120_1176/000148,local_data\rescarta_exports\t_p_120_1176\pages\000148_00000148.tif,local_data\rescarta_exports\t_p_120_1176\ocr\000148_00000148.txt
t_p_120_1176:t_p_120_1176_p000149,t_p_120_1176,T.P. 120/1176,25-21-00,149,1106,,,t_p_120_1176,000149,http://localhost:8080/rescarta/t_p_120_1176/000149,http://localhost:8080/rescarta/t_p_120_1176/000149,local_data\rescarta_exports\t_p_120_1176\pages\000149_00000149.tif,local_data\rescarta_exports\t_p_120_1176\ocr\000149_00000149.txt
t_p_120_1176:t_p_120_1176_p000150,t_p_120_1176,T.P. 120/1176,25-21-00,150,1107,,,t_p_120_1176,000150,http://localhost:8080/rescarta/t_p_120_1176/000150,http://localhost:8080/rescarta/t_p_120_1176/000150,local_data\rescarta_exports\t_p_120_1176\pages\000150_00000150.tif,local_data\rescarta_exports\t_p_120_1176\ocr\000150_00000150.txt
t_p_120_1176:t_p_120_1176_p000151,t_p_120_1176,T.P. 120/1176,25-21-00,151,1108,,,t_p_120_1176,000151,http://localhost:8080/rescarta/t_p_120_1176/000151,http://localhost:8080/rescarta/t_p_120_1176/000151,local_data\rescarta_exports\t_p_120_1176\pages\000151_00000151.tif,local_data\rescarta_exports\t_p_120_1176\ocr\000151_00000151.txt
t_p_120_1176:t_p_120_1176_p000152,t_p_120_1176,T.P. 120/1176,25-21-00,152,1109,,,t_p_120_1176,000152,http://localhost:8080/rescarta/t_p_120_1176/000152,http://localhost:8080/rescarta/t_p_120_1176/000152,local_data\rescarta_exports\t_p_120_1176\pages\000152_00000152.tif,local_data\rescarta_exports\t_p_120_1176\ocr\000152_00000152.txt
t_p_120_1176:t_p_120_1176_p000153,t_p_120_1176,T.P. 120/1176,25-21-00,153,1110,,,t_p_120_1176,000153,http://localhost:8080/rescarta/t_p_120_1176/000153,http://localhost:8080/rescarta/t_p_120_1176/000153,local_data\rescarta_exports\t_p_120_1176\pages\000153_00000153.tif,local_data\rescarta_exports\t_p_120_1176\ocr\000153_00000153.txt
t_p_120_1176:t_p_120_1176_p000154,t_p_120_1176,T.P. 120/1176,25-21-00,154,1111,,,t_p_120_1176,000154,http://localhost:8080/rescarta/t_p_120_1176/000154,http://localhost:8080/rescarta/t_p_120_1176/000154,local_data\rescarta_exports\t_p_120_1176\pages\000154_00000154.tif,local_data\rescarta_exports\t_p_120_1176\ocr\000154_00000154.txt
t_p_120_1176:t_p_120_1176_p000155,t_p_120_1176,T.P. 120/1176,25-21-00,155,1112,,,t_p_120_1176,000155,http://localhost:8080/rescarta/t_p_120_1176/000155,http://localhost:8080/rescarta/t_p_120_1176/000155,local_data\rescarta_exports\t_p_120_1176\pages\000155_00000155.tif,local_data\rescarta_exports\t_p_120_1176\ocr\000155_00000155.txt
t_p_120_1176:t_p_120_1176_p000156,t_p_120_1176,T.P. 120/1176,25-21-00,156,1113,,,t_p_120_1176,000156,http://localhost:8080/rescarta/t_p_120_1176/000156,http://localhost:8080/rescarta/t_p_120_1176/000156,local_data\rescarta_exports\t_p_120_1176\pages\000156_00000156.tif,local_data\rescarta_exports\t_p_120_1176\ocr\000156_00000156.txt
t_p_120_1176:t_p_120_1176_p000157,t_p_120_1176,T.P. 120/1176,25-21-00,157,1114,,,t_p_120_1176,000157,http://localhost:8080/rescarta/t_p_120_1176/000157,http://localhost:8080/rescarta/t_p_120_1176/000157,local_data\rescarta_exports\t_p_120_1176\pages\000157_00000157.tif,local_data\rescarta_exports\t_p_120_1176\ocr\000157_00000157.txt
t_p_120_1176:t_p_120_1176_p000158,t_p_120_1176,T.P. 120/1176,25-21-00,158,1115,,,t_p_120_1176,000158,http://localhost:8080/rescarta/t_p_120_1176/000158,http://localhost:8080/rescarta/t_p_120_1176/000158,local_data\rescarta_exports\t_p_120_1176\pages\000158_00000158.tif,local_data\rescarta_exports\t_p_120_1176\ocr\000158_00000158.txt
t_p_120_1176:t_p_120_1176_p000159,t_p_120_1176,T.P. 120/1176,25-21-00,159,1116,,,t_p_120_1176,000159,http://localhost:8080/rescarta/t_p_120_1176/000159,http://localhost:8080/rescarta/t_p_120_1176/000159,local_data\rescarta_exports\t_p_120_1176\pages\000159_00000159.tif,local_data\rescarta_exports\t_p_120_1176\ocr\000159_00000159.txt
t_p_120_1176:t_p_120_1176_p000160,t_p_120_1176,T.P. 120/1176,25-21-00,160,1117,,,t_p_120_1176,000160,http://localhost:8080/rescarta/t_p_120_1176/000160,http://localhost:8080/rescarta/t_p_120_1176/000160,local_data\rescarta_exports\t_p_120_1176\pages\000160_00000160.tif,local_data\rescarta_exports\t_p_120_1176\ocr\000160_00000160.txt
t_p_120_1176:t_p_120_1176_p000161,t_p_120_1176,T.P. 120/1176,25-21-00,161,1118,,,t_p_120_1176,000161,http://localhost:8080/rescarta/t_p_120_1176/000161,http://localhost:8080/rescarta/t_p_120_1176/000161,local_data\rescarta_exports\t_p_120_1176\pages\000161_00000161.tif,local_data\rescarta_exports\t_p_120_1176\ocr\000161_00000161.txt
t_p_120_1176:t_p_120_1176_p000162,t_p_120_1176,T.P. 120/1176,25-21-00,162,1119,,,t_p_120_1176,000162,http://localhost:8080/rescarta/t_p_120_1176/000162,http://localhost:8080/rescarta/t_p_120_1176/000162,local_data\rescarta_exports\t_p_120_1176\pages\000162_00000162.tif,local_data\rescarta_exports\t_p_120_1176\ocr\000162_00000162.txt
t_p_120_1176:t_p_120_1176_p000163,t_p_120_1176,T.P. 120/1176,25-21-00,163,1120,,,t_p_120_1176,000163,http://localhost:8080/rescarta/t_p_120_1176/000163,http://localhost:8080/rescarta/t_p_120_1176/000163,local_data\rescarta_exports\t_p_120_1176\pages\000163_00000163.tif,local_data\rescarta_exports\t_p_120_1176\ocr\000163_00000163.txt
t_p_120_1176:t_p_120_1176_p000164,t_p_120_1176,T.P. 120/1176,25-21-00,164,1121,,,t_p_120_1176,000164,http://localhost:8080/rescarta/t_p_120_1176/000164,http://localhost:8080/rescarta/t_p_120_1176/000164,local_data\rescarta_exports\t_p_120_1176\pages\000164_00000164.tif,local_data\rescarta_exports\t_p_120_1176\ocr\000164_00000164.txt
t_p_120_1176:t_p_120_1176_p000165,t_p_120_1176,T.P. 120/1176,25-21-00,165,1122,,,t_p_120_1176,000165,http://localhost:8080/rescarta/t_p_120_1176/000165,http://localhost:8080/rescarta/t_p_120_1176/000165,local_data\rescarta_exports\t_p_120_1176\pages\000165_00000165.tif,local_data\rescarta_exports\t_p_120_1176\ocr\000165_00000165.txt
t_p_120_1176:t_p_120_1176_p000166,t_p_120_1176,T.P. 120/1176,25-21-00,166,1123,,,t_p_120_1176,000166,http://localhost:8080/rescarta/t_p_120_1176/000166,http://localhost:8080/rescarta/t_p_120_1176/000166,local_data\rescarta_exports\t_p_120_1176\pages\000166_00000166.tif,local_data\rescarta_exports\t_p_120_1176\ocr\000166_00000166.txt
t_p_120_1176:t_p_120_1176_p000167,t_p_120_1176,T.P. 120/1176,25-21-00,167,1124,,,t_p_120_1176,000167,http://localhost:8080/rescarta/t_p_120_1176/000167,http://localhost:8080/rescarta/t_p_120_1176/000167,local_data\rescarta_exports\t_p_120_1176\pages\000167_00000167.tif,local_data\rescarta_exports\t_p_120_1176\ocr\000167_00000167.txt
t_p_120_1176:t_p_120_1176_p000168,t_p_120_1176,T.P. 120/1176,25-21-00,168,1125,,,t_p_120_1176,000168,http://localhost:8080/rescarta/t_p_120_1176/000168,http://localhost:8080/rescarta/t_p_120_1176/000168,local_data\rescarta_exports\t_p_120_1176\pages\000168_00000168.tif,local_data\rescarta_exports\t_p_120_1176\ocr\000168_00000168.txt
t_p_120_1176:t_p_120_1176_p000169,t_p_120_1176,T.P. 120/1176,25-21-00,169,1126,,,t_p_120_1176,000169,http://localhost:8080/rescarta/t_p_120_1176/000169,http://localhost:8080/rescarta/t_p_120_1176/000169,local_data\rescarta_exports\t_p_120_1176\pages\000169_00000169.tif,local_data\rescarta_exports\t_p_120_1176\ocr\000169_00000169.txt
t_p_120_1176:t_p_120_1176_p000170,t_p_120_1176,T.P. 120/1176,25-21-00,170,1127,,,t_p_120_1176,000170,http://localhost:8080/rescarta/t_p_120_1176/000170,http://localhost:8080/rescarta/t_p_120_1176/000170,local_data\rescarta_exports\t_p_120_1176\pages\000170_00000170.tif,local_data\rescarta_exports\t_p_120_1176\ocr\000170_00000170.txt
t_p_120_1176:t_p_120_1176_p000171,t_p_120_1176,T.P. 120/1176,25-21-00,171,1128,,,t_p_120_1176,000171,http://localhost:8080/rescarta/t_p_120_1176/000171,http://localhost:8080/rescarta/t_p_120_1176/000171,local_data\rescarta_exports\t_p_120_1176\pages\000171_00000171.tif,local_data\rescarta_exports\t_p_120_1176\ocr\000171_00000171.txt
t_p_120_1176:t_p_120_1176_p000172,t_p_120_1176,T.P. 120/1176,25-21-00,172,1129,,,t_p_120_1176,000172,http://localhost:8080/rescarta/t_p_120_1176/000172,http://localhost:8080/rescarta/t_p_120_1176/000172,local_data\rescarta_exports\t_p_120_1176\pages\000172_00000172.tif,local_data\rescarta_exports\t_p_120_1176\ocr\000172_00000172.txt
t_p_120_1176:t_p_120_1176_p000173,t_p_120_1176,T.P. 120/1176,25-21-00,173,1130,,,t_p_120_1176,000173,http://localhost:8080/rescarta/t_p_120_1176/000173,http://localhost:8080/rescarta/t_p_120_1176/000173,local_data\rescarta_exports\t_p_120_1176\pages\000173_00000173.tif,local_data\rescarta_exports\t_p_120_1176\ocr\000173_00000173.txt
t_p_120_1176:t_p_120_1176_p000174,t_p_120_1176,T.P. 120/1176,25-21-00,174,1131,,,t_p_120_1176,000174,http://localhost:8080/rescarta/t_p_120_1176/000174,http://localhost:8080/rescarta/t_p_120_1176/000174,local_data\rescarta_exports\t_p_120_1176\pages\000174_00000174.tif,local_data\rescarta_exports\t_p_120_1176\ocr\000174_00000174.txt
t_p_120_1176:t_p_120_1176_p000175,t_p_120_1176,T.P. 120/1176,25-21-00,175,1132,,,t_p_120_1176,000175,http://localhost:8080/rescarta/t_p_120_1176/000175,http://localhost:8080/rescarta/t_p_120_1176/000175,local_data\rescarta_exports\t_p_120_1176\pages\000175_00000175.tif,local_data\rescarta_exports\t_p_120_1176\ocr\000175_00000175.txt
t_p_120_1176:t_p_120_1176_p000176,t_p_120_1176,T.P. 120/1176,25-21-00,176,1133,,,t_p_120_1176,000176,http://localhost:8080/rescarta/t_p_120_1176/000176,http://localhost:8080/rescarta/t_p_120_1176/000176,local_data\rescarta_exports\t_p_120_1176\pages\000176_00000176.tif,local_data\rescarta_exports\t_p_120_1176\ocr\000176_00000176.txt
t_p_120_1176:t_p_120_1176_p000177,t_p_120_1176,T.P. 120/1176,25-21-00,177,1134,,,t_p_120_1176,000177,http://localhost:8080/rescarta/t_p_120_1176/000177,http://localhost:8080/rescarta/t_p_120_1176/000177,local_data\rescarta_exports\t_p_120_1176\pages\000177_00000177.tif,local_data\rescarta_exports\t_p_120_1176\ocr\000177_00000177.txt
t_p_120_1176:t_p_120_1176_p000178,t_p_120_1176,T.P. 120/1176,25-21-00,178,1135,,,t_p_120_1176,000178,http://localhost:8080/rescarta/t_p_120_1176/000178,http://localhost:8080/rescarta/t_p_120_1176/000178,local_data\rescarta_exports\t_p_120_1176\pages\000178_00000178.tif,local_data\rescarta_exports\t_p_120_1176\ocr\000178_00000178.txt
t_p_120_1176:t_p_120_1176_p000179,t_p_120_1176,T.P. 120/1176,25-21-00,179,1136,,,t_p_120_1176,000179,http://localhost:8080/rescarta/t_p_120_1176/000179,http://localhost:8080/rescarta/t_p_120_1176/000179,local_data\rescarta_exports\t_p_120_1176\pages\000179_00000179.tif,local_data\rescarta_exports\t_p_120_1176\ocr\000179_00000179.txt
t_p_120_1176:t_p_120_1176_p000180,t_p_120_1176,T.P. 120/1176,25-21-00,180,1137,,,t_p_120_1176,000180,http://localhost:8080/rescarta/t_p_120_1176/000180,http://localhost:8080/rescarta/t_p_120_1176/000180,local_data\rescarta_exports\t_p_120_1176\pages\000180_00000180.tif,local_data\rescarta_exports\t_p_120_1176\ocr\000180_00000180.txt
t_p_120_1176:t_p_120_1176_p000181,t_p_120_1176,T.P. 120/1176,25-21-00,181,1138,,,t_p_120_1176,000181,http://localhost:8080/rescarta/t_p_120_1176/000181,http://localhost:8080/rescarta/t_p_120_1176/000181,local_data\rescarta_exports\t_p_120_1176\pages\000181_00000181.tif,local_data\rescarta_exports\t_p_120_1176\ocr\000181_00000181.txt
t_p_120_1176:t_p_120_1176_p000182,t_p_120_1176,T.P. 120/1176,25-21-00,182,1139,,,t_p_120_1176,000182,http://localhost:8080/rescarta/t_p_120_1176/000182,http://localhost:8080/rescarta/t_p_120_1176/000182,local_data\rescarta_exports\t_p_120_1176\pages\000182_00000182.tif,local_data\rescarta_exports\t_p_120_1176\ocr\000182_00000182.txt
t_p_120_1176:t_p_120_1176_p000183,t_p_120_1176,T.P. 120/1176,25-21-00,183,1140,,,t_p_120_1176,000183,http://localhost:8080/rescarta/t_p_120_1176/000183,http://localhost:8080/rescarta/t_p_120_1176/000183,local_data\rescarta_exports\t_p_120_1176\pages\000183_00000183.tif,local_data\rescarta_exports\t_p_120_1176\ocr\000183_00000183.txt
t_p_120_1176:t_p_120_1176_p000184,t_p_120_1176,T.P. 120/1176,25-21-00,184,184,,,t_p_120_1176,000184,http://localhost:8080/rescarta/t_p_120_1176/000184,http://localhost:8080/rescarta/t_p_120_1176/000184,local_data\rescarta_exports\t_p_120_1176\pages\000184_00000184.tif,local_data\rescarta_exports\t_p_120_1176\ocr\000184_00000184.txt
t_p_120_1176:t_p_120_1176_p000185,t_p_120_1176,T.P. 120/1176,25-21-00,185,185,,,t_p_120_1176,000185,http://localhost:8080/rescarta/t_p_120_1176/000185,http://localhost:8080/rescarta/t_p_120_1176/000185,local_data\rescarta_exports\t_p_120_1176\pages\000185_00000185.tif,local_data\rescarta_exports\t_p_120_1176\ocr\000185_00000185.txt
t_p_120_1176:t_p_120_1176_p000186,t_p_120_1176,T.P. 120/1176,25-21-00,186,1140c/d,,,t_p_120_1176,000186,http://localhost:8080/rescarta/t_p_120_1176/000186,http://localhost:8080/rescarta/t_p_120_1176/000186,local_data\rescarta_exports\t_p_120_1176\pages\000186_00000186.tif,local_data\rescarta_exports\t_p_120_1176\ocr\000186_00000186.txt
t_p_120_1176:t_p_120_1176_p000187,t_p_120_1176,T.P. 120/1176,25-21-00,187,187,,,t_p_120_1176,000187,http://localhost:8080/rescarta/t_p_120_1176/000187,http://localhost:8080/rescarta/t_p_120_1176/000187,local_data\rescarta_exports\t_p_120_1176\pages\000187_00000187.tif,local_data\rescarta_exports\t_p_120_1176\ocr\000187_00000187.txt
t_p_120_1176:t_p_120_1176_p000188,t_p_120_1176,T.P. 120/1176,25-21-00,188,1141,,,t_p_120_1176,000188,http://localhost:8080/rescarta/t_p_120_1176/000188,http://localhost:8080/rescarta/t_p_120_1176/000188,local_data\rescarta_exports\t_p_120_1176\pages\000188_00000188.tif,local_data\rescarta_exports\t_p_120_1176\ocr\000188_00000188.txt
t_p_120_1176:t_p_120_1176_p000189,t_p_120_1176,T.P. 120/1176,25-21-00,189,1142,,,t_p_120_1176,000189,http://localhost:8080/rescarta/t_p_120_1176/000189,http://localhost:8080/rescarta/t_p_120_1176/000189,local_data\rescarta_exports\t_p_120_1176\pages\000189_00000189.tif,local_data\rescarta_exports\t_p_120_1176\ocr\000189_00000189.txt
t_p_120_1176:t_p_120_1176_p000190,t_p_120_1176,T.P. 120/1176,25-21-00,190,1143,,,t_p_120_1176,000190,http://localhost:8080/rescarta/t_p_120_1176/000190,http://localhost:8080/rescarta/t_p_120_1176/000190,local_data\rescarta_exports\t_p_120_1176\pages\000190_00000190.tif,local_data\rescarta_exports\t_p_120_1176\ocr\000190_00000190.txt
t_p_120_1176:t_p_120_1176_p000191,t_p_120_1176,T.P. 120/1176,25-21-00,191,1144,,,t_p_120_1176,000191,http://localhost:8080/rescarta/t_p_120_1176/000191,http://localhost:8080/rescarta/t_p_120_1176/000191,local_data\rescarta_exports\t_p_120_1176\pages\000191_00000191.tif,local_data\rescarta_exports\t_p_120_1176\ocr\000191_00000191.txt
t_p_120_1176:t_p_120_1176_p000192,t_p_120_1176,T.P. 120/1176,25-21-00,192,192,,,t_p_120_1176,000192,http://localhost:8080/rescarta/t_p_120_1176/000192,http://localhost:8080/rescarta/t_p_120_1176/000192,local_data\rescarta_exports\t_p_120_1176\pages\000192_00000192.tif,local_data\rescarta_exports\t_p_120_1176\ocr\000192_00000192.txt
t_p_120_1176:t_p_120_1176_p000193,t_p_120_1176,T.P. 120/1176,25-21-00,193,193,,,t_p_120_1176,000193,http://localhost:8080/rescarta/t_p_120_1176/000193,http://localhost:8080/rescarta/t_p_120_1176/000193,local_data\rescarta_exports\t_p_120_1176\pages\000193_00000193.tif,local_data\rescarta_exports\t_p_120_1176\ocr\000193_00000193.txt
t_p_120_1176:t_p_120_1176_p000194,t_p_120_1176,T.P. 120/1176,25-21-00,194,1144c/d,,,t_p_120_1176,000194,http://localhost:8080/rescarta/t_p_120_1176/000194,http://localhost:8080/rescarta/t_p_120_1176/000194,local_data\rescarta_exports\t_p_120_1176\pages\000194_00000194.tif,local_data\rescarta_exports\t_p_120_1176\ocr\000194_00000194.txt
t_p_120_1176:t_p_120_1176_p000195,t_p_120_1176,T.P. 120/1176,25-21-00,195,195,,,t_p_120_1176,000195,http://localhost:8080/rescarta/t_p_120_1176/000195,http://localhost:8080/rescarta/t_p_120_1176/000195,local_data\rescarta_exports\t_p_120_1176\pages\000195_00000195.tif,local_data\rescarta_exports\t_p_120_1176\ocr\000195_00000195.txt
t_p_120_1176:t_p_120_1176_p000196,t_p_120_1176,T.P. 120/1176,25-21-00,196,1145,,,t_p_120_1176,000196,http://localhost:8080/rescarta/t_p_120_1176/000196,http://localhost:8080/rescarta/t_p_120_1176/000196,local_data\rescarta_exports\t_p_120_1176\pages\000196_00000196.tif,local_data\rescarta_exports\t_p_120_1176\ocr\000196_00000196.txt
t_p_120_1176:t_p_120_1176_p000197,t_p_120_1176,T.P. 120/1176,25-21-00,197,1146,,,t_p_120_1176,000197,http://localhost:8080/rescarta/t_p_120_1176/000197,http://localhost:8080/rescarta/t_p_120_1176/000197,local_data\rescarta_exports\t_p_120_1176\pages\000197_00000197.tif,local_data\rescarta_exports\t_p_120_1176\ocr\000197_00000197.txt
t_p_120_1176:t_p_120_1176_p000198,t_p_120_1176,T.P. 120/1176,25-21-00,198,198,,,t_p_120_1176,000198,http://localhost:8080/rescarta/t_p_120_1176/000198,http://localhost:8080/rescarta/t_p_120_1176/000198,local_data\rescarta_exports\t_p_120_1176\pages\000198_00000198.tif,local_data\rescarta_exports\t_p_120_1176\ocr\000198_00000198.txt
t_p_120_1176:t_p_120_1176_p000199,t_p_120_1176,T.P. 120/1176,25-21-00,199,199,,,t_p_120_1176,000199,http://localhost:8080/rescarta/t_p_120_1176/000199,http://localhost:8080/rescarta/t_p_120_1176/000199,local_data\rescarta_exports\t_p_120_1176\pages\000199_00000199.tif,local_data\rescarta_exports\t_p_120_1176\ocr\000199_00000199.txt
t_p_120_1176:t_p_120_1176_p000200,t_p_120_1176,T.P. 120/1176,25-21-00,200,1146c/d,,,t_p_120_1176,000200,http://localhost:8080/rescarta/t_p_120_1176/000200,http://localhost:8080/rescarta/t_p_120_1176/000200,local_data\rescarta_exports\t_p_120_1176\pages\000200_00000200.tif,local_data\rescarta_exports\t_p_120_1176\ocr\000200_00000200.txt
t_p_120_1176:t_p_120_1176_p000201,t_p_120_1176,T.P. 120/1176,25-21-00,201,201,,,t_p_120_1176,000201,http://localhost:8080/rescarta/t_p_120_1176/000201,http://localhost:8080/rescarta/t_p_120_1176/000201,local_data\rescarta_exports\t_p_120_1176\pages\000201_00000201.tif,local_data\rescarta_exports\t_p_120_1176\ocr\000201_00000201.txt
t_p_120_1176:t_p_120_1176_p000202,t_p_120_1176,T.P. 120/1176,25-21-00,202,1147,,,t_p_120_1176,000202,http://localhost:8080/rescarta/t_p_120_1176/000202,http://localhost:8080/rescarta/t_p_120_1176/000202,local_data\rescarta_exports\t_p_120_1176\pages\000202_00000202.tif,local_data\rescarta_exports\t_p_120_1176\ocr\000202_00000202.txt
t_p_120_1176:t_p_120_1176_p000203,t_p_120_1176,T.P. 120/1176,25-21-00,203,1148,,,t_p_120_1176,000203,http://localhost:8080/rescarta/t_p_120_1176/000203,http://localhost:8080/rescarta/t_p_120_1176/000203,local_data\rescarta_exports\t_p_120_1176\pages\000203_00000203.tif,local_data\rescarta_exports\t_p_120_1176\ocr\000203_00000203.txt
t_p_120_1176:t_p_120_1176_p000204,t_p_120_1176,T.P. 120/1176,25-21-00,204,1149,,,t_p_120_1176,000204,http://localhost:8080/rescarta/t_p_120_1176/000204,http://localhost:8080/rescarta/t_p_120_1176/000204,local_data\rescarta_exports\t_p_120_1176\pages\000204_00000204.tif,local_data\rescarta_exports\t_p_120_1176\ocr\000204_00000204.txt
t_p_120_1176:t_p_120_1176_p000205,t_p_120_1176,T.P. 120/1176,25-21-00,205,1150,,,t_p_120_1176,000205,http://localhost:8080/rescarta/t_p_120_1176/000205,http://localhost:8080/rescarta/t_p_120_1176/000205,local_data\rescarta_exports\t_p_120_1176\pages\000205_00000205.tif,local_data\rescarta_exports\t_p_120_1176\ocr\000205_00000205.txt
t_p_120_1176:t_p_120_1176_p000206,t_p_120_1176,T.P. 120/1176,25-21-00,206,1151,,,t_p_120_1176,000206,http://localhost:8080/rescarta/t_p_120_1176/000206,http://localhost:8080/rescarta/t_p_120_1176/000206,local_data\rescarta_exports\t_p_120_1176\pages\000206_00000206.tif,local_data\rescarta_exports\t_p_120_1176\ocr\000206_00000206.txt
t_p_120_1176:t_p_120_1176_p000207,t_p_120_1176,T.P. 120/1176,25-21-00,207,1152,,,t_p_120_1176,000207,http://localhost:8080/rescarta/t_p_120_1176/000207,http://localhost:8080/rescarta/t_p_120_1176/000207,local_data\rescarta_exports\t_p_120_1176\pages\000207_00000207.tif,local_data\rescarta_exports\t_p_120_1176\ocr\000207_00000207.txt
t_p_120_1176:t_p_120_1176_p000208,t_p_120_1176,T.P. 120/1176,25-21-00,208,1153,,,t_p_120_1176,000208,http://localhost:8080/rescarta/t_p_120_1176/000208,http://localhost:8080/rescarta/t_p_120_1176/000208,local_data\rescarta_exports\t_p_120_1176\pages\000208_00000208.tif,local_data\rescarta_exports\t_p_120_1176\ocr\000208_00000208.txt
t_p_120_1176:t_p_120_1176_p000209,t_p_120_1176,T.P. 120/1176,25-21-00,209,1154,,,t_p_120_1176,000209,http://localhost:8080/rescarta/t_p_120_1176/000209,http://localhost:8080/rescarta/t_p_120_1176/000209,local_data\rescarta_exports\t_p_120_1176\pages\000209_00000209.tif,local_data\rescarta_exports\t_p_120_1176\ocr\000209_00000209.txt
t_p_120_1176:t_p_120_1176_p000210,t_p_120_1176,T.P. 120/1176,25-21-00,210,1155,,,t_p_120_1176,000210,http://localhost:8080/rescarta/t_p_120_1176/000210,http://localhost:8080/rescarta/t_p_120_1176/000210,local_data\rescarta_exports\t_p_120_1176\pages\000210_00000210.tif,local_data\rescarta_exports\t_p_120_1176\ocr\000210_00000210.txt
t_p_120_1176:t_p_120_1176_p000211,t_p_120_1176,T.P. 120/1176,25-21-00,211,1156,,,t_p_120_1176,000211,http://localhost:8080/rescarta/t_p_120_1176/000211,http://localhost:8080/rescarta/t_p_120_1176/000211,local_data\rescarta_exports\t_p_120_1176\pages\000211_00000211.tif,local_data\rescarta_exports\t_p_120_1176\ocr\000211_00000211.txt
t_p_120_1176:t_p_120_1176_p000212,t_p_120_1176,T.P. 120/1176,25-21-00,212,1157,,,t_p_120_1176,000212,http://localhost:8080/rescarta/t_p_120_1176/000212,http://localhost:8080/rescarta/t_p_120_1176/000212,local_data\rescarta_exports\t_p_120_1176\pages\000212_00000212.tif,local_data\rescarta_exports\t_p_120_1176\ocr\000212_00000212.txt
t_p_120_1176:t_p_120_1176_p000213,t_p_120_1176,T.P. 120/1176,25-21-00,213,1158,,,t_p_120_1176,000213,http://localhost:8080/rescarta/t_p_120_1176/000213,http://localhost:8080/rescarta/t_p_120_1176/000213,local_data\rescarta_exports\t_p_120_1176\pages\000213_00000213.tif,local_data\rescarta_exports\t_p_120_1176\ocr\000213_00000213.txt
t_p_120_1176:t_p_120_1176_p000214,t_p_120_1176,T.P. 120/1176,25-21-00,214,214,,,t_p_120_1176,000214,http://localhost:8080/rescarta/t_p_120_1176/000214,http://localhost:8080/rescarta/t_p_120_1176/000214,local_data\rescarta_exports\t_p_120_1176\pages\000214_00000214.tif,local_data\rescarta_exports\t_p_120_1176\ocr\000214_00000214.txt
t_p_120_1176:t_p_120_1176_p000215,t_p_120_1176,T.P. 120/1176,25-21-00,215,215,,,t_p_120_1176,000215,http://localhost:8080/rescarta/t_p_120_1176/000215,http://localhost:8080/rescarta/t_p_120_1176/000215,local_data\rescarta_exports\t_p_120_1176\pages\000215_00000215.tif,local_data\rescarta_exports\t_p_120_1176\ocr\000215_00000215.txt
t_p_120_1176:t_p_120_1176_p000216,t_p_120_1176,T.P. 120/1176,25-21-00,216,1158c/d,,,t_p_120_1176,000216,http://localhost:8080/rescarta/t_p_120_1176/000216,http://localhost:8080/rescarta/t_p_120_1176/000216,local_data\rescarta_exports\t_p_120_1176\pages\000216_00000216.tif,local_data\rescarta_exports\t_p_120_1176\ocr\000216_00000216.txt
t_p_120_1176:t_p_120_1176_p000217,t_p_120_1176,T.P. 120/1176,25-21-00,217,217,,,t_p_120_1176,000217,http://localhost:8080/rescarta/t_p_120_1176/000217,http://localhost:8080/rescarta/t_p_120_1176/000217,local_data\rescarta_exports\t_p_120_1176\pages\000217_00000217.tif,local_data\rescarta_exports\t_p_120_1176\ocr\000217_00000217.txt
t_p_120_1176:t_p_120_1176_p000218,t_p_120_1176,T.P. 120/1176,25-21-00,218,1159,,,t_p_120_1176,000218,http://localhost:8080/rescarta/t_p_120_1176/000218,http://localhost:8080/rescarta/t_p_120_1176/000218,local_data\rescarta_exports\t_p_120_1176\pages\000218_00000218.tif,local_data\rescarta_exports\t_p_120_1176\ocr\000218_00000218.txt
t_p_120_1176:t_p_120_1176_p000219,t_p_120_1176,T.P. 120/1176,25-21-00,219,1160,,,t_p_120_1176,000219,http://localhost:8080/rescarta/t_p_120_1176/000219,http://localhost:8080/rescarta/t_p_120_1176/000219,local_data\rescarta_exports\t_p_120_1176\pages\000219_00000219.tif,local_data\rescarta_exports\t_p_120_1176\ocr\000219_00000219.txt
t_p_120_1176:t_p_120_1176_p000220,t_p_120_1176,T.P. 120/1176,25-21-00,220,1161,,,t_p_120_1176,000220,http://localhost:8080/rescarta/t_p_120_1176/000220,http://localhost:8080/rescarta/t_p_120_1176/000220,local_data\rescarta_exports\t_p_120_1176\pages\000220_00000220.tif,local_data\rescarta_exports\t_p_120_1176\ocr\000220_00000220.txt
t_p_120_1176:t_p_120_1176_p000221,t_p_120_1176,T.P. 120/1176,25-21-00,221,1162,,,t_p_120_1176,000221,http://localhost:8080/rescarta/t_p_120_1176/000221,http://localhost:8080/rescarta/t_p_120_1176/000221,local_data\rescarta_exports\t_p_120_1176\pages\000221_00000221.tif,local_data\rescarta_exports\t_p_120_1176\ocr\000221_00000221.txt
t_p_120_1176:t_p_120_1176_p000222,t_p_120_1176,T.P. 120/1176,25-21-00,222,1163,,,t_p_120_1176,000222,http://localhost:8080/rescarta/t_p_120_1176/000222,http://localhost:8080/rescarta/t_p_120_1176/000222,local_data\rescarta_exports\t_p_120_1176\pages\000222_00000222.tif,local_data\rescarta_exports\t_p_120_1176\ocr\000222_00000222.txt
t_p_120_1176:t_p_120_1176_p000223,t_p_120_1176,T.P. 120/1176,25-21-00,223,1164,,,t_p_120_1176,000223,http://localhost:8080/rescarta/t_p_120_1176/000223,http://localhost:8080/rescarta/t_p_120_1176/000223,local_data\rescarta_exports\t_p_120_1176\pages\000223_00000223.tif,local_data\rescarta_exports\t_p_120_1176\ocr\000223_00000223.txt
t_p_120_1176:t_p_120_1176_p000224,t_p_120_1176,T.P. 120/1176,25-21-00,224,1165,,,t_p_120_1176,000224,http://localhost:8080/rescarta/t_p_120_1176/000224,http://localhost:8080/rescarta/t_p_120_1176/000224,local_data\rescarta_exports\t_p_120_1176\pages\000224_00000224.tif,local_data\rescarta_exports\t_p_120_1176\ocr\000224_00000224.txt
t_p_120_1176:t_p_120_1176_p000225,t_p_120_1176,T.P. 120/1176,25-21-00,225,1166,,,t_p_120_1176,000225,http://localhost:8080/rescarta/t_p_120_1176/000225,http://localhost:8080/rescarta/t_p_120_1176/000225,local_data\rescarta_exports\t_p_120_1176\pages\000225_00000225.tif,local_data\rescarta_exports\t_p_120_1176\ocr\000225_00000225.txt
t_p_120_1176:t_p_120_1176_p000226,t_p_120_1176,T.P. 120/1176,25-21-00,226,1167,,,t_p_120_1176,000226,http://localhost:8080/rescarta/t_p_120_1176/000226,http://localhost:8080/rescarta/t_p_120_1176/000226,local_data\rescarta_exports\t_p_120_1176\pages\000226_00000226.tif,local_data\rescarta_exports\t_p_120_1176\ocr\000226_00000226.txt
t_p_120_1176:t_p_120_1176_p000227,t_p_120_1176,T.P. 120/1176,25-21-00,227,1168,,,t_p_120_1176,000227,http://localhost:8080/rescarta/t_p_120_1176/000227,http://localhost:8080/rescarta/t_p_120_1176/000227,local_data\rescarta_exports\t_p_120_1176\pages\000227_00000227.tif,local_data\rescarta_exports\t_p_120_1176\ocr\000227_00000227.txt
t_p_120_1176:t_p_120_1176_p000228,t_p_120_1176,T.P. 120/1176,25-21-00,228,1169,,,t_p_120_1176,000228,http://localhost:8080/rescarta/t_p_120_1176/000228,http://localhost:8080/rescarta/t_p_120_1176/000228,local_data\rescarta_exports\t_p_120_1176\pages\000228_00000228.tif,local_data\rescarta_exports\t_p_120_1176\ocr\000228_00000228.txt
t_p_120_1176:t_p_120_1176_p000229,t_p_120_1176,T.P. 120/1176,25-21-00,229,1170,,,t_p_120_1176,000229,http://localhost:8080/rescarta/t_p_120_1176/000229,http://localhost:8080/rescarta/t_p_120_1176/000229,local_data\rescarta_exports\t_p_120_1176\pages\000229_00000229.tif,local_data\rescarta_exports\t_p_120_1176\ocr\000229_00000229.txt
t_p_120_1176:t_p_120_1176_p000230,t_p_120_1176,T.P. 120/1176,25-21-00,230,1171,,,t_p_120_1176,000230,http://localhost:8080/rescarta/t_p_120_1176/000230,http://localhost:8080/rescarta/t_p_120_1176/000230,local_data\rescarta_exports\t_p_120_1176\pages\000230_00000230.tif,local_data\rescarta_exports\t_p_120_1176\ocr\000230_00000230.txt
t_p_120_1176:t_p_120_1176_p000231,t_p_120_1176,T.P. 120/1176,25-21-00,231,1172,,,t_p_120_1176,000231,http://localhost:8080/rescarta/t_p_120_1176/000231,http://localhost:8080/rescarta/t_p_120_1176/000231,local_data\rescarta_exports\t_p_120_1176\pages\000231_00000231.tif,local_data\rescarta_exports\t_p_120_1176\ocr\000231_00000231.txt
t_p_120_1176:t_p_120_1176_p000232,t_p_120_1176,T.P. 120/1176,25-21-00,232,1173,,,t_p_120_1176,000232,http://localhost:8080/rescarta/t_p_120_1176/000232,http://localhost:8080/rescarta/t_p_120_1176/000232,local_data\rescarta_exports\t_p_120_1176\pages\000232_00000232.tif,local_data\rescarta_exports\t_p_120_1176\ocr\000232_00000232.txt
t_p_120_1176:t_p_120_1176_p000233,t_p_120_1176,T.P. 120/1176,25-21-00,233,1174,,,t_p_120_1176,000233,http://localhost:8080/rescarta/t_p_120_1176/000233,http://localhost:8080/rescarta/t_p_120_1176/000233,local_data\rescarta_exports\t_p_120_1176\pages\000233_00000233.tif,local_data\rescarta_exports\t_p_120_1176\ocr\000233_00000233.txt
t_p_120_1176:t_p_120_1176_p000234,t_p_120_1176,T.P. 120/1176,25-21-00,234,1175,,,t_p_120_1176,000234,http://localhost:8080/rescarta/t_p_120_1176/000234,http://localhost:8080/rescarta/t_p_120_1176/000234,local_data\rescarta_exports\t_p_120_1176\pages\000234_00000234.tif,local_data\rescarta_exports\t_p_120_1176\ocr\000234_00000234.txt
t_p_120_1176:t_p_120_1176_p000235,t_p_120_1176,T.P. 120/1176,25-21-00,235,1176,,,t_p_120_1176,000235,http://localhost:8080/rescarta/t_p_120_1176/000235,http://localhost:8080/rescarta/t_p_120_1176/000235,local_data\rescarta_exports\t_p_120_1176\pages\000235_00000235.tif,local_data\rescarta_exports\t_p_120_1176\ocr\000235_00000235.txt
t_p_120_1176:t_p_120_1176_p000236,t_p_120_1176,T.P. 120/1176,25-21-00,236,1177,,,t_p_120_1176,000236,http://localhost:8080/rescarta/t_p_120_1176/000236,http://localhost:8080/rescarta/t_p_120_1176/000236,local_data\rescarta_exports\t_p_120_1176\pages\000236_00000236.tif,local_data\rescarta_exports\t_p_120_1176\ocr\000236_00000236.txt
t_p_120_1176:t_p_120_1176_p000237,t_p_120_1176,T.P. 120/1176,25-21-00,237,1178,,,t_p_120_1176,000237,http://localhost:8080/rescarta/t_p_120_1176/000237,http://localhost:8080/rescarta/t_p_120_1176/000237,local_data\rescarta_exports\t_p_120_1176\pages\000237_00000237.tif,local_data\rescarta_exports\t_p_120_1176\ocr\000237_00000237.txt
t_p_120_1176:t_p_120_1176_p000238,t_p_120_1176,T.P. 120/1176,25-21-00,238,1179,,,t_p_120_1176,000238,http://localhost:8080/rescarta/t_p_120_1176/000238,http://localhost:8080/rescarta/t_p_120_1176/000238,local_data\rescarta_exports\t_p_120_1176\pages\000238_00000238.tif,local_data\rescarta_exports\t_p_120_1176\ocr\000238_00000238.txt
t_p_120_1176:t_p_120_1176_p000239,t_p_120_1176,T.P. 120/1176,25-21-00,239,1180,,,t_p_120_1176,000239,http://localhost:8080/rescarta/t_p_120_1176/000239,http://localhost:8080/rescarta/t_p_120_1176/000239,local_data\rescarta_exports\t_p_120_1176\pages\000239_00000239.tif,local_data\rescarta_exports\t_p_120_1176\ocr\000239_00000239.txt
t_p_120_1176:t_p_120_1176_p000240,t_p_120_1176,T.P. 120/1176,25-21-00,240,1181,,,t_p_120_1176,000240,http://localhost:8080/rescarta/t_p_120_1176/000240,http://localhost:8080/rescarta/t_p_120_1176/000240,local_data\rescarta_exports\t_p_120_1176\pages\000240_00000240.tif,local_data\rescarta_exports\t_p_120_1176\ocr\000240_00000240.txt
t_p_120_1176:t_p_120_1176_p000241,t_p_120_1176,T.P. 120/1176,25-21-00,241,1182,,,t_p_120_1176,000241,http://localhost:8080/rescarta/t_p_120_1176/000241,http://localhost:8080/rescarta/t_p_120_1176/000241,local_data\rescarta_exports\t_p_120_1176\pages\000241_00000241.tif,local_data\rescarta_exports\t_p_120_1176\ocr\000241_00000241.txt
t_p_120_1176:t_p_120_1176_p000242,t_p_120_1176,T.P. 120/1176,25-21-00,242,1183,,,t_p_120_1176,000242,http://localhost:8080/rescarta/t_p_120_1176/000242,http://localhost:8080/rescarta/t_p_120_1176/000242,local_data\rescarta_exports\t_p_120_1176\pages\000242_00000242.tif,local_data\rescarta_exports\t_p_120_1176\ocr\000242_00000242.txt
t_p_120_1176:t_p_120_1176_p000243,t_p_120_1176,T.P. 120/1176,25-21-00,243,1184,,,t_p_120_1176,000243,http://localhost:8080/rescarta/t_p_120_1176/000243,http://localhost:8080/rescarta/t_p_120_1176/000243,local_data\rescarta_exports\t_p_120_1176\pages\000243_00000243.tif,local_data\rescarta_exports\t_p_120_1176\ocr\000243_00000243.txt
t_p_120_1176:t_p_120_1176_p000244,t_p_120_1176,T.P. 120/1176,25-21-00,244,1185,,,t_p_120_1176,000244,http://localhost:8080/rescarta/t_p_120_1176/000244,http://localhost:8080/rescarta/t_p_120_1176/000244,local_data\rescarta_exports\t_p_120_1176\pages\000244_00000244.tif,local_data\rescarta_exports\t_p_120_1176\ocr\000244_00000244.txt
t_p_120_1176:t_p_120_1176_p000245,t_p_120_1176,T.P. 120/1176,25-21-00,245,1186,,,t_p_120_1176,000245,http://localhost:8080/rescarta/t_p_120_1176/000245,http://localhost:8080/rescarta/t_p_120_1176/000245,local_data\rescarta_exports\t_p_120_1176\pages\000245_00000245.tif,local_data\rescarta_exports\t_p_120_1176\ocr\000245_00000245.txt
t_p_120_1176:t_p_120_1176_p000246,t_p_120_1176,T.P. 120/1176,25-21-00,246,1187,,,t_p_120_1176,000246,http://localhost:8080/rescarta/t_p_120_1176/000246,http://localhost:8080/rescarta/t_p_120_1176/000246,local_data\rescarta_exports\t_p_120_1176\pages\000246_00000246.tif,local_data\rescarta_exports\t_p_120_1176\ocr\000246_00000246.txt
t_p_120_1176:t_p_120_1176_p000247,t_p_120_1176,T.P. 120/1176,25-21-00,247,1188,,,t_p_120_1176,000247,http://localhost:8080/rescarta/t_p_120_1176/000247,http://localhost:8080/rescarta/t_p_120_1176/000247,local_data\rescarta_exports\t_p_120_1176\pages\000247_00000247.tif,local_data\rescarta_exports\t_p_120_1176\ocr\000247_00000247.txt
t_p_120_1176:t_p_120_1176_p000248,t_p_120_1176,T.P. 120/1176,25-21-00,248,1189,,,t_p_120_1176,000248,http://localhost:8080/rescarta/t_p_120_1176/000248,http://localhost:8080/rescarta/t_p_120_1176/000248,local_data\rescarta_exports\t_p_120_1176\pages\000248_00000248.tif,local_data\rescarta_exports\t_p_120_1176\ocr\000248_00000248.txt
t_p_120_1176:t_p_120_1176_p000249,t_p_120_1176,T.P. 120/1176,25-21-00,249,1190,,,t_p_120_1176,000249,http://localhost:8080/rescarta/t_p_120_1176/000249,http://localhost:8080/rescarta/t_p_120_1176/000249,local_data\rescarta_exports\t_p_120_1176\pages\000249_00000249.tif,local_data\rescarta_exports\t_p_120_1176\ocr\000249_00000249.txt
t_p_120_1176:t_p_120_1176_p000250,t_p_120_1176,T.P. 120/1176,25-21-00,250,1191,,,t_p_120_1176,000250,http://localhost:8080/rescarta/t_p_120_1176/000250,http://localhost:8080/rescarta/t_p_120_1176/000250,local_data\rescarta_exports\t_p_120_1176\pages\000250_00000250.tif,local_data\rescarta_exports\t_p_120_1176\ocr\000250_00000250.txt
t_p_120_1176:t_p_120_1176_p000251,t_p_120_1176,T.P. 120/1176,25-21-00,251,1192,,,t_p_120_1176,000251,http://localhost:8080/rescarta/t_p_120_1176/000251,http://localhost:8080/rescarta/t_p_120_1176/000251,local_data\rescarta_exports\t_p_120_1176\pages\000251_00000251.tif,local_data\rescarta_exports\t_p_120_1176\ocr\000251_00000251.txt
t_p_120_1176:t_p_120_1176_p000252,t_p_120_1176,T.P. 120/1176,25-21-00,252,1193,,,t_p_120_1176,000252,http://localhost:8080/rescarta/t_p_120_1176/000252,http://localhost:8080/rescarta/t_p_120_1176/000252,local_data\rescarta_exports\t_p_120_1176\pages\000252_00000252.tif,local_data\rescarta_exports\t_p_120_1176\ocr\000252_00000252.txt
t_p_120_1176:t_p_120_1176_p000253,t_p_120_1176,T.P. 120/1176,25-21-00,253,1194,,,t_p_120_1176,000253,http://localhost:8080/rescarta/t_p_120_1176/000253,http://localhost:8080/rescarta/t_p_120_1176/000253,local_data\rescarta_exports\t_p_120_1176\pages\000253_00000253.tif,local_data\rescarta_exports\t_p_120_1176\ocr\000253_00000253.txt
t_p_120_1176:t_p_120_1176_p000254,t_p_120_1176,T.P. 120/1176,25-21-00,254,1195,,,t_p_120_1176,000254,http://localhost:8080/rescarta/t_p_120_1176/000254,http://localhost:8080/rescarta/t_p_120_1176/000254,local_data\rescarta_exports\t_p_120_1176\pages\000254_00000254.tif,local_data\rescarta_exports\t_p_120_1176\ocr\000254_00000254.txt
t_p_120_1176:t_p_120_1176_p000255,t_p_120_1176,T.P. 120/1176,25-21-00,255,1196,,,t_p_120_1176,000255,http://localhost:8080/rescarta/t_p_120_1176/000255,http://localhost:8080/rescarta/t_p_120_1176/000255,local_data\rescarta_exports\t_p_120_1176\pages\000255_00000255.tif,local_data\rescarta_exports\t_p_120_1176\ocr\000255_00000255.txt
t_p_120_1176:t_p_120_1176_p000256,t_p_120_1176,T.P. 120/1176,25-21-00,256,1197,,,t_p_120_1176,000256,http://localhost:8080/rescarta/t_p_120_1176/000256,http://localhost:8080/rescarta/t_p_120_1176/000256,local_data\rescarta_exports\t_p_120_1176\pages\000256_00000256.tif,local_data\rescarta_exports\t_p_120_1176\ocr\000256_00000256.txt
t_p_120_1176:t_p_120_1176_p000257,t_p_120_1176,T.P. 120/1176,25-21-00,257,1198,,,t_p_120_1176,000257,http://localhost:8080/rescarta/t_p_120_1176/000257,http://localhost:8080/rescarta/t_p_120_1176/000257,local_data\rescarta_exports\t_p_120_1176\pages\000257_00000257.tif,local_data\rescarta_exports\t_p_120_1176\ocr\000257_00000257.txt
t_p_120_1176:t_p_120_1176_p000258,t_p_120_1176,T.P. 120/1176,25-21-00,258,1199,,,t_p_120_1176,000258,http://localhost:8080/rescarta/t_p_120_1176/000258,http://localhost:8080/rescarta/t_p_120_1176/000258,local_data\rescarta_exports\t_p_120_1176\pages\000258_00000258.tif,local_data\rescarta_exports\t_p_120_1176\ocr\000258_00000258.txt
t_p_120_1176:t_p_120_1176_p000259,t_p_120_1176,T.P. 120/1176,25-21-00,259,1200,,,t_p_120_1176,000259,http://localhost:8080/rescarta/t_p_120_1176/000259,http://localhost:8080/rescarta/t_p_120_1176/000259,local_data\rescarta_exports\t_p_120_1176\pages\000259_00000259.tif,local_data\rescarta_exports\t_p_120_1176\ocr\000259_00000259.txt
t_p_120_1176:t_p_120_1176_p000260,t_p_120_1176,T.P. 120/1176,25-21-00,260,1201,,,t_p_120_1176,000260,http://localhost:8080/rescarta/t_p_120_1176/000260,http://localhost:8080/rescarta/t_p_120_1176/000260,local_data\rescarta_exports\t_p_120_1176\pages\000260_00000260.tif,local_data\rescarta_exports\t_p_120_1176\ocr\000260_00000260.txt
t_p_120_1176:t_p_120_1176_p000261,t_p_120_1176,T.P. 120/1176,25-21-00,261,1202,,,t_p_120_1176,000261,http://localhost:8080/rescarta/t_p_120_1176/000261,http://localhost:8080/rescarta/t_p_120_1176/000261,local_data\rescarta_exports\t_p_120_1176\pages\000261_00000261.tif,local_data\rescarta_exports\t_p_120_1176\ocr\000261_00000261.txt
t_p_120_1176:t_p_120_1176_p000262,t_p_120_1176,T.P. 120/1176,25-21-00,262,1203,,,t_p_120_1176,000262,http://localhost:8080/rescarta/t_p_120_1176/000262,http://localhost:8080/rescarta/t_p_120_1176/000262,local_data\rescarta_exports\t_p_120_1176\pages\000262_00000262.tif,local_data\rescarta_exports\t_p_120_1176\ocr\000262_00000262.txt
t_p_120_1176:t_p_120_1176_p000263,t_p_120_1176,T.P. 120/1176,25-21-00,263,1204,,,t_p_120_1176,000263,http://localhost:8080/rescarta/t_p_120_1176/000263,http://localhost:8080/rescarta/t_p_120_1176/000263,local_data\rescarta_exports\t_p_120_1176\pages\000263_00000263.tif,local_data\rescarta_exports\t_p_120_1176\ocr\000263_00000263.txt
t_p_120_1176:t_p_120_1176_p000264,t_p_120_1176,T.P. 120/1176,25-21-00,264,1205,,,t_p_120_1176,000264,http://localhost:8080/rescarta/t_p_120_1176/000264,http://localhost:8080/rescarta/t_p_120_1176/000264,local_data\rescarta_exports\t_p_120_1176\pages\000264_00000264.tif,local_data\rescarta_exports\t_p_120_1176\ocr\000264_00000264.txt
t_p_120_1176:t_p_120_1176_p000265,t_p_120_1176,T.P. 120/1176,25-21-00,265,1206,,,t_p_120_1176,000265,http://localhost:8080/rescarta/t_p_120_1176/000265,http://localhost:8080/rescarta/t_p_120_1176/000265,local_data\rescarta_exports\t_p_120_1176\pages\000265_00000265.tif,local_data\rescarta_exports\t_p_120_1176\ocr\000265_00000265.txt
t_p_120_1176:t_p_120_1176_p000266,t_p_120_1176,T.P. 120/1176,25-21-00,266,1207,,,t_p_120_1176,000266,http://localhost:8080/rescarta/t_p_120_1176/000266,http://localhost:8080/rescarta/t_p_120_1176/000266,local_data\rescarta_exports\t_p_120_1176\pages\000266_00000266.tif,local_data\rescarta_exports\t_p_120_1176\ocr\000266_00000266.txt
t_p_120_1176:t_p_120_1176_p000267,t_p_120_1176,T.P. 120/1176,25-21-00,267,1208,,,t_p_120_1176,000267,http://localhost:8080/rescarta/t_p_120_1176/000267,http://localhost:8080/rescarta/t_p_120_1176/000267,local_data\rescarta_exports\t_p_120_1176\pages\000267_00000267.tif,local_data\rescarta_exports\t_p_120_1176\ocr\000267_00000267.txt
t_p_120_1176:t_p_120_1176_p000268,t_p_120_1176,T.P. 120/1176,25-21-00,268,1209,,,t_p_120_1176,000268,http://localhost:8080/rescarta/t_p_120_1176/000268,http://localhost:8080/rescarta/t_p_120_1176/000268,local_data\rescarta_exports\t_p_120_1176\pages\000268_00000268.tif,local_data\rescarta_exports\t_p_120_1176\ocr\000268_00000268.txt
t_p_120_1176:t_p_120_1176_p000269,t_p_120_1176,T.P. 120/1176,25-21-00,269,1210,,,t_p_120_1176,000269,http://localhost:8080/rescarta/t_p_120_1176/000269,http://localhost:8080/rescarta/t_p_120_1176/000269,local_data\rescarta_exports\t_p_120_1176\pages\000269_00000269.tif,local_data\rescarta_exports\t_p_120_1176\ocr\000269_00000269.txt
t_p_120_1176:t_p_120_1176_p000270,t_p_120_1176,T.P. 120/1176,25-21-00,270,1211,,,t_p_120_1176,000270,http://localhost:8080/rescarta/t_p_120_1176/000270,http://localhost:8080/rescarta/t_p_120_1176/000270,local_data\rescarta_exports\t_p_120_1176\pages\000270_00000270.tif,local_data\rescarta_exports\t_p_120_1176\ocr\000270_00000270.txt
t_p_120_1176:t_p_120_1176_p000271,t_p_120_1176,T.P. 120/1176,25-21-00,271,1212,,,t_p_120_1176,000271,http://localhost:8080/rescarta/t_p_120_1176/000271,http://localhost:8080/rescarta/t_p_120_1176/000271,local_data\rescarta_exports\t_p_120_1176\pages\000271_00000271.tif,local_data\rescarta_exports\t_p_120_1176\ocr\000271_00000271.txt
t_p_120_1176:t_p_120_1176_p000272,t_p_120_1176,T.P. 120/1176,25-21-00,272,1213,,,t_p_120_1176,000272,http://localhost:8080/rescarta/t_p_120_1176/000272,http://localhost:8080/rescarta/t_p_120_1176/000272,local_data\rescarta_exports\t_p_120_1176\pages\000272_00000272.tif,local_data\rescarta_exports\t_p_120_1176\ocr\000272_00000272.txt
t_p_120_1176:t_p_120_1176_p000273,t_p_120_1176,T.P. 120/1176,25-21-00,273,1214,,,t_p_120_1176,000273,http://localhost:8080/rescarta/t_p_120_1176/000273,http://localhost:8080/rescarta/t_p_120_1176/000273,local_data\rescarta_exports\t_p_120_1176\pages\000273_00000273.tif,local_data\rescarta_exports\t_p_120_1176\ocr\000273_00000273.txt
t_p_120_1176:t_p_120_1176_p000274,t_p_120_1176,T.P. 120/1176,25-21-00,274,1215,,,t_p_120_1176,000274,http://localhost:8080/rescarta/t_p_120_1176/000274,http://localhost:8080/rescarta/t_p_120_1176/000274,local_data\rescarta_exports\t_p_120_1176\pages\000274_00000274.tif,local_data\rescarta_exports\t_p_120_1176\ocr\000274_00000274.txt
t_p_120_1176:t_p_120_1176_p000275,t_p_120_1176,T.P. 120/1176,25-21-00,275,1216,,,t_p_120_1176,000275,http://localhost:8080/rescarta/t_p_120_1176/000275,http://localhost:8080/rescarta/t_p_120_1176/000275,local_data\rescarta_exports\t_p_120_1176\pages\000275_00000275.tif,local_data\rescarta_exports\t_p_120_1176\ocr\000275_00000275.txt
t_p_120_1176:t_p_120_1176_p000276,t_p_120_1176,T.P. 120/1176,25-21-00,276,1217,,,t_p_120_1176,000276,http://localhost:8080/rescarta/t_p_120_1176/000276,http://localhost:8080/rescarta/t_p_120_1176/000276,local_data\rescarta_exports\t_p_120_1176\pages\000276_00000276.tif,local_data\rescarta_exports\t_p_120_1176\ocr\000276_00000276.txt
t_p_120_1176:t_p_120_1176_p000277,t_p_120_1176,T.P. 120/1176,25-21-00,277,1218,,,t_p_120_1176,000277,http://localhost:8080/rescarta/t_p_120_1176/000277,http://localhost:8080/rescarta/t_p_120_1176/000277,local_data\rescarta_exports\t_p_120_1176\pages\000277_00000277.tif,local_data\rescarta_exports\t_p_120_1176\ocr\000277_00000277.txt
t_p_120_1176:t_p_120_1176_p000278,t_p_120_1176,T.P. 120/1176,25-21-00,278,1219,,,t_p_120_1176,000278,http://localhost:8080/rescarta/t_p_120_1176/000278,http://localhost:8080/rescarta/t_p_120_1176/000278,local_data\rescarta_exports\t_p_120_1176\pages\000278_00000278.tif,local_data\rescarta_exports\t_p_120_1176\ocr\000278_00000278.txt
t_p_120_1176:t_p_120_1176_p000279,t_p_120_1176,T.P. 120/1176,25-21-00,279,1220,,,t_p_120_1176,000279,http://localhost:8080/rescarta/t_p_120_1176/000279,http://localhost:8080/rescarta/t_p_120_1176/000279,local_data\rescarta_exports\t_p_120_1176\pages\000279_00000279.tif,local_data\rescarta_exports\t_p_120_1176\ocr\000279_00000279.txt
t_p_120_1176:t_p_120_1176_p000280,t_p_120_1176,T.P. 120/1176,25-21-00,280,1221,,,t_p_120_1176,000280,http://localhost:8080/rescarta/t_p_120_1176/000280,http://localhost:8080/rescarta/t_p_120_1176/000280,local_data\rescarta_exports\t_p_120_1176\pages\000280_00000280.tif,local_data\rescarta_exports\t_p_120_1176\ocr\000280_00000280.txt
t_p_120_1176:t_p_120_1176_p000281,t_p_120_1176,T.P. 120/1176,25-21-00,281,1222,,,t_p_120_1176,000281,http://localhost:8080/rescarta/t_p_120_1176/000281,http://localhost:8080/rescarta/t_p_120_1176/000281,local_data\rescarta_exports\t_p_120_1176\pages\000281_00000281.tif,local_data\rescarta_exports\t_p_120_1176\ocr\000281_00000281.txt
t_p_120_1176:t_p_120_1176_p000282,t_p_120_1176,T.P. 120/1176,25-21-00,282,1223,,,t_p_120_1176,000282,http://localhost:8080/rescarta/t_p_120_1176/000282,http://localhost:8080/rescarta/t_p_120_1176/000282,local_data\rescarta_exports\t_p_120_1176\pages\000282_00000282.tif,local_data\rescarta_exports\t_p_120_1176\ocr\000282_00000282.txt
t_p_120_1176:t_p_120_1176_p000283,t_p_120_1176,T.P. 120/1176,25-21-00,283,1224,,,t_p_120_1176,000283,http://localhost:8080/rescarta/t_p_120_1176/000283,http://localhost:8080/rescarta/t_p_120_1176/000283,local_data\rescarta_exports\t_p_120_1176\pages\000283_00000283.tif,local_data\rescarta_exports\t_p_120_1176\ocr\000283_00000283.txt
t_p_120_1176:t_p_120_1176_p000284,t_p_120_1176,T.P. 120/1176,25-21-00,284,1225,,,t_p_120_1176,000284,http://localhost:8080/rescarta/t_p_120_1176/000284,http://localhost:8080/rescarta/t_p_120_1176/000284,local_data\rescarta_exports\t_p_120_1176\pages\000284_00000284.tif,local_data\rescarta_exports\t_p_120_1176\ocr\000284_00000284.txt
t_p_120_1176:t_p_120_1176_p000285,t_p_120_1176,T.P. 120/1176,25-21-00,285,1226,,,t_p_120_1176,000285,http://localhost:8080/rescarta/t_p_120_1176/000285,http://localhost:8080/rescarta/t_p_120_1176/000285,local_data\rescarta_exports\t_p_120_1176\pages\000285_00000285.tif,local_data\rescarta_exports\t_p_120_1176\ocr\000285_00000285.txt
t_p_120_1176:t_p_120_1176_p000286,t_p_120_1176,T.P. 120/1176,25-21-00,286,1227,,,t_p_120_1176,000286,http://localhost:8080/rescarta/t_p_120_1176/000286,http://localhost:8080/rescarta/t_p_120_1176/000286,local_data\rescarta_exports\t_p_120_1176\pages\000286_00000286.tif,local_data\rescarta_exports\t_p_120_1176\ocr\000286_00000286.txt
t_p_120_1176:t_p_120_1176_p000287,t_p_120_1176,T.P. 120/1176,25-21-00,287,1228,,,t_p_120_1176,000287,http://localhost:8080/rescarta/t_p_120_1176/000287,http://localhost:8080/rescarta/t_p_120_1176/000287,local_data\rescarta_exports\t_p_120_1176\pages\000287_00000287.tif,local_data\rescarta_exports\t_p_120_1176\ocr\000287_00000287.txt
t_p_120_1176:t_p_120_1176_p000288,t_p_120_1176,T.P. 120/1176,25-21-00,288,1229,,,t_p_120_1176,000288,http://localhost:8080/rescarta/t_p_120_1176/000288,http://localhost:8080/rescarta/t_p_120_1176/000288,local_data\rescarta_exports\t_p_120_1176\pages\000288_00000288.tif,local_data\rescarta_exports\t_p_120_1176\ocr\000288_00000288.txt
t_p_120_1176:t_p_120_1176_p000289,t_p_120_1176,T.P. 120/1176,25-21-00,289,1230,,,t_p_120_1176,000289,http://localhost:8080/rescarta/t_p_120_1176/000289,http://localhost:8080/rescarta/t_p_120_1176/000289,local_data\rescarta_exports\t_p_120_1176\pages\000289_00000289.tif,local_data\rescarta_exports\t_p_120_1176\ocr\000289_00000289.txt
t_p_120_1176:t_p_120_1176_p000290,t_p_120_1176,T.P. 120/1176,25-21-00,290,1231,,,t_p_120_1176,000290,http://localhost:8080/rescarta/t_p_120_1176/000290,http://localhost:8080/rescarta/t_p_120_1176/000290,local_data\rescarta_exports\t_p_120_1176\pages\000290_00000290.tif,local_data\rescarta_exports\t_p_120_1176\ocr\000290_00000290.txt
t_p_120_1176:t_p_120_1176_p000291,t_p_120_1176,T.P. 120/1176,25-21-00,291,1232,,,t_p_120_1176,000291,http://localhost:8080/rescarta/t_p_120_1176/000291,http://localhost:8080/rescarta/t_p_120_1176/000291,local_data\rescarta_exports\t_p_120_1176\pages\000291_00000291.tif,local_data\rescarta_exports\t_p_120_1176\ocr\000291_00000291.txt
t_p_120_1176:t_p_120_1176_p000292,t_p_120_1176,T.P. 120/1176,25-21-00,292,1233,,,t_p_120_1176,000292,http://localhost:8080/rescarta/t_p_120_1176/000292,http://localhost:8080/rescarta/t_p_120_1176/000292,local_data\rescarta_exports\t_p_120_1176\pages\000292_00000292.tif,local_data\rescarta_exports\t_p_120_1176\ocr\000292_00000292.txt
t_p_120_1176:t_p_120_1176_p000293,t_p_120_1176,T.P. 120/1176,25-21-00,293,1234,,,t_p_120_1176,000293,http://localhost:8080/rescarta/t_p_120_1176/000293,http://localhost:8080/rescarta/t_p_120_1176/000293,local_data\rescarta_exports\t_p_120_1176\pages\000293_00000293.tif,local_data\rescarta_exports\t_p_120_1176\ocr\000293_00000293.txt
t_p_120_1176:t_p_120_1176_p000294,t_p_120_1176,T.P. 120/1176,25-21-00,294,1235,,,t_p_120_1176,000294,http://localhost:8080/rescarta/t_p_120_1176/000294,http://localhost:8080/rescarta/t_p_120_1176/000294,local_data\rescarta_exports\t_p_120_1176\pages\000294_00000294.tif,local_data\rescarta_exports\t_p_120_1176\ocr\000294_00000294.txt
t_p_120_1176:t_p_120_1176_p000295,t_p_120_1176,T.P. 120/1176,25-21-00,295,1236,,,t_p_120_1176,000295,http://localhost:8080/rescarta/t_p_120_1176/000295,http://localhost:8080/rescarta/t_p_120_1176/000295,local_data\rescarta_exports\t_p_120_1176\pages\000295_00000295.tif,local_data\rescarta_exports\t_p_120_1176\ocr\000295_00000295.txt
t_p_120_1176:t_p_120_1176_p000296,t_p_120_1176,T.P. 120/1176,25-21-00,296,1237,,,t_p_120_1176,000296,http://localhost:8080/rescarta/t_p_120_1176/000296,http://localhost:8080/rescarta/t_p_120_1176/000296,local_data\rescarta_exports\t_p_120_1176\pages\000296_00000296.tif,local_data\rescarta_exports\t_p_120_1176\ocr\000296_00000296.txt
t_p_120_1176:t_p_120_1176_p000297,t_p_120_1176,T.P. 120/1176,25-21-00,297,1238,,,t_p_120_1176,000297,http://localhost:8080/rescarta/t_p_120_1176/000297,http://localhost:8080/rescarta/t_p_120_1176/000297,local_data\rescarta_exports\t_p_120_1176\pages\000297_00000297.tif,local_data\rescarta_exports\t_p_120_1176\ocr\000297_00000297.txt
t_p_120_1176:t_p_120_1176_p000298,t_p_120_1176,T.P. 120/1176,25-21-00,298,1239,,,t_p_120_1176,000298,http://localhost:8080/rescarta/t_p_120_1176/000298,http://localhost:8080/rescarta/t_p_120_1176/000298,local_data\rescarta_exports\t_p_120_1176\pages\000298_00000298.tif,local_data\rescarta_exports\t_p_120_1176\ocr\000298_00000298.txt
t_p_120_1176:t_p_120_1176_p000299,t_p_120_1176,T.P. 120/1176,25-21-00,299,1240,,,t_p_120_1176,000299,http://localhost:8080/rescarta/t_p_120_1176/000299,http://localhost:8080/rescarta/t_p_120_1176/000299,local_data\rescarta_exports\t_p_120_1176\pages\000299_00000299.tif,local_data\rescarta_exports\t_p_120_1176\ocr\000299_00000299.txt
t_p_120_1176:t_p_120_1176_p000300,t_p_120_1176,T.P. 120/1176,25-21-00,300,1241,,,t_p_120_1176,000300,http://localhost:8080/rescarta/t_p_120_1176/000300,http://localhost:8080/rescarta/t_p_120_1176/000300,local_data\rescarta_exports\t_p_120_1176\pages\000300_00000300.tif,local_data\rescarta_exports\t_p_120_1176\ocr\000300_00000300.txt
t_p_120_1176:t_p_120_1176_p000301,t_p_120_1176,T.P. 120/1176,25-21-00,301,1242,,,t_p_120_1176,000301,http://localhost:8080/rescarta/t_p_120_1176/000301,http://localhost:8080/rescarta/t_p_120_1176/000301,local_data\rescarta_exports\t_p_120_1176\pages\000301_00000301.tif,local_data\rescarta_exports\t_p_120_1176\ocr\000301_00000301.txt
t_p_120_1176:t_p_120_1176_p000302,t_p_120_1176,T.P. 120/1176,25-21-00,302,1243,,,t_p_120_1176,000302,http://localhost:8080/rescarta/t_p_120_1176/000302,http://localhost:8080/rescarta/t_p_120_1176/000302,local_data\rescarta_exports\t_p_120_1176\pages\000302_00000302.tif,local_data\rescarta_exports\t_p_120_1176\ocr\000302_00000302.txt
t_p_120_1176:t_p_120_1176_p000303,t_p_120_1176,T.P. 120/1176,25-21-00,303,1244,,,t_p_120_1176,000303,http://localhost:8080/rescarta/t_p_120_1176/000303,http://localhost:8080/rescarta/t_p_120_1176/000303,local_data\rescarta_exports\t_p_120_1176\pages\000303_00000303.tif,local_data\rescarta_exports\t_p_120_1176\ocr\000303_00000303.txt
t_p_120_1176:t_p_120_1176_p000304,t_p_120_1176,T.P. 120/1176,25-21-00,304,1245,,,t_p_120_1176,000304,http://localhost:8080/rescarta/t_p_120_1176/000304,http://localhost:8080/rescarta/t_p_120_1176/000304,local_data\rescarta_exports\t_p_120_1176\pages\000304_00000304.tif,local_data\rescarta_exports\t_p_120_1176\ocr\000304_00000304.txt
t_p_120_1176:t_p_120_1176_p000305,t_p_120_1176,T.P. 120/1176,25-21-00,305,1246,,,t_p_120_1176,000305,http://localhost:8080/rescarta/t_p_120_1176/000305,http://localhost:8080/rescarta/t_p_120_1176/000305,local_data\rescarta_exports\t_p_120_1176\pages\000305_00000305.tif,local_data\rescarta_exports\t_p_120_1176\ocr\000305_00000305.txt
t_p_120_1176:t_p_120_1176_p000306,t_p_120_1176,T.P. 120/1176,25-21-00,306,1247,,,t_p_120_1176,000306,http://localhost:8080/rescarta/t_p_120_1176/000306,http://localhost:8080/rescarta/t_p_120_1176/000306,local_data\rescarta_exports\t_p_120_1176\pages\000306_00000306.tif,local_data\rescarta_exports\t_p_120_1176\ocr\000306_00000306.txt
t_p_120_1176:t_p_120_1176_p000307,t_p_120_1176,T.P. 120/1176,25-21-00,307,1248,,,t_p_120_1176,000307,http://localhost:8080/rescarta/t_p_120_1176/000307,http://localhost:8080/rescarta/t_p_120_1176/000307,local_data\rescarta_exports\t_p_120_1176\pages\000307_00000307.tif,local_data\rescarta_exports\t_p_120_1176\ocr\000307_00000307.txt
t_p_120_1176:t_p_120_1176_p000308,t_p_120_1176,T.P. 120/1176,25-21-00,308,1249,,,t_p_120_1176,000308,http://localhost:8080/rescarta/t_p_120_1176/000308,http://localhost:8080/rescarta/t_p_120_1176/000308,local_data\rescarta_exports\t_p_120_1176\pages\000308_00000308.tif,local_data\rescarta_exports\t_p_120_1176\ocr\000308_00000308.txt
t_p_120_1176:t_p_120_1176_p000309,t_p_120_1176,T.P. 120/1176,25-21-00,309,1250,,,t_p_120_1176,000309,http://localhost:8080/rescarta/t_p_120_1176/000309,http://localhost:8080/rescarta/t_p_120_1176/000309,local_data\rescarta_exports\t_p_120_1176\pages\000309_00000309.tif,local_data\rescarta_exports\t_p_120_1176\ocr\000309_00000309.txt
t_p_120_1176:t_p_120_1176_p000310,t_p_120_1176,T.P. 120/1176,25-21-00,310,1251,,,t_p_120_1176,000310,http://localhost:8080/rescarta/t_p_120_1176/000310,http://localhost:8080/rescarta/t_p_120_1176/000310,local_data\rescarta_exports\t_p_120_1176\pages\000310_00000310.tif,local_data\rescarta_exports\t_p_120_1176\ocr\000310_00000310.txt
t_p_120_1176:t_p_120_1176_p000311,t_p_120_1176,T.P. 120/1176,25-21-00,311,1252,,,t_p_120_1176,000311,http://localhost:8080/rescarta/t_p_120_1176/000311,http://localhost:8080/rescarta/t_p_120_1176/000311,local_data\rescarta_exports\t_p_120_1176\pages\000311_00000311.tif,local_data\rescarta_exports\t_p_120_1176\ocr\000311_00000311.txt
t_p_120_1176:t_p_120_1176_p000312,t_p_120_1176,T.P. 120/1176,25-21-00,312,1253,,,t_p_120_1176,000312,http://localhost:8080/rescarta/t_p_120_1176/000312,http://localhost:8080/rescarta/t_p_120_1176/000312,local_data\rescarta_exports\t_p_120_1176\pages\000312_00000312.tif,local_data\rescarta_exports\t_p_120_1176\ocr\000312_00000312.txt
t_p_120_1176:t_p_120_1176_p000313,t_p_120_1176,T.P. 120/1176,25-21-00,313,1254,,,t_p_120_1176,000313,http://localhost:8080/rescarta/t_p_120_1176/000313,http://localhost:8080/rescarta/t_p_120_1176/000313,local_data\rescarta_exports\t_p_120_1176\pages\000313_00000313.tif,local_data\rescarta_exports\t_p_120_1176\ocr\000313_00000313.txt
t_p_120_1176:t_p_120_1176_p000314,t_p_120_1176,T.P. 120/1176,25-21-00,314,1255,,,t_p_120_1176,000314,http://localhost:8080/rescarta/t_p_120_1176/000314,http://localhost:8080/rescarta/t_p_120_1176/000314,local_data\rescarta_exports\t_p_120_1176\pages\000314_00000314.tif,local_data\rescarta_exports\t_p_120_1176\ocr\000314_00000314.txt
t_p_120_1176:t_p_120_1176_p000315,t_p_120_1176,T.P. 120/1176,25-21-00,315,1256,,,t_p_120_1176,000315,http://localhost:8080/rescarta/t_p_120_1176/000315,http://localhost:8080/rescarta/t_p_120_1176/000315,local_data\rescarta_exports\t_p_120_1176\pages\000315_00000315.tif,local_data\rescarta_exports\t_p_120_1176\ocr\000315_00000315.txt
t_p_120_1176:t_p_120_1176_p000316,t_p_120_1176,T.P. 120/1176,25-21-00,316,1257,,,t_p_120_1176,000316,http://localhost:8080/rescarta/t_p_120_1176/000316,http://localhost:8080/rescarta/t_p_120_1176/000316,local_data\rescarta_exports\t_p_120_1176\pages\000316_00000316.tif,local_data\rescarta_exports\t_p_120_1176\ocr\000316_00000316.txt
t_p_120_1176:t_p_120_1176_p000317,t_p_120_1176,T.P. 120/1176,25-21-00,317,1258,,,t_p_120_1176,000317,http://localhost:8080/rescarta/t_p_120_1176/000317,http://localhost:8080/rescarta/t_p_120_1176/000317,local_data\rescarta_exports\t_p_120_1176\pages\000317_00000317.tif,local_data\rescarta_exports\t_p_120_1176\ocr\000317_00000317.txt
t_p_120_1176:t_p_120_1176_p000318,t_p_120_1176,T.P. 120/1176,25-21-00,318,1259,,,t_p_120_1176,000318,http://localhost:8080/rescarta/t_p_120_1176/000318,http://localhost:8080/rescarta/t_p_120_1176/000318,local_data\rescarta_exports\t_p_120_1176\pages\000318_00000318.tif,local_data\rescarta_exports\t_p_120_1176\ocr\000318_00000318.txt
t_p_120_1176:t_p_120_1176_p000319,t_p_120_1176,T.P. 120/1176,25-21-00,319,1260,,,t_p_120_1176,000319,http://localhost:8080/rescarta/t_p_120_1176/000319,http://localhost:8080/rescarta/t_p_120_1176/000319,local_data\rescarta_exports\t_p_120_1176\pages\000319_00000319.tif,local_data\rescarta_exports\t_p_120_1176\ocr\000319_00000319.txt
t_p_120_1176:t_p_120_1176_p000320,t_p_120_1176,T.P. 120/1176,25-21-00,320,1261,,,t_p_120_1176,000320,http://localhost:8080/rescarta/t_p_120_1176/000320,http://localhost:8080/rescarta/t_p_120_1176/000320,local_data\rescarta_exports\t_p_120_1176\pages\000320_00000320.tif,local_data\rescarta_exports\t_p_120_1176\ocr\000320_00000320.txt
t_p_120_1176:t_p_120_1176_p000321,t_p_120_1176,T.P. 120/1176,25-21-00,321,1262,,,t_p_120_1176,000321,http://localhost:8080/rescarta/t_p_120_1176/000321,http://localhost:8080/rescarta/t_p_120_1176/000321,local_data\rescarta_exports\t_p_120_1176\pages\000321_00000321.tif,local_data\rescarta_exports\t_p_120_1176\ocr\000321_00000321.txt
t_p_120_1176:t_p_120_1176_p000322,t_p_120_1176,T.P. 120/1176,25-21-00,322,1263,,,t_p_120_1176,000322,http://localhost:8080/rescarta/t_p_120_1176/000322,http://localhost:8080/rescarta/t_p_120_1176/000322,local_data\rescarta_exports\t_p_120_1176\pages\000322_00000322.tif,local_data\rescarta_exports\t_p_120_1176\ocr\000322_00000322.txt
t_p_120_1176:t_p_120_1176_p000323,t_p_120_1176,T.P. 120/1176,25-21-00,323,1264,,,t_p_120_1176,000323,http://localhost:8080/rescarta/t_p_120_1176/000323,http://localhost:8080/rescarta/t_p_120_1176/000323,local_data\rescarta_exports\t_p_120_1176\pages\000323_00000323.tif,local_data\rescarta_exports\t_p_120_1176\ocr\000323_00000323.txt
t_p_120_1176:t_p_120_1176_p000324,t_p_120_1176,T.P. 120/1176,25-21-00,324,1265,,,t_p_120_1176,000324,http://localhost:8080/rescarta/t_p_120_1176/000324,http://localhost:8080/rescarta/t_p_120_1176/000324,local_data\rescarta_exports\t_p_120_1176\pages\000324_00000324.tif,local_data\rescarta_exports\t_p_120_1176\ocr\000324_00000324.txt
t_p_120_1176:t_p_120_1176_p000325,t_p_120_1176,T.P. 120/1176,25-21-00,325,1266,,,t_p_120_1176,000325,http://localhost:8080/rescarta/t_p_120_1176/000325,http://localhost:8080/rescarta/t_p_120_1176/000325,local_data\rescarta_exports\t_p_120_1176\pages\000325_00000325.tif,local_data\rescarta_exports\t_p_120_1176\ocr\000325_00000325.txt
t_p_120_1176:t_p_120_1176_p000326,t_p_120_1176,T.P. 120/1176,25-21-00,326,1267,,,t_p_120_1176,000326,http://localhost:8080/rescarta/t_p_120_1176/000326,http://localhost:8080/rescarta/t_p_120_1176/000326,local_data\rescarta_exports\t_p_120_1176\pages\000326_00000326.tif,local_data\rescarta_exports\t_p_120_1176\ocr\000326_00000326.txt
t_p_120_1176:t_p_120_1176_p000327,t_p_120_1176,T.P. 120/1176,25-21-00,327,1268,,,t_p_120_1176,000327,http://localhost:8080/rescarta/t_p_120_1176/000327,http://localhost:8080/rescarta/t_p_120_1176/000327,local_data\rescarta_exports\t_p_120_1176\pages\000327_00000327.tif,local_data\rescarta_exports\t_p_120_1176\ocr\000327_00000327.txt
t_p_120_1176:t_p_120_1176_p000328,t_p_120_1176,T.P. 120/1176,25-21-00,328,1269,,,t_p_120_1176,000328,http://localhost:8080/rescarta/t_p_120_1176/000328,http://localhost:8080/rescarta/t_p_120_1176/000328,local_data\rescarta_exports\t_p_120_1176\pages\000328_00000328.tif,local_data\rescarta_exports\t_p_120_1176\ocr\000328_00000328.txt
t_p_120_1176:t_p_120_1176_p000329,t_p_120_1176,T.P. 120/1176,25-21-00,329,1270,,,t_p_120_1176,000329,http://localhost:8080/rescarta/t_p_120_1176/000329,http://localhost:8080/rescarta/t_p_120_1176/000329,local_data\rescarta_exports\t_p_120_1176\pages\000329_00000329.tif,local_data\rescarta_exports\t_p_120_1176\ocr\000329_00000329.txt
t_p_120_1176:t_p_120_1176_p000330,t_p_120_1176,T.P. 120/1176,25-21-00,330,1271,,,t_p_120_1176,000330,http://localhost:8080/rescarta/t_p_120_1176/000330,http://localhost:8080/rescarta/t_p_120_1176/000330,local_data\rescarta_exports\t_p_120_1176\pages\000330_00000330.tif,local_data\rescarta_exports\t_p_120_1176\ocr\000330_00000330.txt
t_p_120_1176:t_p_120_1176_p000331,t_p_120_1176,T.P. 120/1176,25-21-00,331,1272,,,t_p_120_1176,000331,http://localhost:8080/rescarta/t_p_120_1176/000331,http://localhost:8080/rescarta/t_p_120_1176/000331,local_data\rescarta_exports\t_p_120_1176\pages\000331_00000331.tif,local_data\rescarta_exports\t_p_120_1176\ocr\000331_00000331.txt
t_p_120_1176:t_p_120_1176_p000332,t_p_120_1176,T.P. 120/1176,25-21-00,332,332,,,t_p_120_1176,000332,http://localhost:8080/rescarta/t_p_120_1176/000332,http://localhost:8080/rescarta/t_p_120_1176/000332,local_data\rescarta_exports\t_p_120_1176\pages\000332_00000332.tif,local_data\rescarta_exports\t_p_120_1176\ocr\000332_00000332.txt
t_p_120_1176:t_p_120_1176_p000333,t_p_120_1176,T.P. 120/1176,25-21-00,333,333,,,t_p_120_1176,000333,http://localhost:8080/rescarta/t_p_120_1176/000333,http://localhost:8080/rescarta/t_p_120_1176/000333,local_data\rescarta_exports\t_p_120_1176\pages\000333_00000333.tif,local_data\rescarta_exports\t_p_120_1176\ocr\000333_00000333.txt
t_p_120_1176:t_p_120_1176_p000334,t_p_120_1176,T.P. 120/1176,25-21-00,334,1272c/d,,,t_p_120_1176,000334,http://localhost:8080/rescarta/t_p_120_1176/000334,http://localhost:8080/rescarta/t_p_120_1176/000334,local_data\rescarta_exports\t_p_120_1176\pages\000334_00000334.tif,local_data\rescarta_exports\t_p_120_1176\ocr\000334_00000334.txt
t_p_120_1176:t_p_120_1176_p000335,t_p_120_1176,T.P. 120/1176,25-21-00,335,335,,,t_p_120_1176,000335,http://localhost:8080/rescarta/t_p_120_1176/000335,http://localhost:8080/rescarta/t_p_120_1176/000335,local_data\rescarta_exports\t_p_120_1176\pages\000335_00000335.tif,local_data\rescarta_exports\t_p_120_1176\ocr\000335_00000335.txt
t_p_120_1176:t_p_120_1176_p000336,t_p_120_1176,T.P. 120/1176,25-21-00,336,1273,,,t_p_120_1176,000336,http://localhost:8080/rescarta/t_p_120_1176/000336,http://localhost:8080/rescarta/t_p_120_1176/000336,local_data\rescarta_exports\t_p_120_1176\pages\000336_00000336.tif,local_data\rescarta_exports\t_p_120_1176\ocr\000336_00000336.txt
t_p_120_1176:t_p_120_1176_p000337,t_p_120_1176,T.P. 120/1176,25-21-00,337,1274,,,t_p_120_1176,000337,http://localhost:8080/rescarta/t_p_120_1176/000337,http://localhost:8080/rescarta/t_p_120_1176/000337,local_data\rescarta_exports\t_p_120_1176\pages\000337_00000337.tif,local_data\rescarta_exports\t_p_120_1176\ocr\000337_00000337.txt
t_p_120_1176:t_p_120_1176_p000338,t_p_120_1176,T.P. 120/1176,25-21-00,338,1275,,,t_p_120_1176,000338,http://localhost:8080/rescarta/t_p_120_1176/000338,http://localhost:8080/rescarta/t_p_120_1176/000338,local_data\rescarta_exports\t_p_120_1176\pages\000338_00000338.tif,local_data\rescarta_exports\t_p_120_1176\ocr\000338_00000338.txt
t_p_120_1176:t_p_120_1176_p000339,t_p_120_1176,T.P. 120/1176,25-21-00,339,1276,,,t_p_120_1176,000339,http://localhost:8080/rescarta/t_p_120_1176/000339,http://localhost:8080/rescarta/t_p_120_1176/000339,local_data\rescarta_exports\t_p_120_1176\pages\000339_00000339.tif,local_data\rescarta_exports\t_p_120_1176\ocr\000339_00000339.txt
t_p_120_1176:t_p_120_1176_p000340,t_p_120_1176,T.P. 120/1176,25-21-00,340,1277,,,t_p_120_1176,000340,http://localhost:8080/rescarta/t_p_120_1176/000340,http://localhost:8080/rescarta/t_p_120_1176/000340,local_data\rescarta_exports\t_p_120_1176\pages\000340_00000340.tif,local_data\rescarta_exports\t_p_120_1176\ocr\000340_00000340.txt
t_p_120_1176:t_p_120_1176_p000341,t_p_120_1176,T.P. 120/1176,25-21-00,341,1278,,,t_p_120_1176,000341,http://localhost:8080/rescarta/t_p_120_1176/000341,http://localhost:8080/rescarta/t_p_120_1176/000341,local_data\rescarta_exports\t_p_120_1176\pages\000341_00000341.tif,local_data\rescarta_exports\t_p_120_1176\ocr\000341_00000341.txt
t_p_120_1176:t_p_120_1176_p000342,t_p_120_1176,T.P. 120/1176,25-21-00,342,1279,,,t_p_120_1176,000342,http://localhost:8080/rescarta/t_p_120_1176/000342,http://localhost:8080/rescarta/t_p_120_1176/000342,local_data\rescarta_exports\t_p_120_1176\pages\000342_00000342.tif,local_data\rescarta_exports\t_p_120_1176\ocr\000342_00000342.txt
t_p_120_1176:t_p_120_1176_p000343,t_p_120_1176,T.P. 120/1176,25-21-00,343,1280,,,t_p_120_1176,000343,http://localhost:8080/rescarta/t_p_120_1176/000343,http://localhost:8080/rescarta/t_p_120_1176/000343,local_data\rescarta_exports\t_p_120_1176\pages\000343_00000343.tif,local_data\rescarta_exports\t_p_120_1176\ocr\000343_00000343.txt
t_p_120_1176:t_p_120_1176_p000344,t_p_120_1176,T.P. 120/1176,25-21-00,344,1281,,,t_p_120_1176,000344,http://localhost:8080/rescarta/t_p_120_1176/000344,http://localhost:8080/rescarta/t_p_120_1176/000344,local_data\rescarta_exports\t_p_120_1176\pages\000344_00000344.tif,local_data\rescarta_exports\t_p_120_1176\ocr\000344_00000344.txt
t_p_120_1176:t_p_120_1176_p000345,t_p_120_1176,T.P. 120/1176,25-21-00,345,1282,,,t_p_120_1176,000345,http://localhost:8080/rescarta/t_p_120_1176/000345,http://localhost:8080/rescarta/t_p_120_1176/000345,local_data\rescarta_exports\t_p_120_1176\pages\000345_00000345.tif,local_data\rescarta_exports\t_p_120_1176\ocr\000345_00000345.txt
t_p_120_1176:t_p_120_1176_p000346,t_p_120_1176,T.P. 120/1176,25-21-00,346,1283,,,t_p_120_1176,000346,http://localhost:8080/rescarta/t_p_120_1176/000346,http://localhost:8080/rescarta/t_p_120_1176/000346,local_data\rescarta_exports\t_p_120_1176\pages\000346_00000346.tif,local_data\rescarta_exports\t_p_120_1176\ocr\000346_00000346.txt
t_p_120_1176:t_p_120_1176_p000347,t_p_120_1176,T.P. 120/1176,25-21-00,347,1284,,,t_p_120_1176,000347,http://localhost:8080/rescarta/t_p_120_1176/000347,http://localhost:8080/rescarta/t_p_120_1176/000347,local_data\rescarta_exports\t_p_120_1176\pages\000347_00000347.tif,local_data\rescarta_exports\t_p_120_1176\ocr\000347_00000347.txt
t_p_120_1176:t_p_120_1176_p000348,t_p_120_1176,T.P. 120/1176,25-21-00,348,1285,,,t_p_120_1176,000348,http://localhost:8080/rescarta/t_p_120_1176/000348,http://localhost:8080/rescarta/t_p_120_1176/000348,local_data\rescarta_exports\t_p_120_1176\pages\000348_00000348.tif,local_data\rescarta_exports\t_p_120_1176\ocr\000348_00000348.txt
t_p_120_1176:t_p_120_1176_p000349,t_p_120_1176,T.P. 120/1176,25-21-00,349,1286,,,t_p_120_1176,000349,http://localhost:8080/rescarta/t_p_120_1176/000349,http://localhost:8080/rescarta/t_p_120_1176/000349,local_data\rescarta_exports\t_p_120_1176\pages\000349_00000349.tif,local_data\rescarta_exports\t_p_120_1176\ocr\000349_00000349.txt
t_p_120_1176:t_p_120_1176_p000350,t_p_120_1176,T.P. 120/1176,25-21-00,350,1287,,,t_p_120_1176,000350,http://localhost:8080/rescarta/t_p_120_1176/000350,http://localhost:8080/rescarta/t_p_120_1176/000350,local_data\rescarta_exports\t_p_120_1176\pages\000350_00000350.tif,local_data\rescarta_exports\t_p_120_1176\ocr\000350_00000350.txt
t_p_120_1176:t_p_120_1176_p000351,t_p_120_1176,T.P. 120/1176,25-21-00,351,1288,,,t_p_120_1176,000351,http://localhost:8080/rescarta/t_p_120_1176/000351,http://localhost:8080/rescarta/t_p_120_1176/000351,local_data\rescarta_exports\t_p_120_1176\pages\000351_00000351.tif,local_data\rescarta_exports\t_p_120_1176\ocr\000351_00000351.txt
t_p_120_1176:t_p_120_1176_p000352,t_p_120_1176,T.P. 120/1176,25-21-00,352,1289,,,t_p_120_1176,000352,http://localhost:8080/rescarta/t_p_120_1176/000352,http://localhost:8080/rescarta/t_p_120_1176/000352,local_data\rescarta_exports\t_p_120_1176\pages\000352_00000352.tif,local_data\rescarta_exports\t_p_120_1176\ocr\000352_00000352.txt
t_p_120_1176:t_p_120_1176_p000353,t_p_120_1176,T.P. 120/1176,25-21-00,353,1290,,,t_p_120_1176,000353,http://localhost:8080/rescarta/t_p_120_1176/000353,http://localhost:8080/rescarta/t_p_120_1176/000353,local_data\rescarta_exports\t_p_120_1176\pages\000353_00000353.tif,local_data\rescarta_exports\t_p_120_1176\ocr\000353_00000353.txt
t_p_120_1176:t_p_120_1176_p000354,t_p_120_1176,T.P. 120/1176,25-21-00,354,1291,,,t_p_120_1176,000354,http://localhost:8080/rescarta/t_p_120_1176/000354,http://localhost:8080/rescarta/t_p_120_1176/000354,local_data\rescarta_exports\t_p_120_1176\pages\000354_00000354.tif,local_data\rescarta_exports\t_p_120_1176\ocr\000354_00000354.txt
t_p_120_1176:t_p_120_1176_p000355,t_p_120_1176,T.P. 120/1176,25-21-00,355,1292,,,t_p_120_1176,000355,http://localhost:8080/rescarta/t_p_120_1176/000355,http://localhost:8080/rescarta/t_p_120_1176/000355,local_data\rescarta_exports\t_p_120_1176\pages\000355_00000355.tif,local_data\rescarta_exports\t_p_120_1176\ocr\000355_00000355.txt
t_p_120_1176:t_p_120_1176_p000356,t_p_120_1176,T.P. 120/1176,25-21-00,356,1293,,,t_p_120_1176,000356,http://localhost:8080/rescarta/t_p_120_1176/000356,http://localhost:8080/rescarta/t_p_120_1176/000356,local_data\rescarta_exports\t_p_120_1176\pages\000356_00000356.tif,local_data\rescarta_exports\t_p_120_1176\ocr\000356_00000356.txt
t_p_120_1176:t_p_120_1176_p000357,t_p_120_1176,T.P. 120/1176,25-21-00,357,1294,,,t_p_120_1176,000357,http://localhost:8080/rescarta/t_p_120_1176/000357,http://localhost:8080/rescarta/t_p_120_1176/000357,local_data\rescarta_exports\t_p_120_1176\pages\000357_00000357.tif,local_data\rescarta_exports\t_p_120_1176\ocr\000357_00000357.txt
t_p_120_1176:t_p_120_1176_p000358,t_p_120_1176,T.P. 120/1176,25-21-00,358,1295,,,t_p_120_1176,000358,http://localhost:8080/rescarta/t_p_120_1176/000358,http://localhost:8080/rescarta/t_p_120_1176/000358,local_data\rescarta_exports\t_p_120_1176\pages\000358_00000358.tif,local_data\rescarta_exports\t_p_120_1176\ocr\000358_00000358.txt
t_p_120_1176:t_p_120_1176_p000359,t_p_120_1176,T.P. 120/1176,25-21-00,359,1296,,,t_p_120_1176,000359,http://localhost:8080/rescarta/t_p_120_1176/000359,http://localhost:8080/rescarta/t_p_120_1176/000359,local_data\rescarta_exports\t_p_120_1176\pages\000359_00000359.tif,local_data\rescarta_exports\t_p_120_1176\ocr\000359_00000359.txt
t_p_120_1176:t_p_120_1176_p000360,t_p_120_1176,T.P. 120/1176,25-21-00,360,1297,,,t_p_120_1176,000360,http://localhost:8080/rescarta/t_p_120_1176/000360,http://localhost:8080/rescarta/t_p_120_1176/000360,local_data\rescarta_exports\t_p_120_1176\pages\000360_00000360.tif,local_data\rescarta_exports\t_p_120_1176\ocr\000360_00000360.txt
t_p_120_1176:t_p_120_1176_p000361,t_p_120_1176,T.P. 120/1176,25-21-00,361,1298,,,t_p_120_1176,000361,http://localhost:8080/rescarta/t_p_120_1176/000361,http://localhost:8080/rescarta/t_p_120_1176/000361,local_data\rescarta_exports\t_p_120_1176\pages\000361_00000361.tif,local_data\rescarta_exports\t_p_120_1176\ocr\000361_00000361.txt
t_p_120_1176:t_p_120_1176_p000362,t_p_120_1176,T.P. 120/1176,25-21-00,362,1299,,,t_p_120_1176,000362,http://localhost:8080/rescarta/t_p_120_1176/000362,http://localhost:8080/rescarta/t_p_120_1176/000362,local_data\rescarta_exports\t_p_120_1176\pages\000362_00000362.tif,local_data\rescarta_exports\t_p_120_1176\ocr\000362_00000362.txt
t_p_120_1176:t_p_120_1176_p000363,t_p_120_1176,T.P. 120/1176,25-21-00,363,1300,,,t_p_120_1176,000363,http://localhost:8080/rescarta/t_p_120_1176/000363,http://localhost:8080/rescarta/t_p_120_1176/000363,local_data\rescarta_exports\t_p_120_1176\pages\000363_00000363.tif,local_data\rescarta_exports\t_p_120_1176\ocr\000363_00000363.txt
t_p_120_1176:t_p_120_1176_p000364,t_p_120_1176,T.P. 120/1176,25-21-00,364,1301,,,t_p_120_1176,000364,http://localhost:8080/rescarta/t_p_120_1176/000364,http://localhost:8080/rescarta/t_p_120_1176/000364,local_data\rescarta_exports\t_p_120_1176\pages\000364_00000364.tif,local_data\rescarta_exports\t_p_120_1176\ocr\000364_00000364.txt
t_p_120_1176:t_p_120_1176_p000365,t_p_120_1176,T.P. 120/1176,25-21-00,365,1302,,,t_p_120_1176,000365,http://localhost:8080/rescarta/t_p_120_1176/000365,http://localhost:8080/rescarta/t_p_120_1176/000365,local_data\rescarta_exports\t_p_120_1176\pages\000365_00000365.tif,local_data\rescarta_exports\t_p_120_1176\ocr\000365_00000365.txt
t_p_120_1176:t_p_120_1176_p000366,t_p_120_1176,T.P. 120/1176,25-21-00,366,1303,,,t_p_120_1176,000366,http://localhost:8080/rescarta/t_p_120_1176/000366,http://localhost:8080/rescarta/t_p_120_1176/000366,local_data\rescarta_exports\t_p_120_1176\pages\000366_00000366.tif,local_data\rescarta_exports\t_p_120_1176\ocr\000366_00000366.txt
t_p_120_1176:t_p_120_1176_p000367,t_p_120_1176,T.P. 120/1176,25-21-00,367,1304,,,t_p_120_1176,000367,http://localhost:8080/rescarta/t_p_120_1176/000367,http://localhost:8080/rescarta/t_p_120_1176/000367,local_data\rescarta_exports\t_p_120_1176\pages\000367_00000367.tif,local_data\rescarta_exports\t_p_120_1176\ocr\000367_00000367.txt
t_p_120_1176:t_p_120_1176_p000368,t_p_120_1176,T.P. 120/1176,25-21-00,368,1305,,,t_p_120_1176,000368,http://localhost:8080/rescarta/t_p_120_1176/000368,http://localhost:8080/rescarta/t_p_120_1176/000368,local_data\rescarta_exports\t_p_120_1176\pages\000368_00000368.tif,local_data\rescarta_exports\t_p_120_1176\ocr\000368_00000368.txt
t_p_120_1176:t_p_120_1176_p000369,t_p_120_1176,T.P. 120/1176,25-21-00,369,1306,,,t_p_120_1176,000369,http://localhost:8080/rescarta/t_p_120_1176/000369,http://localhost:8080/rescarta/t_p_120_1176/000369,local_data\rescarta_exports\t_p_120_1176\pages\000369_00000369.tif,local_data\rescarta_exports\t_p_120_1176\ocr\000369_00000369.txt
t_p_120_1176:t_p_120_1176_p000370,t_p_120_1176,T.P. 120/1176,25-21-00,370,1307,,,t_p_120_1176,000370,http://localhost:8080/rescarta/t_p_120_1176/000370,http://localhost:8080/rescarta/t_p_120_1176/000370,local_data\rescarta_exports\t_p_120_1176\pages\000370_00000370.tif,local_data\rescarta_exports\t_p_120_1176\ocr\000370_00000370.txt
t_p_120_1176:t_p_120_1176_p000371,t_p_120_1176,T.P. 120/1176,25-21-00,371,1308,,,t_p_120_1176,000371,http://localhost:8080/rescarta/t_p_120_1176/000371,http://localhost:8080/rescarta/t_p_120_1176/000371,local_data\rescarta_exports\t_p_120_1176\pages\000371_00000371.tif,local_data\rescarta_exports\t_p_120_1176\ocr\000371_00000371.txt
t_p_120_1176:t_p_120_1176_p000372,t_p_120_1176,T.P. 120/1176,25-21-00,372,1309,,,t_p_120_1176,000372,http://localhost:8080/rescarta/t_p_120_1176/000372,http://localhost:8080/rescarta/t_p_120_1176/000372,local_data\rescarta_exports\t_p_120_1176\pages\000372_00000372.tif,local_data\rescarta_exports\t_p_120_1176\ocr\000372_00000372.txt
t_p_120_1176:t_p_120_1176_p000373,t_p_120_1176,T.P. 120/1176,25-21-00,373,1310,,,t_p_120_1176,000373,http://localhost:8080/rescarta/t_p_120_1176/000373,http://localhost:8080/rescarta/t_p_120_1176/000373,local_data\rescarta_exports\t_p_120_1176\pages\000373_00000373.tif,local_data\rescarta_exports\t_p_120_1176\ocr\000373_00000373.txt
t_p_120_1176:t_p_120_1176_p000374,t_p_120_1176,T.P. 120/1176,25-21-00,374,1311,,,t_p_120_1176,000374,http://localhost:8080/rescarta/t_p_120_1176/000374,http://localhost:8080/rescarta/t_p_120_1176/000374,local_data\rescarta_exports\t_p_120_1176\pages\000374_00000374.tif,local_data\rescarta_exports\t_p_120_1176\ocr\000374_00000374.txt
t_p_120_1176:t_p_120_1176_p000375,t_p_120_1176,T.P. 120/1176,25-21-00,375,1312,,,t_p_120_1176,000375,http://localhost:8080/rescarta/t_p_120_1176/000375,http://localhost:8080/rescarta/t_p_120_1176/000375,local_data\rescarta_exports\t_p_120_1176\pages\000375_00000375.tif,local_data\rescarta_exports\t_p_120_1176\ocr\000375_00000375.txt
t_p_120_1176:t_p_120_1176_p000376,t_p_120_1176,T.P. 120/1176,25-21-00,376,1313,,,t_p_120_1176,000376,http://localhost:8080/rescarta/t_p_120_1176/000376,http://localhost:8080/rescarta/t_p_120_1176/000376,local_data\rescarta_exports\t_p_120_1176\pages\000376_00000376.tif,local_data\rescarta_exports\t_p_120_1176\ocr\000376_00000376.txt
t_p_120_1176:t_p_120_1176_p000377,t_p_120_1176,T.P. 120/1176,25-21-00,377,1314,,,t_p_120_1176,000377,http://localhost:8080/rescarta/t_p_120_1176/000377,http://localhost:8080/rescarta/t_p_120_1176/000377,local_data\rescarta_exports\t_p_120_1176\pages\000377_00000377.tif,local_data\rescarta_exports\t_p_120_1176\ocr\000377_00000377.txt
t_p_120_1176:t_p_120_1176_p000378,t_p_120_1176,T.P. 120/1176,25-21-00,378,1315,,,t_p_120_1176,000378,http://localhost:8080/rescarta/t_p_120_1176/000378,http://localhost:8080/rescarta/t_p_120_1176/000378,local_data\rescarta_exports\t_p_120_1176\pages\000378_00000378.tif,local_data\rescarta_exports\t_p_120_1176\ocr\000378_00000378.txt
t_p_120_1176:t_p_120_1176_p000379,t_p_120_1176,T.P. 120/1176,25-21-00,379,1316,,,t_p_120_1176,000379,http://localhost:8080/rescarta/t_p_120_1176/000379,http://localhost:8080/rescarta/t_p_120_1176/000379,local_data\rescarta_exports\t_p_120_1176\pages\000379_00000379.tif,local_data\rescarta_exports\t_p_120_1176\ocr\000379_00000379.txt
t_p_120_1176:t_p_120_1176_p000380,t_p_120_1176,T.P. 120/1176,25-21-00,380,1317,,,t_p_120_1176,000380,http://localhost:8080/rescarta/t_p_120_1176/000380,http://localhost:8080/rescarta/t_p_120_1176/000380,local_data\rescarta_exports\t_p_120_1176\pages\000380_00000380.tif,local_data\rescarta_exports\t_p_120_1176\ocr\000380_00000380.txt
t_p_120_1176:t_p_120_1176_p000381,t_p_120_1176,T.P. 120/1176,25-21-00,381,1318,,,t_p_120_1176,000381,http://localhost:8080/rescarta/t_p_120_1176/000381,http://localhost:8080/rescarta/t_p_120_1176/000381,local_data\rescarta_exports\t_p_120_1176\pages\000381_00000381.tif,local_data\rescarta_exports\t_p_120_1176\ocr\000381_00000381.txt
t_p_120_1176:t_p_120_1176_p000382,t_p_120_1176,T.P. 120/1176,25-21-00,382,1319,,,t_p_120_1176,000382,http://localhost:8080/rescarta/t_p_120_1176/000382,http://localhost:8080/rescarta/t_p_120_1176/000382,local_data\rescarta_exports\t_p_120_1176\pages\000382_00000382.tif,local_data\rescarta_exports\t_p_120_1176\ocr\000382_00000382.txt
t_p_120_1176:t_p_120_1176_p000383,t_p_120_1176,T.P. 120/1176,25-21-00,383,1320,,,t_p_120_1176,000383,http://localhost:8080/rescarta/t_p_120_1176/000383,http://localhost:8080/rescarta/t_p_120_1176/000383,local_data\rescarta_exports\t_p_120_1176\pages\000383_00000383.tif,local_data\rescarta_exports\t_p_120_1176\ocr\000383_00000383.txt
t_p_120_1176:t_p_120_1176_p000384,t_p_120_1176,T.P. 120/1176,25-21-00,384,1321,,,t_p_120_1176,000384,http://localhost:8080/rescarta/t_p_120_1176/000384,http://localhost:8080/rescarta/t_p_120_1176/000384,local_data\rescarta_exports\t_p_120_1176\pages\000384_00000384.tif,local_data\rescarta_exports\t_p_120_1176\ocr\000384_00000384.txt
t_p_120_1176:t_p_120_1176_p000385,t_p_120_1176,T.P. 120/1176,25-21-00,385,1322,,,t_p_120_1176,000385,http://localhost:8080/rescarta/t_p_120_1176/000385,http://localhost:8080/rescarta/t_p_120_1176/000385,local_data\rescarta_exports\t_p_120_1176\pages\000385_00000385.tif,local_data\rescarta_exports\t_p_120_1176\ocr\000385_00000385.txt
t_p_120_1176:t_p_120_1176_p000386,t_p_120_1176,T.P. 120/1176,25-21-00,386,1323,,,t_p_120_1176,000386,http://localhost:8080/rescarta/t_p_120_1176/000386,http://localhost:8080/rescarta/t_p_120_1176/000386,local_data\rescarta_exports\t_p_120_1176\pages\000386_00000386.tif,local_data\rescarta_exports\t_p_120_1176\ocr\000386_00000386.txt
t_p_120_1176:t_p_120_1176_p000387,t_p_120_1176,T.P. 120/1176,25-21-00,387,1324,,,t_p_120_1176,000387,http://localhost:8080/rescarta/t_p_120_1176/000387,http://localhost:8080/rescarta/t_p_120_1176/000387,local_data\rescarta_exports\t_p_120_1176\pages\000387_00000387.tif,local_data\rescarta_exports\t_p_120_1176\ocr\000387_00000387.txt
t_p_120_1176:t_p_120_1176_p000388,t_p_120_1176,T.P. 120/1176,25-21-00,388,1325,,,t_p_120_1176,000388,http://localhost:8080/rescarta/t_p_120_1176/000388,http://localhost:8080/rescarta/t_p_120_1176/000388,local_data\rescarta_exports\t_p_120_1176\pages\000388_00000388.tif,local_data\rescarta_exports\t_p_120_1176\ocr\000388_00000388.txt
t_p_120_1176:t_p_120_1176_p000389,t_p_120_1176,T.P. 120/1176,25-21-00,389,1326,,,t_p_120_1176,000389,http://localhost:8080/rescarta/t_p_120_1176/000389,http://localhost:8080/rescarta/t_p_120_1176/000389,local_data\rescarta_exports\t_p_120_1176\pages\000389_00000389.tif,local_data\rescarta_exports\t_p_120_1176\ocr\000389_00000389.txt
t_p_120_1176:t_p_120_1176_p000390,t_p_120_1176,T.P. 120/1176,25-21-00,390,1327,,,t_p_120_1176,000390,http://localhost:8080/rescarta/t_p_120_1176/000390,http://localhost:8080/rescarta/t_p_120_1176/000390,local_data\rescarta_exports\t_p_120_1176\pages\000390_00000390.tif,local_data\rescarta_exports\t_p_120_1176\ocr\000390_00000390.txt
t_p_120_1176:t_p_120_1176_p000391,t_p_120_1176,T.P. 120/1176,25-21-00,391,1328,,,t_p_120_1176,000391,http://localhost:8080/rescarta/t_p_120_1176/000391,http://localhost:8080/rescarta/t_p_120_1176/000391,local_data\rescarta_exports\t_p_120_1176\pages\000391_00000391.tif,local_data\rescarta_exports\t_p_120_1176\ocr\000391_00000391.txt
t_p_120_1176:t_p_120_1176_p000392,t_p_120_1176,T.P. 120/1176,25-21-00,392,1329,,,t_p_120_1176,000392,http://localhost:8080/rescarta/t_p_120_1176/000392,http://localhost:8080/rescarta/t_p_120_1176/000392,local_data\rescarta_exports\t_p_120_1176\pages\000392_00000392.tif,local_data\rescarta_exports\t_p_120_1176\ocr\000392_00000392.txt
t_p_120_1176:t_p_120_1176_p000393,t_p_120_1176,T.P. 120/1176,25-21-00,393,1330,,,t_p_120_1176,000393,http://localhost:8080/rescarta/t_p_120_1176/000393,http://localhost:8080/rescarta/t_p_120_1176/000393,local_data\rescarta_exports\t_p_120_1176\pages\000393_00000393.tif,local_data\rescarta_exports\t_p_120_1176\ocr\000393_00000393.txt
t_p_120_1176:t_p_120_1176_p000394,t_p_120_1176,T.P. 120/1176,25-21-00,394,1331,,,t_p_120_1176,000394,http://localhost:8080/rescarta/t_p_120_1176/000394,http://localhost:8080/rescarta/t_p_120_1176/000394,local_data\rescarta_exports\t_p_120_1176\pages\000394_00000394.tif,local_data\rescarta_exports\t_p_120_1176\ocr\000394_00000394.txt
t_p_120_1176:t_p_120_1176_p000395,t_p_120_1176,T.P. 120/1176,25-21-00,395,1332,,,t_p_120_1176,000395,http://localhost:8080/rescarta/t_p_120_1176/000395,http://localhost:8080/rescarta/t_p_120_1176/000395,local_data\rescarta_exports\t_p_120_1176\pages\000395_00000395.tif,local_data\rescarta_exports\t_p_120_1176\ocr\000395_00000395.txt
t_p_120_1176:t_p_120_1176_p000396,t_p_120_1176,T.P. 120/1176,25-21-00,396,1333,,,t_p_120_1176,000396,http://localhost:8080/rescarta/t_p_120_1176/000396,http://localhost:8080/rescarta/t_p_120_1176/000396,local_data\rescarta_exports\t_p_120_1176\pages\000396_00000396.tif,local_data\rescarta_exports\t_p_120_1176\ocr\000396_00000396.txt
t_p_120_1176:t_p_120_1176_p000397,t_p_120_1176,T.P. 120/1176,25-21-00,397,1334,,,t_p_120_1176,000397,http://localhost:8080/rescarta/t_p_120_1176/000397,http://localhost:8080/rescarta/t_p_120_1176/000397,local_data\rescarta_exports\t_p_120_1176\pages\000397_00000397.tif,local_data\rescarta_exports\t_p_120_1176\ocr\000397_00000397.txt
t_p_120_1176:t_p_120_1176_p000398,t_p_120_1176,T.P. 120/1176,25-21-00,398,1335,,,t_p_120_1176,000398,http://localhost:8080/rescarta/t_p_120_1176/000398,http://localhost:8080/rescarta/t_p_120_1176/000398,local_data\rescarta_exports\t_p_120_1176\pages\000398_00000398.tif,local_data\rescarta_exports\t_p_120_1176\ocr\000398_00000398.txt
t_p_120_1176:t_p_120_1176_p000399,t_p_120_1176,T.P. 120/1176,25-21-00,399,1336,,,t_p_120_1176,000399,http://localhost:8080/rescarta/t_p_120_1176/000399,http://localhost:8080/rescarta/t_p_120_1176/000399,local_data\rescarta_exports\t_p_120_1176\pages\000399_00000399.tif,local_data\rescarta_exports\t_p_120_1176\ocr\000399_00000399.txt
t_p_120_1176:t_p_120_1176_p000400,t_p_120_1176,T.P. 120/1176,25-21-00,400,1337,,,t_p_120_1176,000400,http://localhost:8080/rescarta/t_p_120_1176/000400,http://localhost:8080/rescarta/t_p_120_1176/000400,local_data\rescarta_exports\t_p_120_1176\pages\000400_00000400.tif,local_data\rescarta_exports\t_p_120_1176\ocr\000400_00000400.txt
t_p_120_1176:t_p_120_1176_p000401,t_p_120_1176,T.P. 120/1176,25-21-00,401,1338,,,t_p_120_1176,000401,http://localhost:8080/rescarta/t_p_120_1176/000401,http://localhost:8080/rescarta/t_p_120_1176/000401,local_data\rescarta_exports\t_p_120_1176\pages\000401_00000401.tif,local_data\rescarta_exports\t_p_120_1176\ocr\000401_00000401.txt
t_p_120_1176:t_p_120_1176_p000402,t_p_120_1176,T.P. 120/1176,25-21-00,402,1339,,,t_p_120_1176,000402,http://localhost:8080/rescarta/t_p_120_1176/000402,http://localhost:8080/rescarta/t_p_120_1176/000402,local_data\rescarta_exports\t_p_120_1176\pages\000402_00000402.tif,local_data\rescarta_exports\t_p_120_1176\ocr\000402_00000402.txt
t_p_120_1176:t_p_120_1176_p000403,t_p_120_1176,T.P. 120/1176,25-21-00,403,1340,,,t_p_120_1176,000403,http://localhost:8080/rescarta/t_p_120_1176/000403,http://localhost:8080/rescarta/t_p_120_1176/000403,local_data\rescarta_exports\t_p_120_1176\pages\000403_00000403.tif,local_data\rescarta_exports\t_p_120_1176\ocr\000403_00000403.txt
t_p_120_1176:t_p_120_1176_p000404,t_p_120_1176,T.P. 120/1176,25-21-00,404,1341,,,t_p_120_1176,000404,http://localhost:8080/rescarta/t_p_120_1176/000404,http://localhost:8080/rescarta/t_p_120_1176/000404,local_data\rescarta_exports\t_p_120_1176\pages\000404_00000404.tif,local_data\rescarta_exports\t_p_120_1176\ocr\000404_00000404.txt
t_p_120_1176:t_p_120_1176_p000405,t_p_120_1176,T.P. 120/1176,25-21-00,405,1342,,,t_p_120_1176,000405,http://localhost:8080/rescarta/t_p_120_1176/000405,http://localhost:8080/rescarta/t_p_120_1176/000405,local_data\rescarta_exports\t_p_120_1176\pages\000405_00000405.tif,local_data\rescarta_exports\t_p_120_1176\ocr\000405_00000405.txt
t_p_120_1176:t_p_120_1176_p000406,t_p_120_1176,T.P. 120/1176,25-21-00,406,1343,,,t_p_120_1176,000406,http://localhost:8080/rescarta/t_p_120_1176/000406,http://localhost:8080/rescarta/t_p_120_1176/000406,local_data\rescarta_exports\t_p_120_1176\pages\000406_00000406.tif,local_data\rescarta_exports\t_p_120_1176\ocr\000406_00000406.txt
t_p_120_1176:t_p_120_1176_p000407,t_p_120_1176,T.P. 120/1176,25-21-00,407,1344,,,t_p_120_1176,000407,http://localhost:8080/rescarta/t_p_120_1176/000407,http://localhost:8080/rescarta/t_p_120_1176/000407,local_data\rescarta_exports\t_p_120_1176\pages\000407_00000407.tif,local_data\rescarta_exports\t_p_120_1176\ocr\000407_00000407.txt
t_p_120_1176:t_p_120_1176_p000408,t_p_120_1176,T.P. 120/1176,25-21-00,408,1345,,,t_p_120_1176,000408,http://localhost:8080/rescarta/t_p_120_1176/000408,http://localhost:8080/rescarta/t_p_120_1176/000408,local_data\rescarta_exports\t_p_120_1176\pages\000408_00000408.tif,local_data\rescarta_exports\t_p_120_1176\ocr\000408_00000408.txt
t_p_120_1176:t_p_120_1176_p000409,t_p_120_1176,T.P. 120/1176,25-21-00,409,1346,,,t_p_120_1176,000409,http://localhost:8080/rescarta/t_p_120_1176/000409,http://localhost:8080/rescarta/t_p_120_1176/000409,local_data\rescarta_exports\t_p_120_1176\pages\000409_00000409.tif,local_data\rescarta_exports\t_p_120_1176\ocr\000409_00000409.txt
t_p_120_1176:t_p_120_1176_p000410,t_p_120_1176,T.P. 120/1176,25-21-00,410,1347,,,t_p_120_1176,000410,http://localhost:8080/rescarta/t_p_120_1176/000410,http://localhost:8080/rescarta/t_p_120_1176/000410,local_data\rescarta_exports\t_p_120_1176\pages\000410_00000410.tif,local_data\rescarta_exports\t_p_120_1176\ocr\000410_00000410.txt
t_p_120_1176:t_p_120_1176_p000411,t_p_120_1176,T.P. 120/1176,25-21-00,411,1348,,,t_p_120_1176,000411,http://localhost:8080/rescarta/t_p_120_1176/000411,http://localhost:8080/rescarta/t_p_120_1176/000411,local_data\rescarta_exports\t_p_120_1176\pages\000411_00000411.tif,local_data\rescarta_exports\t_p_120_1176\ocr\000411_00000411.txt
t_p_120_1176:t_p_120_1176_p000412,t_p_120_1176,T.P. 120/1176,25-21-00,412,1349,,,t_p_120_1176,000412,http://localhost:8080/rescarta/t_p_120_1176/000412,http://localhost:8080/rescarta/t_p_120_1176/000412,local_data\rescarta_exports\t_p_120_1176\pages\000412_00000412.tif,local_data\rescarta_exports\t_p_120_1176\ocr\000412_00000412.txt
t_p_120_1176:t_p_120_1176_p000413,t_p_120_1176,T.P. 120/1176,25-21-00,413,1350,,,t_p_120_1176,000413,http://localhost:8080/rescarta/t_p_120_1176/000413,http://localhost:8080/rescarta/t_p_120_1176/000413,local_data\rescarta_exports\t_p_120_1176\pages\000413_00000413.tif,local_data\rescarta_exports\t_p_120_1176\ocr\000413_00000413.txt
t_p_120_1176:t_p_120_1176_p000414,t_p_120_1176,T.P. 120/1176,25-21-00,414,1351,,,t_p_120_1176,000414,http://localhost:8080/rescarta/t_p_120_1176/000414,http://localhost:8080/rescarta/t_p_120_1176/000414,local_data\rescarta_exports\t_p_120_1176\pages\000414_00000414.tif,local_data\rescarta_exports\t_p_120_1176\ocr\000414_00000414.txt
t_p_120_1176:t_p_120_1176_p000415,t_p_120_1176,T.P. 120/1176,25-21-00,415,1352,,,t_p_120_1176,000415,http://localhost:8080/rescarta/t_p_120_1176/000415,http://localhost:8080/rescarta/t_p_120_1176/000415,local_data\rescarta_exports\t_p_120_1176\pages\000415_00000415.tif,local_data\rescarta_exports\t_p_120_1176\ocr\000415_00000415.txt
t_p_120_1176:t_p_120_1176_p000416,t_p_120_1176,T.P. 120/1176,25-21-00,416,1353,,,t_p_120_1176,000416,http://localhost:8080/rescarta/t_p_120_1176/000416,http://localhost:8080/rescarta/t_p_120_1176/000416,local_data\rescarta_exports\t_p_120_1176\pages\000416_00000416.tif,local_data\rescarta_exports\t_p_120_1176\ocr\000416_00000416.txt
t_p_120_1176:t_p_120_1176_p000417,t_p_120_1176,T.P. 120/1176,25-21-00,417,1354,,,t_p_120_1176,000417,http://localhost:8080/rescarta/t_p_120_1176/000417,http://localhost:8080/rescarta/t_p_120_1176/000417,local_data\rescarta_exports\t_p_120_1176\pages\000417_00000417.tif,local_data\rescarta_exports\t_p_120_1176\ocr\000417_00000417.txt
t_p_120_1176:t_p_120_1176_p000418,t_p_120_1176,T.P. 120/1176,25-21-00,418,1355,,,t_p_120_1176,000418,http://localhost:8080/rescarta/t_p_120_1176/000418,http://localhost:8080/rescarta/t_p_120_1176/000418,local_data\rescarta_exports\t_p_120_1176\pages\000418_00000418.tif,local_data\rescarta_exports\t_p_120_1176\ocr\000418_00000418.txt
t_p_120_1176:t_p_120_1176_p000419,t_p_120_1176,T.P. 120/1176,25-21-00,419,1356,,,t_p_120_1176,000419,http://localhost:8080/rescarta/t_p_120_1176/000419,http://localhost:8080/rescarta/t_p_120_1176/000419,local_data\rescarta_exports\t_p_120_1176\pages\000419_00000419.tif,local_data\rescarta_exports\t_p_120_1176\ocr\000419_00000419.txt
t_p_120_1176:t_p_120_1176_p000420,t_p_120_1176,T.P. 120/1176,25-21-00,420,1357,,,t_p_120_1176,000420,http://localhost:8080/rescarta/t_p_120_1176/000420,http://localhost:8080/rescarta/t_p_120_1176/000420,local_data\rescarta_exports\t_p_120_1176\pages\000420_00000420.tif,local_data\rescarta_exports\t_p_120_1176\ocr\000420_00000420.txt
t_p_120_1176:t_p_120_1176_p000421,t_p_120_1176,T.P. 120/1176,25-21-00,421,1358,,,t_p_120_1176,000421,http://localhost:8080/rescarta/t_p_120_1176/000421,http://localhost:8080/rescarta/t_p_120_1176/000421,local_data\rescarta_exports\t_p_120_1176\pages\000421_00000421.tif,local_data\rescarta_exports\t_p_120_1176\ocr\000421_00000421.txt
t_p_120_1176:t_p_120_1176_p000422,t_p_120_1176,T.P. 120/1176,25-21-00,422,1359,,,t_p_120_1176,000422,http://localhost:8080/rescarta/t_p_120_1176/000422,http://localhost:8080/rescarta/t_p_120_1176/000422,local_data\rescarta_exports\t_p_120_1176\pages\000422_00000422.tif,local_data\rescarta_exports\t_p_120_1176\ocr\000422_00000422.txt
t_p_120_1176:t_p_120_1176_p000423,t_p_120_1176,T.P. 120/1176,25-21-00,423,1360,,,t_p_120_1176,000423,http://localhost:8080/rescarta/t_p_120_1176/000423,http://localhost:8080/rescarta/t_p_120_1176/000423,local_data\rescarta_exports\t_p_120_1176\pages\000423_00000423.tif,local_data\rescarta_exports\t_p_120_1176\ocr\000423_00000423.txt
t_p_120_1176:t_p_120_1176_p000424,t_p_120_1176,T.P. 120/1176,25-21-00,424,1361,,,t_p_120_1176,000424,http://localhost:8080/rescarta/t_p_120_1176/000424,http://localhost:8080/rescarta/t_p_120_1176/000424,local_data\rescarta_exports\t_p_120_1176\pages\000424_00000424.tif,local_data\rescarta_exports\t_p_120_1176\ocr\000424_00000424.txt
t_p_120_1176:t_p_120_1176_p000425,t_p_120_1176,T.P. 120/1176,25-21-00,425,1362,,,t_p_120_1176,000425,http://localhost:8080/rescarta/t_p_120_1176/000425,http://localhost:8080/rescarta/t_p_120_1176/000425,local_data\rescarta_exports\t_p_120_1176\pages\000425_00000425.tif,local_data\rescarta_exports\t_p_120_1176\ocr\000425_00000425.txt
t_p_120_1176:t_p_120_1176_p000426,t_p_120_1176,T.P. 120/1176,25-21-00,426,1363,,,t_p_120_1176,000426,http://localhost:8080/rescarta/t_p_120_1176/000426,http://localhost:8080/rescarta/t_p_120_1176/000426,local_data\rescarta_exports\t_p_120_1176\pages\000426_00000426.tif,local_data\rescarta_exports\t_p_120_1176\ocr\000426_00000426.txt
t_p_120_1176:t_p_120_1176_p000427,t_p_120_1176,T.P. 120/1176,25-21-00,427,1364,,,t_p_120_1176,000427,http://localhost:8080/rescarta/t_p_120_1176/000427,http://localhost:8080/rescarta/t_p_120_1176/000427,local_data\rescarta_exports\t_p_120_1176\pages\000427_00000427.tif,local_data\rescarta_exports\t_p_120_1176\ocr\000427_00000427.txt
t_p_120_1176:t_p_120_1176_p000428,t_p_120_1176,T.P. 120/1176,25-21-00,428,1365,,,t_p_120_1176,000428,http://localhost:8080/rescarta/t_p_120_1176/000428,http://localhost:8080/rescarta/t_p_120_1176/000428,local_data\rescarta_exports\t_p_120_1176\pages\000428_00000428.tif,local_data\rescarta_exports\t_p_120_1176\ocr\000428_00000428.txt
t_p_120_1176:t_p_120_1176_p000429,t_p_120_1176,T.P. 120/1176,25-21-00,429,1366,,,t_p_120_1176,000429,http://localhost:8080/rescarta/t_p_120_1176/000429,http://localhost:8080/rescarta/t_p_120_1176/000429,local_data\rescarta_exports\t_p_120_1176\pages\000429_00000429.tif,local_data\rescarta_exports\t_p_120_1176\ocr\000429_00000429.txt
t_p_120_1176:t_p_120_1176_p000430,t_p_120_1176,T.P. 120/1176,25-21-00,430,1367,,,t_p_120_1176,000430,http://localhost:8080/rescarta/t_p_120_1176/000430,http://localhost:8080/rescarta/t_p_120_1176/000430,local_data\rescarta_exports\t_p_120_1176\pages\000430_00000430.tif,local_data\rescarta_exports\t_p_120_1176\ocr\000430_00000430.txt
t_p_120_1176:t_p_120_1176_p000431,t_p_120_1176,T.P. 120/1176,25-21-00,431,1368,,,t_p_120_1176,000431,http://localhost:8080/rescarta/t_p_120_1176/000431,http://localhost:8080/rescarta/t_p_120_1176/000431,local_data\rescarta_exports\t_p_120_1176\pages\000431_00000431.tif,local_data\rescarta_exports\t_p_120_1176\ocr\000431_00000431.txt
t_p_120_1176:t_p_120_1176_p000432,t_p_120_1176,T.P. 120/1176,25-21-00,432,1369,,,t_p_120_1176,000432,http://localhost:8080/rescarta/t_p_120_1176/000432,http://localhost:8080/rescarta/t_p_120_1176/000432,local_data\rescarta_exports\t_p_120_1176\pages\000432_00000432.tif,local_data\rescarta_exports\t_p_120_1176\ocr\000432_00000432.txt
t_p_120_1176:t_p_120_1176_p000433,t_p_120_1176,T.P. 120/1176,25-21-00,433,1370,,,t_p_120_1176,000433,http://localhost:8080/rescarta/t_p_120_1176/000433,http://localhost:8080/rescarta/t_p_120_1176/000433,local_data\rescarta_exports\t_p_120_1176\pages\000433_00000433.tif,local_data\rescarta_exports\t_p_120_1176\ocr\000433_00000433.txt
t_p_120_1176:t_p_120_1176_p000434,t_p_120_1176,T.P. 120/1176,25-21-00,434,1371,,,t_p_120_1176,000434,http://localhost:8080/rescarta/t_p_120_1176/000434,http://localhost:8080/rescarta/t_p_120_1176/000434,local_data\rescarta_exports\t_p_120_1176\pages\000434_00000434.tif,local_data\rescarta_exports\t_p_120_1176\ocr\000434_00000434.txt
t_p_120_1176:t_p_120_1176_p000435,t_p_120_1176,T.P. 120/1176,25-21-00,435,1372,,,t_p_120_1176,000435,http://localhost:8080/rescarta/t_p_120_1176/000435,http://localhost:8080/rescarta/t_p_120_1176/000435,local_data\rescarta_exports\t_p_120_1176\pages\000435_00000435.tif,local_data\rescarta_exports\t_p_120_1176\ocr\000435_00000435.txt
t_p_120_1176:t_p_120_1176_p000436,t_p_120_1176,T.P. 120/1176,25-21-00,436,1373,,,t_p_120_1176,000436,http://localhost:8080/rescarta/t_p_120_1176/000436,http://localhost:8080/rescarta/t_p_120_1176/000436,local_data\rescarta_exports\t_p_120_1176\pages\000436_00000436.tif,local_data\rescarta_exports\t_p_120_1176\ocr\000436_00000436.txt
t_p_120_1176:t_p_120_1176_p000437,t_p_120_1176,T.P. 120/1176,25-21-00,437,1374,,,t_p_120_1176,000437,http://localhost:8080/rescarta/t_p_120_1176/000437,http://localhost:8080/rescarta/t_p_120_1176/000437,local_data\rescarta_exports\t_p_120_1176\pages\000437_00000437.tif,local_data\rescarta_exports\t_p_120_1176\ocr\000437_00000437.txt
t_p_120_1176:t_p_120_1176_p000438,t_p_120_1176,T.P. 120/1176,25-21-00,438,1375,,,t_p_120_1176,000438,http://localhost:8080/rescarta/t_p_120_1176/000438,http://localhost:8080/rescarta/t_p_120_1176/000438,local_data\rescarta_exports\t_p_120_1176\pages\000438_00000438.tif,local_data\rescarta_exports\t_p_120_1176\ocr\000438_00000438.txt
t_p_120_1176:t_p_120_1176_p000439,t_p_120_1176,T.P. 120/1176,25-21-00,439,1376,,,t_p_120_1176,000439,http://localhost:8080/rescarta/t_p_120_1176/000439,http://localhost:8080/rescarta/t_p_120_1176/000439,local_data\rescarta_exports\t_p_120_1176\pages\000439_00000439.tif,local_data\rescarta_exports\t_p_120_1176\ocr\000439_00000439.txt
t_p_120_1176:t_p_120_1176_p000440,t_p_120_1176,T.P. 120/1176,25-21-00,440,1377,,,t_p_120_1176,000440,http://localhost:8080/rescarta/t_p_120_1176/000440,http://localhost:8080/rescarta/t_p_120_1176/000440,local_data\rescarta_exports\t_p_120_1176\pages\000440_00000440.tif,local_data\rescarta_exports\t_p_120_1176\ocr\000440_00000440.txt
t_p_120_1176:t_p_120_1176_p000441,t_p_120_1176,T.P. 120/1176,25-21-00,441,1378,,,t_p_120_1176,000441,http://localhost:8080/rescarta/t_p_120_1176/000441,http://localhost:8080/rescarta/t_p_120_1176/000441,local_data\rescarta_exports\t_p_120_1176\pages\000441_00000441.tif,local_data\rescarta_exports\t_p_120_1176\ocr\000441_00000441.txt
t_p_120_1176:t_p_120_1176_p000442,t_p_120_1176,T.P. 120/1176,25-21-00,442,1379,,,t_p_120_1176,000442,http://localhost:8080/rescarta/t_p_120_1176/000442,http://localhost:8080/rescarta/t_p_120_1176/000442,local_data\rescarta_exports\t_p_120_1176\pages\000442_00000442.tif,local_data\rescarta_exports\t_p_120_1176\ocr\000442_00000442.txt
t_p_120_1176:t_p_120_1176_p000443,t_p_120_1176,T.P. 120/1176,25-21-00,443,1380,,,t_p_120_1176,000443,http://localhost:8080/rescarta/t_p_120_1176/000443,http://localhost:8080/rescarta/t_p_120_1176/000443,local_data\rescarta_exports\t_p_120_1176\pages\000443_00000443.tif,local_data\rescarta_exports\t_p_120_1176\ocr\000443_00000443.txt
t_p_120_1176:t_p_120_1176_p000444,t_p_120_1176,T.P. 120/1176,25-21-00,444,1381,,,t_p_120_1176,000444,http://localhost:8080/rescarta/t_p_120_1176/000444,http://localhost:8080/rescarta/t_p_120_1176/000444,local_data\rescarta_exports\t_p_120_1176\pages\000444_00000444.tif,local_data\rescarta_exports\t_p_120_1176\ocr\000444_00000444.txt
t_p_120_1176:t_p_120_1176_p000445,t_p_120_1176,T.P. 120/1176,25-21-00,445,1382,,,t_p_120_1176,000445,http://localhost:8080/rescarta/t_p_120_1176/000445,http://localhost:8080/rescarta/t_p_120_1176/000445,local_data\rescarta_exports\t_p_120_1176\pages\000445_00000445.tif,local_data\rescarta_exports\t_p_120_1176\ocr\000445_00000445.txt
t_p_120_1176:t_p_120_1176_p000446,t_p_120_1176,T.P. 120/1176,25-21-00,446,1383,,,t_p_120_1176,000446,http://localhost:8080/rescarta/t_p_120_1176/000446,http://localhost:8080/rescarta/t_p_120_1176/000446,local_data\rescarta_exports\t_p_120_1176\pages\000446_00000446.tif,local_data\rescarta_exports\t_p_120_1176\ocr\000446_00000446.txt
t_p_120_1176:t_p_120_1176_p000447,t_p_120_1176,T.P. 120/1176,25-21-00,447,1384,,,t_p_120_1176,000447,http://localhost:8080/rescarta/t_p_120_1176/000447,http://localhost:8080/rescarta/t_p_120_1176/000447,local_data\rescarta_exports\t_p_120_1176\pages\000447_00000447.tif,local_data\rescarta_exports\t_p_120_1176\ocr\000447_00000447.txt
t_p_120_1176:t_p_120_1176_p000448,t_p_120_1176,T.P. 120/1176,25-21-00,448,1385,,,t_p_120_1176,000448,http://localhost:8080/rescarta/t_p_120_1176/000448,http://localhost:8080/rescarta/t_p_120_1176/000448,local_data\rescarta_exports\t_p_120_1176\pages\000448_00000448.tif,local_data\rescarta_exports\t_p_120_1176\ocr\000448_00000448.txt
t_p_120_1176:t_p_120_1176_p000449,t_p_120_1176,T.P. 120/1176,25-21-00,449,1386,,,t_p_120_1176,000449,http://localhost:8080/rescarta/t_p_120_1176/000449,http://localhost:8080/rescarta/t_p_120_1176/000449,local_data\rescarta_exports\t_p_120_1176\pages\000449_00000449.tif,local_data\rescarta_exports\t_p_120_1176\ocr\000449_00000449.txt
t_p_120_1176:t_p_120_1176_p000450,t_p_120_1176,T.P. 120/1176,25-21-00,450,1387,,,t_p_120_1176,000450,http://localhost:8080/rescarta/t_p_120_1176/000450,http://localhost:8080/rescarta/t_p_120_1176/000450,local_data\rescarta_exports\t_p_120_1176\pages\000450_00000450.tif,local_data\rescarta_exports\t_p_120_1176\ocr\000450_00000450.txt
t_p_120_1176:t_p_120_1176_p000451,t_p_120_1176,T.P. 120/1176,25-21-00,451,1388,,,t_p_120_1176,000451,http://localhost:8080/rescarta/t_p_120_1176/000451,http://localhost:8080/rescarta/t_p_120_1176/000451,local_data\rescarta_exports\t_p_120_1176\pages\000451_00000451.tif,local_data\rescarta_exports\t_p_120_1176\ocr\000451_00000451.txt
t_p_120_1176:t_p_120_1176_p000452,t_p_120_1176,T.P. 120/1176,25-21-00,452,1389,,,t_p_120_1176,000452,http://localhost:8080/rescarta/t_p_120_1176/000452,http://localhost:8080/rescarta/t_p_120_1176/000452,local_data\rescarta_exports\t_p_120_1176\pages\000452_00000452.tif,local_data\rescarta_exports\t_p_120_1176\ocr\000452_00000452.txt
t_p_120_1176:t_p_120_1176_p000453,t_p_120_1176,T.P. 120/1176,25-21-00,453,1390,,,t_p_120_1176,000453,http://localhost:8080/rescarta/t_p_120_1176/000453,http://localhost:8080/rescarta/t_p_120_1176/000453,local_data\rescarta_exports\t_p_120_1176\pages\000453_00000453.tif,local_data\rescarta_exports\t_p_120_1176\ocr\000453_00000453.txt
t_p_120_1176:t_p_120_1176_p000454,t_p_120_1176,T.P. 120/1176,25-21-00,454,1391,,,t_p_120_1176,000454,http://localhost:8080/rescarta/t_p_120_1176/000454,http://localhost:8080/rescarta/t_p_120_1176/000454,local_data\rescarta_exports\t_p_120_1176\pages\000454_00000454.tif,local_data\rescarta_exports\t_p_120_1176\ocr\000454_00000454.txt
t_p_120_1176:t_p_120_1176_p000455,t_p_120_1176,T.P. 120/1176,25-21-00,455,1392,,,t_p_120_1176,000455,http://localhost:8080/rescarta/t_p_120_1176/000455,http://localhost:8080/rescarta/t_p_120_1176/000455,local_data\rescarta_exports\t_p_120_1176\pages\000455_00000455.tif,local_data\rescarta_exports\t_p_120_1176\ocr\000455_00000455.txt
t_p_120_1176:t_p_120_1176_p000456,t_p_120_1176,T.P. 120/1176,25-21-00,456,1393,,,t_p_120_1176,000456,http://localhost:8080/rescarta/t_p_120_1176/000456,http://localhost:8080/rescarta/t_p_120_1176/000456,local_data\rescarta_exports\t_p_120_1176\pages\000456_00000456.tif,local_data\rescarta_exports\t_p_120_1176\ocr\000456_00000456.txt
t_p_120_1176:t_p_120_1176_p000457,t_p_120_1176,T.P. 120/1176,25-21-00,457,1394,,,t_p_120_1176,000457,http://localhost:8080/rescarta/t_p_120_1176/000457,http://localhost:8080/rescarta/t_p_120_1176/000457,local_data\rescarta_exports\t_p_120_1176\pages\000457_00000457.tif,local_data\rescarta_exports\t_p_120_1176\ocr\000457_00000457.txt
t_p_120_1176:t_p_120_1176_p000458,t_p_120_1176,T.P. 120/1176,25-21-00,458,1395,,,t_p_120_1176,000458,http://localhost:8080/rescarta/t_p_120_1176/000458,http://localhost:8080/rescarta/t_p_120_1176/000458,local_data\rescarta_exports\t_p_120_1176\pages\000458_00000458.tif,local_data\rescarta_exports\t_p_120_1176\ocr\000458_00000458.txt
t_p_120_1176:t_p_120_1176_p000459,t_p_120_1176,T.P. 120/1176,25-21-00,459,1396,,,t_p_120_1176,000459,http://localhost:8080/rescarta/t_p_120_1176/000459,http://localhost:8080/rescarta/t_p_120_1176/000459,local_data\rescarta_exports\t_p_120_1176\pages\000459_00000459.tif,local_data\rescarta_exports\t_p_120_1176\ocr\000459_00000459.txt
t_p_120_1176:t_p_120_1176_p000460,t_p_120_1176,T.P. 120/1176,25-21-00,460,1397,,,t_p_120_1176,000460,http://localhost:8080/rescarta/t_p_120_1176/000460,http://localhost:8080/rescarta/t_p_120_1176/000460,local_data\rescarta_exports\t_p_120_1176\pages\000460_00000460.tif,local_data\rescarta_exports\t_p_120_1176\ocr\000460_00000460.txt
t_p_120_1176:t_p_120_1176_p000461,t_p_120_1176,T.P. 120/1176,25-21-00,461,1398,,,t_p_120_1176,000461,http://localhost:8080/rescarta/t_p_120_1176/000461,http://localhost:8080/rescarta/t_p_120_1176/000461,local_data\rescarta_exports\t_p_120_1176\pages\000461_00000461.tif,local_data\rescarta_exports\t_p_120_1176\ocr\000461_00000461.txt
t_p_120_1176:t_p_120_1176_p000462,t_p_120_1176,T.P. 120/1176,25-21-00,462,1399,,,t_p_120_1176,000462,http://localhost:8080/rescarta/t_p_120_1176/000462,http://localhost:8080/rescarta/t_p_120_1176/000462,local_data\rescarta_exports\t_p_120_1176\pages\000462_00000462.tif,local_data\rescarta_exports\t_p_120_1176\ocr\000462_00000462.txt
t_p_120_1176:t_p_120_1176_p000463,t_p_120_1176,T.P. 120/1176,25-21-00,463,1400,,,t_p_120_1176,000463,http://localhost:8080/rescarta/t_p_120_1176/000463,http://localhost:8080/rescarta/t_p_120_1176/000463,local_data\rescarta_exports\t_p_120_1176\pages\000463_00000463.tif,local_data\rescarta_exports\t_p_120_1176\ocr\000463_00000463.txt
t_p_120_1176:t_p_120_1176_p000464,t_p_120_1176,T.P. 120/1176,25-21-00,464,1401,,,t_p_120_1176,000464,http://localhost:8080/rescarta/t_p_120_1176/000464,http://localhost:8080/rescarta/t_p_120_1176/000464,local_data\rescarta_exports\t_p_120_1176\pages\000464_00000464.tif,local_data\rescarta_exports\t_p_120_1176\ocr\000464_00000464.txt
t_p_120_1176:t_p_120_1176_p000465,t_p_120_1176,T.P. 120/1176,25-21-00,465,1402,,,t_p_120_1176,000465,http://localhost:8080/rescarta/t_p_120_1176/000465,http://localhost:8080/rescarta/t_p_120_1176/000465,local_data\rescarta_exports\t_p_120_1176\pages\000465_00000465.tif,local_data\rescarta_exports\t_p_120_1176\ocr\000465_00000465.txt
t_p_120_1176:t_p_120_1176_p000466,t_p_120_1176,T.P. 120/1176,25-21-00,466,101,,,t_p_120_1176,000466,http://localhost:8080/rescarta/t_p_120_1176/000466,http://localhost:8080/rescarta/t_p_120_1176/000466,local_data\rescarta_exports\t_p_120_1176\pages\000466_00000466.tif,local_data\rescarta_exports\t_p_120_1176\ocr\000466_00000466.txt
t_p_120_1176:t_p_120_1176_p000467,t_p_120_1176,T.P. 120/1176,25-21-00,467,301,,,t_p_120_1176,000467,http://localhost:8080/rescarta/t_p_120_1176/000467,http://localhost:8080/rescarta/t_p_120_1176/000467,local_data\rescarta_exports\t_p_120_1176\pages\000467_00000467.tif,local_data\rescarta_exports\t_p_120_1176\ocr\000467_00000467.txt
t_p_120_1176:t_p_120_1176_p000468,t_p_120_1176,T.P. 120/1176,25-21-00,468,302,,,t_p_120_1176,000468,http://localhost:8080/rescarta/t_p_120_1176/000468,http://localhost:8080/rescarta/t_p_120_1176/000468,local_data\rescarta_exports\t_p_120_1176\pages\000468_00000468.tif,local_data\rescarta_exports\t_p_120_1176\ocr\000468_00000468.txt
t_p_120_1176:t_p_120_1176_p000469,t_p_120_1176,T.P. 120/1176,25-21-00,469,303,,,t_p_120_1176,000469,http://localhost:8080/rescarta/t_p_120_1176/000469,http://localhost:8080/rescarta/t_p_120_1176/000469,local_data\rescarta_exports\t_p_120_1176\pages\000469_00000469.tif,local_data\rescarta_exports\t_p_120_1176\ocr\000469_00000469.txt
t_p_120_1176:t_p_120_1176_p000470,t_p_120_1176,T.P. 120/1176,25-21-00,470,401,,,t_p_120_1176,000470,http://localhost:8080/rescarta/t_p_120_1176/000470,http://localhost:8080/rescarta/t_p_120_1176/000470,local_data\rescarta_exports\t_p_120_1176\pages\000470_00000470.tif,local_data\rescarta_exports\t_p_120_1176\ocr\000470_00000470.txt
t_p_120_1176:t_p_120_1176_p000471,t_p_120_1176,T.P. 120/1176,25-21-00,471,402,,,t_p_120_1176,000471,http://localhost:8080/rescarta/t_p_120_1176/000471,http://localhost:8080/rescarta/t_p_120_1176/000471,local_data\rescarta_exports\t_p_120_1176\pages\000471_00000471.tif,local_data\rescarta_exports\t_p_120_1176\ocr\000471_00000471.txt
t_p_120_1176:t_p_120_1176_p000472,t_p_120_1176,T.P. 120/1176,25-21-00,472,403,,CONTENTS,t_p_120_1176,000472,http://localhost:8080/rescarta/t_p_120_1176/000472,http://localhost:8080/rescarta/t_p_120_1176/000472,local_data\rescarta_exports\t_p_120_1176\pages\000472_00000472.tif,local_data\rescarta_exports\t_p_120_1176\ocr\000472_00000472.txt
t_p_120_1176:t_p_120_1176_p000473,t_p_120_1176,T.P. 120/1176,25-21-00,473,404,,,t_p_120_1176,000473,http://localhost:8080/rescarta/t_p_120_1176/000473,http://localhost:8080/rescarta/t_p_120_1176/000473,local_data\rescarta_exports\t_p_120_1176\pages\000473_00000473.tif,local_data\rescarta_exports\t_p_120_1176\ocr\000473_00000473.txt
t_p_120_1176:t_p_120_1176_p000474,t_p_120_1176,T.P. 120/1176,25-21-00,474,501,,,t_p_120_1176,000474,http://localhost:8080/rescarta/t_p_120_1176/000474,http://localhost:8080/rescarta/t_p_120_1176/000474,local_data\rescarta_exports\t_p_120_1176\pages\000474_00000474.tif,local_data\rescarta_exports\t_p_120_1176\ocr\000474_00000474.txt
t_p_120_1176:t_p_120_1176_p000475,t_p_120_1176,T.P. 120/1176,25-21-00,475,601,,,t_p_120_1176,000475,http://localhost:8080/rescarta/t_p_120_1176/000475,http://localhost:8080/rescarta/t_p_120_1176/000475,local_data\rescarta_exports\t_p_120_1176\pages\000475_00000475.tif,local_data\rescarta_exports\t_p_120_1176\ocr\000475_00000475.txt
t_p_120_1176:t_p_120_1176_p000476,t_p_120_1176,T.P. 120/1176,25-21-00,476,602,,,t_p_120_1176,000476,http://localhost:8080/rescarta/t_p_120_1176/000476,http://localhost:8080/rescarta/t_p_120_1176/000476,local_data\rescarta_exports\t_p_120_1176\pages\000476_00000476.tif,local_data\rescarta_exports\t_p_120_1176\ocr\000476_00000476.txt
t_p_120_1176:t_p_120_1176_p000477,t_p_120_1176,T.P. 120/1176,25-21-00,477,603,,,t_p_120_1176,000477,http://localhost:8080/rescarta/t_p_120_1176/000477,http://localhost:8080/rescarta/t_p_120_1176/000477,local_data\rescarta_exports\t_p_120_1176\pages\000477_00000477.tif,local_data\rescarta_exports\t_p_120_1176\ocr\000477_00000477.txt
t_p_120_1176:t_p_120_1176_p000478,t_p_120_1176,T.P. 120/1176,51-70-01,478,604,,,t_p_120_1176,000478,http://localhost:8080/rescarta/t_p_120_1176/000478,http://localhost:8080/rescarta/t_p_120_1176/000478,local_data\rescarta_exports\t_p_120_1176\pages\000478_00000478.tif,local_data\rescarta_exports\t_p_120_1176\ocr\000478_00000478.txt
t_p_120_1176:t_p_120_1176_p000479,t_p_120_1176,T.P. 120/1176,25-21-00,479,605,,,t_p_120_1176,000479,http://localhost:8080/rescarta/t_p_120_1176/000479,http://localhost:8080/rescarta/t_p_120_1176/000479,local_data\rescarta_exports\t_p_120_1176\pages\000479_00000479.tif,local_data\rescarta_exports\t_p_120_1176\ocr\000479_00000479.txt
t_p_120_1176:t_p_120_1176_p000480,t_p_120_1176,T.P. 120/1176,25-21-00,480,606,,,t_p_120_1176,000480,http://localhost:8080/rescarta/t_p_120_1176/000480,http://localhost:8080/rescarta/t_p_120_1176/000480,local_data\rescarta_exports\t_p_120_1176\pages\000480_00000480.tif,local_data\rescarta_exports\t_p_120_1176\ocr\000480_00000480.txt
t_p_120_1176:t_p_120_1176_p000481,t_p_120_1176,T.P. 120/1176,25-21-00,481,607,,,t_p_120_1176,000481,http://localhost:8080/rescarta/t_p_120_1176/000481,http://localhost:8080/rescarta/t_p_120_1176/000481,local_data\rescarta_exports\t_p_120_1176\pages\000481_00000481.tif,local_data\rescarta_exports\t_p_120_1176\ocr\000481_00000481.txt
t_p_120_1176:t_p_120_1176_p000482,t_p_120_1176,T.P. 120/1176,25-21-00,482,608,,,t_p_120_1176,000482,http://localhost:8080/rescarta/t_p_120_1176/000482,http://localhost:8080/rescarta/t_p_120_1176/000482,local_data\rescarta_exports\t_p_120_1176\pages\000482_00000482.tif,local_data\rescarta_exports\t_p_120_1176\ocr\000482_00000482.txt
t_p_120_1176:t_p_120_1176_p000483,t_p_120_1176,T.P. 120/1176,51-70-01,483,609,,,t_p_120_1176,000483,http://localhost:8080/rescarta/t_p_120_1176/000483,http://localhost:8080/rescarta/t_p_120_1176/000483,local_data\rescarta_exports\t_p_120_1176\pages\000483_00000483.tif,local_data\rescarta_exports\t_p_120_1176\ocr\000483_00000483.txt
t_p_120_1176:t_p_120_1176_p000484,t_p_120_1176,T.P. 120/1176,51-70-01,484,610,,,t_p_120_1176,000484,http://localhost:8080/rescarta/t_p_120_1176/000484,http://localhost:8080/rescarta/t_p_120_1176/000484,local_data\rescarta_exports\t_p_120_1176\pages\000484_00000484.tif,local_data\rescarta_exports\t_p_120_1176\ocr\000484_00000484.txt
t_p_120_1176:t_p_120_1176_p000485,t_p_120_1176,T.P. 120/1176,51-25-00,485,611,,,t_p_120_1176,000485,http://localhost:8080/rescarta/t_p_120_1176/000485,http://localhost:8080/rescarta/t_p_120_1176/000485,local_data\rescarta_exports\t_p_120_1176\pages\000485_00000485.tif,local_data\rescarta_exports\t_p_120_1176\ocr\000485_00000485.txt
t_p_120_1176:t_p_120_1176_p000486,t_p_120_1176,T.P. 120/1176,51-25-00,486,612,,,t_p_120_1176,000486,http://localhost:8080/rescarta/t_p_120_1176/000486,http://localhost:8080/rescarta/t_p_120_1176/000486,local_data\rescarta_exports\t_p_120_1176\pages\000486_00000486.tif,local_data\rescarta_exports\t_p_120_1176\ocr\000486_00000486.txt
t_p_120_1176:t_p_120_1176_p000487,t_p_120_1176,T.P. 120/1176,51-25-00,487,613,,,t_p_120_1176,000487,http://localhost:8080/rescarta/t_p_120_1176/000487,http://localhost:8080/rescarta/t_p_120_1176/000487,local_data\rescarta_exports\t_p_120_1176\pages\000487_00000487.tif,local_data\rescarta_exports\t_p_120_1176\ocr\000487_00000487.txt
t_p_120_1176:t_p_120_1176_p000488,t_p_120_1176,T.P. 120/1176,51-21-05,488,614,,,t_p_120_1176,000488,http://localhost:8080/rescarta/t_p_120_1176/000488,http://localhost:8080/rescarta/t_p_120_1176/000488,local_data\rescarta_exports\t_p_120_1176\pages\000488_00000488.tif,local_data\rescarta_exports\t_p_120_1176\ocr\000488_00000488.txt
t_p_120_1176:t_p_120_1176_p000489,t_p_120_1176,T.P. 120/1176,25-21-00,489,615,,,t_p_120_1176,000489,http://localhost:8080/rescarta/t_p_120_1176/000489,http://localhost:8080/rescarta/t_p_120_1176/000489,local_data\rescarta_exports\t_p_120_1176\pages\000489_00000489.tif,local_data\rescarta_exports\t_p_120_1176\ocr\000489_00000489.txt
t_p_120_1176:t_p_120_1176_p000490,t_p_120_1176,T.P. 120/1176,25-21-00,490,616,,,t_p_120_1176,000490,http://localhost:8080/rescarta/t_p_120_1176/000490,http://localhost:8080/rescarta/t_p_120_1176/000490,local_data\rescarta_exports\t_p_120_1176\pages\000490_00000490.tif,local_data\rescarta_exports\t_p_120_1176\ocr\000490_00000490.txt
t_p_120_1176:t_p_120_1176_p000491,t_p_120_1176,T.P. 120/1176,25-21-00,491,617,,,t_p_120_1176,000491,http://localhost:8080/rescarta/t_p_120_1176/000491,http://localhost:8080/rescarta/t_p_120_1176/000491,local_data\rescarta_exports\t_p_120_1176\pages\000491_00000491.tif,local_data\rescarta_exports\t_p_120_1176\ocr\000491_00000491.txt
t_p_120_1176:t_p_120_1176_p000492,t_p_120_1176,T.P. 120/1176,25-21-00,492,618,,,t_p_120_1176,000492,http://localhost:8080/rescarta/t_p_120_1176/000492,http://localhost:8080/rescarta/t_p_120_1176/000492,local_data\rescarta_exports\t_p_120_1176\pages\000492_00000492.tif,local_data\rescarta_exports\t_p_120_1176\ocr\000492_00000492.txt
t_p_120_1176:t_p_120_1176_p000493,t_p_120_1176,T.P. 120/1176,25-21-00,493,619,,,t_p_120_1176,000493,http://localhost:8080/rescarta/t_p_120_1176/000493,http://localhost:8080/rescarta/t_p_120_1176/000493,local_data\rescarta_exports\t_p_120_1176\pages\000493_00000493.tif,local_data\rescarta_exports\t_p_120_1176\ocr\000493_00000493.txt
t_p_120_1176:t_p_120_1176_p000494,t_p_120_1176,T.P. 120/1176,25-21-00,494,620,,,t_p_120_1176,000494,http://localhost:8080/rescarta/t_p_120_1176/000494,http://localhost:8080/rescarta/t_p_120_1176/000494,local_data\rescarta_exports\t_p_120_1176\pages\000494_00000494.tif,local_data\rescarta_exports\t_p_120_1176\ocr\000494_00000494.txt
t_p_120_1176:t_p_120_1176_p000495,t_p_120_1176,T.P. 120/1176,25-21-00,495,621,,,t_p_120_1176,000495,http://localhost:8080/rescarta/t_p_120_1176/000495,http://localhost:8080/rescarta/t_p_120_1176/000495,local_data\rescarta_exports\t_p_120_1176\pages\000495_00000495.tif,local_data\rescarta_exports\t_p_120_1176\ocr\000495_00000495.txt
t_p_120_1176:t_p_120_1176_p000496,t_p_120_1176,T.P. 120/1176,25-21-00,496,622,,,t_p_120_1176,000496,http://localhost:8080/rescarta/t_p_120_1176/000496,http://localhost:8080/rescarta/t_p_120_1176/000496,local_data\rescarta_exports\t_p_120_1176\pages\000496_00000496.tif,local_data\rescarta_exports\t_p_120_1176\ocr\000496_00000496.txt
t_p_120_1176:t_p_120_1176_p000497,t_p_120_1176,T.P. 120/1176,25-21-00,497,623,,,t_p_120_1176,000497,http://localhost:8080/rescarta/t_p_120_1176/000497,http://localhost:8080/rescarta/t_p_120_1176/000497,local_data\rescarta_exports\t_p_120_1176\pages\000497_00000497.tif,local_data\rescarta_exports\t_p_120_1176\ocr\000497_00000497.txt
t_p_120_1176:t_p_120_1176_p000498,t_p_120_1176,T.P. 120/1176,25-21-00,498,624,,,t_p_120_1176,000498,http://localhost:8080/rescarta/t_p_120_1176/000498,http://localhost:8080/rescarta/t_p_120_1176/000498,local_data\rescarta_exports\t_p_120_1176\pages\000498_00000498.tif,local_data\rescarta_exports\t_p_120_1176\ocr\000498_00000498.txt
t_p_120_1176:t_p_120_1176_p000499,t_p_120_1176,T.P. 120/1176,25-21-00,499,625,,,t_p_120_1176,000499,http://localhost:8080/rescarta/t_p_120_1176/000499,http://localhost:8080/rescarta/t_p_120_1176/000499,local_data\rescarta_exports\t_p_120_1176\pages\000499_00000499.tif,local_data\rescarta_exports\t_p_120_1176\ocr\000499_00000499.txt
t_p_120_1176:t_p_120_1176_p000500,t_p_120_1176,T.P. 120/1176,25-21-00,500,626,,,t_p_120_1176,000500,http://localhost:8080/rescarta/t_p_120_1176/000500,http://localhost:8080/rescarta/t_p_120_1176/000500,local_data\rescarta_exports\t_p_120_1176\pages\000500_00000500.tif,local_data\rescarta_exports\t_p_120_1176\ocr\000500_00000500.txt
t_p_120_1176:t_p_120_1176_p000501,t_p_120_1176,T.P. 120/1176,25-21-00,501,627,,,t_p_120_1176,000501,http://localhost:8080/rescarta/t_p_120_1176/000501,http://localhost:8080/rescarta/t_p_120_1176/000501,local_data\rescarta_exports\t_p_120_1176\pages\000501_00000501.tif,local_data\rescarta_exports\t_p_120_1176\ocr\000501_00000501.txt
t_p_120_1176:t_p_120_1176_p000502,t_p_120_1176,T.P. 120/1176,25-21-00,502,628,,,t_p_120_1176,000502,http://localhost:8080/rescarta/t_p_120_1176/000502,http://localhost:8080/rescarta/t_p_120_1176/000502,local_data\rescarta_exports\t_p_120_1176\pages\000502_00000502.tif,local_data\rescarta_exports\t_p_120_1176\ocr\000502_00000502.txt
t_p_120_1176:t_p_120_1176_p000503,t_p_120_1176,T.P. 120/1176,25-21-00,503,629,,,t_p_120_1176,000503,http://localhost:8080/rescarta/t_p_120_1176/000503,http://localhost:8080/rescarta/t_p_120_1176/000503,local_data\rescarta_exports\t_p_120_1176\pages\000503_00000503.tif,local_data\rescarta_exports\t_p_120_1176\ocr\000503_00000503.txt
t_p_120_1176:t_p_120_1176_p000504,t_p_120_1176,T.P. 120/1176,25-21-00,504,630,,,t_p_120_1176,000504,http://localhost:8080/rescarta/t_p_120_1176/000504,http://localhost:8080/rescarta/t_p_120_1176/000504,local_data\rescarta_exports\t_p_120_1176\pages\000504_00000504.tif,local_data\rescarta_exports\t_p_120_1176\ocr\000504_00000504.txt
t_p_120_1176:t_p_120_1176_p000505,t_p_120_1176,T.P. 120/1176,25-21-00,505,701,,,t_p_120_1176,000505,http://localhost:8080/rescarta/t_p_120_1176/000505,http://localhost:8080/rescarta/t_p_120_1176/000505,local_data\rescarta_exports\t_p_120_1176\pages\000505_00000505.tif,local_data\rescarta_exports\t_p_120_1176\ocr\000505_00000505.txt
t_p_120_1176:t_p_120_1176_p000506,t_p_120_1176,T.P. 120/1176,25-21-00,506,702,,,t_p_120_1176,000506,http://localhost:8080/rescarta/t_p_120_1176/000506,http://localhost:8080/rescarta/t_p_120_1176/000506,local_data\rescarta_exports\t_p_120_1176\pages\000506_00000506.tif,local_data\rescarta_exports\t_p_120_1176\ocr\000506_00000506.txt
t_p_120_1176:t_p_120_1176_p000507,t_p_120_1176,T.P. 120/1176,25-21-00,507,703,,,t_p_120_1176,000507,http://localhost:8080/rescarta/t_p_120_1176/000507,http://localhost:8080/rescarta/t_p_120_1176/000507,local_data\rescarta_exports\t_p_120_1176\pages\000507_00000507.tif,local_data\rescarta_exports\t_p_120_1176\ocr\000507_00000507.txt
t_p_120_1176:t_p_120_1176_p000508,t_p_120_1176,T.P. 120/1176,25-21-00,508,508,,,t_p_120_1176,000508,http://localhost:8080/rescarta/t_p_120_1176/000508,http://localhost:8080/rescarta/t_p_120_1176/000508,local_data\rescarta_exports\t_p_120_1176\pages\000508_00000508.tif,local_data\rescarta_exports\t_p_120_1176\ocr\000508_00000508.txt
t_p_120_1176:t_p_120_1176_p000509,t_p_120_1176,T.P. 120/1176,25-21-00,509,1,,CONTENTS,t_p_120_1176,000509,http://localhost:8080/rescarta/t_p_120_1176/000509,http://localhost:8080/rescarta/t_p_120_1176/000509,local_data\rescarta_exports\t_p_120_1176\pages\000509_00000509.tif,local_data\rescarta_exports\t_p_120_1176\ocr\000509_00000509.txt
