page_id,page_number,source_operational_route,route_subtype,source_validation_decision,source_validation_status,source_final_do_not_embed,ocr_word_count,part_number_count,ocr_sample_text,answer_permission,can_answer_directly,can_prove_claims,source_truth_mutation_allowed,unsafe_record,human_review_required,manual_review_required,postgres_write_attempt,qdrant_write_attempt,opensearch_write_attempt,retry_attempted,retry_status,retry_validation_decision,final_validated_operational_route,final_validation_score,final_validation_reasons,final_do_not_embed,qdrant_embedding_allowed,opensearch_index_allowed,candidate_probe_results
t_p_120_1176_p000001,1,plain_text,cover_or_title_page,validated_primary_route,PASS,False,63,0,,False,False,False,False,False,False,False,False,False,False,False,not_needed_already_validated,already_validated,plain_text,100.0,"[""plain_text_subtype"", ""meaningful_ocr_text"", ""low_part_number_density"", ""no_strong_row_structure"", ""text_context_terms""]",False,True,False,[]
t_p_120_1176_p000002,2,blank,blank_candidate,validated_primary_route,PASS,True,0,0,,False,False,False,False,False,False,False,False,False,False,False,not_needed_already_validated,already_validated,blank,100.0,"[""blank_subtype"", ""empty_or_near_empty_ocr"", ""no_part_number_tokens""]",True,False,False,[]
t_p_120_1176_p000003,3,table,detailed_parts_list,validated_primary_route,PASS,False,175,113,,False,False,False,False,False,False,False,False,False,False,False,not_needed_already_validated,already_validated,table,85.0,"[""table_subtype"", ""strong_part_number_density"", ""table_or_ipl_terms"", ""ocr_text_present""]",False,True,True,[]
t_p_120_1176_p000004,4,plain_text,procedure_or_description,validated_primary_route,PASS,False,128,0,,False,False,False,False,False,False,False,False,False,False,False,not_needed_already_validated,already_validated,plain_text,100.0,"[""plain_text_subtype"", ""meaningful_ocr_text"", ""low_part_number_density"", ""no_strong_row_structure"", ""text_context_terms""]",False,True,False,[]
t_p_120_1176_p000005,5,table,table_or_index,validated_primary_route,PASS,False,397,0,,False,False,False,False,False,False,False,False,False,False,False,not_needed_already_validated,already_validated,table,75.0,"[""table_subtype"", ""row_structure_signal"", ""table_or_ipl_terms"", ""ocr_text_present""]",False,True,True,[]
t_p_120_1176_p000006,6,table,table_or_index,validated_primary_route,PASS,False,417,0,,False,False,False,False,False,False,False,False,False,False,False,not_needed_already_validated,already_validated,table,75.0,"[""table_subtype"", ""row_structure_signal"", ""table_or_ipl_terms"", ""ocr_text_present""]",False,True,True,[]
t_p_120_1176_p000007,7,table,table_or_index,validated_primary_route,PASS,False,374,0,,False,False,False,False,False,False,False,False,False,False,False,not_needed_already_validated,already_validated,table,75.0,"[""table_subtype"", ""row_structure_signal"", ""table_or_ipl_terms"", ""ocr_text_present""]",False,True,True,[]
t_p_120_1176_p000008,8,table,table_or_index,validated_primary_route,PASS,False,368,0,,False,False,False,False,False,False,False,False,False,False,False,not_needed_already_validated,already_validated,table,75.0,"[""table_subtype"", ""row_structure_signal"", ""table_or_ipl_terms"", ""ocr_text_present""]",False,True,True,[]
t_p_120_1176_p000009,9,table,table_or_index,validated_primary_route,PASS,False,373,0,,False,False,False,False,False,False,False,False,False,False,False,not_needed_already_validated,already_validated,table,75.0,"[""table_subtype"", ""row_structure_signal"", ""table_or_ipl_terms"", ""ocr_text_present""]",False,True,True,[]
t_p_120_1176_p000010,10,table,table_or_index,validated_primary_route,PASS,False,364,0,,False,False,False,False,False,False,False,False,False,False,False,not_needed_already_validated,already_validated,table,75.0,"[""table_subtype"", ""row_structure_signal"", ""table_or_ipl_terms"", ""ocr_text_present""]",False,True,True,[]
t_p_120_1176_p000011,11,table,table_or_index,validator_gated_unresolved,VALIDATOR_GATED_UNRESOLVED,True,264,0,,False,False,False,False,False,False,False,False,False,False,True,retry_validated,retry_validated_primary_or_candidate_route,plain_text,65.0,"[""substantial_ocr_text"", ""low_part_number_density"", ""low_table_term_density""]",False,True,False,"[{""final_do_not_embed"": false, ""opensearch_index_allowed"": true, ""passed"": false, ""qdrant_embedding_allowed"": true, ""reasons"": [""table_subtype_prior""], ""route"": ""table"", ""score"": 10.0}, {""final_do_not_embed"": false, ""opensearch_index_allowed"": false, ""passed"": true, ""qdrant_embedding_allowed"": true, ""reasons"": [""substantial_ocr_text"", ""low_part_number_density"", ""low_table_term_density""], ""route"": ""plain_text"", ""score"": 65.0}, {""final_do_not_embed"": false, ""opensearch_index_allowed"": false, ""passed"": false, ""qdrant_embedding_allowed"": true, ""reasons"": [""no_part_numbers""], ""route"": ""image"", ""score"": 10.0}, {""final_do_not_embed"": true, ""opensearch_index_allowed"": false, ""passed"": false, ""qdrant_embedding_allowed"": false, ""reasons"": [""no_part_numbers"", ""blank_subtype_or_empty_sample""], ""route"": ""blank"", ""score"": 30.0}]"
t_p_120_1176_p000012,12,blank,blank_candidate,validated_primary_route,PASS,True,0,0,,False,False,False,False,False,False,False,False,False,False,False,not_needed_already_validated,already_validated,blank,100.0,"[""blank_subtype"", ""empty_or_near_empty_ocr"", ""no_part_number_tokens""]",True,False,False,[]
t_p_120_1176_p000013,13,table,table_or_index,validator_gated_unresolved,VALIDATOR_GATED_UNRESOLVED,True,84,0,,False,False,False,False,False,False,False,False,False,False,True,retry_validated,retry_validated_primary_or_candidate_route,plain_text,65.0,"[""substantial_ocr_text"", ""low_part_number_density"", ""low_table_term_density""]",False,True,False,"[{""final_do_not_embed"": false, ""opensearch_index_allowed"": true, ""passed"": false, ""qdrant_embedding_allowed"": true, ""reasons"": [""table_subtype_prior""], ""route"": ""table"", ""score"": 10.0}, {""final_do_not_embed"": false, ""opensearch_index_allowed"": false, ""passed"": true, ""qdrant_embedding_allowed"": true, ""reasons"": [""substantial_ocr_text"", ""low_part_number_density"", ""low_table_term_density""], ""route"": ""plain_text"", ""score"": 65.0}, {""final_do_not_embed"": false, ""opensearch_index_allowed"": false, ""passed"": false, ""qdrant_embedding_allowed"": true, ""reasons"": [""sparse_ocr"", ""no_part_numbers""], ""route"": ""image"", ""score"": 30.0}, {""final_do_not_embed"": true, ""opensearch_index_allowed"": false, ""passed"": false, ""qdrant_embedding_allowed"": false, ""reasons"": [""no_part_numbers"", ""blank_subtype_or_empty_sample""], ""route"": ""blank"", ""score"": 30.0}]"
t_p_120_1176_p000014,14,plain_text,review_required,validator_gated_unresolved,VALIDATOR_GATED_UNRESOLVED,True,75,0,,False,False,False,False,False,False,False,False,False,False,True,retry_unresolved_validator_gated,validator_gated_unresolved_after_retry,,55.0,"[""no_candidate_probe_met_threshold"", ""moderate_ocr_text"", ""low_part_number_density"", ""low_table_term_density""]",True,False,False,"[{""final_do_not_embed"": false, ""opensearch_index_allowed"": false, ""passed"": false, ""qdrant_embedding_allowed"": true, ""reasons"": [""moderate_ocr_text"", ""low_part_number_density"", ""low_table_term_density""], ""route"": ""plain_text"", ""score"": 55.0}, {""final_do_not_embed"": false, ""opensearch_index_allowed"": true, ""passed"": false, ""qdrant_embedding_allowed"": true, ""reasons"": [], ""route"": ""table"", ""score"": 0.0}, {""final_do_not_embed"": false, ""opensearch_index_allowed"": false, ""passed"": false, ""qdrant_embedding_allowed"": true, ""reasons"": [""sparse_ocr"", ""no_part_numbers""], ""route"": ""image"", ""score"": 30.0}, {""final_do_not_embed"": true, ""opensearch_index_allowed"": false, ""passed"": false, ""qdrant_embedding_allowed"": false, ""reasons"": [""no_part_numbers"", ""blank_subtype_or_empty_sample""], ""route"": ""blank"", ""score"": 30.0}]"
t_p_120_1176_p000015,15,plain_text,procedure_or_description,validated_primary_route,PASS,False,305,0,,False,False,False,False,False,False,False,False,False,False,False,not_needed_already_validated,already_validated,plain_text,100.0,"[""plain_text_subtype"", ""meaningful_ocr_text"", ""low_part_number_density"", ""no_strong_row_structure"", ""text_context_terms""]",False,True,False,[]
t_p_120_1176_p000016,16,plain_text,procedure_or_description,validated_primary_route,PASS,False,223,0,,False,False,False,False,False,False,False,False,False,False,False,not_needed_already_validated,already_validated,plain_text,100.0,"[""plain_text_subtype"", ""meaningful_ocr_text"", ""low_part_number_density"", ""no_strong_row_structure"", ""text_context_terms""]",False,True,False,[]
t_p_120_1176_p000017,17,image,image_visual_diagram,validated_primary_route,PASS,False,39,0,,False,False,False,False,False,False,False,False,False,False,False,not_needed_already_validated,already_validated,image,100.0,"[""image_subtype"", ""legacy_image_visual"", ""sparse_ocr_text"", ""concrete_visual_or_figure_signal"", ""not_table_like""]",False,True,False,[]
t_p_120_1176_p000018,18,image,image_visual_diagram,validated_primary_route,PASS,False,43,0,,False,False,False,False,False,False,False,False,False,False,False,not_needed_already_validated,already_validated,image,100.0,"[""image_subtype"", ""legacy_image_visual"", ""sparse_ocr_text"", ""concrete_visual_or_figure_signal"", ""not_table_like""]",False,True,False,[]
t_p_120_1176_p000019,19,image,image_visual_diagram,validated_primary_route,PASS,False,53,0,,False,False,False,False,False,False,False,False,False,False,False,not_needed_already_validated,already_validated,image,100.0,"[""image_subtype"", ""legacy_image_visual"", ""sparse_ocr_text"", ""concrete_visual_or_figure_signal"", ""not_table_like""]",False,True,False,[]
t_p_120_1176_p000020,20,table,table_or_index,validator_gated_unresolved,VALIDATOR_GATED_UNRESOLVED,True,273,0,,False,False,False,False,False,False,False,False,False,False,True,retry_validated,retry_validated_primary_or_candidate_route,plain_text,65.0,"[""substantial_ocr_text"", ""low_part_number_density"", ""low_table_term_density""]",False,True,False,"[{""final_do_not_embed"": false, ""opensearch_index_allowed"": true, ""passed"": false, ""qdrant_embedding_allowed"": true, ""reasons"": [""table_subtype_prior""], ""route"": ""table"", ""score"": 10.0}, {""final_do_not_embed"": false, ""opensearch_index_allowed"": false, ""passed"": true, ""qdrant_embedding_allowed"": true, ""reasons"": [""substantial_ocr_text"", ""low_part_number_density"", ""low_table_term_density""], ""route"": ""plain_text"", ""score"": 65.0}, {""final_do_not_embed"": false, ""opensearch_index_allowed"": false, ""passed"": false, ""qdrant_embedding_allowed"": true, ""reasons"": [""no_part_numbers""], ""route"": ""image"", ""score"": 10.0}, {""final_do_not_embed"": true, ""opensearch_index_allowed"": false, ""passed"": false, ""qdrant_embedding_allowed"": false, ""reasons"": [""no_part_numbers"", ""blank_subtype_or_empty_sample""], ""route"": ""blank"", ""score"": 30.0}]"
t_p_120_1176_p000021,21,plain_text,normal_text,validated_primary_route,PASS,False,237,0,,False,False,False,False,False,False,False,False,False,False,False,not_needed_already_validated,already_validated,plain_text,90.0,"[""plain_text_subtype"", ""meaningful_ocr_text"", ""low_part_number_density"", ""no_strong_row_structure""]",False,True,False,[]
t_p_120_1176_p000022,22,plain_text,procedure_or_description,validated_primary_route,PASS,False,192,0,,False,False,False,False,False,False,False,False,False,False,False,not_needed_already_validated,already_validated,plain_text,100.0,"[""plain_text_subtype"", ""meaningful_ocr_text"", ""low_part_number_density"", ""no_strong_row_structure"", ""text_context_terms""]",False,True,False,[]
t_p_120_1176_p000023,23,plain_text,procedure_or_description,validated_primary_route,PASS,False,287,0,,False,False,False,False,False,False,False,False,False,False,False,not_needed_already_validated,already_validated,plain_text,100.0,"[""plain_text_subtype"", ""meaningful_ocr_text"", ""low_part_number_density"", ""no_strong_row_structure"", ""text_context_terms""]",False,True,False,[]
t_p_120_1176_p000024,24,plain_text,normal_text,validated_primary_route,PASS,False,116,0,,False,False,False,False,False,False,False,False,False,False,False,not_needed_already_validated,already_validated,plain_text,90.0,"[""plain_text_subtype"", ""meaningful_ocr_text"", ""low_part_number_density"", ""no_strong_row_structure""]",False,True,False,[]
t_p_120_1176_p000025,25,blank,blank_candidate,validated_primary_route,PASS,True,0,0,,False,False,False,False,False,False,False,False,False,False,False,not_needed_already_validated,already_validated,blank,100.0,"[""blank_subtype"", ""empty_or_near_empty_ocr"", ""no_part_number_tokens""]",True,False,False,[]
t_p_120_1176_p000026,26,plain_text,review_required,validator_gated_unresolved,VALIDATOR_GATED_UNRESOLVED,True,20,0,,False,False,False,False,False,False,False,False,False,False,True,retry_unresolved_validator_gated,validator_gated_unresolved_after_retry,,30.0,"[""no_candidate_probe_met_threshold"", ""low_part_number_density"", ""low_table_term_density""]",True,False,False,"[{""final_do_not_embed"": false, ""opensearch_index_allowed"": false, ""passed"": false, ""qdrant_embedding_allowed"": true, ""reasons"": [""low_part_number_density"", ""low_table_term_density""], ""route"": ""plain_text"", ""score"": 30.0}, {""final_do_not_embed"": false, ""opensearch_index_allowed"": true, ""passed"": false, ""qdrant_embedding_allowed"": true, ""reasons"": [], ""route"": ""table"", ""score"": 0.0}, {""final_do_not_embed"": false, ""opensearch_index_allowed"": false, ""passed"": false, ""qdrant_embedding_allowed"": true, ""reasons"": [""sparse_ocr"", ""no_part_numbers""], ""route"": ""image"", ""score"": 30.0}, {""final_do_not_embed"": true, ""opensearch_index_allowed"": false, ""passed"": false, ""qdrant_embedding_allowed"": false, ""reasons"": [""no_part_numbers"", ""blank_subtype_or_empty_sample""], ""route"": ""blank"", ""score"": 30.0}]"
t_p_120_1176_p000027,27,table,table_or_index,validated_primary_route,PASS,False,303,0,,False,False,False,False,False,False,False,False,False,False,False,not_needed_already_validated,already_validated,table,75.0,"[""table_subtype"", ""row_structure_signal"", ""table_or_ipl_terms"", ""ocr_text_present""]",False,True,True,[]
t_p_120_1176_p000028,28,table,table_or_index,validated_primary_route,PASS,False,305,0,,False,False,False,False,False,False,False,False,False,False,False,not_needed_already_validated,already_validated,table,75.0,"[""table_subtype"", ""row_structure_signal"", ""table_or_ipl_terms"", ""ocr_text_present""]",False,True,True,[]
t_p_120_1176_p000029,29,table,detailed_parts_list,validated_primary_route,PASS,False,281,5,,False,False,False,False,False,False,False,False,False,False,False,not_needed_already_validated,already_validated,table,97.0,"[""table_subtype"", ""moderate_part_number_density"", ""row_structure_signal"", ""table_or_ipl_terms"", ""ocr_text_present""]",False,True,True,[]
t_p_120_1176_p000030,30,table,detailed_parts_list,validated_primary_route,PASS,False,268,20,,False,False,False,False,False,False,False,False,False,False,False,not_needed_already_validated,already_validated,table,100.0,"[""table_subtype"", ""strong_part_number_density"", ""row_structure_signal"", ""table_or_ipl_terms"", ""ocr_text_present""]",False,True,True,[]
t_p_120_1176_p000031,31,table,detailed_parts_list,validated_primary_route,PASS,False,246,28,,False,False,False,False,False,False,False,False,False,False,False,not_needed_already_validated,already_validated,table,100.0,"[""table_subtype"", ""strong_part_number_density"", ""row_structure_signal"", ""table_or_ipl_terms"", ""ocr_text_present""]",False,True,True,[]
t_p_120_1176_p000032,32,table,detailed_parts_list,validated_primary_route,PASS,False,220,20,,False,False,False,False,False,False,False,False,False,False,False,not_needed_already_validated,already_validated,table,100.0,"[""table_subtype"", ""strong_part_number_density"", ""row_structure_signal"", ""table_or_ipl_terms"", ""ocr_text_present""]",False,True,True,[]
t_p_120_1176_p000033,33,table,detailed_parts_list,validated_primary_route,PASS,False,304,5,,False,False,False,False,False,False,False,False,False,False,False,not_needed_already_validated,already_validated,table,97.0,"[""table_subtype"", ""moderate_part_number_density"", ""row_structure_signal"", ""table_or_ipl_terms"", ""ocr_text_present""]",False,True,True,[]
t_p_120_1176_p000034,34,table,table_or_index,validated_primary_route,PASS,False,70,2,,False,False,False,False,False,False,False,False,False,False,False,not_needed_already_validated,already_validated,table,75.0,"[""table_subtype"", ""row_structure_signal"", ""table_or_ipl_terms"", ""ocr_text_present""]",False,True,True,[]
t_p_120_1176_p000035,35,blank,blank_candidate,validated_primary_route,PASS,True,0,0,,False,False,False,False,False,False,False,False,False,False,False,not_needed_already_validated,already_validated,blank,100.0,"[""blank_subtype"", ""empty_or_near_empty_ocr"", ""no_part_number_tokens""]",True,False,False,[]
t_p_120_1176_p000036,36,table,detailed_parts_list,validated_primary_route,PASS,False,264,16,,False,False,False,False,False,False,False,False,False,False,False,not_needed_already_validated,already_validated,table,100.0,"[""table_subtype"", ""strong_part_number_density"", ""row_structure_signal"", ""table_or_ipl_terms"", ""ocr_text_present""]",False,True,True,[]
t_p_120_1176_p000037,37,table,detailed_parts_list,validated_primary_route,PASS,False,300,6,,False,False,False,False,False,False,False,False,False,False,False,not_needed_already_validated,already_validated,table,97.0,"[""table_subtype"", ""moderate_part_number_density"", ""row_structure_signal"", ""table_or_ipl_terms"", ""ocr_text_present""]",False,True,True,[]
t_p_120_1176_p000038,38,table,detailed_parts_list,validated_primary_route,PASS,False,276,11,,False,False,False,False,False,False,False,False,False,False,False,not_needed_already_validated,already_validated,table,100.0,"[""table_subtype"", ""strong_part_number_density"", ""row_structure_signal"", ""table_or_ipl_terms"", ""ocr_text_present""]",False,True,True,[]
t_p_120_1176_p000039,39,table,detailed_parts_list,validated_primary_route,PASS,False,308,8,,False,False,False,False,False,False,False,False,False,False,False,not_needed_already_validated,already_validated,table,100.0,"[""table_subtype"", ""strong_part_number_density"", ""row_structure_signal"", ""table_or_ipl_terms"", ""ocr_text_present""]",False,True,True,[]
t_p_120_1176_p000040,40,table,detailed_parts_list,validated_primary_route,PASS,False,297,9,,False,False,False,False,False,False,False,False,False,False,False,not_needed_already_validated,already_validated,table,100.0,"[""table_subtype"", ""strong_part_number_density"", ""row_structure_signal"", ""table_or_ipl_terms"", ""ocr_text_present""]",False,True,True,[]
t_p_120_1176_p000041,41,table,detailed_parts_list,validated_primary_route,PASS,False,319,3,,False,False,False,False,False,False,False,False,False,False,False,not_needed_already_validated,already_validated,table,97.0,"[""table_subtype"", ""moderate_part_number_density"", ""row_structure_signal"", ""table_or_ipl_terms"", ""ocr_text_present""]",False,True,True,[]
t_p_120_1176_p000042,42,table,detailed_parts_list,validated_primary_route,PASS,False,293,8,,False,False,False,False,False,False,False,False,False,False,False,not_needed_already_validated,already_validated,table,100.0,"[""table_subtype"", ""strong_part_number_density"", ""row_structure_signal"", ""table_or_ipl_terms"", ""ocr_text_present""]",False,True,True,[]
t_p_120_1176_p000043,43,table,detailed_parts_list,validated_primary_route,PASS,False,292,15,,False,False,False,False,False,False,False,False,False,False,False,not_needed_already_validated,already_validated,table,100.0,"[""table_subtype"", ""strong_part_number_density"", ""row_structure_signal"", ""table_or_ipl_terms"", ""ocr_text_present""]",False,True,True,[]
t_p_120_1176_p000044,44,table,detailed_parts_list,validated_primary_route,PASS,False,274,10,,False,False,False,False,False,False,False,False,False,False,False,not_needed_already_validated,already_validated,table,100.0,"[""table_subtype"", ""strong_part_number_density"", ""row_structure_signal"", ""table_or_ipl_terms"", ""ocr_text_present""]",False,True,True,[]
t_p_120_1176_p000045,45,table,detailed_parts_list,validated_primary_route,PASS,False,308,7,,False,False,False,False,False,False,False,False,False,False,False,not_needed_already_validated,already_validated,table,97.0,"[""table_subtype"", ""moderate_part_number_density"", ""row_structure_signal"", ""table_or_ipl_terms"", ""ocr_text_present""]",False,True,True,[]
t_p_120_1176_p000046,46,table,detailed_parts_list,validated_primary_route,PASS,False,283,8,,False,False,False,False,False,False,False,False,False,False,False,not_needed_already_validated,already_validated,table,100.0,"[""table_subtype"", ""strong_part_number_density"", ""row_structure_signal"", ""table_or_ipl_terms"", ""ocr_text_present""]",False,True,True,[]
t_p_120_1176_p000047,47,table,detailed_parts_list,validated_primary_route,PASS,False,264,7,,False,False,False,False,False,False,False,False,False,False,False,not_needed_already_validated,already_validated,table,97.0,"[""table_subtype"", ""moderate_part_number_density"", ""row_structure_signal"", ""table_or_ipl_terms"", ""ocr_text_present""]",False,True,True,[]
t_p_120_1176_p000048,48,table,detailed_parts_list,validated_primary_route,PASS,False,287,3,,False,False,False,False,False,False,False,False,False,False,False,not_needed_already_validated,already_validated,table,97.0,"[""table_subtype"", ""moderate_part_number_density"", ""row_structure_signal"", ""table_or_ipl_terms"", ""ocr_text_present""]",False,True,True,[]
t_p_120_1176_p000049,49,table,table_or_index,validated_primary_route,PASS,False,295,2,,False,False,False,False,False,False,False,False,False,False,False,not_needed_already_validated,already_validated,table,75.0,"[""table_subtype"", ""row_structure_signal"", ""table_or_ipl_terms"", ""ocr_text_present""]",False,True,True,[]
t_p_120_1176_p000050,50,table,detailed_parts_list,validated_primary_route,PASS,False,268,16,,False,False,False,False,False,False,False,False,False,False,False,not_needed_already_validated,already_validated,table,100.0,"[""table_subtype"", ""strong_part_number_density"", ""row_structure_signal"", ""table_or_ipl_terms"", ""ocr_text_present""]",False,True,True,[]
t_p_120_1176_p000051,51,table,detailed_parts_list,validated_primary_route,PASS,False,280,7,,False,False,False,False,False,False,False,False,False,False,False,not_needed_already_validated,already_validated,table,97.0,"[""table_subtype"", ""moderate_part_number_density"", ""row_structure_signal"", ""table_or_ipl_terms"", ""ocr_text_present""]",False,True,True,[]
t_p_120_1176_p000052,52,table,detailed_parts_list,validated_primary_route,PASS,False,293,3,,False,False,False,False,False,False,False,False,False,False,False,not_needed_already_validated,already_validated,table,97.0,"[""table_subtype"", ""moderate_part_number_density"", ""row_structure_signal"", ""table_or_ipl_terms"", ""ocr_text_present""]",False,True,True,[]
t_p_120_1176_p000053,53,table,detailed_parts_list,validated_primary_route,PASS,False,281,6,,False,False,False,False,False,False,False,False,False,False,False,not_needed_already_validated,already_validated,table,97.0,"[""table_subtype"", ""moderate_part_number_density"", ""row_structure_signal"", ""table_or_ipl_terms"", ""ocr_text_present""]",False,True,True,[]
t_p_120_1176_p000054,54,table,detailed_parts_list,validated_primary_route,PASS,False,288,5,,False,False,False,False,False,False,False,False,False,False,False,not_needed_already_validated,already_validated,table,97.0,"[""table_subtype"", ""moderate_part_number_density"", ""row_structure_signal"", ""table_or_ipl_terms"", ""ocr_text_present""]",False,True,True,[]
t_p_120_1176_p000055,55,table,detailed_parts_list,validated_primary_route,PASS,False,282,6,,False,False,False,False,False,False,False,False,False,False,False,not_needed_already_validated,already_validated,table,97.0,"[""table_subtype"", ""moderate_part_number_density"", ""row_structure_signal"", ""table_or_ipl_terms"", ""ocr_text_present""]",False,True,True,[]
t_p_120_1176_p000056,56,table,detailed_parts_list,validated_primary_route,PASS,False,285,11,,False,False,False,False,False,False,False,False,False,False,False,not_needed_already_validated,already_validated,table,100.0,"[""table_subtype"", ""strong_part_number_density"", ""row_structure_signal"", ""table_or_ipl_terms"", ""ocr_text_present""]",False,True,True,[]
t_p_120_1176_p000057,57,table,detailed_parts_list,validated_primary_route,PASS,False,294,3,,False,False,False,False,False,False,False,False,False,False,False,not_needed_already_validated,already_validated,table,97.0,"[""table_subtype"", ""moderate_part_number_density"", ""row_structure_signal"", ""table_or_ipl_terms"", ""ocr_text_present""]",False,True,True,[]
t_p_120_1176_p000058,58,table,table_or_index,validated_primary_route,PASS,False,289,0,,False,False,False,False,False,False,False,False,False,False,False,not_needed_already_validated,already_validated,table,75.0,"[""table_subtype"", ""row_structure_signal"", ""table_or_ipl_terms"", ""ocr_text_present""]",False,True,True,[]
t_p_120_1176_p000059,59,table,table_or_index,validated_primary_route,PASS,False,291,0,,False,False,False,False,False,False,False,False,False,False,False,not_needed_already_validated,already_validated,table,75.0,"[""table_subtype"", ""row_structure_signal"", ""table_or_ipl_terms"", ""ocr_text_present""]",False,True,True,[]
t_p_120_1176_p000060,60,table,table_or_index,validated_primary_route,PASS,False,292,0,,False,False,False,False,False,False,False,False,False,False,False,not_needed_already_validated,already_validated,table,75.0,"[""table_subtype"", ""row_structure_signal"", ""table_or_ipl_terms"", ""ocr_text_present""]",False,True,True,[]
t_p_120_1176_p000061,61,table,table_or_index,validated_primary_route,PASS,False,285,0,,False,False,False,False,False,False,False,False,False,False,False,not_needed_already_validated,already_validated,table,75.0,"[""table_subtype"", ""row_structure_signal"", ""table_or_ipl_terms"", ""ocr_text_present""]",False,True,True,[]
t_p_120_1176_p000062,62,table,table_or_index,validated_primary_route,PASS,False,289,0,,False,False,False,False,False,False,False,False,False,False,False,not_needed_already_validated,already_validated,table,75.0,"[""table_subtype"", ""row_structure_signal"", ""table_or_ipl_terms"", ""ocr_text_present""]",False,True,True,[]
t_p_120_1176_p000063,63,table,table_or_index,validated_primary_route,PASS,False,287,0,,False,False,False,False,False,False,False,False,False,False,False,not_needed_already_validated,already_validated,table,75.0,"[""table_subtype"", ""row_structure_signal"", ""table_or_ipl_terms"", ""ocr_text_present""]",False,True,True,[]
t_p_120_1176_p000064,64,table,table_or_index,validated_primary_route,PASS,False,294,0,,False,False,False,False,False,False,False,False,False,False,False,not_needed_already_validated,already_validated,table,75.0,"[""table_subtype"", ""row_structure_signal"", ""table_or_ipl_terms"", ""ocr_text_present""]",False,True,True,[]
t_p_120_1176_p000065,65,table,table_or_index,validated_primary_route,PASS,False,277,0,,False,False,False,False,False,False,False,False,False,False,False,not_needed_already_validated,already_validated,table,75.0,"[""table_subtype"", ""row_structure_signal"", ""table_or_ipl_terms"", ""ocr_text_present""]",False,True,True,[]
t_p_120_1176_p000066,66,table,table_or_index,validated_primary_route,PASS,False,301,0,,False,False,False,False,False,False,False,False,False,False,False,not_needed_already_validated,already_validated,table,75.0,"[""table_subtype"", ""row_structure_signal"", ""table_or_ipl_terms"", ""ocr_text_present""]",False,True,True,[]
t_p_120_1176_p000067,67,table,table_or_index,validated_primary_route,PASS,False,274,0,,False,False,False,False,False,False,False,False,False,False,False,not_needed_already_validated,already_validated,table,75.0,"[""table_subtype"", ""row_structure_signal"", ""table_or_ipl_terms"", ""ocr_text_present""]",False,True,True,[]
t_p_120_1176_p000068,68,table,table_or_index,validated_primary_route,PASS,False,332,0,,False,False,False,False,False,False,False,False,False,False,False,not_needed_already_validated,already_validated,table,75.0,"[""table_subtype"", ""row_structure_signal"", ""table_or_ipl_terms"", ""ocr_text_present""]",False,True,True,[]
t_p_120_1176_p000069,69,table,table_or_index,validated_primary_route,PASS,False,291,0,,False,False,False,False,False,False,False,False,False,False,False,not_needed_already_validated,already_validated,table,75.0,"[""table_subtype"", ""row_structure_signal"", ""table_or_ipl_terms"", ""ocr_text_present""]",False,True,True,[]
t_p_120_1176_p000070,70,table,table_or_index,validated_primary_route,PASS,False,304,0,,False,False,False,False,False,False,False,False,False,False,False,not_needed_already_validated,already_validated,table,75.0,"[""table_subtype"", ""row_structure_signal"", ""table_or_ipl_terms"", ""ocr_text_present""]",False,True,True,[]
t_p_120_1176_p000071,71,table,table_or_index,validated_primary_route,PASS,False,281,0,,False,False,False,False,False,False,False,False,False,False,False,not_needed_already_validated,already_validated,table,75.0,"[""table_subtype"", ""row_structure_signal"", ""table_or_ipl_terms"", ""ocr_text_present""]",False,True,True,[]
t_p_120_1176_p000072,72,table,table_or_index,validated_primary_route,PASS,False,275,0,,False,False,False,False,False,False,False,False,False,False,False,not_needed_already_validated,already_validated,table,75.0,"[""table_subtype"", ""row_structure_signal"", ""table_or_ipl_terms"", ""ocr_text_present""]",False,True,True,[]
t_p_120_1176_p000073,73,table,table_or_index,validated_primary_route,PASS,False,284,0,,False,False,False,False,False,False,False,False,False,False,False,not_needed_already_validated,already_validated,table,75.0,"[""table_subtype"", ""row_structure_signal"", ""table_or_ipl_terms"", ""ocr_text_present""]",False,True,True,[]
t_p_120_1176_p000074,74,table,table_or_index,validated_primary_route,PASS,False,290,0,,False,False,False,False,False,False,False,False,False,False,False,not_needed_already_validated,already_validated,table,75.0,"[""table_subtype"", ""row_structure_signal"", ""table_or_ipl_terms"", ""ocr_text_present""]",False,True,True,[]
t_p_120_1176_p000075,75,table,table_or_index,validated_primary_route,PASS,False,288,0,,False,False,False,False,False,False,False,False,False,False,False,not_needed_already_validated,already_validated,table,75.0,"[""table_subtype"", ""row_structure_signal"", ""table_or_ipl_terms"", ""ocr_text_present""]",False,True,True,[]
t_p_120_1176_p000076,76,table,table_or_index,validated_primary_route,PASS,False,291,0,,False,False,False,False,False,False,False,False,False,False,False,not_needed_already_validated,already_validated,table,75.0,"[""table_subtype"", ""row_structure_signal"", ""table_or_ipl_terms"", ""ocr_text_present""]",False,True,True,[]
t_p_120_1176_p000077,77,table,table_or_index,validated_primary_route,PASS,False,313,0,,False,False,False,False,False,False,False,False,False,False,False,not_needed_already_validated,already_validated,table,75.0,"[""table_subtype"", ""row_structure_signal"", ""table_or_ipl_terms"", ""ocr_text_present""]",False,True,True,[]
t_p_120_1176_p000078,78,table,table_or_index,validated_primary_route,PASS,False,76,0,,False,False,False,False,False,False,False,False,False,False,False,not_needed_already_validated,already_validated,table,75.0,"[""table_subtype"", ""row_structure_signal"", ""table_or_ipl_terms"", ""ocr_text_present""]",False,True,True,[]
t_p_120_1176_p000079,79,blank,blank_candidate,validated_primary_route,PASS,True,0,0,,False,False,False,False,False,False,False,False,False,False,False,not_needed_already_validated,already_validated,blank,100.0,"[""blank_subtype"", ""empty_or_near_empty_ocr"", ""no_part_number_tokens""]",True,False,False,[]
t_p_120_1176_p000080,80,plain_text,review_required,validator_gated_unresolved,VALIDATOR_GATED_UNRESOLVED,True,21,0,,False,False,False,False,False,False,False,False,False,False,True,retry_unresolved_validator_gated,validator_gated_unresolved_after_retry,,30.0,"[""no_candidate_probe_met_threshold"", ""low_part_number_density"", ""low_table_term_density""]",True,False,False,"[{""final_do_not_embed"": false, ""opensearch_index_allowed"": false, ""passed"": false, ""qdrant_embedding_allowed"": true, ""reasons"": [""low_part_number_density"", ""low_table_term_density""], ""route"": ""plain_text"", ""score"": 30.0}, {""final_do_not_embed"": false, ""opensearch_index_allowed"": true, ""passed"": false, ""qdrant_embedding_allowed"": true, ""reasons"": [], ""route"": ""table"", ""score"": 0.0}, {""final_do_not_embed"": false, ""opensearch_index_allowed"": false, ""passed"": false, ""qdrant_embedding_allowed"": true, ""reasons"": [""sparse_ocr"", ""no_part_numbers""], ""route"": ""image"", ""score"": 30.0}, {""final_do_not_embed"": true, ""opensearch_index_allowed"": false, ""passed"": false, ""qdrant_embedding_allowed"": false, ""reasons"": [""no_part_numbers"", ""blank_subtype_or_empty_sample""], ""route"": ""blank"", ""score"": 30.0}]"
t_p_120_1176_p000081,81,table,review_required,validator_gated_unresolved,VALIDATOR_GATED_UNRESOLVED,True,75,1,,False,False,False,False,False,False,False,False,False,False,True,retry_unresolved_validator_gated,validator_gated_unresolved_after_retry,,55.0,"[""no_candidate_probe_met_threshold"", ""moderate_ocr_text"", ""low_part_number_density"", ""low_table_term_density""]",True,False,False,"[{""final_do_not_embed"": false, ""opensearch_index_allowed"": true, ""passed"": false, ""qdrant_embedding_allowed"": true, ""reasons"": [], ""route"": ""table"", ""score"": 0.0}, {""final_do_not_embed"": false, ""opensearch_index_allowed"": false, ""passed"": false, ""qdrant_embedding_allowed"": true, ""reasons"": [""moderate_ocr_text"", ""low_part_number_density"", ""low_table_term_density""], ""route"": ""plain_text"", ""score"": 55.0}, {""final_do_not_embed"": false, ""opensearch_index_allowed"": false, ""passed"": false, ""qdrant_embedding_allowed"": true, ""reasons"": [""sparse_ocr""], ""route"": ""image"", ""score"": 20.0}, {""final_do_not_embed"": true, ""opensearch_index_allowed"": false, ""passed"": false, ""qdrant_embedding_allowed"": false, ""reasons"": [""blank_subtype_or_empty_sample""], ""route"": ""blank"", ""score"": 15.0}]"
t_p_120_1176_p000082,82,table,detailed_parts_list,validated_primary_route,PASS,False,244,11,,False,False,False,False,False,False,False,False,False,False,False,not_needed_already_validated,already_validated,table,85.0,"[""table_subtype"", ""strong_part_number_density"", ""table_or_ipl_terms"", ""ocr_text_present""]",False,True,True,[]
t_p_120_1176_p000083,83,table,detailed_parts_list,validated_primary_route,PASS,False,236,9,,False,False,False,False,False,False,False,False,False,False,False,not_needed_already_validated,already_validated,table,85.0,"[""table_subtype"", ""strong_part_number_density"", ""table_or_ipl_terms"", ""ocr_text_present""]",False,True,True,[]
t_p_120_1176_p000084,84,table,review_required,validator_gated_unresolved,VALIDATOR_GATED_UNRESOLVED,True,77,1,,False,False,False,False,False,False,False,False,False,False,True,retry_unresolved_validator_gated,validator_gated_unresolved_after_retry,,55.0,"[""no_candidate_probe_met_threshold"", ""moderate_ocr_text"", ""low_part_number_density"", ""low_table_term_density""]",True,False,False,"[{""final_do_not_embed"": false, ""opensearch_index_allowed"": true, ""passed"": false, ""qdrant_embedding_allowed"": true, ""reasons"": [], ""route"": ""table"", ""score"": 0.0}, {""final_do_not_embed"": false, ""opensearch_index_allowed"": false, ""passed"": false, ""qdrant_embedding_allowed"": true, ""reasons"": [""moderate_ocr_text"", ""low_part_number_density"", ""low_table_term_density""], ""route"": ""plain_text"", ""score"": 55.0}, {""final_do_not_embed"": false, ""opensearch_index_allowed"": false, ""passed"": false, ""qdrant_embedding_allowed"": true, ""reasons"": [""sparse_ocr""], ""route"": ""image"", ""score"": 20.0}, {""final_do_not_embed"": true, ""opensearch_index_allowed"": false, ""passed"": false, ""qdrant_embedding_allowed"": false, ""reasons"": [""blank_subtype_or_empty_sample""], ""route"": ""blank"", ""score"": 15.0}]"
t_p_120_1176_p000085,85,table,detailed_parts_list,validated_primary_route,PASS,False,247,11,,False,False,False,False,False,False,False,False,False,False,False,not_needed_already_validated,already_validated,table,85.0,"[""table_subtype"", ""strong_part_number_density"", ""table_or_ipl_terms"", ""ocr_text_present""]",False,True,True,[]
t_p_120_1176_p000086,86,table,detailed_parts_list,validated_primary_route,PASS,False,219,8,,False,False,False,False,False,False,False,False,False,False,False,not_needed_already_validated,already_validated,table,85.0,"[""table_subtype"", ""strong_part_number_density"", ""table_or_ipl_terms"", ""ocr_text_present""]",False,True,True,[]
t_p_120_1176_p000087,87,plain_text,normal_text,validated_primary_route,PASS,False,99,2,,False,False,False,False,False,False,False,False,False,False,False,not_needed_already_validated,already_validated,plain_text,90.0,"[""plain_text_subtype"", ""meaningful_ocr_text"", ""low_part_number_density"", ""no_strong_row_structure""]",False,True,False,[]
t_p_120_1176_p000088,88,table,detailed_parts_list,validated_primary_route,PASS,False,226,11,,False,False,False,False,False,False,False,False,False,False,False,not_needed_already_validated,already_validated,table,85.0,"[""table_subtype"", ""strong_part_number_density"", ""table_or_ipl_terms"", ""ocr_text_present""]",False,True,True,[]
t_p_120_1176_p000089,89,table,detailed_parts_list,validated_primary_route,PASS,False,189,9,,False,False,False,False,False,False,False,False,False,False,False,not_needed_already_validated,already_validated,table,85.0,"[""table_subtype"", ""strong_part_number_density"", ""table_or_ipl_terms"", ""ocr_text_present""]",False,True,True,[]
t_p_120_1176_p000090,90,table,review_required,validator_gated_unresolved,VALIDATOR_GATED_UNRESOLVED,True,82,1,,False,False,False,False,False,False,False,False,False,False,True,retry_validated,retry_validated_primary_or_candidate_route,plain_text,65.0,"[""substantial_ocr_text"", ""low_part_number_density"", ""low_table_term_density""]",False,True,False,"[{""final_do_not_embed"": false, ""opensearch_index_allowed"": true, ""passed"": false, ""qdrant_embedding_allowed"": true, ""reasons"": [], ""route"": ""table"", ""score"": 0.0}, {""final_do_not_embed"": false, ""opensearch_index_allowed"": false, ""passed"": true, ""qdrant_embedding_allowed"": true, ""reasons"": [""substantial_ocr_text"", ""low_part_number_density"", ""low_table_term_density""], ""route"": ""plain_text"", ""score"": 65.0}, {""final_do_not_embed"": false, ""opensearch_index_allowed"": false, ""passed"": false, ""qdrant_embedding_allowed"": true, ""reasons"": [""sparse_ocr""], ""route"": ""image"", ""score"": 20.0}, {""final_do_not_embed"": true, ""opensearch_index_allowed"": false, ""passed"": false, ""qdrant_embedding_allowed"": false, ""reasons"": [""blank_subtype_or_empty_sample""], ""route"": ""blank"", ""score"": 15.0}]"
t_p_120_1176_p000091,91,blank,blank_candidate,validated_primary_route,PASS,True,0,0,,False,False,False,False,False,False,False,False,False,False,False,not_needed_already_validated,already_validated,blank,100.0,"[""blank_subtype"", ""empty_or_near_empty_ocr"", ""no_part_number_tokens""]",True,False,False,[]
t_p_120_1176_p000092,92,table,detailed_parts_list,validated_primary_route,PASS,False,271,16,,False,False,False,False,False,False,False,False,False,False,False,not_needed_already_validated,already_validated,table,85.0,"[""table_subtype"", ""strong_part_number_density"", ""table_or_ipl_terms"", ""ocr_text_present""]",False,True,True,[]
t_p_120_1176_p000093,93,plain_text,normal_text,validated_primary_route,PASS,False,84,1,,False,False,False,False,False,False,False,False,False,False,False,not_needed_already_validated,already_validated,plain_text,90.0,"[""plain_text_subtype"", ""meaningful_ocr_text"", ""low_part_number_density"", ""no_strong_row_structure""]",False,True,False,[]
t_p_120_1176_p000094,94,table,review_required,validator_gated_unresolved,VALIDATOR_GATED_UNRESOLVED,True,72,1,,False,False,False,False,False,False,False,False,False,False,True,retry_unresolved_validator_gated,validator_gated_unresolved_after_retry,,55.0,"[""no_candidate_probe_met_threshold"", ""moderate_ocr_text"", ""low_part_number_density"", ""low_table_term_density""]",True,False,False,"[{""final_do_not_embed"": false, ""opensearch_index_allowed"": true, ""passed"": false, ""qdrant_embedding_allowed"": true, ""reasons"": [], ""route"": ""table"", ""score"": 0.0}, {""final_do_not_embed"": false, ""opensearch_index_allowed"": false, ""passed"": false, ""qdrant_embedding_allowed"": true, ""reasons"": [""moderate_ocr_text"", ""low_part_number_density"", ""low_table_term_density""], ""route"": ""plain_text"", ""score"": 55.0}, {""final_do_not_embed"": false, ""opensearch_index_allowed"": false, ""passed"": false, ""qdrant_embedding_allowed"": true, ""reasons"": [""sparse_ocr""], ""route"": ""image"", ""score"": 20.0}, {""final_do_not_embed"": true, ""opensearch_index_allowed"": false, ""passed"": false, ""qdrant_embedding_allowed"": false, ""reasons"": [""blank_subtype_or_empty_sample""], ""route"": ""blank"", ""score"": 15.0}]"
t_p_120_1176_p000095,95,table,detailed_parts_list,validated_primary_route,PASS,False,238,11,,False,False,False,False,False,False,False,False,False,False,False,not_needed_already_validated,already_validated,table,85.0,"[""table_subtype"", ""strong_part_number_density"", ""table_or_ipl_terms"", ""ocr_text_present""]",False,True,True,[]
t_p_120_1176_p000096,96,table,detailed_parts_list,validated_primary_route,PASS,False,240,9,,False,False,False,False,False,False,False,False,False,False,False,not_needed_already_validated,already_validated,table,85.0,"[""table_subtype"", ""strong_part_number_density"", ""table_or_ipl_terms"", ""ocr_text_present""]",False,True,True,[]
t_p_120_1176_p000097,97,table,review_required,validator_gated_unresolved,VALIDATOR_GATED_UNRESOLVED,True,88,1,,False,False,False,False,False,False,False,False,False,False,True,retry_validated,retry_validated_primary_or_candidate_route,plain_text,65.0,"[""substantial_ocr_text"", ""low_part_number_density"", ""low_table_term_density""]",False,True,False,"[{""final_do_not_embed"": false, ""opensearch_index_allowed"": true, ""passed"": false, ""qdrant_embedding_allowed"": true, ""reasons"": [], ""route"": ""table"", ""score"": 0.0}, {""final_do_not_embed"": false, ""opensearch_index_allowed"": false, ""passed"": true, ""qdrant_embedding_allowed"": true, ""reasons"": [""substantial_ocr_text"", ""low_part_number_density"", ""low_table_term_density""], ""route"": ""plain_text"", ""score"": 65.0}, {""final_do_not_embed"": false, ""opensearch_index_allowed"": false, ""passed"": false, ""qdrant_embedding_allowed"": true, ""reasons"": [""sparse_ocr""], ""route"": ""image"", ""score"": 20.0}, {""final_do_not_embed"": true, ""opensearch_index_allowed"": false, ""passed"": false, ""qdrant_embedding_allowed"": false, ""reasons"": [""blank_subtype_or_empty_sample""], ""route"": ""blank"", ""score"": 15.0}]"
t_p_120_1176_p000098,98,table,detailed_parts_list,validated_primary_route,PASS,False,244,13,,False,False,False,False,False,False,False,False,False,False,False,not_needed_already_validated,already_validated,table,85.0,"[""table_subtype"", ""strong_part_number_density"", ""table_or_ipl_terms"", ""ocr_text_present""]",False,True,True,[]
t_p_120_1176_p000099,99,table,detailed_parts_list,validated_primary_route,PASS,False,123,4,,False,False,False,False,False,False,False,False,False,False,False,not_needed_already_validated,already_validated,table,72.0,"[""table_subtype"", ""moderate_part_number_density"", ""table_or_ipl_terms"", ""ocr_text_present""]",False,True,True,[]
t_p_120_1176_p000100,100,plain_text,normal_text,validated_primary_route,PASS,False,94,2,,False,False,False,False,False,False,False,False,False,False,False,not_needed_already_validated,already_validated,plain_text,90.0,"[""plain_text_subtype"", ""meaningful_ocr_text"", ""low_part_number_density"", ""no_strong_row_structure""]",False,True,False,[]
t_p_120_1176_p000101,101,table,detailed_parts_list,validated_primary_route,PASS,False,256,12,,False,False,False,False,False,False,False,False,False,False,False,not_needed_already_validated,already_validated,table,85.0,"[""table_subtype"", ""strong_part_number_density"", ""table_or_ipl_terms"", ""ocr_text_present""]",False,True,True,[]
t_p_120_1176_p000102,102,table,detailed_parts_list,validated_primary_route,PASS,False,155,9,,False,False,False,False,False,False,False,False,False,False,False,not_needed_already_validated,already_validated,table,85.0,"[""table_subtype"", ""strong_part_number_density"", ""table_or_ipl_terms"", ""ocr_text_present""]",False,True,True,[]
t_p_120_1176_p000103,103,blank,blank_candidate,validated_primary_route,PASS,True,0,0,,False,False,False,False,False,False,False,False,False,False,False,not_needed_already_validated,already_validated,blank,100.0,"[""blank_subtype"", ""empty_or_near_empty_ocr"", ""no_part_number_tokens""]",True,False,False,[]
t_p_120_1176_p000104,104,table,review_required,validator_gated_unresolved,VALIDATOR_GATED_UNRESOLVED,True,67,1,,False,False,False,False,False,False,False,False,False,False,True,retry_unresolved_validator_gated,validator_gated_unresolved_after_retry,,55.0,"[""no_candidate_probe_met_threshold"", ""moderate_ocr_text"", ""low_part_number_density"", ""low_table_term_density""]",True,False,False,"[{""final_do_not_embed"": false, ""opensearch_index_allowed"": true, ""passed"": false, ""qdrant_embedding_allowed"": true, ""reasons"": [], ""route"": ""table"", ""score"": 0.0}, {""final_do_not_embed"": false, ""opensearch_index_allowed"": false, ""passed"": false, ""qdrant_embedding_allowed"": true, ""reasons"": [""moderate_ocr_text"", ""low_part_number_density"", ""low_table_term_density""], ""route"": ""plain_text"", ""score"": 55.0}, {""final_do_not_embed"": false, ""opensearch_index_allowed"": false, ""passed"": false, ""qdrant_embedding_allowed"": true, ""reasons"": [""sparse_ocr""], ""route"": ""image"", ""score"": 20.0}, {""final_do_not_embed"": true, ""opensearch_index_allowed"": false, ""passed"": false, ""qdrant_embedding_allowed"": false, ""reasons"": [""blank_subtype_or_empty_sample""], ""route"": ""blank"", ""score"": 15.0}]"
t_p_120_1176_p000105,105,table,detailed_parts_list,validated_primary_route,PASS,False,221,11,,False,False,False,False,False,False,False,False,False,False,False,not_needed_already_validated,already_validated,table,85.0,"[""table_subtype"", ""strong_part_number_density"", ""table_or_ipl_terms"", ""ocr_text_present""]",False,True,True,[]
t_p_120_1176_p000106,106,table,detailed_parts_list,validated_primary_route,PASS,False,159,6,,False,False,False,False,False,False,False,False,False,False,False,not_needed_already_validated,already_validated,table,72.0,"[""table_subtype"", ""moderate_part_number_density"", ""table_or_ipl_terms"", ""ocr_text_present""]",False,True,True,[]
t_p_120_1176_p000107,107,table,review_required,validator_gated_unresolved,VALIDATOR_GATED_UNRESOLVED,True,68,1,,False,False,False,False,False,False,False,False,False,False,True,retry_unresolved_validator_gated,validator_gated_unresolved_after_retry,,55.0,"[""no_candidate_probe_met_threshold"", ""moderate_ocr_text"", ""low_part_number_density"", ""low_table_term_density""]",True,False,False,"[{""final_do_not_embed"": false, ""opensearch_index_allowed"": true, ""passed"": false, ""qdrant_embedding_allowed"": true, ""reasons"": [], ""route"": ""table"", ""score"": 0.0}, {""final_do_not_embed"": false, ""opensearch_index_allowed"": false, ""passed"": false, ""qdrant_embedding_allowed"": true, ""reasons"": [""moderate_ocr_text"", ""low_part_number_density"", ""low_table_term_density""], ""route"": ""plain_text"", ""score"": 55.0}, {""final_do_not_embed"": false, ""opensearch_index_allowed"": false, ""passed"": false, ""qdrant_embedding_allowed"": true, ""reasons"": [""sparse_ocr""], ""route"": ""image"", ""score"": 20.0}, {""final_do_not_embed"": true, ""opensearch_index_allowed"": false, ""passed"": false, ""qdrant_embedding_allowed"": false, ""reasons"": [""blank_subtype_or_empty_sample""], ""route"": ""blank"", ""score"": 15.0}]"
t_p_120_1176_p000108,108,table,detailed_parts_list,validated_primary_route,PASS,False,223,9,,False,False,False,False,False,False,False,False,False,False,False,not_needed_already_validated,already_validated,table,85.0,"[""table_subtype"", ""strong_part_number_density"", ""table_or_ipl_terms"", ""ocr_text_present""]",False,True,True,[]
t_p_120_1176_p000109,109,table,detailed_parts_list,validated_primary_route,PASS,False,119,6,,False,False,False,False,False,False,False,False,False,False,False,not_needed_already_validated,already_validated,table,72.0,"[""table_subtype"", ""moderate_part_number_density"", ""table_or_ipl_terms"", ""ocr_text_present""]",False,True,True,[]
t_p_120_1176_p000110,110,table,review_required,validator_gated_unresolved,VALIDATOR_GATED_UNRESOLVED,True,75,1,,False,False,False,False,False,False,False,False,False,False,True,retry_unresolved_validator_gated,validator_gated_unresolved_after_retry,,55.0,"[""no_candidate_probe_met_threshold"", ""moderate_ocr_text"", ""low_part_number_density"", ""low_table_term_density""]",True,False,False,"[{""final_do_not_embed"": false, ""opensearch_index_allowed"": true, ""passed"": false, ""qdrant_embedding_allowed"": true, ""reasons"": [], ""route"": ""table"", ""score"": 0.0}, {""final_do_not_embed"": false, ""opensearch_index_allowed"": false, ""passed"": false, ""qdrant_embedding_allowed"": true, ""reasons"": [""moderate_ocr_text"", ""low_part_number_density"", ""low_table_term_density""], ""route"": ""plain_text"", ""score"": 55.0}, {""final_do_not_embed"": false, ""opensearch_index_allowed"": false, ""passed"": false, ""qdrant_embedding_allowed"": true, ""reasons"": [""sparse_ocr""], ""route"": ""image"", ""score"": 20.0}, {""final_do_not_embed"": true, ""opensearch_index_allowed"": false, ""passed"": false, ""qdrant_embedding_allowed"": false, ""reasons"": [""blank_subtype_or_empty_sample""], ""route"": ""blank"", ""score"": 15.0}]"
t_p_120_1176_p000111,111,blank,blank_candidate,validated_primary_route,PASS,True,0,0,,False,False,False,False,False,False,False,False,False,False,False,not_needed_already_validated,already_validated,blank,100.0,"[""blank_subtype"", ""empty_or_near_empty_ocr"", ""no_part_number_tokens""]",True,False,False,[]
t_p_120_1176_p000112,112,table,detailed_parts_list,validated_primary_route,PASS,False,203,10,,False,False,False,False,False,False,False,False,False,False,False,not_needed_already_validated,already_validated,table,85.0,"[""table_subtype"", ""strong_part_number_density"", ""table_or_ipl_terms"", ""ocr_text_present""]",False,True,True,[]
t_p_120_1176_p000113,113,table,detailed_parts_list,validated_primary_route,PASS,False,163,7,,False,False,False,False,False,False,False,False,False,False,False,not_needed_already_validated,already_validated,table,72.0,"[""table_subtype"", ""moderate_part_number_density"", ""table_or_ipl_terms"", ""ocr_text_present""]",False,True,True,[]
t_p_120_1176_p000114,114,table,review_required,validator_gated_unresolved,VALIDATOR_GATED_UNRESOLVED,True,80,1,,False,False,False,False,False,False,False,False,False,False,True,retry_validated,retry_validated_primary_or_candidate_route,plain_text,65.0,"[""substantial_ocr_text"", ""low_part_number_density"", ""low_table_term_density""]",False,True,False,"[{""final_do_not_embed"": false, ""opensearch_index_allowed"": true, ""passed"": false, ""qdrant_embedding_allowed"": true, ""reasons"": [], ""route"": ""table"", ""score"": 0.0}, {""final_do_not_embed"": false, ""opensearch_index_allowed"": false, ""passed"": true, ""qdrant_embedding_allowed"": true, ""reasons"": [""substantial_ocr_text"", ""low_part_number_density"", ""low_table_term_density""], ""route"": ""plain_text"", ""score"": 65.0}, {""final_do_not_embed"": false, ""opensearch_index_allowed"": false, ""passed"": false, ""qdrant_embedding_allowed"": true, ""reasons"": [""sparse_ocr""], ""route"": ""image"", ""score"": 20.0}, {""final_do_not_embed"": true, ""opensearch_index_allowed"": false, ""passed"": false, ""qdrant_embedding_allowed"": false, ""reasons"": [""blank_subtype_or_empty_sample""], ""route"": ""blank"", ""score"": 15.0}]"
t_p_120_1176_p000115,115,table,detailed_parts_list,validated_primary_route,PASS,False,200,8,,False,False,False,False,False,False,False,False,False,False,False,not_needed_already_validated,already_validated,table,85.0,"[""table_subtype"", ""strong_part_number_density"", ""table_or_ipl_terms"", ""ocr_text_present""]",False,True,True,[]
t_p_120_1176_p000116,116,table,detailed_parts_list,validated_primary_route,PASS,False,110,5,,False,False,False,False,False,False,False,False,False,False,False,not_needed_already_validated,already_validated,table,72.0,"[""table_subtype"", ""moderate_part_number_density"", ""table_or_ipl_terms"", ""ocr_text_present""]",False,True,True,[]
t_p_120_1176_p000117,117,plain_text,normal_text,validated_primary_route,PASS,False,93,2,,False,False,False,False,False,False,False,False,False,False,False,not_needed_already_validated,already_validated,plain_text,90.0,"[""plain_text_subtype"", ""meaningful_ocr_text"", ""low_part_number_density"", ""no_strong_row_structure""]",False,True,False,[]
t_p_120_1176_p000118,118,table,detailed_parts_list,validated_primary_route,PASS,False,227,13,,False,False,False,False,False,False,False,False,False,False,False,not_needed_already_validated,already_validated,table,85.0,"[""table_subtype"", ""strong_part_number_density"", ""table_or_ipl_terms"", ""ocr_text_present""]",False,True,True,[]
t_p_120_1176_p000119,119,table,detailed_parts_list,validated_primary_route,PASS,False,154,9,,False,False,False,False,False,False,False,False,False,False,False,not_needed_already_validated,already_validated,table,85.0,"[""table_subtype"", ""strong_part_number_density"", ""table_or_ipl_terms"", ""ocr_text_present""]",False,True,True,[]
t_p_120_1176_p000120,120,table,review_required,validator_gated_unresolved,VALIDATOR_GATED_UNRESOLVED,True,76,1,,False,False,False,False,False,False,False,False,False,False,True,retry_unresolved_validator_gated,validator_gated_unresolved_after_retry,,55.0,"[""no_candidate_probe_met_threshold"", ""moderate_ocr_text"", ""low_part_number_density"", ""low_table_term_density""]",True,False,False,"[{""final_do_not_embed"": false, ""opensearch_index_allowed"": true, ""passed"": false, ""qdrant_embedding_allowed"": true, ""reasons"": [], ""route"": ""table"", ""score"": 0.0}, {""final_do_not_embed"": false, ""opensearch_index_allowed"": false, ""passed"": false, ""qdrant_embedding_allowed"": true, ""reasons"": [""moderate_ocr_text"", ""low_part_number_density"", ""low_table_term_density""], ""route"": ""plain_text"", ""score"": 55.0}, {""final_do_not_embed"": false, ""opensearch_index_allowed"": false, ""passed"": false, ""qdrant_embedding_allowed"": true, ""reasons"": [""sparse_ocr""], ""route"": ""image"", ""score"": 20.0}, {""final_do_not_embed"": true, ""opensearch_index_allowed"": false, ""passed"": false, ""qdrant_embedding_allowed"": false, ""reasons"": [""blank_subtype_or_empty_sample""], ""route"": ""blank"", ""score"": 15.0}]"
t_p_120_1176_p000121,121,blank,blank_candidate,validated_primary_route,PASS,True,0,0,,False,False,False,False,False,False,False,False,False,False,False,not_needed_already_validated,already_validated,blank,100.0,"[""blank_subtype"", ""empty_or_near_empty_ocr"", ""no_part_number_tokens""]",True,False,False,[]
t_p_120_1176_p000122,122,table,detailed_parts_list,validated_primary_route,PASS,False,239,12,,False,False,False,False,False,False,False,False,False,False,False,not_needed_already_validated,already_validated,table,85.0,"[""table_subtype"", ""strong_part_number_density"", ""table_or_ipl_terms"", ""ocr_text_present""]",False,True,True,[]
t_p_120_1176_p000123,123,table,detailed_parts_list,validated_primary_route,PASS,False,217,9,,False,False,False,False,False,False,False,False,False,False,False,not_needed_already_validated,already_validated,table,85.0,"[""table_subtype"", ""strong_part_number_density"", ""table_or_ipl_terms"", ""ocr_text_present""]",False,True,True,[]
t_p_120_1176_p000124,124,table,review_required,validator_gated_unresolved,VALIDATOR_GATED_UNRESOLVED,True,84,1,,False,False,False,False,False,False,False,False,False,False,True,retry_validated,retry_validated_primary_or_candidate_route,plain_text,65.0,"[""substantial_ocr_text"", ""low_part_number_density"", ""low_table_term_density""]",False,True,False,"[{""final_do_not_embed"": false, ""opensearch_index_allowed"": true, ""passed"": false, ""qdrant_embedding_allowed"": true, ""reasons"": [], ""route"": ""table"", ""score"": 0.0}, {""final_do_not_embed"": false, ""opensearch_index_allowed"": false, ""passed"": true, ""qdrant_embedding_allowed"": true, ""reasons"": [""substantial_ocr_text"", ""low_part_number_density"", ""low_table_term_density""], ""route"": ""plain_text"", ""score"": 65.0}, {""final_do_not_embed"": false, ""opensearch_index_allowed"": false, ""passed"": false, ""qdrant_embedding_allowed"": true, ""reasons"": [""sparse_ocr""], ""route"": ""image"", ""score"": 20.0}, {""final_do_not_embed"": true, ""opensearch_index_allowed"": false, ""passed"": false, ""qdrant_embedding_allowed"": false, ""reasons"": [""blank_subtype_or_empty_sample""], ""route"": ""blank"", ""score"": 15.0}]"
t_p_120_1176_p000125,125,table,detailed_parts_list,validated_primary_route,PASS,False,226,12,,False,False,False,False,False,False,False,False,False,False,False,not_needed_already_validated,already_validated,table,85.0,"[""table_subtype"", ""strong_part_number_density"", ""table_or_ipl_terms"", ""ocr_text_present""]",False,True,True,[]
t_p_120_1176_p000126,126,table,detailed_parts_list,validated_primary_route,PASS,False,222,8,,False,False,False,False,False,False,False,False,False,False,False,not_needed_already_validated,already_validated,table,85.0,"[""table_subtype"", ""strong_part_number_density"", ""table_or_ipl_terms"", ""ocr_text_present""]",False,True,True,[]
t_p_120_1176_p000127,127,table,review_required,validator_gated_unresolved,VALIDATOR_GATED_UNRESOLVED,True,101,1,,False,False,False,False,False,False,False,False,False,False,True,retry_validated,retry_validated_primary_or_candidate_route,plain_text,65.0,"[""substantial_ocr_text"", ""low_part_number_density"", ""low_table_term_density""]",False,True,False,"[{""final_do_not_embed"": false, ""opensearch_index_allowed"": true, ""passed"": false, ""qdrant_embedding_allowed"": true, ""reasons"": [], ""route"": ""table"", ""score"": 0.0}, {""final_do_not_embed"": false, ""opensearch_index_allowed"": false, ""passed"": true, ""qdrant_embedding_allowed"": true, ""reasons"": [""substantial_ocr_text"", ""low_part_number_density"", ""low_table_term_density""], ""route"": ""plain_text"", ""score"": 65.0}, {""final_do_not_embed"": false, ""opensearch_index_allowed"": false, ""passed"": false, ""qdrant_embedding_allowed"": true, ""reasons"": [""sparse_ocr""], ""route"": ""image"", ""score"": 20.0}, {""final_do_not_embed"": true, ""opensearch_index_allowed"": false, ""passed"": false, ""qdrant_embedding_allowed"": false, ""reasons"": [""blank_subtype_or_empty_sample""], ""route"": ""blank"", ""score"": 15.0}]"
t_p_120_1176_p000128,128,table,detailed_parts_list,validated_primary_route,PASS,False,206,10,,False,False,False,False,False,False,False,False,False,False,False,not_needed_already_validated,already_validated,table,85.0,"[""table_subtype"", ""strong_part_number_density"", ""table_or_ipl_terms"", ""ocr_text_present""]",False,True,True,[]
t_p_120_1176_p000129,129,table,detailed_parts_list,validated_primary_route,PASS,False,146,7,,False,False,False,False,False,False,False,False,False,False,False,not_needed_already_validated,already_validated,table,72.0,"[""table_subtype"", ""moderate_part_number_density"", ""table_or_ipl_terms"", ""ocr_text_present""]",False,True,True,[]
t_p_120_1176_p000130,130,table,review_required,validator_gated_unresolved,VALIDATOR_GATED_UNRESOLVED,True,69,1,,False,False,False,False,False,False,False,False,False,False,True,retry_unresolved_validator_gated,validator_gated_unresolved_after_retry,,55.0,"[""no_candidate_probe_met_threshold"", ""moderate_ocr_text"", ""low_part_number_density"", ""low_table_term_density""]",True,False,False,"[{""final_do_not_embed"": false, ""opensearch_index_allowed"": true, ""passed"": false, ""qdrant_embedding_allowed"": true, ""reasons"": [], ""route"": ""table"", ""score"": 0.0}, {""final_do_not_embed"": false, ""opensearch_index_allowed"": false, ""passed"": false, ""qdrant_embedding_allowed"": true, ""reasons"": [""moderate_ocr_text"", ""low_part_number_density"", ""low_table_term_density""], ""route"": ""plain_text"", ""score"": 55.0}, {""final_do_not_embed"": false, ""opensearch_index_allowed"": false, ""passed"": false, ""qdrant_embedding_allowed"": true, ""reasons"": [""sparse_ocr""], ""route"": ""image"", ""score"": 20.0}, {""final_do_not_embed"": true, ""opensearch_index_allowed"": false, ""passed"": false, ""qdrant_embedding_allowed"": false, ""reasons"": [""blank_subtype_or_empty_sample""], ""route"": ""blank"", ""score"": 15.0}]"
t_p_120_1176_p000131,131,table,detailed_parts_list,validated_primary_route,PASS,False,214,11,,False,False,False,False,False,False,False,False,False,False,False,not_needed_already_validated,already_validated,table,85.0,"[""table_subtype"", ""strong_part_number_density"", ""table_or_ipl_terms"", ""ocr_text_present""]",False,True,True,[]
t_p_120_1176_p000132,132,table,detailed_parts_list,validated_primary_route,PASS,False,244,10,,False,False,False,False,False,False,False,False,False,False,False,not_needed_already_validated,already_validated,table,85.0,"[""table_subtype"", ""strong_part_number_density"", ""table_or_ipl_terms"", ""ocr_text_present""]",False,True,True,[]
t_p_120_1176_p000133,133,table,review_required,validator_gated_unresolved,VALIDATOR_GATED_UNRESOLVED,True,66,1,,False,False,False,False,False,False,False,False,False,False,True,retry_unresolved_validator_gated,validator_gated_unresolved_after_retry,,55.0,"[""no_candidate_probe_met_threshold"", ""moderate_ocr_text"", ""low_part_number_density"", ""low_table_term_density""]",True,False,False,"[{""final_do_not_embed"": false, ""opensearch_index_allowed"": true, ""passed"": false, ""qdrant_embedding_allowed"": true, ""reasons"": [], ""route"": ""table"", ""score"": 0.0}, {""final_do_not_embed"": false, ""opensearch_index_allowed"": false, ""passed"": false, ""qdrant_embedding_allowed"": true, ""reasons"": [""moderate_ocr_text"", ""low_part_number_density"", ""low_table_term_density""], ""route"": ""plain_text"", ""score"": 55.0}, {""final_do_not_embed"": false, ""opensearch_index_allowed"": false, ""passed"": false, ""qdrant_embedding_allowed"": true, ""reasons"": [""sparse_ocr""], ""route"": ""image"", ""score"": 20.0}, {""final_do_not_embed"": true, ""opensearch_index_allowed"": false, ""passed"": false, ""qdrant_embedding_allowed"": false, ""reasons"": [""blank_subtype_or_empty_sample""], ""route"": ""blank"", ""score"": 15.0}]"
t_p_120_1176_p000134,134,table,detailed_parts_list,validated_primary_route,PASS,False,242,11,,False,False,False,False,False,False,False,False,False,False,False,not_needed_already_validated,already_validated,table,85.0,"[""table_subtype"", ""strong_part_number_density"", ""table_or_ipl_terms"", ""ocr_text_present""]",False,True,True,[]
t_p_120_1176_p000135,135,table,detailed_parts_list,validated_primary_route,PASS,False,178,10,,False,False,False,False,False,False,False,False,False,False,False,not_needed_already_validated,already_validated,table,85.0,"[""table_subtype"", ""strong_part_number_density"", ""table_or_ipl_terms"", ""ocr_text_present""]",False,True,True,[]
t_p_120_1176_p000136,136,table,review_required,validator_gated_unresolved,VALIDATOR_GATED_UNRESOLVED,True,71,1,,False,False,False,False,False,False,False,False,False,False,True,retry_unresolved_validator_gated,validator_gated_unresolved_after_retry,,55.0,"[""no_candidate_probe_met_threshold"", ""moderate_ocr_text"", ""low_part_number_density"", ""low_table_term_density""]",True,False,False,"[{""final_do_not_embed"": false, ""opensearch_index_allowed"": true, ""passed"": false, ""qdrant_embedding_allowed"": true, ""reasons"": [], ""route"": ""table"", ""score"": 0.0}, {""final_do_not_embed"": false, ""opensearch_index_allowed"": false, ""passed"": false, ""qdrant_embedding_allowed"": true, ""reasons"": [""moderate_ocr_text"", ""low_part_number_density"", ""low_table_term_density""], ""route"": ""plain_text"", ""score"": 55.0}, {""final_do_not_embed"": false, ""opensearch_index_allowed"": false, ""passed"": false, ""qdrant_embedding_allowed"": true, ""reasons"": [""sparse_ocr""], ""route"": ""image"", ""score"": 20.0}, {""final_do_not_embed"": true, ""opensearch_index_allowed"": false, ""passed"": false, ""qdrant_embedding_allowed"": false, ""reasons"": [""blank_subtype_or_empty_sample""], ""route"": ""blank"", ""score"": 15.0}]"
t_p_120_1176_p000137,137,table,detailed_parts_list,validated_primary_route,PASS,False,233,11,,False,False,False,False,False,False,False,False,False,False,False,not_needed_already_validated,already_validated,table,85.0,"[""table_subtype"", ""strong_part_number_density"", ""table_or_ipl_terms"", ""ocr_text_present""]",False,True,True,[]
t_p_120_1176_p000138,138,table,detailed_parts_list,validated_primary_route,PASS,False,174,9,,False,False,False,False,False,False,False,False,False,False,False,not_needed_already_validated,already_validated,table,85.0,"[""table_subtype"", ""strong_part_number_density"", ""table_or_ipl_terms"", ""ocr_text_present""]",False,True,True,[]
t_p_120_1176_p000139,139,table,review_required,validator_gated_unresolved,VALIDATOR_GATED_UNRESOLVED,True,83,1,,False,False,False,False,False,False,False,False,False,False,True,retry_validated,retry_validated_primary_or_candidate_route,plain_text,65.0,"[""substantial_ocr_text"", ""low_part_number_density"", ""low_table_term_density""]",False,True,False,"[{""final_do_not_embed"": false, ""opensearch_index_allowed"": true, ""passed"": false, ""qdrant_embedding_allowed"": true, ""reasons"": [], ""route"": ""table"", ""score"": 0.0}, {""final_do_not_embed"": false, ""opensearch_index_allowed"": false, ""passed"": true, ""qdrant_embedding_allowed"": true, ""reasons"": [""substantial_ocr_text"", ""low_part_number_density"", ""low_table_term_density""], ""route"": ""plain_text"", ""score"": 65.0}, {""final_do_not_embed"": false, ""opensearch_index_allowed"": false, ""passed"": false, ""qdrant_embedding_allowed"": true, ""reasons"": [""sparse_ocr""], ""route"": ""image"", ""score"": 20.0}, {""final_do_not_embed"": true, ""opensearch_index_allowed"": false, ""passed"": false, ""qdrant_embedding_allowed"": false, ""reasons"": [""blank_subtype_or_empty_sample""], ""route"": ""blank"", ""score"": 15.0}]"
t_p_120_1176_p000140,140,table,detailed_parts_list,validated_primary_route,PASS,False,268,16,,False,False,False,False,False,False,False,False,False,False,False,not_needed_already_validated,already_validated,table,85.0,"[""table_subtype"", ""strong_part_number_density"", ""table_or_ipl_terms"", ""ocr_text_present""]",False,True,True,[]
t_p_120_1176_p000141,141,table,review_required,validator_gated_unresolved,VALIDATOR_GATED_UNRESOLVED,True,78,1,,False,False,False,False,False,False,False,False,False,False,True,retry_unresolved_validator_gated,validator_gated_unresolved_after_retry,,55.0,"[""no_candidate_probe_met_threshold"", ""moderate_ocr_text"", ""low_part_number_density"", ""low_table_term_density""]",True,False,False,"[{""final_do_not_embed"": false, ""opensearch_index_allowed"": true, ""passed"": false, ""qdrant_embedding_allowed"": true, ""reasons"": [], ""route"": ""table"", ""score"": 0.0}, {""final_do_not_embed"": false, ""opensearch_index_allowed"": false, ""passed"": false, ""qdrant_embedding_allowed"": true, ""reasons"": [""moderate_ocr_text"", ""low_part_number_density"", ""low_table_term_density""], ""route"": ""plain_text"", ""score"": 55.0}, {""final_do_not_embed"": false, ""opensearch_index_allowed"": false, ""passed"": false, ""qdrant_embedding_allowed"": true, ""reasons"": [""sparse_ocr""], ""route"": ""image"", ""score"": 20.0}, {""final_do_not_embed"": true, ""opensearch_index_allowed"": false, ""passed"": false, ""qdrant_embedding_allowed"": false, ""reasons"": [""blank_subtype_or_empty_sample""], ""route"": ""blank"", ""score"": 15.0}]"
t_p_120_1176_p000142,142,table,review_required,validator_gated_unresolved,VALIDATOR_GATED_UNRESOLVED,True,67,1,,False,False,False,False,False,False,False,False,False,False,True,retry_unresolved_validator_gated,validator_gated_unresolved_after_retry,,55.0,"[""no_candidate_probe_met_threshold"", ""moderate_ocr_text"", ""low_part_number_density"", ""low_table_term_density""]",True,False,False,"[{""final_do_not_embed"": false, ""opensearch_index_allowed"": true, ""passed"": false, ""qdrant_embedding_allowed"": true, ""reasons"": [], ""route"": ""table"", ""score"": 0.0}, {""final_do_not_embed"": false, ""opensearch_index_allowed"": false, ""passed"": false, ""qdrant_embedding_allowed"": true, ""reasons"": [""moderate_ocr_text"", ""low_part_number_density"", ""low_table_term_density""], ""route"": ""plain_text"", ""score"": 55.0}, {""final_do_not_embed"": false, ""opensearch_index_allowed"": false, ""passed"": false, ""qdrant_embedding_allowed"": true, ""reasons"": [""sparse_ocr""], ""route"": ""image"", ""score"": 20.0}, {""final_do_not_embed"": true, ""opensearch_index_allowed"": false, ""passed"": false, ""qdrant_embedding_allowed"": false, ""reasons"": [""blank_subtype_or_empty_sample""], ""route"": ""blank"", ""score"": 15.0}]"
t_p_120_1176_p000143,143,table,detailed_parts_list,validated_primary_route,PASS,False,237,11,,False,False,False,False,False,False,False,False,False,False,False,not_needed_already_validated,already_validated,table,85.0,"[""table_subtype"", ""strong_part_number_density"", ""table_or_ipl_terms"", ""ocr_text_present""]",False,True,True,[]
t_p_120_1176_p000144,144,table,detailed_parts_list,validated_primary_route,PASS,False,185,10,,False,False,False,False,False,False,False,False,False,False,False,not_needed_already_validated,already_validated,table,85.0,"[""table_subtype"", ""strong_part_number_density"", ""table_or_ipl_terms"", ""ocr_text_present""]",False,True,True,[]
t_p_120_1176_p000145,145,table,review_required,validator_gated_unresolved,VALIDATOR_GATED_UNRESOLVED,True,67,1,,False,False,False,False,False,False,False,False,False,False,True,retry_unresolved_validator_gated,validator_gated_unresolved_after_retry,,55.0,"[""no_candidate_probe_met_threshold"", ""moderate_ocr_text"", ""low_part_number_density"", ""low_table_term_density""]",True,False,False,"[{""final_do_not_embed"": false, ""opensearch_index_allowed"": true, ""passed"": false, ""qdrant_embedding_allowed"": true, ""reasons"": [], ""route"": ""table"", ""score"": 0.0}, {""final_do_not_embed"": false, ""opensearch_index_allowed"": false, ""passed"": false, ""qdrant_embedding_allowed"": true, ""reasons"": [""moderate_ocr_text"", ""low_part_number_density"", ""low_table_term_density""], ""route"": ""plain_text"", ""score"": 55.0}, {""final_do_not_embed"": false, ""opensearch_index_allowed"": false, ""passed"": false, ""qdrant_embedding_allowed"": true, ""reasons"": [""sparse_ocr""], ""route"": ""image"", ""score"": 20.0}, {""final_do_not_embed"": true, ""opensearch_index_allowed"": false, ""passed"": false, ""qdrant_embedding_allowed"": false, ""reasons"": [""blank_subtype_or_empty_sample""], ""route"": ""blank"", ""score"": 15.0}]"
t_p_120_1176_p000146,146,table,detailed_parts_list,validated_primary_route,PASS,False,210,10,,False,False,False,False,False,False,False,False,False,False,False,not_needed_already_validated,already_validated,table,85.0,"[""table_subtype"", ""strong_part_number_density"", ""table_or_ipl_terms"", ""ocr_text_present""]",False,True,True,[]
t_p_120_1176_p000147,147,table,detailed_parts_list,validated_primary_route,PASS,False,122,7,,False,False,False,False,False,False,False,False,False,False,False,not_needed_already_validated,already_validated,table,72.0,"[""table_subtype"", ""moderate_part_number_density"", ""table_or_ipl_terms"", ""ocr_text_present""]",False,True,True,[]
t_p_120_1176_p000148,148,table,review_required,validator_gated_unresolved,VALIDATOR_GATED_UNRESOLVED,True,70,1,,False,False,False,False,False,False,False,False,False,False,True,retry_unresolved_validator_gated,validator_gated_unresolved_after_retry,,55.0,"[""no_candidate_probe_met_threshold"", ""moderate_ocr_text"", ""low_part_number_density"", ""low_table_term_density""]",True,False,False,"[{""final_do_not_embed"": false, ""opensearch_index_allowed"": true, ""passed"": false, ""qdrant_embedding_allowed"": true, ""reasons"": [], ""route"": ""table"", ""score"": 0.0}, {""final_do_not_embed"": false, ""opensearch_index_allowed"": false, ""passed"": false, ""qdrant_embedding_allowed"": true, ""reasons"": [""moderate_ocr_text"", ""low_part_number_density"", ""low_table_term_density""], ""route"": ""plain_text"", ""score"": 55.0}, {""final_do_not_embed"": false, ""opensearch_index_allowed"": false, ""passed"": false, ""qdrant_embedding_allowed"": true, ""reasons"": [""sparse_ocr""], ""route"": ""image"", ""score"": 20.0}, {""final_do_not_embed"": true, ""opensearch_index_allowed"": false, ""passed"": false, ""qdrant_embedding_allowed"": false, ""reasons"": [""blank_subtype_or_empty_sample""], ""route"": ""blank"", ""score"": 15.0}]"
t_p_120_1176_p000149,149,table,detailed_parts_list,validated_primary_route,PASS,False,207,11,,False,False,False,False,False,False,False,False,False,False,False,not_needed_already_validated,already_validated,table,85.0,"[""table_subtype"", ""strong_part_number_density"", ""table_or_ipl_terms"", ""ocr_text_present""]",False,True,True,[]
t_p_120_1176_p000150,150,table,detailed_parts_list,validated_primary_route,PASS,False,92,5,,False,False,False,False,False,False,False,False,False,False,False,not_needed_already_validated,already_validated,table,72.0,"[""table_subtype"", ""moderate_part_number_density"", ""table_or_ipl_terms"", ""ocr_text_present""]",False,True,True,[]
t_p_120_1176_p000151,151,table,review_required,validator_gated_unresolved,VALIDATOR_GATED_UNRESOLVED,True,68,1,,False,False,False,False,False,False,False,False,False,False,True,retry_unresolved_validator_gated,validator_gated_unresolved_after_retry,,55.0,"[""no_candidate_probe_met_threshold"", ""moderate_ocr_text"", ""low_part_number_density"", ""low_table_term_density""]",True,False,False,"[{""final_do_not_embed"": false, ""opensearch_index_allowed"": true, ""passed"": false, ""qdrant_embedding_allowed"": true, ""reasons"": [], ""route"": ""table"", ""score"": 0.0}, {""final_do_not_embed"": false, ""opensearch_index_allowed"": false, ""passed"": false, ""qdrant_embedding_allowed"": true, ""reasons"": [""moderate_ocr_text"", ""low_part_number_density"", ""low_table_term_density""], ""route"": ""plain_text"", ""score"": 55.0}, {""final_do_not_embed"": false, ""opensearch_index_allowed"": false, ""passed"": false, ""qdrant_embedding_allowed"": true, ""reasons"": [""sparse_ocr""], ""route"": ""image"", ""score"": 20.0}, {""final_do_not_embed"": true, ""opensearch_index_allowed"": false, ""passed"": false, ""qdrant_embedding_allowed"": false, ""reasons"": [""blank_subtype_or_empty_sample""], ""route"": ""blank"", ""score"": 15.0}]"
t_p_120_1176_p000152,152,table,detailed_parts_list,validated_primary_route,PASS,False,210,10,,False,False,False,False,False,False,False,False,False,False,False,not_needed_already_validated,already_validated,table,85.0,"[""table_subtype"", ""strong_part_number_density"", ""table_or_ipl_terms"", ""ocr_text_present""]",False,True,True,[]
t_p_120_1176_p000153,153,table,detailed_parts_list,validated_primary_route,PASS,False,123,6,,False,False,False,False,False,False,False,False,False,False,False,not_needed_already_validated,already_validated,table,72.0,"[""table_subtype"", ""moderate_part_number_density"", ""table_or_ipl_terms"", ""ocr_text_present""]",False,True,True,[]
t_p_120_1176_p000154,154,table,review_required,validator_gated_unresolved,VALIDATOR_GATED_UNRESOLVED,True,75,1,,False,False,False,False,False,False,False,False,False,False,True,retry_unresolved_validator_gated,validator_gated_unresolved_after_retry,,55.0,"[""no_candidate_probe_met_threshold"", ""moderate_ocr_text"", ""low_part_number_density"", ""low_table_term_density""]",True,False,False,"[{""final_do_not_embed"": false, ""opensearch_index_allowed"": true, ""passed"": false, ""qdrant_embedding_allowed"": true, ""reasons"": [], ""route"": ""table"", ""score"": 0.0}, {""final_do_not_embed"": false, ""opensearch_index_allowed"": false, ""passed"": false, ""qdrant_embedding_allowed"": true, ""reasons"": [""moderate_ocr_text"", ""low_part_number_density"", ""low_table_term_density""], ""route"": ""plain_text"", ""score"": 55.0}, {""final_do_not_embed"": false, ""opensearch_index_allowed"": false, ""passed"": false, ""qdrant_embedding_allowed"": true, ""reasons"": [""sparse_ocr""], ""route"": ""image"", ""score"": 20.0}, {""final_do_not_embed"": true, ""opensearch_index_allowed"": false, ""passed"": false, ""qdrant_embedding_allowed"": false, ""reasons"": [""blank_subtype_or_empty_sample""], ""route"": ""blank"", ""score"": 15.0}]"
t_p_120_1176_p000155,155,table,detailed_parts_list,validated_primary_route,PASS,False,192,10,,False,False,False,False,False,False,False,False,False,False,False,not_needed_already_validated,already_validated,table,85.0,"[""table_subtype"", ""strong_part_number_density"", ""table_or_ipl_terms"", ""ocr_text_present""]",False,True,True,[]
t_p_120_1176_p000156,156,table,detailed_parts_list,validated_primary_route,PASS,False,117,6,,False,False,False,False,False,False,False,False,False,False,False,not_needed_already_validated,already_validated,table,72.0,"[""table_subtype"", ""moderate_part_number_density"", ""table_or_ipl_terms"", ""ocr_text_present""]",False,True,True,[]
t_p_120_1176_p000157,157,table,review_required,validator_gated_unresolved,VALIDATOR_GATED_UNRESOLVED,True,69,1,,False,False,False,False,False,False,False,False,False,False,True,retry_unresolved_validator_gated,validator_gated_unresolved_after_retry,,55.0,"[""no_candidate_probe_met_threshold"", ""moderate_ocr_text"", ""low_part_number_density"", ""low_table_term_density""]",True,False,False,"[{""final_do_not_embed"": false, ""opensearch_index_allowed"": true, ""passed"": false, ""qdrant_embedding_allowed"": true, ""reasons"": [], ""route"": ""table"", ""score"": 0.0}, {""final_do_not_embed"": false, ""opensearch_index_allowed"": false, ""passed"": false, ""qdrant_embedding_allowed"": true, ""reasons"": [""moderate_ocr_text"", ""low_part_number_density"", ""low_table_term_density""], ""route"": ""plain_text"", ""score"": 55.0}, {""final_do_not_embed"": false, ""opensearch_index_allowed"": false, ""passed"": false, ""qdrant_embedding_allowed"": true, ""reasons"": [""sparse_ocr""], ""route"": ""image"", ""score"": 20.0}, {""final_do_not_embed"": true, ""opensearch_index_allowed"": false, ""passed"": false, ""qdrant_embedding_allowed"": false, ""reasons"": [""blank_subtype_or_empty_sample""], ""route"": ""blank"", ""score"": 15.0}]"
t_p_120_1176_p000158,158,table,detailed_parts_list,validated_primary_route,PASS,False,219,11,,False,False,False,False,False,False,False,False,False,False,False,not_needed_already_validated,already_validated,table,85.0,"[""table_subtype"", ""strong_part_number_density"", ""table_or_ipl_terms"", ""ocr_text_present""]",False,True,True,[]
t_p_120_1176_p000159,159,table,detailed_parts_list,validated_primary_route,PASS,False,84,4,,False,False,False,False,False,False,False,False,False,False,False,not_needed_already_validated,already_validated,table,72.0,"[""table_subtype"", ""moderate_part_number_density"", ""table_or_ipl_terms"", ""ocr_text_present""]",False,True,True,[]
t_p_120_1176_p000160,160,table,review_required,validator_gated_unresolved,VALIDATOR_GATED_UNRESOLVED,True,74,1,,False,False,False,False,False,False,False,False,False,False,True,retry_unresolved_validator_gated,validator_gated_unresolved_after_retry,,55.0,"[""no_candidate_probe_met_threshold"", ""moderate_ocr_text"", ""low_part_number_density"", ""low_table_term_density""]",True,False,False,"[{""final_do_not_embed"": false, ""opensearch_index_allowed"": true, ""passed"": false, ""qdrant_embedding_allowed"": true, ""reasons"": [], ""route"": ""table"", ""score"": 0.0}, {""final_do_not_embed"": false, ""opensearch_index_allowed"": false, ""passed"": false, ""qdrant_embedding_allowed"": true, ""reasons"": [""moderate_ocr_text"", ""low_part_number_density"", ""low_table_term_density""], ""route"": ""plain_text"", ""score"": 55.0}, {""final_do_not_embed"": false, ""opensearch_index_allowed"": false, ""passed"": false, ""qdrant_embedding_allowed"": true, ""reasons"": [""sparse_ocr""], ""route"": ""image"", ""score"": 20.0}, {""final_do_not_embed"": true, ""opensearch_index_allowed"": false, ""passed"": false, ""qdrant_embedding_allowed"": false, ""reasons"": [""blank_subtype_or_empty_sample""], ""route"": ""blank"", ""score"": 15.0}]"
t_p_120_1176_p000161,161,table,detailed_parts_list,validated_primary_route,PASS,False,209,10,,False,False,False,False,False,False,False,False,False,False,False,not_needed_already_validated,already_validated,table,85.0,"[""table_subtype"", ""strong_part_number_density"", ""table_or_ipl_terms"", ""ocr_text_present""]",False,True,True,[]
t_p_120_1176_p000162,162,table,detailed_parts_list,validated_primary_route,PASS,False,88,4,,False,False,False,False,False,False,False,False,False,False,False,not_needed_already_validated,already_validated,table,72.0,"[""table_subtype"", ""moderate_part_number_density"", ""table_or_ipl_terms"", ""ocr_text_present""]",False,True,True,[]
t_p_120_1176_p000163,163,table,review_required,validator_gated_unresolved,VALIDATOR_GATED_UNRESOLVED,True,82,1,,False,False,False,False,False,False,False,False,False,False,True,retry_validated,retry_validated_primary_or_candidate_route,plain_text,65.0,"[""substantial_ocr_text"", ""low_part_number_density"", ""low_table_term_density""]",False,True,False,"[{""final_do_not_embed"": false, ""opensearch_index_allowed"": true, ""passed"": false, ""qdrant_embedding_allowed"": true, ""reasons"": [], ""route"": ""table"", ""score"": 0.0}, {""final_do_not_embed"": false, ""opensearch_index_allowed"": false, ""passed"": true, ""qdrant_embedding_allowed"": true, ""reasons"": [""substantial_ocr_text"", ""low_part_number_density"", ""low_table_term_density""], ""route"": ""plain_text"", ""score"": 65.0}, {""final_do_not_embed"": false, ""opensearch_index_allowed"": false, ""passed"": false, ""qdrant_embedding_allowed"": true, ""reasons"": [""sparse_ocr""], ""route"": ""image"", ""score"": 20.0}, {""final_do_not_embed"": true, ""opensearch_index_allowed"": false, ""passed"": false, ""qdrant_embedding_allowed"": false, ""reasons"": [""blank_subtype_or_empty_sample""], ""route"": ""blank"", ""score"": 15.0}]"
t_p_120_1176_p000164,164,table,detailed_parts_list,validated_primary_route,PASS,False,193,9,,False,False,False,False,False,False,False,False,False,False,False,not_needed_already_validated,already_validated,table,85.0,"[""table_subtype"", ""strong_part_number_density"", ""table_or_ipl_terms"", ""ocr_text_present""]",False,True,True,[]
t_p_120_1176_p000165,165,table,detailed_parts_list,validated_primary_route,PASS,False,129,7,,False,False,False,False,False,False,False,False,False,False,False,not_needed_already_validated,already_validated,table,72.0,"[""table_subtype"", ""moderate_part_number_density"", ""table_or_ipl_terms"", ""ocr_text_present""]",False,True,True,[]
t_p_120_1176_p000166,166,table,review_required,validator_gated_unresolved,VALIDATOR_GATED_UNRESOLVED,True,80,1,,False,False,False,False,False,False,False,False,False,False,True,retry_validated,retry_validated_primary_or_candidate_route,plain_text,65.0,"[""substantial_ocr_text"", ""low_part_number_density"", ""low_table_term_density""]",False,True,False,"[{""final_do_not_embed"": false, ""opensearch_index_allowed"": true, ""passed"": false, ""qdrant_embedding_allowed"": true, ""reasons"": [], ""route"": ""table"", ""score"": 0.0}, {""final_do_not_embed"": false, ""opensearch_index_allowed"": false, ""passed"": true, ""qdrant_embedding_allowed"": true, ""reasons"": [""substantial_ocr_text"", ""low_part_number_density"", ""low_table_term_density""], ""route"": ""plain_text"", ""score"": 65.0}, {""final_do_not_embed"": false, ""opensearch_index_allowed"": false, ""passed"": false, ""qdrant_embedding_allowed"": true, ""reasons"": [""sparse_ocr""], ""route"": ""image"", ""score"": 20.0}, {""final_do_not_embed"": true, ""opensearch_index_allowed"": false, ""passed"": false, ""qdrant_embedding_allowed"": false, ""reasons"": [""blank_subtype_or_empty_sample""], ""route"": ""blank"", ""score"": 15.0}]"
t_p_120_1176_p000167,167,table,detailed_parts_list,validated_primary_route,PASS,False,209,10,,False,False,False,False,False,False,False,False,False,False,False,not_needed_already_validated,already_validated,table,85.0,"[""table_subtype"", ""strong_part_number_density"", ""table_or_ipl_terms"", ""ocr_text_present""]",False,True,True,[]
t_p_120_1176_p000168,168,table,detailed_parts_list,validated_primary_route,PASS,False,110,5,,False,False,False,False,False,False,False,False,False,False,False,not_needed_already_validated,already_validated,table,72.0,"[""table_subtype"", ""moderate_part_number_density"", ""table_or_ipl_terms"", ""ocr_text_present""]",False,True,True,[]
t_p_120_1176_p000169,169,table,review_required,validator_gated_unresolved,VALIDATOR_GATED_UNRESOLVED,True,67,1,,False,False,False,False,False,False,False,False,False,False,True,retry_unresolved_validator_gated,validator_gated_unresolved_after_retry,,55.0,"[""no_candidate_probe_met_threshold"", ""moderate_ocr_text"", ""low_part_number_density"", ""low_table_term_density""]",True,False,False,"[{""final_do_not_embed"": false, ""opensearch_index_allowed"": true, ""passed"": false, ""qdrant_embedding_allowed"": true, ""reasons"": [], ""route"": ""table"", ""score"": 0.0}, {""final_do_not_embed"": false, ""opensearch_index_allowed"": false, ""passed"": false, ""qdrant_embedding_allowed"": true, ""reasons"": [""moderate_ocr_text"", ""low_part_number_density"", ""low_table_term_density""], ""route"": ""plain_text"", ""score"": 55.0}, {""final_do_not_embed"": false, ""opensearch_index_allowed"": false, ""passed"": false, ""qdrant_embedding_allowed"": true, ""reasons"": [""sparse_ocr""], ""route"": ""image"", ""score"": 20.0}, {""final_do_not_embed"": true, ""opensearch_index_allowed"": false, ""passed"": false, ""qdrant_embedding_allowed"": false, ""reasons"": [""blank_subtype_or_empty_sample""], ""route"": ""blank"", ""score"": 15.0}]"
t_p_120_1176_p000170,170,table,detailed_parts_list,validated_primary_route,PASS,False,223,11,,False,False,False,False,False,False,False,False,False,False,False,not_needed_already_validated,already_validated,table,85.0,"[""table_subtype"", ""strong_part_number_density"", ""table_or_ipl_terms"", ""ocr_text_present""]",False,True,True,[]
t_p_120_1176_p000171,171,table,detailed_parts_list,validated_primary_route,PASS,False,92,5,,False,False,False,False,False,False,False,False,False,False,False,not_needed_already_validated,already_validated,table,72.0,"[""table_subtype"", ""moderate_part_number_density"", ""table_or_ipl_terms"", ""ocr_text_present""]",False,True,True,[]
t_p_120_1176_p000172,172,table,review_required,validator_gated_unresolved,VALIDATOR_GATED_UNRESOLVED,True,75,1,,False,False,False,False,False,False,False,False,False,False,True,retry_unresolved_validator_gated,validator_gated_unresolved_after_retry,,55.0,"[""no_candidate_probe_met_threshold"", ""moderate_ocr_text"", ""low_part_number_density"", ""low_table_term_density""]",True,False,False,"[{""final_do_not_embed"": false, ""opensearch_index_allowed"": true, ""passed"": false, ""qdrant_embedding_allowed"": true, ""reasons"": [], ""route"": ""table"", ""score"": 0.0}, {""final_do_not_embed"": false, ""opensearch_index_allowed"": false, ""passed"": false, ""qdrant_embedding_allowed"": true, ""reasons"": [""moderate_ocr_text"", ""low_part_number_density"", ""low_table_term_density""], ""route"": ""plain_text"", ""score"": 55.0}, {""final_do_not_embed"": false, ""opensearch_index_allowed"": false, ""passed"": false, ""qdrant_embedding_allowed"": true, ""reasons"": [""sparse_ocr""], ""route"": ""image"", ""score"": 20.0}, {""final_do_not_embed"": true, ""opensearch_index_allowed"": false, ""passed"": false, ""qdrant_embedding_allowed"": false, ""reasons"": [""blank_subtype_or_empty_sample""], ""route"": ""blank"", ""score"": 15.0}]"
t_p_120_1176_p000173,173,table,detailed_parts_list,validated_primary_route,PASS,False,235,15,,False,False,False,False,False,False,False,False,False,False,False,not_needed_already_validated,already_validated,table,85.0,"[""table_subtype"", ""strong_part_number_density"", ""table_or_ipl_terms"", ""ocr_text_present""]",False,True,True,[]
t_p_120_1176_p000174,174,table,review_required,validator_gated_unresolved,VALIDATOR_GATED_UNRESOLVED,True,66,1,,False,False,False,False,False,False,False,False,False,False,True,retry_unresolved_validator_gated,validator_gated_unresolved_after_retry,,55.0,"[""no_candidate_probe_met_threshold"", ""moderate_ocr_text"", ""low_part_number_density"", ""low_table_term_density""]",True,False,False,"[{""final_do_not_embed"": false, ""opensearch_index_allowed"": true, ""passed"": false, ""qdrant_embedding_allowed"": true, ""reasons"": [], ""route"": ""table"", ""score"": 0.0}, {""final_do_not_embed"": false, ""opensearch_index_allowed"": false, ""passed"": false, ""qdrant_embedding_allowed"": true, ""reasons"": [""moderate_ocr_text"", ""low_part_number_density"", ""low_table_term_density""], ""route"": ""plain_text"", ""score"": 55.0}, {""final_do_not_embed"": false, ""opensearch_index_allowed"": false, ""passed"": false, ""qdrant_embedding_allowed"": true, ""reasons"": [""sparse_ocr""], ""route"": ""image"", ""score"": 20.0}, {""final_do_not_embed"": true, ""opensearch_index_allowed"": false, ""passed"": false, ""qdrant_embedding_allowed"": false, ""reasons"": [""blank_subtype_or_empty_sample""], ""route"": ""blank"", ""score"": 15.0}]"
t_p_120_1176_p000175,175,table,review_required,validator_gated_unresolved,VALIDATOR_GATED_UNRESOLVED,True,66,1,,False,False,False,False,False,False,False,False,False,False,True,retry_unresolved_validator_gated,validator_gated_unresolved_after_retry,,55.0,"[""no_candidate_probe_met_threshold"", ""moderate_ocr_text"", ""low_part_number_density"", ""low_table_term_density""]",True,False,False,"[{""final_do_not_embed"": false, ""opensearch_index_allowed"": true, ""passed"": false, ""qdrant_embedding_allowed"": true, ""reasons"": [], ""route"": ""table"", ""score"": 0.0}, {""final_do_not_embed"": false, ""opensearch_index_allowed"": false, ""passed"": false, ""qdrant_embedding_allowed"": true, ""reasons"": [""moderate_ocr_text"", ""low_part_number_density"", ""low_table_term_density""], ""route"": ""plain_text"", ""score"": 55.0}, {""final_do_not_embed"": false, ""opensearch_index_allowed"": false, ""passed"": false, ""qdrant_embedding_allowed"": true, ""reasons"": [""sparse_ocr""], ""route"": ""image"", ""score"": 20.0}, {""final_do_not_embed"": true, ""opensearch_index_allowed"": false, ""passed"": false, ""qdrant_embedding_allowed"": false, ""reasons"": [""blank_subtype_or_empty_sample""], ""route"": ""blank"", ""score"": 15.0}]"
t_p_120_1176_p000176,176,table,detailed_parts_list,validated_primary_route,PASS,False,206,10,,False,False,False,False,False,False,False,False,False,False,False,not_needed_already_validated,already_validated,table,85.0,"[""table_subtype"", ""strong_part_number_density"", ""table_or_ipl_terms"", ""ocr_text_present""]",False,True,True,[]
t_p_120_1176_p000177,177,table,detailed_parts_list,validated_primary_route,PASS,False,125,6,,False,False,False,False,False,False,False,False,False,False,False,not_needed_already_validated,already_validated,table,72.0,"[""table_subtype"", ""moderate_part_number_density"", ""table_or_ipl_terms"", ""ocr_text_present""]",False,True,True,[]
t_p_120_1176_p000178,178,table,review_required,validator_gated_unresolved,VALIDATOR_GATED_UNRESOLVED,True,66,1,,False,False,False,False,False,False,False,False,False,False,True,retry_unresolved_validator_gated,validator_gated_unresolved_after_retry,,55.0,"[""no_candidate_probe_met_threshold"", ""moderate_ocr_text"", ""low_part_number_density"", ""low_table_term_density""]",True,False,False,"[{""final_do_not_embed"": false, ""opensearch_index_allowed"": true, ""passed"": false, ""qdrant_embedding_allowed"": true, ""reasons"": [], ""route"": ""table"", ""score"": 0.0}, {""final_do_not_embed"": false, ""opensearch_index_allowed"": false, ""passed"": false, ""qdrant_embedding_allowed"": true, ""reasons"": [""moderate_ocr_text"", ""low_part_number_density"", ""low_table_term_density""], ""route"": ""plain_text"", ""score"": 55.0}, {""final_do_not_embed"": false, ""opensearch_index_allowed"": false, ""passed"": false, ""qdrant_embedding_allowed"": true, ""reasons"": [""sparse_ocr""], ""route"": ""image"", ""score"": 20.0}, {""final_do_not_embed"": true, ""opensearch_index_allowed"": false, ""passed"": false, ""qdrant_embedding_allowed"": false, ""reasons"": [""blank_subtype_or_empty_sample""], ""route"": ""blank"", ""score"": 15.0}]"
t_p_120_1176_p000179,179,table,detailed_parts_list,validated_primary_route,PASS,False,238,16,,False,False,False,False,False,False,False,False,False,False,False,not_needed_already_validated,already_validated,table,85.0,"[""table_subtype"", ""strong_part_number_density"", ""table_or_ipl_terms"", ""ocr_text_present""]",False,True,True,[]
t_p_120_1176_p000180,180,table,review_required,validator_gated_unresolved,VALIDATOR_GATED_UNRESOLVED,True,66,1,,False,False,False,False,False,False,False,False,False,False,True,retry_unresolved_validator_gated,validator_gated_unresolved_after_retry,,55.0,"[""no_candidate_probe_met_threshold"", ""moderate_ocr_text"", ""low_part_number_density"", ""low_table_term_density""]",True,False,False,"[{""final_do_not_embed"": false, ""opensearch_index_allowed"": true, ""passed"": false, ""qdrant_embedding_allowed"": true, ""reasons"": [], ""route"": ""table"", ""score"": 0.0}, {""final_do_not_embed"": false, ""opensearch_index_allowed"": false, ""passed"": false, ""qdrant_embedding_allowed"": true, ""reasons"": [""moderate_ocr_text"", ""low_part_number_density"", ""low_table_term_density""], ""route"": ""plain_text"", ""score"": 55.0}, {""final_do_not_embed"": false, ""opensearch_index_allowed"": false, ""passed"": false, ""qdrant_embedding_allowed"": true, ""reasons"": [""sparse_ocr""], ""route"": ""image"", ""score"": 20.0}, {""final_do_not_embed"": true, ""opensearch_index_allowed"": false, ""passed"": false, ""qdrant_embedding_allowed"": false, ""reasons"": [""blank_subtype_or_empty_sample""], ""route"": ""blank"", ""score"": 15.0}]"
t_p_120_1176_p000181,181,table,review_required,validator_gated_unresolved,VALIDATOR_GATED_UNRESOLVED,True,105,1,,False,False,False,False,False,False,False,False,False,False,True,retry_validated,retry_validated_primary_or_candidate_route,plain_text,65.0,"[""substantial_ocr_text"", ""low_part_number_density"", ""low_table_term_density""]",False,True,False,"[{""final_do_not_embed"": false, ""opensearch_index_allowed"": true, ""passed"": false, ""qdrant_embedding_allowed"": true, ""reasons"": [], ""route"": ""table"", ""score"": 0.0}, {""final_do_not_embed"": false, ""opensearch_index_allowed"": false, ""passed"": true, ""qdrant_embedding_allowed"": true, ""reasons"": [""substantial_ocr_text"", ""low_part_number_density"", ""low_table_term_density""], ""route"": ""plain_text"", ""score"": 65.0}, {""final_do_not_embed"": false, ""opensearch_index_allowed"": false, ""passed"": false, ""qdrant_embedding_allowed"": true, ""reasons"": [""sparse_ocr""], ""route"": ""image"", ""score"": 20.0}, {""final_do_not_embed"": true, ""opensearch_index_allowed"": false, ""passed"": false, ""qdrant_embedding_allowed"": false, ""reasons"": [""blank_subtype_or_empty_sample""], ""route"": ""blank"", ""score"": 15.0}]"
t_p_120_1176_p000182,182,table,detailed_parts_list,validated_primary_route,PASS,False,202,9,,False,False,False,False,False,False,False,False,False,False,False,not_needed_already_validated,already_validated,table,85.0,"[""table_subtype"", ""strong_part_number_density"", ""table_or_ipl_terms"", ""ocr_text_present""]",False,True,True,[]
t_p_120_1176_p000183,183,table,detailed_parts_list,validated_primary_route,PASS,False,194,9,,False,False,False,False,False,False,False,False,False,False,False,not_needed_already_validated,already_validated,table,85.0,"[""table_subtype"", ""strong_part_number_density"", ""table_or_ipl_terms"", ""ocr_text_present""]",False,True,True,[]
t_p_120_1176_p000184,184,plain_text,normal_text,validated_primary_route,PASS,False,114,1,,False,False,False,False,False,False,False,False,False,False,False,not_needed_already_validated,already_validated,plain_text,90.0,"[""plain_text_subtype"", ""meaningful_ocr_text"", ""low_part_number_density"", ""no_strong_row_structure""]",False,True,False,[]
t_p_120_1176_p000185,185,table,detailed_parts_list,validated_primary_route,PASS,False,254,17,,False,False,False,False,False,False,False,False,False,False,False,not_needed_already_validated,already_validated,table,85.0,"[""table_subtype"", ""strong_part_number_density"", ""table_or_ipl_terms"", ""ocr_text_present""]",False,True,True,[]
t_p_120_1176_p000186,186,table,detailed_parts_list,validated_primary_route,PASS,False,229,13,,False,False,False,False,False,False,False,False,False,False,False,not_needed_already_validated,already_validated,table,85.0,"[""table_subtype"", ""strong_part_number_density"", ""table_or_ipl_terms"", ""ocr_text_present""]",False,True,True,[]
t_p_120_1176_p000187,187,blank,blank_candidate,validated_primary_route,PASS,True,0,0,,False,False,False,False,False,False,False,False,False,False,False,not_needed_already_validated,already_validated,blank,100.0,"[""blank_subtype"", ""empty_or_near_empty_ocr"", ""no_part_number_tokens""]",True,False,False,[]
t_p_120_1176_p000188,188,table,review_required,validator_gated_unresolved,VALIDATOR_GATED_UNRESOLVED,True,100,1,,False,False,False,False,False,False,False,False,False,False,True,retry_validated,retry_validated_primary_or_candidate_route,plain_text,65.0,"[""substantial_ocr_text"", ""low_part_number_density"", ""low_table_term_density""]",False,True,False,"[{""final_do_not_embed"": false, ""opensearch_index_allowed"": true, ""passed"": false, ""qdrant_embedding_allowed"": true, ""reasons"": [], ""route"": ""table"", ""score"": 0.0}, {""final_do_not_embed"": false, ""opensearch_index_allowed"": false, ""passed"": true, ""qdrant_embedding_allowed"": true, ""reasons"": [""substantial_ocr_text"", ""low_part_number_density"", ""low_table_term_density""], ""route"": ""plain_text"", ""score"": 65.0}, {""final_do_not_embed"": false, ""opensearch_index_allowed"": false, ""passed"": false, ""qdrant_embedding_allowed"": true, ""reasons"": [""sparse_ocr""], ""route"": ""image"", ""score"": 20.0}, {""final_do_not_embed"": true, ""opensearch_index_allowed"": false, ""passed"": false, ""qdrant_embedding_allowed"": false, ""reasons"": [""blank_subtype_or_empty_sample""], ""route"": ""blank"", ""score"": 15.0}]"
t_p_120_1176_p000189,189,table,detailed_parts_list,validated_primary_route,PASS,False,213,7,,False,False,False,False,False,False,False,False,False,False,False,not_needed_already_validated,already_validated,table,72.0,"[""table_subtype"", ""moderate_part_number_density"", ""table_or_ipl_terms"", ""ocr_text_present""]",False,True,True,[]
t_p_120_1176_p000190,190,table,detailed_parts_list,validated_primary_route,PASS,False,205,9,,False,False,False,False,False,False,False,False,False,False,False,not_needed_already_validated,already_validated,table,85.0,"[""table_subtype"", ""strong_part_number_density"", ""table_or_ipl_terms"", ""ocr_text_present""]",False,True,True,[]
t_p_120_1176_p000191,191,plain_text,normal_text,validated_primary_route,PASS,False,89,2,,False,False,False,False,False,False,False,False,False,False,False,not_needed_already_validated,already_validated,plain_text,90.0,"[""plain_text_subtype"", ""meaningful_ocr_text"", ""low_part_number_density"", ""no_strong_row_structure""]",False,True,False,[]
t_p_120_1176_p000192,192,table,detailed_parts_list,validated_primary_route,PASS,False,264,14,,False,False,False,False,False,False,False,False,False,False,False,not_needed_already_validated,already_validated,table,85.0,"[""table_subtype"", ""strong_part_number_density"", ""table_or_ipl_terms"", ""ocr_text_present""]",False,True,True,[]
t_p_120_1176_p000193,193,table,detailed_parts_list,validated_primary_route,PASS,False,191,12,,False,False,False,False,False,False,False,False,False,False,False,not_needed_already_validated,already_validated,table,85.0,"[""table_subtype"", ""strong_part_number_density"", ""table_or_ipl_terms"", ""ocr_text_present""]",False,True,True,[]
t_p_120_1176_p000194,194,table,review_required,validator_gated_unresolved,VALIDATOR_GATED_UNRESOLVED,True,119,1,,False,False,False,False,False,False,False,False,False,False,True,retry_validated,retry_validated_primary_or_candidate_route,plain_text,65.0,"[""substantial_ocr_text"", ""low_part_number_density"", ""low_table_term_density""]",False,True,False,"[{""final_do_not_embed"": false, ""opensearch_index_allowed"": true, ""passed"": false, ""qdrant_embedding_allowed"": true, ""reasons"": [], ""route"": ""table"", ""score"": 0.0}, {""final_do_not_embed"": false, ""opensearch_index_allowed"": false, ""passed"": true, ""qdrant_embedding_allowed"": true, ""reasons"": [""substantial_ocr_text"", ""low_part_number_density"", ""low_table_term_density""], ""route"": ""plain_text"", ""score"": 65.0}, {""final_do_not_embed"": false, ""opensearch_index_allowed"": false, ""passed"": false, ""qdrant_embedding_allowed"": true, ""reasons"": [""sparse_ocr""], ""route"": ""image"", ""score"": 20.0}, {""final_do_not_embed"": true, ""opensearch_index_allowed"": false, ""passed"": false, ""qdrant_embedding_allowed"": false, ""reasons"": [""blank_subtype_or_empty_sample""], ""route"": ""blank"", ""score"": 15.0}]"
t_p_120_1176_p000195,195,blank,blank_candidate,validated_primary_route,PASS,True,0,0,,False,False,False,False,False,False,False,False,False,False,False,not_needed_already_validated,already_validated,blank,100.0,"[""blank_subtype"", ""empty_or_near_empty_ocr"", ""no_part_number_tokens""]",True,False,False,[]
t_p_120_1176_p000196,196,table,detailed_parts_list,validated_primary_route,PASS,False,216,7,,False,False,False,False,False,False,False,False,False,False,False,not_needed_already_validated,already_validated,table,72.0,"[""table_subtype"", ""moderate_part_number_density"", ""table_or_ipl_terms"", ""ocr_text_present""]",False,True,True,[]
t_p_120_1176_p000197,197,table,detailed_parts_list,validated_primary_route,PASS,False,166,7,,False,False,False,False,False,False,False,False,False,False,False,not_needed_already_validated,already_validated,table,72.0,"[""table_subtype"", ""moderate_part_number_density"", ""table_or_ipl_terms"", ""ocr_text_present""]",False,True,True,[]
t_p_120_1176_p000198,198,plain_text,normal_text,validated_primary_route,PASS,False,129,2,,False,False,False,False,False,False,False,False,False,False,False,not_needed_already_validated,already_validated,plain_text,90.0,"[""plain_text_subtype"", ""meaningful_ocr_text"", ""low_part_number_density"", ""no_strong_row_structure""]",False,True,False,[]
t_p_120_1176_p000199,199,table,detailed_parts_list,validated_primary_route,PASS,False,255,16,,False,False,False,False,False,False,False,False,False,False,False,not_needed_already_validated,already_validated,table,85.0,"[""table_subtype"", ""strong_part_number_density"", ""table_or_ipl_terms"", ""ocr_text_present""]",False,True,True,[]
t_p_120_1176_p000200,200,table,detailed_parts_list,validated_primary_route,PASS,False,200,12,,False,False,False,False,False,False,False,False,False,False,False,not_needed_already_validated,already_validated,table,85.0,"[""table_subtype"", ""strong_part_number_density"", ""table_or_ipl_terms"", ""ocr_text_present""]",False,True,True,[]
t_p_120_1176_p000201,201,blank,blank_candidate,validated_primary_route,PASS,True,0,0,,False,False,False,False,False,False,False,False,False,False,False,not_needed_already_validated,already_validated,blank,100.0,"[""blank_subtype"", ""empty_or_near_empty_ocr"", ""no_part_number_tokens""]",True,False,False,[]
t_p_120_1176_p000202,202,table,review_required,validator_gated_unresolved,VALIDATOR_GATED_UNRESOLVED,True,108,1,,False,False,False,False,False,False,False,False,False,False,True,retry_validated,retry_validated_primary_or_candidate_route,plain_text,65.0,"[""substantial_ocr_text"", ""low_part_number_density"", ""low_table_term_density""]",False,True,False,"[{""final_do_not_embed"": false, ""opensearch_index_allowed"": true, ""passed"": false, ""qdrant_embedding_allowed"": true, ""reasons"": [], ""route"": ""table"", ""score"": 0.0}, {""final_do_not_embed"": false, ""opensearch_index_allowed"": false, ""passed"": true, ""qdrant_embedding_allowed"": true, ""reasons"": [""substantial_ocr_text"", ""low_part_number_density"", ""low_table_term_density""], ""route"": ""plain_text"", ""score"": 65.0}, {""final_do_not_embed"": false, ""opensearch_index_allowed"": false, ""passed"": false, ""qdrant_embedding_allowed"": true, ""reasons"": [""sparse_ocr""], ""route"": ""image"", ""score"": 20.0}, {""final_do_not_embed"": true, ""opensearch_index_allowed"": false, ""passed"": false, ""qdrant_embedding_allowed"": false, ""reasons"": [""blank_subtype_or_empty_sample""], ""route"": ""blank"", ""score"": 15.0}]"
t_p_120_1176_p000203,203,table,detailed_parts_list,validated_primary_route,PASS,False,212,8,,False,False,False,False,False,False,False,False,False,False,False,not_needed_already_validated,already_validated,table,85.0,"[""table_subtype"", ""strong_part_number_density"", ""table_or_ipl_terms"", ""ocr_text_present""]",False,True,True,[]
t_p_120_1176_p000204,204,table,detailed_parts_list,validated_primary_route,PASS,False,205,10,,False,False,False,False,False,False,False,False,False,False,False,not_needed_already_validated,already_validated,table,85.0,"[""table_subtype"", ""strong_part_number_density"", ""table_or_ipl_terms"", ""ocr_text_present""]",False,True,True,[]
t_p_120_1176_p000205,205,table,review_required,validator_gated_unresolved,VALIDATOR_GATED_UNRESOLVED,True,102,1,,False,False,False,False,False,False,False,False,False,False,True,retry_validated,retry_validated_primary_or_candidate_route,plain_text,65.0,"[""substantial_ocr_text"", ""low_part_number_density"", ""low_table_term_density""]",False,True,False,"[{""final_do_not_embed"": false, ""opensearch_index_allowed"": true, ""passed"": false, ""qdrant_embedding_allowed"": true, ""reasons"": [], ""route"": ""table"", ""score"": 0.0}, {""final_do_not_embed"": false, ""opensearch_index_allowed"": false, ""passed"": true, ""qdrant_embedding_allowed"": true, ""reasons"": [""substantial_ocr_text"", ""low_part_number_density"", ""low_table_term_density""], ""route"": ""plain_text"", ""score"": 65.0}, {""final_do_not_embed"": false, ""opensearch_index_allowed"": false, ""passed"": false, ""qdrant_embedding_allowed"": true, ""reasons"": [""sparse_ocr""], ""route"": ""image"", ""score"": 20.0}, {""final_do_not_embed"": true, ""opensearch_index_allowed"": false, ""passed"": false, ""qdrant_embedding_allowed"": false, ""reasons"": [""blank_subtype_or_empty_sample""], ""route"": ""blank"", ""score"": 15.0}]"
t_p_120_1176_p000206,206,table,detailed_parts_list,validated_primary_route,PASS,False,225,9,,False,False,False,False,False,False,False,False,False,False,False,not_needed_already_validated,already_validated,table,85.0,"[""table_subtype"", ""strong_part_number_density"", ""table_or_ipl_terms"", ""ocr_text_present""]",False,True,True,[]
t_p_120_1176_p000207,207,table,detailed_parts_list,validated_primary_route,PASS,False,200,10,,False,False,False,False,False,False,False,False,False,False,False,not_needed_already_validated,already_validated,table,85.0,"[""table_subtype"", ""strong_part_number_density"", ""table_or_ipl_terms"", ""ocr_text_present""]",False,True,True,[]
t_p_120_1176_p000208,208,table,review_required,validator_gated_unresolved,VALIDATOR_GATED_UNRESOLVED,True,119,1,,False,False,False,False,False,False,False,False,False,False,True,retry_validated,retry_validated_primary_or_candidate_route,plain_text,65.0,"[""substantial_ocr_text"", ""low_part_number_density"", ""low_table_term_density""]",False,True,False,"[{""final_do_not_embed"": false, ""opensearch_index_allowed"": true, ""passed"": false, ""qdrant_embedding_allowed"": true, ""reasons"": [], ""route"": ""table"", ""score"": 0.0}, {""final_do_not_embed"": false, ""opensearch_index_allowed"": false, ""passed"": true, ""qdrant_embedding_allowed"": true, ""reasons"": [""substantial_ocr_text"", ""low_part_number_density"", ""low_table_term_density""], ""route"": ""plain_text"", ""score"": 65.0}, {""final_do_not_embed"": false, ""opensearch_index_allowed"": false, ""passed"": false, ""qdrant_embedding_allowed"": true, ""reasons"": [""sparse_ocr""], ""route"": ""image"", ""score"": 20.0}, {""final_do_not_embed"": true, ""opensearch_index_allowed"": false, ""passed"": false, ""qdrant_embedding_allowed"": false, ""reasons"": [""blank_subtype_or_empty_sample""], ""route"": ""blank"", ""score"": 15.0}]"
t_p_120_1176_p000209,209,table,detailed_parts_list,validated_primary_route,PASS,False,211,8,,False,False,False,False,False,False,False,False,False,False,False,not_needed_already_validated,already_validated,table,85.0,"[""table_subtype"", ""strong_part_number_density"", ""table_or_ipl_terms"", ""ocr_text_present""]",False,True,True,[]
t_p_120_1176_p000210,210,table,detailed_parts_list,validated_primary_route,PASS,False,172,7,,False,False,False,False,False,False,False,False,False,False,False,not_needed_already_validated,already_validated,table,72.0,"[""table_subtype"", ""moderate_part_number_density"", ""table_or_ipl_terms"", ""ocr_text_present""]",False,True,True,[]
t_p_120_1176_p000211,211,table,review_required,validator_gated_unresolved,VALIDATOR_GATED_UNRESOLVED,True,100,1,,False,False,False,False,False,False,False,False,False,False,True,retry_validated,retry_validated_primary_or_candidate_route,plain_text,65.0,"[""substantial_ocr_text"", ""low_part_number_density"", ""low_table_term_density""]",False,True,False,"[{""final_do_not_embed"": false, ""opensearch_index_allowed"": true, ""passed"": false, ""qdrant_embedding_allowed"": true, ""reasons"": [], ""route"": ""table"", ""score"": 0.0}, {""final_do_not_embed"": false, ""opensearch_index_allowed"": false, ""passed"": true, ""qdrant_embedding_allowed"": true, ""reasons"": [""substantial_ocr_text"", ""low_part_number_density"", ""low_table_term_density""], ""route"": ""plain_text"", ""score"": 65.0}, {""final_do_not_embed"": false, ""opensearch_index_allowed"": false, ""passed"": false, ""qdrant_embedding_allowed"": true, ""reasons"": [""sparse_ocr""], ""route"": ""image"", ""score"": 20.0}, {""final_do_not_embed"": true, ""opensearch_index_allowed"": false, ""passed"": false, ""qdrant_embedding_allowed"": false, ""reasons"": [""blank_subtype_or_empty_sample""], ""route"": ""blank"", ""score"": 15.0}]"
t_p_120_1176_p000212,212,table,detailed_parts_list,validated_primary_route,PASS,False,196,8,,False,False,False,False,False,False,False,False,False,False,False,not_needed_already_validated,already_validated,table,85.0,"[""table_subtype"", ""strong_part_number_density"", ""table_or_ipl_terms"", ""ocr_text_present""]",False,True,True,[]
t_p_120_1176_p000213,213,table,detailed_parts_list,validated_primary_route,PASS,False,183,8,,False,False,False,False,False,False,False,False,False,False,False,not_needed_already_validated,already_validated,table,85.0,"[""table_subtype"", ""strong_part_number_density"", ""table_or_ipl_terms"", ""ocr_text_present""]",False,True,True,[]
t_p_120_1176_p000214,214,plain_text,normal_text,validated_primary_route,PASS,False,97,1,,False,False,False,False,False,False,False,False,False,False,False,not_needed_already_validated,already_validated,plain_text,90.0,"[""plain_text_subtype"", ""meaningful_ocr_text"", ""low_part_number_density"", ""no_strong_row_structure""]",False,True,False,[]
t_p_120_1176_p000215,215,table,detailed_parts_list,validated_primary_route,PASS,False,203,8,,False,False,False,False,False,False,False,False,False,False,False,not_needed_already_validated,already_validated,table,85.0,"[""table_subtype"", ""strong_part_number_density"", ""table_or_ipl_terms"", ""ocr_text_present""]",False,True,True,[]
t_p_120_1176_p000216,216,table,detailed_parts_list,validated_primary_route,PASS,False,127,7,,False,False,False,False,False,False,False,False,False,False,False,not_needed_already_validated,already_validated,table,72.0,"[""table_subtype"", ""moderate_part_number_density"", ""table_or_ipl_terms"", ""ocr_text_present""]",False,True,True,[]
t_p_120_1176_p000217,217,blank,blank_candidate,validated_primary_route,PASS,True,0,0,,False,False,False,False,False,False,False,False,False,False,False,not_needed_already_validated,already_validated,blank,100.0,"[""blank_subtype"", ""empty_or_near_empty_ocr"", ""no_part_number_tokens""]",True,False,False,[]
t_p_120_1176_p000218,218,plain_text,normal_text,validated_primary_route,PASS,False,89,1,,False,False,False,False,False,False,False,False,False,False,False,not_needed_already_validated,already_validated,plain_text,90.0,"[""plain_text_subtype"", ""meaningful_ocr_text"", ""low_part_number_density"", ""no_strong_row_structure""]",False,True,False,[]
t_p_120_1176_p000219,219,table,detailed_parts_list,validated_primary_route,PASS,False,185,9,,False,False,False,False,False,False,False,False,False,False,False,not_needed_already_validated,already_validated,table,85.0,"[""table_subtype"", ""strong_part_number_density"", ""table_or_ipl_terms"", ""ocr_text_present""]",False,True,True,[]
t_p_120_1176_p000220,220,table,detailed_parts_list,validated_primary_route,PASS,False,186,8,,False,False,False,False,False,False,False,False,False,False,False,not_needed_already_validated,already_validated,table,85.0,"[""table_subtype"", ""strong_part_number_density"", ""table_or_ipl_terms"", ""ocr_text_present""]",False,True,True,[]
t_p_120_1176_p000221,221,table,review_required,validator_gated_unresolved,VALIDATOR_GATED_UNRESOLVED,True,109,1,,False,False,False,False,False,False,False,False,False,False,True,retry_validated,retry_validated_primary_or_candidate_route,plain_text,65.0,"[""substantial_ocr_text"", ""low_part_number_density"", ""low_table_term_density""]",False,True,False,"[{""final_do_not_embed"": false, ""opensearch_index_allowed"": true, ""passed"": false, ""qdrant_embedding_allowed"": true, ""reasons"": [], ""route"": ""table"", ""score"": 0.0}, {""final_do_not_embed"": false, ""opensearch_index_allowed"": false, ""passed"": true, ""qdrant_embedding_allowed"": true, ""reasons"": [""substantial_ocr_text"", ""low_part_number_density"", ""low_table_term_density""], ""route"": ""plain_text"", ""score"": 65.0}, {""final_do_not_embed"": false, ""opensearch_index_allowed"": false, ""passed"": false, ""qdrant_embedding_allowed"": true, ""reasons"": [""sparse_ocr""], ""route"": ""image"", ""score"": 20.0}, {""final_do_not_embed"": true, ""opensearch_index_allowed"": false, ""passed"": false, ""qdrant_embedding_allowed"": false, ""reasons"": [""blank_subtype_or_empty_sample""], ""route"": ""blank"", ""score"": 15.0}]"
t_p_120_1176_p000222,222,table,detailed_parts_list,validated_primary_route,PASS,False,196,8,,False,False,False,False,False,False,False,False,False,False,False,not_needed_already_validated,already_validated,table,85.0,"[""table_subtype"", ""strong_part_number_density"", ""table_or_ipl_terms"", ""ocr_text_present""]",False,True,True,[]
t_p_120_1176_p000223,223,table,detailed_parts_list,validated_primary_route,PASS,False,131,5,,False,False,False,False,False,False,False,False,False,False,False,not_needed_already_validated,already_validated,table,72.0,"[""table_subtype"", ""moderate_part_number_density"", ""table_or_ipl_terms"", ""ocr_text_present""]",False,True,True,[]
t_p_120_1176_p000224,224,table,review_required,validator_gated_unresolved,VALIDATOR_GATED_UNRESOLVED,True,100,1,,False,False,False,False,False,False,False,False,False,False,True,retry_validated,retry_validated_primary_or_candidate_route,plain_text,65.0,"[""substantial_ocr_text"", ""low_part_number_density"", ""low_table_term_density""]",False,True,False,"[{""final_do_not_embed"": false, ""opensearch_index_allowed"": true, ""passed"": false, ""qdrant_embedding_allowed"": true, ""reasons"": [], ""route"": ""table"", ""score"": 0.0}, {""final_do_not_embed"": false, ""opensearch_index_allowed"": false, ""passed"": true, ""qdrant_embedding_allowed"": true, ""reasons"": [""substantial_ocr_text"", ""low_part_number_density"", ""low_table_term_density""], ""route"": ""plain_text"", ""score"": 65.0}, {""final_do_not_embed"": false, ""opensearch_index_allowed"": false, ""passed"": false, ""qdrant_embedding_allowed"": true, ""reasons"": [""sparse_ocr""], ""route"": ""image"", ""score"": 20.0}, {""final_do_not_embed"": true, ""opensearch_index_allowed"": false, ""passed"": false, ""qdrant_embedding_allowed"": false, ""reasons"": [""blank_subtype_or_empty_sample""], ""route"": ""blank"", ""score"": 15.0}]"
t_p_120_1176_p000225,225,table,detailed_parts_list,validated_primary_route,PASS,False,193,10,,False,False,False,False,False,False,False,False,False,False,False,not_needed_already_validated,already_validated,table,85.0,"[""table_subtype"", ""strong_part_number_density"", ""table_or_ipl_terms"", ""ocr_text_present""]",False,True,True,[]
t_p_120_1176_p000226,226,table,detailed_parts_list,validated_primary_route,PASS,False,187,8,,False,False,False,False,False,False,False,False,False,False,False,not_needed_already_validated,already_validated,table,85.0,"[""table_subtype"", ""strong_part_number_density"", ""table_or_ipl_terms"", ""ocr_text_present""]",False,True,True,[]
t_p_120_1176_p000227,227,table,review_required,validator_gated_unresolved,VALIDATOR_GATED_UNRESOLVED,True,95,1,,False,False,False,False,False,False,False,False,False,False,True,retry_validated,retry_validated_primary_or_candidate_route,plain_text,65.0,"[""substantial_ocr_text"", ""low_part_number_density"", ""low_table_term_density""]",False,True,False,"[{""final_do_not_embed"": false, ""opensearch_index_allowed"": true, ""passed"": false, ""qdrant_embedding_allowed"": true, ""reasons"": [], ""route"": ""table"", ""score"": 0.0}, {""final_do_not_embed"": false, ""opensearch_index_allowed"": false, ""passed"": true, ""qdrant_embedding_allowed"": true, ""reasons"": [""substantial_ocr_text"", ""low_part_number_density"", ""low_table_term_density""], ""route"": ""plain_text"", ""score"": 65.0}, {""final_do_not_embed"": false, ""opensearch_index_allowed"": false, ""passed"": false, ""qdrant_embedding_allowed"": true, ""reasons"": [""sparse_ocr""], ""route"": ""image"", ""score"": 20.0}, {""final_do_not_embed"": true, ""opensearch_index_allowed"": false, ""passed"": false, ""qdrant_embedding_allowed"": false, ""reasons"": [""blank_subtype_or_empty_sample""], ""route"": ""blank"", ""score"": 15.0}]"
t_p_120_1176_p000228,228,table,detailed_parts_list,validated_primary_route,PASS,False,206,10,,False,False,False,False,False,False,False,False,False,False,False,not_needed_already_validated,already_validated,table,85.0,"[""table_subtype"", ""strong_part_number_density"", ""table_or_ipl_terms"", ""ocr_text_present""]",False,True,True,[]
t_p_120_1176_p000229,229,table,detailed_parts_list,validated_primary_route,PASS,False,244,12,,False,False,False,False,False,False,False,False,False,False,False,not_needed_already_validated,already_validated,table,85.0,"[""table_subtype"", ""strong_part_number_density"", ""table_or_ipl_terms"", ""ocr_text_present""]",False,True,True,[]
t_p_120_1176_p000230,230,plain_text,normal_text,validated_primary_route,PASS,False,94,1,,False,False,False,False,False,False,False,False,False,False,False,not_needed_already_validated,already_validated,plain_text,90.0,"[""plain_text_subtype"", ""meaningful_ocr_text"", ""low_part_number_density"", ""no_strong_row_structure""]",False,True,False,[]
t_p_120_1176_p000231,231,table,detailed_parts_list,validated_primary_route,PASS,False,194,10,,False,False,False,False,False,False,False,False,False,False,False,not_needed_already_validated,already_validated,table,85.0,"[""table_subtype"", ""strong_part_number_density"", ""table_or_ipl_terms"", ""ocr_text_present""]",False,True,True,[]
t_p_120_1176_p000232,232,table,detailed_parts_list,validated_primary_route,PASS,False,217,11,,False,False,False,False,False,False,False,False,False,False,False,not_needed_already_validated,already_validated,table,85.0,"[""table_subtype"", ""strong_part_number_density"", ""table_or_ipl_terms"", ""ocr_text_present""]",False,True,True,[]
t_p_120_1176_p000233,233,table,review_required,validator_gated_unresolved,VALIDATOR_GATED_UNRESOLVED,True,112,1,,False,False,False,False,False,False,False,False,False,False,True,retry_validated,retry_validated_primary_or_candidate_route,plain_text,65.0,"[""substantial_ocr_text"", ""low_part_number_density"", ""low_table_term_density""]",False,True,False,"[{""final_do_not_embed"": false, ""opensearch_index_allowed"": true, ""passed"": false, ""qdrant_embedding_allowed"": true, ""reasons"": [], ""route"": ""table"", ""score"": 0.0}, {""final_do_not_embed"": false, ""opensearch_index_allowed"": false, ""passed"": true, ""qdrant_embedding_allowed"": true, ""reasons"": [""substantial_ocr_text"", ""low_part_number_density"", ""low_table_term_density""], ""route"": ""plain_text"", ""score"": 65.0}, {""final_do_not_embed"": false, ""opensearch_index_allowed"": false, ""passed"": false, ""qdrant_embedding_allowed"": true, ""reasons"": [""sparse_ocr""], ""route"": ""image"", ""score"": 20.0}, {""final_do_not_embed"": true, ""opensearch_index_allowed"": false, ""passed"": false, ""qdrant_embedding_allowed"": false, ""reasons"": [""blank_subtype_or_empty_sample""], ""route"": ""blank"", ""score"": 15.0}]"
t_p_120_1176_p000234,234,table,detailed_parts_list,validated_primary_route,PASS,False,221,14,,False,False,False,False,False,False,False,False,False,False,False,not_needed_already_validated,already_validated,table,85.0,"[""table_subtype"", ""strong_part_number_density"", ""table_or_ipl_terms"", ""ocr_text_present""]",False,True,True,[]
t_p_120_1176_p000235,235,table,detailed_parts_list,validated_primary_route,PASS,False,198,8,,False,False,False,False,False,False,False,False,False,False,False,not_needed_already_validated,already_validated,table,85.0,"[""table_subtype"", ""strong_part_number_density"", ""table_or_ipl_terms"", ""ocr_text_present""]",False,True,True,[]
t_p_120_1176_p000236,236,table,review_required,validator_gated_unresolved,VALIDATOR_GATED_UNRESOLVED,True,104,1,,False,False,False,False,False,False,False,False,False,False,True,retry_validated,retry_validated_primary_or_candidate_route,plain_text,65.0,"[""substantial_ocr_text"", ""low_part_number_density"", ""low_table_term_density""]",False,True,False,"[{""final_do_not_embed"": false, ""opensearch_index_allowed"": true, ""passed"": false, ""qdrant_embedding_allowed"": true, ""reasons"": [], ""route"": ""table"", ""score"": 0.0}, {""final_do_not_embed"": false, ""opensearch_index_allowed"": false, ""passed"": true, ""qdrant_embedding_allowed"": true, ""reasons"": [""substantial_ocr_text"", ""low_part_number_density"", ""low_table_term_density""], ""route"": ""plain_text"", ""score"": 65.0}, {""final_do_not_embed"": false, ""opensearch_index_allowed"": false, ""passed"": false, ""qdrant_embedding_allowed"": true, ""reasons"": [""sparse_ocr""], ""route"": ""image"", ""score"": 20.0}, {""final_do_not_embed"": true, ""opensearch_index_allowed"": false, ""passed"": false, ""qdrant_embedding_allowed"": false, ""reasons"": [""blank_subtype_or_empty_sample""], ""route"": ""blank"", ""score"": 15.0}]"
t_p_120_1176_p000237,237,table,detailed_parts_list,validated_primary_route,PASS,False,201,10,,False,False,False,False,False,False,False,False,False,False,False,not_needed_already_validated,already_validated,table,85.0,"[""table_subtype"", ""strong_part_number_density"", ""table_or_ipl_terms"", ""ocr_text_present""]",False,True,True,[]
t_p_120_1176_p000238,238,table,detailed_parts_list,validated_primary_route,PASS,False,260,12,,False,False,False,False,False,False,False,False,False,False,False,not_needed_already_validated,already_validated,table,85.0,"[""table_subtype"", ""strong_part_number_density"", ""table_or_ipl_terms"", ""ocr_text_present""]",False,True,True,[]
t_p_120_1176_p000239,239,table,review_required,validator_gated_unresolved,VALIDATOR_GATED_UNRESOLVED,True,105,1,,False,False,False,False,False,False,False,False,False,False,True,retry_validated,retry_validated_primary_or_candidate_route,plain_text,65.0,"[""substantial_ocr_text"", ""low_part_number_density"", ""low_table_term_density""]",False,True,False,"[{""final_do_not_embed"": false, ""opensearch_index_allowed"": true, ""passed"": false, ""qdrant_embedding_allowed"": true, ""reasons"": [], ""route"": ""table"", ""score"": 0.0}, {""final_do_not_embed"": false, ""opensearch_index_allowed"": false, ""passed"": true, ""qdrant_embedding_allowed"": true, ""reasons"": [""substantial_ocr_text"", ""low_part_number_density"", ""low_table_term_density""], ""route"": ""plain_text"", ""score"": 65.0}, {""final_do_not_embed"": false, ""opensearch_index_allowed"": false, ""passed"": false, ""qdrant_embedding_allowed"": true, ""reasons"": [""sparse_ocr""], ""route"": ""image"", ""score"": 20.0}, {""final_do_not_embed"": true, ""opensearch_index_allowed"": false, ""passed"": false, ""qdrant_embedding_allowed"": false, ""reasons"": [""blank_subtype_or_empty_sample""], ""route"": ""blank"", ""score"": 15.0}]"
t_p_120_1176_p000240,240,table,detailed_parts_list,validated_primary_route,PASS,False,212,10,,False,False,False,False,False,False,False,False,False,False,False,not_needed_already_validated,already_validated,table,85.0,"[""table_subtype"", ""strong_part_number_density"", ""table_or_ipl_terms"", ""ocr_text_present""]",False,True,True,[]
t_p_120_1176_p000241,241,table,detailed_parts_list,validated_primary_route,PASS,False,218,12,,False,False,False,False,False,False,False,False,False,False,False,not_needed_already_validated,already_validated,table,65.0,"[""table_subtype"", ""strong_part_number_density"", ""ocr_text_present""]",False,True,True,[]
t_p_120_1176_p000242,242,table,review_required,validator_gated_unresolved,VALIDATOR_GATED_UNRESOLVED,True,92,1,,False,False,False,False,False,False,False,False,False,False,True,retry_validated,retry_validated_primary_or_candidate_route,plain_text,65.0,"[""substantial_ocr_text"", ""low_part_number_density"", ""low_table_term_density""]",False,True,False,"[{""final_do_not_embed"": false, ""opensearch_index_allowed"": true, ""passed"": false, ""qdrant_embedding_allowed"": true, ""reasons"": [], ""route"": ""table"", ""score"": 0.0}, {""final_do_not_embed"": false, ""opensearch_index_allowed"": false, ""passed"": true, ""qdrant_embedding_allowed"": true, ""reasons"": [""substantial_ocr_text"", ""low_part_number_density"", ""low_table_term_density""], ""route"": ""plain_text"", ""score"": 65.0}, {""final_do_not_embed"": false, ""opensearch_index_allowed"": false, ""passed"": false, ""qdrant_embedding_allowed"": true, ""reasons"": [""sparse_ocr""], ""route"": ""image"", ""score"": 20.0}, {""final_do_not_embed"": true, ""opensearch_index_allowed"": false, ""passed"": false, ""qdrant_embedding_allowed"": false, ""reasons"": [""blank_subtype_or_empty_sample""], ""route"": ""blank"", ""score"": 15.0}]"
t_p_120_1176_p000243,243,table,detailed_parts_list,validated_primary_route,PASS,False,200,10,,False,False,False,False,False,False,False,False,False,False,False,not_needed_already_validated,already_validated,table,85.0,"[""table_subtype"", ""strong_part_number_density"", ""table_or_ipl_terms"", ""ocr_text_present""]",False,True,True,[]
t_p_120_1176_p000244,244,table,detailed_parts_list,validated_primary_route,PASS,False,218,11,,False,False,False,False,False,False,False,False,False,False,False,not_needed_already_validated,already_validated,table,85.0,"[""table_subtype"", ""strong_part_number_density"", ""table_or_ipl_terms"", ""ocr_text_present""]",False,True,True,[]
t_p_120_1176_p000245,245,table,review_required,validator_gated_unresolved,VALIDATOR_GATED_UNRESOLVED,True,113,1,,False,False,False,False,False,False,False,False,False,False,True,retry_validated,retry_validated_primary_or_candidate_route,plain_text,65.0,"[""substantial_ocr_text"", ""low_part_number_density"", ""low_table_term_density""]",False,True,False,"[{""final_do_not_embed"": false, ""opensearch_index_allowed"": true, ""passed"": false, ""qdrant_embedding_allowed"": true, ""reasons"": [], ""route"": ""table"", ""score"": 0.0}, {""final_do_not_embed"": false, ""opensearch_index_allowed"": false, ""passed"": true, ""qdrant_embedding_allowed"": true, ""reasons"": [""substantial_ocr_text"", ""low_part_number_density"", ""low_table_term_density""], ""route"": ""plain_text"", ""score"": 65.0}, {""final_do_not_embed"": false, ""opensearch_index_allowed"": false, ""passed"": false, ""qdrant_embedding_allowed"": true, ""reasons"": [""sparse_ocr""], ""route"": ""image"", ""score"": 20.0}, {""final_do_not_embed"": true, ""opensearch_index_allowed"": false, ""passed"": false, ""qdrant_embedding_allowed"": false, ""reasons"": [""blank_subtype_or_empty_sample""], ""route"": ""blank"", ""score"": 15.0}]"
t_p_120_1176_p000246,246,table,detailed_parts_list,validated_primary_route,PASS,False,222,10,,False,False,False,False,False,False,False,False,False,False,False,not_needed_already_validated,already_validated,table,85.0,"[""table_subtype"", ""strong_part_number_density"", ""table_or_ipl_terms"", ""ocr_text_present""]",False,True,True,[]
t_p_120_1176_p000247,247,table,detailed_parts_list,validated_primary_route,PASS,False,165,8,,False,False,False,False,False,False,False,False,False,False,False,not_needed_already_validated,already_validated,table,85.0,"[""table_subtype"", ""strong_part_number_density"", ""table_or_ipl_terms"", ""ocr_text_present""]",False,True,True,[]
t_p_120_1176_p000248,248,table,review_required,validator_gated_unresolved,VALIDATOR_GATED_UNRESOLVED,True,103,1,,False,False,False,False,False,False,False,False,False,False,True,retry_validated,retry_validated_primary_or_candidate_route,plain_text,65.0,"[""substantial_ocr_text"", ""low_part_number_density"", ""low_table_term_density""]",False,True,False,"[{""final_do_not_embed"": false, ""opensearch_index_allowed"": true, ""passed"": false, ""qdrant_embedding_allowed"": true, ""reasons"": [], ""route"": ""table"", ""score"": 0.0}, {""final_do_not_embed"": false, ""opensearch_index_allowed"": false, ""passed"": true, ""qdrant_embedding_allowed"": true, ""reasons"": [""substantial_ocr_text"", ""low_part_number_density"", ""low_table_term_density""], ""route"": ""plain_text"", ""score"": 65.0}, {""final_do_not_embed"": false, ""opensearch_index_allowed"": false, ""passed"": false, ""qdrant_embedding_allowed"": true, ""reasons"": [""sparse_ocr""], ""route"": ""image"", ""score"": 20.0}, {""final_do_not_embed"": true, ""opensearch_index_allowed"": false, ""passed"": false, ""qdrant_embedding_allowed"": false, ""reasons"": [""blank_subtype_or_empty_sample""], ""route"": ""blank"", ""score"": 15.0}]"
t_p_120_1176_p000249,249,table,detailed_parts_list,validated_primary_route,PASS,False,198,10,,False,False,False,False,False,False,False,False,False,False,False,not_needed_already_validated,already_validated,table,85.0,"[""table_subtype"", ""strong_part_number_density"", ""table_or_ipl_terms"", ""ocr_text_present""]",False,True,True,[]
t_p_120_1176_p000250,250,table,detailed_parts_list,validated_primary_route,PASS,False,228,12,,False,False,False,False,False,False,False,False,False,False,False,not_needed_already_validated,already_validated,table,85.0,"[""table_subtype"", ""strong_part_number_density"", ""table_or_ipl_terms"", ""ocr_text_present""]",False,True,True,[]
t_p_120_1176_p000251,251,table,review_required,validator_gated_unresolved,VALIDATOR_GATED_UNRESOLVED,True,102,1,,False,False,False,False,False,False,False,False,False,False,True,retry_validated,retry_validated_primary_or_candidate_route,plain_text,65.0,"[""substantial_ocr_text"", ""low_part_number_density"", ""low_table_term_density""]",False,True,False,"[{""final_do_not_embed"": false, ""opensearch_index_allowed"": true, ""passed"": false, ""qdrant_embedding_allowed"": true, ""reasons"": [], ""route"": ""table"", ""score"": 0.0}, {""final_do_not_embed"": false, ""opensearch_index_allowed"": false, ""passed"": true, ""qdrant_embedding_allowed"": true, ""reasons"": [""substantial_ocr_text"", ""low_part_number_density"", ""low_table_term_density""], ""route"": ""plain_text"", ""score"": 65.0}, {""final_do_not_embed"": false, ""opensearch_index_allowed"": false, ""passed"": false, ""qdrant_embedding_allowed"": true, ""reasons"": [""sparse_ocr""], ""route"": ""image"", ""score"": 20.0}, {""final_do_not_embed"": true, ""opensearch_index_allowed"": false, ""passed"": false, ""qdrant_embedding_allowed"": false, ""reasons"": [""blank_subtype_or_empty_sample""], ""route"": ""blank"", ""score"": 15.0}]"
t_p_120_1176_p000252,252,table,detailed_parts_list,validated_primary_route,PASS,False,189,8,,False,False,False,False,False,False,False,False,False,False,False,not_needed_already_validated,already_validated,table,85.0,"[""table_subtype"", ""strong_part_number_density"", ""table_or_ipl_terms"", ""ocr_text_present""]",False,True,True,[]
t_p_120_1176_p000253,253,table,detailed_parts_list,validated_primary_route,PASS,False,230,11,,False,False,False,False,False,False,False,False,False,False,False,not_needed_already_validated,already_validated,table,85.0,"[""table_subtype"", ""strong_part_number_density"", ""table_or_ipl_terms"", ""ocr_text_present""]",False,True,True,[]
t_p_120_1176_p000254,254,table,review_required,validator_gated_unresolved,VALIDATOR_GATED_UNRESOLVED,True,96,1,,False,False,False,False,False,False,False,False,False,False,True,retry_validated,retry_validated_primary_or_candidate_route,plain_text,65.0,"[""substantial_ocr_text"", ""low_part_number_density"", ""low_table_term_density""]",False,True,False,"[{""final_do_not_embed"": false, ""opensearch_index_allowed"": true, ""passed"": false, ""qdrant_embedding_allowed"": true, ""reasons"": [], ""route"": ""table"", ""score"": 0.0}, {""final_do_not_embed"": false, ""opensearch_index_allowed"": false, ""passed"": true, ""qdrant_embedding_allowed"": true, ""reasons"": [""substantial_ocr_text"", ""low_part_number_density"", ""low_table_term_density""], ""route"": ""plain_text"", ""score"": 65.0}, {""final_do_not_embed"": false, ""opensearch_index_allowed"": false, ""passed"": false, ""qdrant_embedding_allowed"": true, ""reasons"": [""sparse_ocr""], ""route"": ""image"", ""score"": 20.0}, {""final_do_not_embed"": true, ""opensearch_index_allowed"": false, ""passed"": false, ""qdrant_embedding_allowed"": false, ""reasons"": [""blank_subtype_or_empty_sample""], ""route"": ""blank"", ""score"": 15.0}]"
t_p_120_1176_p000255,255,table,detailed_parts_list,validated_primary_route,PASS,False,195,9,,False,False,False,False,False,False,False,False,False,False,False,not_needed_already_validated,already_validated,table,85.0,"[""table_subtype"", ""strong_part_number_density"", ""table_or_ipl_terms"", ""ocr_text_present""]",False,True,True,[]
t_p_120_1176_p000256,256,table,detailed_parts_list,validated_primary_route,PASS,False,165,10,,False,False,False,False,False,False,False,False,False,False,False,not_needed_already_validated,already_validated,table,85.0,"[""table_subtype"", ""strong_part_number_density"", ""table_or_ipl_terms"", ""ocr_text_present""]",False,True,True,[]
t_p_120_1176_p000257,257,table,review_required,validator_gated_unresolved,VALIDATOR_GATED_UNRESOLVED,True,98,1,,False,False,False,False,False,False,False,False,False,False,True,retry_validated,retry_validated_primary_or_candidate_route,plain_text,65.0,"[""substantial_ocr_text"", ""low_part_number_density"", ""low_table_term_density""]",False,True,False,"[{""final_do_not_embed"": false, ""opensearch_index_allowed"": true, ""passed"": false, ""qdrant_embedding_allowed"": true, ""reasons"": [], ""route"": ""table"", ""score"": 0.0}, {""final_do_not_embed"": false, ""opensearch_index_allowed"": false, ""passed"": true, ""qdrant_embedding_allowed"": true, ""reasons"": [""substantial_ocr_text"", ""low_part_number_density"", ""low_table_term_density""], ""route"": ""plain_text"", ""score"": 65.0}, {""final_do_not_embed"": false, ""opensearch_index_allowed"": false, ""passed"": false, ""qdrant_embedding_allowed"": true, ""reasons"": [""sparse_ocr""], ""route"": ""image"", ""score"": 20.0}, {""final_do_not_embed"": true, ""opensearch_index_allowed"": false, ""passed"": false, ""qdrant_embedding_allowed"": false, ""reasons"": [""blank_subtype_or_empty_sample""], ""route"": ""blank"", ""score"": 15.0}]"
t_p_120_1176_p000258,258,table,detailed_parts_list,validated_primary_route,PASS,False,238,11,,False,False,False,False,False,False,False,False,False,False,False,not_needed_already_validated,already_validated,table,85.0,"[""table_subtype"", ""strong_part_number_density"", ""table_or_ipl_terms"", ""ocr_text_present""]",False,True,True,[]
t_p_120_1176_p000259,259,table,detailed_parts_list,validated_primary_route,PASS,False,149,9,,False,False,False,False,False,False,False,False,False,False,False,not_needed_already_validated,already_validated,table,85.0,"[""table_subtype"", ""strong_part_number_density"", ""table_or_ipl_terms"", ""ocr_text_present""]",False,True,True,[]
t_p_120_1176_p000260,260,table,review_required,validator_gated_unresolved,VALIDATOR_GATED_UNRESOLVED,True,95,1,,False,False,False,False,False,False,False,False,False,False,True,retry_validated,retry_validated_primary_or_candidate_route,plain_text,65.0,"[""substantial_ocr_text"", ""low_part_number_density"", ""low_table_term_density""]",False,True,False,"[{""final_do_not_embed"": false, ""opensearch_index_allowed"": true, ""passed"": false, ""qdrant_embedding_allowed"": true, ""reasons"": [], ""route"": ""table"", ""score"": 0.0}, {""final_do_not_embed"": false, ""opensearch_index_allowed"": false, ""passed"": true, ""qdrant_embedding_allowed"": true, ""reasons"": [""substantial_ocr_text"", ""low_part_number_density"", ""low_table_term_density""], ""route"": ""plain_text"", ""score"": 65.0}, {""final_do_not_embed"": false, ""opensearch_index_allowed"": false, ""passed"": false, ""qdrant_embedding_allowed"": true, ""reasons"": [""sparse_ocr""], ""route"": ""image"", ""score"": 20.0}, {""final_do_not_embed"": true, ""opensearch_index_allowed"": false, ""passed"": false, ""qdrant_embedding_allowed"": false, ""reasons"": [""blank_subtype_or_empty_sample""], ""route"": ""blank"", ""score"": 15.0}]"
t_p_120_1176_p000261,261,table,detailed_parts_list,validated_primary_route,PASS,False,223,10,,False,False,False,False,False,False,False,False,False,False,False,not_needed_already_validated,already_validated,table,85.0,"[""table_subtype"", ""strong_part_number_density"", ""table_or_ipl_terms"", ""ocr_text_present""]",False,True,True,[]
t_p_120_1176_p000262,262,table,detailed_parts_list,validated_primary_route,PASS,False,240,11,,False,False,False,False,False,False,False,False,False,False,False,not_needed_already_validated,already_validated,table,85.0,"[""table_subtype"", ""strong_part_number_density"", ""table_or_ipl_terms"", ""ocr_text_present""]",False,True,True,[]
t_p_120_1176_p000263,263,table,review_required,validator_gated_unresolved,VALIDATOR_GATED_UNRESOLVED,True,119,1,,False,False,False,False,False,False,False,False,False,False,True,retry_validated,retry_validated_primary_or_candidate_route,plain_text,65.0,"[""substantial_ocr_text"", ""low_part_number_density"", ""low_table_term_density""]",False,True,False,"[{""final_do_not_embed"": false, ""opensearch_index_allowed"": true, ""passed"": false, ""qdrant_embedding_allowed"": true, ""reasons"": [], ""route"": ""table"", ""score"": 0.0}, {""final_do_not_embed"": false, ""opensearch_index_allowed"": false, ""passed"": true, ""qdrant_embedding_allowed"": true, ""reasons"": [""substantial_ocr_text"", ""low_part_number_density"", ""low_table_term_density""], ""route"": ""plain_text"", ""score"": 65.0}, {""final_do_not_embed"": false, ""opensearch_index_allowed"": false, ""passed"": false, ""qdrant_embedding_allowed"": true, ""reasons"": [""sparse_ocr""], ""route"": ""image"", ""score"": 20.0}, {""final_do_not_embed"": true, ""opensearch_index_allowed"": false, ""passed"": false, ""qdrant_embedding_allowed"": false, ""reasons"": [""blank_subtype_or_empty_sample""], ""route"": ""blank"", ""score"": 15.0}]"
t_p_120_1176_p000264,264,table,detailed_parts_list,validated_primary_route,PASS,False,246,11,,False,False,False,False,False,False,False,False,False,False,False,not_needed_already_validated,already_validated,table,85.0,"[""table_subtype"", ""strong_part_number_density"", ""table_or_ipl_terms"", ""ocr_text_present""]",False,True,True,[]
t_p_120_1176_p000265,265,table,detailed_parts_list,validated_primary_route,PASS,False,187,8,,False,False,False,False,False,False,False,False,False,False,False,not_needed_already_validated,already_validated,table,85.0,"[""table_subtype"", ""strong_part_number_density"", ""table_or_ipl_terms"", ""ocr_text_present""]",False,True,True,[]
t_p_120_1176_p000266,266,table,review_required,validator_gated_unresolved,VALIDATOR_GATED_UNRESOLVED,True,117,1,,False,False,False,False,False,False,False,False,False,False,True,retry_validated,retry_validated_primary_or_candidate_route,plain_text,65.0,"[""substantial_ocr_text"", ""low_part_number_density"", ""low_table_term_density""]",False,True,False,"[{""final_do_not_embed"": false, ""opensearch_index_allowed"": true, ""passed"": false, ""qdrant_embedding_allowed"": true, ""reasons"": [], ""route"": ""table"", ""score"": 0.0}, {""final_do_not_embed"": false, ""opensearch_index_allowed"": false, ""passed"": true, ""qdrant_embedding_allowed"": true, ""reasons"": [""substantial_ocr_text"", ""low_part_number_density"", ""low_table_term_density""], ""route"": ""plain_text"", ""score"": 65.0}, {""final_do_not_embed"": false, ""opensearch_index_allowed"": false, ""passed"": false, ""qdrant_embedding_allowed"": true, ""reasons"": [""sparse_ocr""], ""route"": ""image"", ""score"": 20.0}, {""final_do_not_embed"": true, ""opensearch_index_allowed"": false, ""passed"": false, ""qdrant_embedding_allowed"": false, ""reasons"": [""blank_subtype_or_empty_sample""], ""route"": ""blank"", ""score"": 15.0}]"
t_p_120_1176_p000267,267,table,detailed_parts_list,validated_primary_route,PASS,False,238,12,,False,False,False,False,False,False,False,False,False,False,False,not_needed_already_validated,already_validated,table,85.0,"[""table_subtype"", ""strong_part_number_density"", ""table_or_ipl_terms"", ""ocr_text_present""]",False,True,True,[]
t_p_120_1176_p000268,268,table,detailed_parts_list,validated_primary_route,PASS,False,121,7,,False,False,False,False,False,False,False,False,False,False,False,not_needed_already_validated,already_validated,table,72.0,"[""table_subtype"", ""moderate_part_number_density"", ""table_or_ipl_terms"", ""ocr_text_present""]",False,True,True,[]
t_p_120_1176_p000269,269,table,review_required,validator_gated_unresolved,VALIDATOR_GATED_UNRESOLVED,True,99,1,,False,False,False,False,False,False,False,False,False,False,True,retry_validated,retry_validated_primary_or_candidate_route,plain_text,65.0,"[""substantial_ocr_text"", ""low_part_number_density"", ""low_table_term_density""]",False,True,False,"[{""final_do_not_embed"": false, ""opensearch_index_allowed"": true, ""passed"": false, ""qdrant_embedding_allowed"": true, ""reasons"": [], ""route"": ""table"", ""score"": 0.0}, {""final_do_not_embed"": false, ""opensearch_index_allowed"": false, ""passed"": true, ""qdrant_embedding_allowed"": true, ""reasons"": [""substantial_ocr_text"", ""low_part_number_density"", ""low_table_term_density""], ""route"": ""plain_text"", ""score"": 65.0}, {""final_do_not_embed"": false, ""opensearch_index_allowed"": false, ""passed"": false, ""qdrant_embedding_allowed"": true, ""reasons"": [""sparse_ocr""], ""route"": ""image"", ""score"": 20.0}, {""final_do_not_embed"": true, ""opensearch_index_allowed"": false, ""passed"": false, ""qdrant_embedding_allowed"": false, ""reasons"": [""blank_subtype_or_empty_sample""], ""route"": ""blank"", ""score"": 15.0}]"
t_p_120_1176_p000270,270,table,detailed_parts_list,validated_primary_route,PASS,False,196,9,,False,False,False,False,False,False,False,False,False,False,False,not_needed_already_validated,already_validated,table,85.0,"[""table_subtype"", ""strong_part_number_density"", ""table_or_ipl_terms"", ""ocr_text_present""]",False,True,True,[]
t_p_120_1176_p000271,271,table,detailed_parts_list,validated_primary_route,PASS,False,219,10,,False,False,False,False,False,False,False,False,False,False,False,not_needed_already_validated,already_validated,table,85.0,"[""table_subtype"", ""strong_part_number_density"", ""table_or_ipl_terms"", ""ocr_text_present""]",False,True,True,[]
t_p_120_1176_p000272,272,table,review_required,validator_gated_unresolved,VALIDATOR_GATED_UNRESOLVED,True,96,1,,False,False,False,False,False,False,False,False,False,False,True,retry_validated,retry_validated_primary_or_candidate_route,plain_text,65.0,"[""substantial_ocr_text"", ""low_part_number_density"", ""low_table_term_density""]",False,True,False,"[{""final_do_not_embed"": false, ""opensearch_index_allowed"": true, ""passed"": false, ""qdrant_embedding_allowed"": true, ""reasons"": [], ""route"": ""table"", ""score"": 0.0}, {""final_do_not_embed"": false, ""opensearch_index_allowed"": false, ""passed"": true, ""qdrant_embedding_allowed"": true, ""reasons"": [""substantial_ocr_text"", ""low_part_number_density"", ""low_table_term_density""], ""route"": ""plain_text"", ""score"": 65.0}, {""final_do_not_embed"": false, ""opensearch_index_allowed"": false, ""passed"": false, ""qdrant_embedding_allowed"": true, ""reasons"": [""sparse_ocr""], ""route"": ""image"", ""score"": 20.0}, {""final_do_not_embed"": true, ""opensearch_index_allowed"": false, ""passed"": false, ""qdrant_embedding_allowed"": false, ""reasons"": [""blank_subtype_or_empty_sample""], ""route"": ""blank"", ""score"": 15.0}]"
t_p_120_1176_p000273,273,table,detailed_parts_list,validated_primary_route,PASS,False,202,9,,False,False,False,False,False,False,False,False,False,False,False,not_needed_already_validated,already_validated,table,85.0,"[""table_subtype"", ""strong_part_number_density"", ""table_or_ipl_terms"", ""ocr_text_present""]",False,True,True,[]
t_p_120_1176_p000274,274,table,detailed_parts_list,validated_primary_route,PASS,False,182,10,,False,False,False,False,False,False,False,False,False,False,False,not_needed_already_validated,already_validated,table,85.0,"[""table_subtype"", ""strong_part_number_density"", ""table_or_ipl_terms"", ""ocr_text_present""]",False,True,True,[]
t_p_120_1176_p000275,275,table,review_required,validator_gated_unresolved,VALIDATOR_GATED_UNRESOLVED,True,98,1,,False,False,False,False,False,False,False,False,False,False,True,retry_validated,retry_validated_primary_or_candidate_route,plain_text,65.0,"[""substantial_ocr_text"", ""low_part_number_density"", ""low_table_term_density""]",False,True,False,"[{""final_do_not_embed"": false, ""opensearch_index_allowed"": true, ""passed"": false, ""qdrant_embedding_allowed"": true, ""reasons"": [], ""route"": ""table"", ""score"": 0.0}, {""final_do_not_embed"": false, ""opensearch_index_allowed"": false, ""passed"": true, ""qdrant_embedding_allowed"": true, ""reasons"": [""substantial_ocr_text"", ""low_part_number_density"", ""low_table_term_density""], ""route"": ""plain_text"", ""score"": 65.0}, {""final_do_not_embed"": false, ""opensearch_index_allowed"": false, ""passed"": false, ""qdrant_embedding_allowed"": true, ""reasons"": [""sparse_ocr""], ""route"": ""image"", ""score"": 20.0}, {""final_do_not_embed"": true, ""opensearch_index_allowed"": false, ""passed"": false, ""qdrant_embedding_allowed"": false, ""reasons"": [""blank_subtype_or_empty_sample""], ""route"": ""blank"", ""score"": 15.0}]"
t_p_120_1176_p000276,276,table,detailed_parts_list,validated_primary_route,PASS,False,248,14,,False,False,False,False,False,False,False,False,False,False,False,not_needed_already_validated,already_validated,table,100.0,"[""table_subtype"", ""strong_part_number_density"", ""row_structure_signal"", ""table_or_ipl_terms"", ""ocr_text_present""]",False,True,True,[]
t_p_120_1176_p000277,277,table,detailed_parts_list,validated_primary_route,PASS,False,128,6,,False,False,False,False,False,False,False,False,False,False,False,not_needed_already_validated,already_validated,table,72.0,"[""table_subtype"", ""moderate_part_number_density"", ""table_or_ipl_terms"", ""ocr_text_present""]",False,True,True,[]
t_p_120_1176_p000278,278,table,review_required,validator_gated_unresolved,VALIDATOR_GATED_UNRESOLVED,True,108,1,,False,False,False,False,False,False,False,False,False,False,True,retry_validated,retry_validated_primary_or_candidate_route,plain_text,65.0,"[""substantial_ocr_text"", ""low_part_number_density"", ""low_table_term_density""]",False,True,False,"[{""final_do_not_embed"": false, ""opensearch_index_allowed"": true, ""passed"": false, ""qdrant_embedding_allowed"": true, ""reasons"": [], ""route"": ""table"", ""score"": 0.0}, {""final_do_not_embed"": false, ""opensearch_index_allowed"": false, ""passed"": true, ""qdrant_embedding_allowed"": true, ""reasons"": [""substantial_ocr_text"", ""low_part_number_density"", ""low_table_term_density""], ""route"": ""plain_text"", ""score"": 65.0}, {""final_do_not_embed"": false, ""opensearch_index_allowed"": false, ""passed"": false, ""qdrant_embedding_allowed"": true, ""reasons"": [""sparse_ocr""], ""route"": ""image"", ""score"": 20.0}, {""final_do_not_embed"": true, ""opensearch_index_allowed"": false, ""passed"": false, ""qdrant_embedding_allowed"": false, ""reasons"": [""blank_subtype_or_empty_sample""], ""route"": ""blank"", ""score"": 15.0}]"
t_p_120_1176_p000279,279,table,detailed_parts_list,validated_primary_route,PASS,False,186,9,,False,False,False,False,False,False,False,False,False,False,False,not_needed_already_validated,already_validated,table,85.0,"[""table_subtype"", ""strong_part_number_density"", ""table_or_ipl_terms"", ""ocr_text_present""]",False,True,True,[]
t_p_120_1176_p000280,280,table,detailed_parts_list,validated_primary_route,PASS,False,160,10,,False,False,False,False,False,False,False,False,False,False,False,not_needed_already_validated,already_validated,table,85.0,"[""table_subtype"", ""strong_part_number_density"", ""table_or_ipl_terms"", ""ocr_text_present""]",False,True,True,[]
t_p_120_1176_p000281,281,table,review_required,validator_gated_unresolved,VALIDATOR_GATED_UNRESOLVED,True,111,0,,False,False,False,False,False,False,False,False,False,False,True,retry_validated,retry_validated_primary_or_candidate_route,plain_text,65.0,"[""substantial_ocr_text"", ""low_part_number_density"", ""low_table_term_density""]",False,True,False,"[{""final_do_not_embed"": false, ""opensearch_index_allowed"": true, ""passed"": false, ""qdrant_embedding_allowed"": true, ""reasons"": [], ""route"": ""table"", ""score"": 0.0}, {""final_do_not_embed"": false, ""opensearch_index_allowed"": false, ""passed"": true, ""qdrant_embedding_allowed"": true, ""reasons"": [""substantial_ocr_text"", ""low_part_number_density"", ""low_table_term_density""], ""route"": ""plain_text"", ""score"": 65.0}, {""final_do_not_embed"": false, ""opensearch_index_allowed"": false, ""passed"": false, ""qdrant_embedding_allowed"": true, ""reasons"": [""sparse_ocr"", ""no_part_numbers""], ""route"": ""image"", ""score"": 30.0}, {""final_do_not_embed"": true, ""opensearch_index_allowed"": false, ""passed"": false, ""qdrant_embedding_allowed"": false, ""reasons"": [""no_part_numbers"", ""blank_subtype_or_empty_sample""], ""route"": ""blank"", ""score"": 30.0}]"
t_p_120_1176_p000282,282,table,detailed_parts_list,validated_primary_route,PASS,False,180,9,,False,False,False,False,False,False,False,False,False,False,False,not_needed_already_validated,already_validated,table,85.0,"[""table_subtype"", ""strong_part_number_density"", ""table_or_ipl_terms"", ""ocr_text_present""]",False,True,True,[]
t_p_120_1176_p000283,283,table,detailed_parts_list,validated_primary_route,PASS,False,160,9,,False,False,False,False,False,False,False,False,False,False,False,not_needed_already_validated,already_validated,table,85.0,"[""table_subtype"", ""strong_part_number_density"", ""table_or_ipl_terms"", ""ocr_text_present""]",False,True,True,[]
t_p_120_1176_p000284,284,table,review_required,validator_gated_unresolved,VALIDATOR_GATED_UNRESOLVED,True,99,1,,False,False,False,False,False,False,False,False,False,False,True,retry_validated,retry_validated_primary_or_candidate_route,plain_text,65.0,"[""substantial_ocr_text"", ""low_part_number_density"", ""low_table_term_density""]",False,True,False,"[{""final_do_not_embed"": false, ""opensearch_index_allowed"": true, ""passed"": false, ""qdrant_embedding_allowed"": true, ""reasons"": [], ""route"": ""table"", ""score"": 0.0}, {""final_do_not_embed"": false, ""opensearch_index_allowed"": false, ""passed"": true, ""qdrant_embedding_allowed"": true, ""reasons"": [""substantial_ocr_text"", ""low_part_number_density"", ""low_table_term_density""], ""route"": ""plain_text"", ""score"": 65.0}, {""final_do_not_embed"": false, ""opensearch_index_allowed"": false, ""passed"": false, ""qdrant_embedding_allowed"": true, ""reasons"": [""sparse_ocr""], ""route"": ""image"", ""score"": 20.0}, {""final_do_not_embed"": true, ""opensearch_index_allowed"": false, ""passed"": false, ""qdrant_embedding_allowed"": false, ""reasons"": [""blank_subtype_or_empty_sample""], ""route"": ""blank"", ""score"": 15.0}]"
t_p_120_1176_p000285,285,table,detailed_parts_list,validated_primary_route,PASS,False,186,9,,False,False,False,False,False,False,False,False,False,False,False,not_needed_already_validated,already_validated,table,85.0,"[""table_subtype"", ""strong_part_number_density"", ""table_or_ipl_terms"", ""ocr_text_present""]",False,True,True,[]
t_p_120_1176_p000286,286,table,detailed_parts_list,validated_primary_route,PASS,False,137,8,,False,False,False,False,False,False,False,False,False,False,False,not_needed_already_validated,already_validated,table,85.0,"[""table_subtype"", ""strong_part_number_density"", ""table_or_ipl_terms"", ""ocr_text_present""]",False,True,True,[]
t_p_120_1176_p000287,287,table,review_required,validator_gated_unresolved,VALIDATOR_GATED_UNRESOLVED,True,92,1,,False,False,False,False,False,False,False,False,False,False,True,retry_validated,retry_validated_primary_or_candidate_route,plain_text,65.0,"[""substantial_ocr_text"", ""low_part_number_density"", ""low_table_term_density""]",False,True,False,"[{""final_do_not_embed"": false, ""opensearch_index_allowed"": true, ""passed"": false, ""qdrant_embedding_allowed"": true, ""reasons"": [], ""route"": ""table"", ""score"": 0.0}, {""final_do_not_embed"": false, ""opensearch_index_allowed"": false, ""passed"": true, ""qdrant_embedding_allowed"": true, ""reasons"": [""substantial_ocr_text"", ""low_part_number_density"", ""low_table_term_density""], ""route"": ""plain_text"", ""score"": 65.0}, {""final_do_not_embed"": false, ""opensearch_index_allowed"": false, ""passed"": false, ""qdrant_embedding_allowed"": true, ""reasons"": [""sparse_ocr""], ""route"": ""image"", ""score"": 20.0}, {""final_do_not_embed"": true, ""opensearch_index_allowed"": false, ""passed"": false, ""qdrant_embedding_allowed"": false, ""reasons"": [""blank_subtype_or_empty_sample""], ""route"": ""blank"", ""score"": 15.0}]"
t_p_120_1176_p000288,288,table,detailed_parts_list,validated_primary_route,PASS,False,214,9,,False,False,False,False,False,False,False,False,False,False,False,not_needed_already_validated,already_validated,table,85.0,"[""table_subtype"", ""strong_part_number_density"", ""table_or_ipl_terms"", ""ocr_text_present""]",False,True,True,[]
t_p_120_1176_p000289,289,table,detailed_parts_list,validated_primary_route,PASS,False,98,6,,False,False,False,False,False,False,False,False,False,False,False,not_needed_already_validated,already_validated,table,72.0,"[""table_subtype"", ""moderate_part_number_density"", ""table_or_ipl_terms"", ""ocr_text_present""]",False,True,True,[]
t_p_120_1176_p000290,290,table,review_required,validator_gated_unresolved,VALIDATOR_GATED_UNRESOLVED,True,101,1,,False,False,False,False,False,False,False,False,False,False,True,retry_validated,retry_validated_primary_or_candidate_route,plain_text,65.0,"[""substantial_ocr_text"", ""low_part_number_density"", ""low_table_term_density""]",False,True,False,"[{""final_do_not_embed"": false, ""opensearch_index_allowed"": true, ""passed"": false, ""qdrant_embedding_allowed"": true, ""reasons"": [], ""route"": ""table"", ""score"": 0.0}, {""final_do_not_embed"": false, ""opensearch_index_allowed"": false, ""passed"": true, ""qdrant_embedding_allowed"": true, ""reasons"": [""substantial_ocr_text"", ""low_part_number_density"", ""low_table_term_density""], ""route"": ""plain_text"", ""score"": 65.0}, {""final_do_not_embed"": false, ""opensearch_index_allowed"": false, ""passed"": false, ""qdrant_embedding_allowed"": true, ""reasons"": [""sparse_ocr""], ""route"": ""image"", ""score"": 20.0}, {""final_do_not_embed"": true, ""opensearch_index_allowed"": false, ""passed"": false, ""qdrant_embedding_allowed"": false, ""reasons"": [""blank_subtype_or_empty_sample""], ""route"": ""blank"", ""score"": 15.0}]"
t_p_120_1176_p000291,291,table,detailed_parts_list,validated_primary_route,PASS,False,202,9,,False,False,False,False,False,False,False,False,False,False,False,not_needed_already_validated,already_validated,table,85.0,"[""table_subtype"", ""strong_part_number_density"", ""table_or_ipl_terms"", ""ocr_text_present""]",False,True,True,[]
t_p_120_1176_p000292,292,table,detailed_parts_list,validated_primary_route,PASS,False,149,7,,False,False,False,False,False,False,False,False,False,False,False,not_needed_already_validated,already_validated,table,72.0,"[""table_subtype"", ""moderate_part_number_density"", ""table_or_ipl_terms"", ""ocr_text_present""]",False,True,True,[]
t_p_120_1176_p000293,293,table,review_required,validator_gated_unresolved,VALIDATOR_GATED_UNRESOLVED,True,129,1,,False,False,False,False,False,False,False,False,False,False,True,retry_validated,retry_validated_primary_or_candidate_route,plain_text,65.0,"[""substantial_ocr_text"", ""low_part_number_density"", ""low_table_term_density""]",False,True,False,"[{""final_do_not_embed"": false, ""opensearch_index_allowed"": true, ""passed"": false, ""qdrant_embedding_allowed"": true, ""reasons"": [], ""route"": ""table"", ""score"": 0.0}, {""final_do_not_embed"": false, ""opensearch_index_allowed"": false, ""passed"": true, ""qdrant_embedding_allowed"": true, ""reasons"": [""substantial_ocr_text"", ""low_part_number_density"", ""low_table_term_density""], ""route"": ""plain_text"", ""score"": 65.0}, {""final_do_not_embed"": false, ""opensearch_index_allowed"": false, ""passed"": false, ""qdrant_embedding_allowed"": true, ""reasons"": [], ""route"": ""image"", ""score"": 0.0}, {""final_do_not_embed"": true, ""opensearch_index_allowed"": false, ""passed"": false, ""qdrant_embedding_allowed"": false, ""reasons"": [""blank_subtype_or_empty_sample""], ""route"": ""blank"", ""score"": 15.0}]"
t_p_120_1176_p000294,294,table,detailed_parts_list,validated_primary_route,PASS,False,220,9,,False,False,False,False,False,False,False,False,False,False,False,not_needed_already_validated,already_validated,table,85.0,"[""table_subtype"", ""strong_part_number_density"", ""table_or_ipl_terms"", ""ocr_text_present""]",False,True,True,[]
t_p_120_1176_p000295,295,table,detailed_parts_list,validated_primary_route,PASS,False,150,10,,False,False,False,False,False,False,False,False,False,False,False,not_needed_already_validated,already_validated,table,85.0,"[""table_subtype"", ""strong_part_number_density"", ""table_or_ipl_terms"", ""ocr_text_present""]",False,True,True,[]
t_p_120_1176_p000296,296,table,review_required,validator_gated_unresolved,VALIDATOR_GATED_UNRESOLVED,True,121,1,,False,False,False,False,False,False,False,False,False,False,True,retry_validated,retry_validated_primary_or_candidate_route,plain_text,65.0,"[""substantial_ocr_text"", ""low_part_number_density"", ""low_table_term_density""]",False,True,False,"[{""final_do_not_embed"": false, ""opensearch_index_allowed"": true, ""passed"": false, ""qdrant_embedding_allowed"": true, ""reasons"": [], ""route"": ""table"", ""score"": 0.0}, {""final_do_not_embed"": false, ""opensearch_index_allowed"": false, ""passed"": true, ""qdrant_embedding_allowed"": true, ""reasons"": [""substantial_ocr_text"", ""low_part_number_density"", ""low_table_term_density""], ""route"": ""plain_text"", ""score"": 65.0}, {""final_do_not_embed"": false, ""opensearch_index_allowed"": false, ""passed"": false, ""qdrant_embedding_allowed"": true, ""reasons"": [], ""route"": ""image"", ""score"": 0.0}, {""final_do_not_embed"": true, ""opensearch_index_allowed"": false, ""passed"": false, ""qdrant_embedding_allowed"": false, ""reasons"": [""blank_subtype_or_empty_sample""], ""route"": ""blank"", ""score"": 15.0}]"
t_p_120_1176_p000297,297,table,detailed_parts_list,validated_primary_route,PASS,False,274,17,,False,False,False,False,False,False,False,False,False,False,False,not_needed_already_validated,already_validated,table,85.0,"[""table_subtype"", ""strong_part_number_density"", ""table_or_ipl_terms"", ""ocr_text_present""]",False,True,True,[]
t_p_120_1176_p000298,298,table,review_required,validator_gated_unresolved,VALIDATOR_GATED_UNRESOLVED,True,75,1,,False,False,False,False,False,False,False,False,False,False,True,retry_unresolved_validator_gated,validator_gated_unresolved_after_retry,,55.0,"[""no_candidate_probe_met_threshold"", ""moderate_ocr_text"", ""low_part_number_density"", ""low_table_term_density""]",True,False,False,"[{""final_do_not_embed"": false, ""opensearch_index_allowed"": true, ""passed"": false, ""qdrant_embedding_allowed"": true, ""reasons"": [], ""route"": ""table"", ""score"": 0.0}, {""final_do_not_embed"": false, ""opensearch_index_allowed"": false, ""passed"": false, ""qdrant_embedding_allowed"": true, ""reasons"": [""moderate_ocr_text"", ""low_part_number_density"", ""low_table_term_density""], ""route"": ""plain_text"", ""score"": 55.0}, {""final_do_not_embed"": false, ""opensearch_index_allowed"": false, ""passed"": false, ""qdrant_embedding_allowed"": true, ""reasons"": [""sparse_ocr""], ""route"": ""image"", ""score"": 20.0}, {""final_do_not_embed"": true, ""opensearch_index_allowed"": false, ""passed"": false, ""qdrant_embedding_allowed"": false, ""reasons"": [""blank_subtype_or_empty_sample""], ""route"": ""blank"", ""score"": 15.0}]"
t_p_120_1176_p000299,299,table,review_required,validator_gated_unresolved,VALIDATOR_GATED_UNRESOLVED,True,135,1,,False,False,False,False,False,False,False,False,False,False,True,retry_validated,retry_validated_primary_or_candidate_route,plain_text,65.0,"[""substantial_ocr_text"", ""low_part_number_density"", ""low_table_term_density""]",False,True,False,"[{""final_do_not_embed"": false, ""opensearch_index_allowed"": true, ""passed"": false, ""qdrant_embedding_allowed"": true, ""reasons"": [], ""route"": ""table"", ""score"": 0.0}, {""final_do_not_embed"": false, ""opensearch_index_allowed"": false, ""passed"": true, ""qdrant_embedding_allowed"": true, ""reasons"": [""substantial_ocr_text"", ""low_part_number_density"", ""low_table_term_density""], ""route"": ""plain_text"", ""score"": 65.0}, {""final_do_not_embed"": false, ""opensearch_index_allowed"": false, ""passed"": false, ""qdrant_embedding_allowed"": true, ""reasons"": [], ""route"": ""image"", ""score"": 0.0}, {""final_do_not_embed"": true, ""opensearch_index_allowed"": false, ""passed"": false, ""qdrant_embedding_allowed"": false, ""reasons"": [""blank_subtype_or_empty_sample""], ""route"": ""blank"", ""score"": 15.0}]"
t_p_120_1176_p000300,300,table,detailed_parts_list,validated_primary_route,PASS,False,221,10,,False,False,False,False,False,False,False,False,False,False,False,not_needed_already_validated,already_validated,table,85.0,"[""table_subtype"", ""strong_part_number_density"", ""table_or_ipl_terms"", ""ocr_text_present""]",False,True,True,[]
t_p_120_1176_p000301,301,table,detailed_parts_list,validated_primary_route,PASS,False,130,7,,False,False,False,False,False,False,False,False,False,False,False,not_needed_already_validated,already_validated,table,72.0,"[""table_subtype"", ""moderate_part_number_density"", ""table_or_ipl_terms"", ""ocr_text_present""]",False,True,True,[]
t_p_120_1176_p000302,302,table,review_required,validator_gated_unresolved,VALIDATOR_GATED_UNRESOLVED,True,137,1,,False,False,False,False,False,False,False,False,False,False,True,retry_validated,retry_validated_primary_or_candidate_route,plain_text,65.0,"[""substantial_ocr_text"", ""low_part_number_density"", ""low_table_term_density""]",False,True,False,"[{""final_do_not_embed"": false, ""opensearch_index_allowed"": true, ""passed"": false, ""qdrant_embedding_allowed"": true, ""reasons"": [], ""route"": ""table"", ""score"": 0.0}, {""final_do_not_embed"": false, ""opensearch_index_allowed"": false, ""passed"": true, ""qdrant_embedding_allowed"": true, ""reasons"": [""substantial_ocr_text"", ""low_part_number_density"", ""low_table_term_density""], ""route"": ""plain_text"", ""score"": 65.0}, {""final_do_not_embed"": false, ""opensearch_index_allowed"": false, ""passed"": false, ""qdrant_embedding_allowed"": true, ""reasons"": [], ""route"": ""image"", ""score"": 0.0}, {""final_do_not_embed"": true, ""opensearch_index_allowed"": false, ""passed"": false, ""qdrant_embedding_allowed"": false, ""reasons"": [""blank_subtype_or_empty_sample""], ""route"": ""blank"", ""score"": 15.0}]"
t_p_120_1176_p000303,303,table,detailed_parts_list,validated_primary_route,PASS,False,211,10,,False,False,False,False,False,False,False,False,False,False,False,not_needed_already_validated,already_validated,table,85.0,"[""table_subtype"", ""strong_part_number_density"", ""table_or_ipl_terms"", ""ocr_text_present""]",False,True,True,[]
t_p_120_1176_p000304,304,table,detailed_parts_list,validated_primary_route,PASS,False,136,8,,False,False,False,False,False,False,False,False,False,False,False,not_needed_already_validated,already_validated,table,85.0,"[""table_subtype"", ""strong_part_number_density"", ""table_or_ipl_terms"", ""ocr_text_present""]",False,True,True,[]
t_p_120_1176_p000305,305,table,review_required,validator_gated_unresolved,VALIDATOR_GATED_UNRESOLVED,True,112,1,,False,False,False,False,False,False,False,False,False,False,True,retry_validated,retry_validated_primary_or_candidate_route,plain_text,65.0,"[""substantial_ocr_text"", ""low_part_number_density"", ""low_table_term_density""]",False,True,False,"[{""final_do_not_embed"": false, ""opensearch_index_allowed"": true, ""passed"": false, ""qdrant_embedding_allowed"": true, ""reasons"": [], ""route"": ""table"", ""score"": 0.0}, {""final_do_not_embed"": false, ""opensearch_index_allowed"": false, ""passed"": true, ""qdrant_embedding_allowed"": true, ""reasons"": [""substantial_ocr_text"", ""low_part_number_density"", ""low_table_term_density""], ""route"": ""plain_text"", ""score"": 65.0}, {""final_do_not_embed"": false, ""opensearch_index_allowed"": false, ""passed"": false, ""qdrant_embedding_allowed"": true, ""reasons"": [""sparse_ocr""], ""route"": ""image"", ""score"": 20.0}, {""final_do_not_embed"": true, ""opensearch_index_allowed"": false, ""passed"": false, ""qdrant_embedding_allowed"": false, ""reasons"": [""blank_subtype_or_empty_sample""], ""route"": ""blank"", ""score"": 15.0}]"
t_p_120_1176_p000306,306,table,detailed_parts_list,validated_primary_route,PASS,False,206,9,,False,False,False,False,False,False,False,False,False,False,False,not_needed_already_validated,already_validated,table,85.0,"[""table_subtype"", ""strong_part_number_density"", ""table_or_ipl_terms"", ""ocr_text_present""]",False,True,True,[]
t_p_120_1176_p000307,307,table,detailed_parts_list,validated_primary_route,PASS,False,135,7,,False,False,False,False,False,False,False,False,False,False,False,not_needed_already_validated,already_validated,table,72.0,"[""table_subtype"", ""moderate_part_number_density"", ""table_or_ipl_terms"", ""ocr_text_present""]",False,True,True,[]
t_p_120_1176_p000308,308,table,review_required,validator_gated_unresolved,VALIDATOR_GATED_UNRESOLVED,True,106,1,,False,False,False,False,False,False,False,False,False,False,True,retry_validated,retry_validated_primary_or_candidate_route,plain_text,65.0,"[""substantial_ocr_text"", ""low_part_number_density"", ""low_table_term_density""]",False,True,False,"[{""final_do_not_embed"": false, ""opensearch_index_allowed"": true, ""passed"": false, ""qdrant_embedding_allowed"": true, ""reasons"": [], ""route"": ""table"", ""score"": 0.0}, {""final_do_not_embed"": false, ""opensearch_index_allowed"": false, ""passed"": true, ""qdrant_embedding_allowed"": true, ""reasons"": [""substantial_ocr_text"", ""low_part_number_density"", ""low_table_term_density""], ""route"": ""plain_text"", ""score"": 65.0}, {""final_do_not_embed"": false, ""opensearch_index_allowed"": false, ""passed"": false, ""qdrant_embedding_allowed"": true, ""reasons"": [""sparse_ocr""], ""route"": ""image"", ""score"": 20.0}, {""final_do_not_embed"": true, ""opensearch_index_allowed"": false, ""passed"": false, ""qdrant_embedding_allowed"": false, ""reasons"": [""blank_subtype_or_empty_sample""], ""route"": ""blank"", ""score"": 15.0}]"
t_p_120_1176_p000309,309,table,detailed_parts_list,validated_primary_route,PASS,False,215,10,,False,False,False,False,False,False,False,False,False,False,False,not_needed_already_validated,already_validated,table,85.0,"[""table_subtype"", ""strong_part_number_density"", ""table_or_ipl_terms"", ""ocr_text_present""]",False,True,True,[]
t_p_120_1176_p000310,310,table,detailed_parts_list,validated_primary_route,PASS,False,112,7,,False,False,False,False,False,False,False,False,False,False,False,not_needed_already_validated,already_validated,table,72.0,"[""table_subtype"", ""moderate_part_number_density"", ""table_or_ipl_terms"", ""ocr_text_present""]",False,True,True,[]
t_p_120_1176_p000311,311,table,review_required,validator_gated_unresolved,VALIDATOR_GATED_UNRESOLVED,True,80,1,,False,False,False,False,False,False,False,False,False,False,True,retry_validated,retry_validated_primary_or_candidate_route,plain_text,65.0,"[""substantial_ocr_text"", ""low_part_number_density"", ""low_table_term_density""]",False,True,False,"[{""final_do_not_embed"": false, ""opensearch_index_allowed"": true, ""passed"": false, ""qdrant_embedding_allowed"": true, ""reasons"": [], ""route"": ""table"", ""score"": 0.0}, {""final_do_not_embed"": false, ""opensearch_index_allowed"": false, ""passed"": true, ""qdrant_embedding_allowed"": true, ""reasons"": [""substantial_ocr_text"", ""low_part_number_density"", ""low_table_term_density""], ""route"": ""plain_text"", ""score"": 65.0}, {""final_do_not_embed"": false, ""opensearch_index_allowed"": false, ""passed"": false, ""qdrant_embedding_allowed"": true, ""reasons"": [""sparse_ocr""], ""route"": ""image"", ""score"": 20.0}, {""final_do_not_embed"": true, ""opensearch_index_allowed"": false, ""passed"": false, ""qdrant_embedding_allowed"": false, ""reasons"": [""blank_subtype_or_empty_sample""], ""route"": ""blank"", ""score"": 15.0}]"
t_p_120_1176_p000312,312,table,detailed_parts_list,validated_primary_route,PASS,False,216,14,,False,False,False,False,False,False,False,False,False,False,False,not_needed_already_validated,already_validated,table,85.0,"[""table_subtype"", ""strong_part_number_density"", ""table_or_ipl_terms"", ""ocr_text_present""]",False,True,True,[]
t_p_120_1176_p000313,313,table,review_required,validator_gated_unresolved,VALIDATOR_GATED_UNRESOLVED,True,82,1,,False,False,False,False,False,False,False,False,False,False,True,retry_validated,retry_validated_primary_or_candidate_route,plain_text,65.0,"[""substantial_ocr_text"", ""low_part_number_density"", ""low_table_term_density""]",False,True,False,"[{""final_do_not_embed"": false, ""opensearch_index_allowed"": true, ""passed"": false, ""qdrant_embedding_allowed"": true, ""reasons"": [], ""route"": ""table"", ""score"": 0.0}, {""final_do_not_embed"": false, ""opensearch_index_allowed"": false, ""passed"": true, ""qdrant_embedding_allowed"": true, ""reasons"": [""substantial_ocr_text"", ""low_part_number_density"", ""low_table_term_density""], ""route"": ""plain_text"", ""score"": 65.0}, {""final_do_not_embed"": false, ""opensearch_index_allowed"": false, ""passed"": false, ""qdrant_embedding_allowed"": true, ""reasons"": [""sparse_ocr""], ""route"": ""image"", ""score"": 20.0}, {""final_do_not_embed"": true, ""opensearch_index_allowed"": false, ""passed"": false, ""qdrant_embedding_allowed"": false, ""reasons"": [""blank_subtype_or_empty_sample""], ""route"": ""blank"", ""score"": 15.0}]"
t_p_120_1176_p000314,314,table,detailed_parts_list,validated_primary_route,PASS,False,160,10,,False,False,False,False,False,False,False,False,False,False,False,not_needed_already_validated,already_validated,table,85.0,"[""table_subtype"", ""strong_part_number_density"", ""table_or_ipl_terms"", ""ocr_text_present""]",False,True,True,[]
t_p_120_1176_p000315,315,image,review_required,validator_gated_unresolved,VALIDATOR_GATED_UNRESOLVED,True,80,1,,False,False,False,False,False,False,False,False,False,False,True,retry_validated,retry_validated_primary_or_candidate_route,plain_text,65.0,"[""substantial_ocr_text"", ""low_part_number_density"", ""low_table_term_density""]",False,True,False,"[{""final_do_not_embed"": false, ""opensearch_index_allowed"": false, ""passed"": false, ""qdrant_embedding_allowed"": true, ""reasons"": [""image_route_prior"", ""sparse_ocr""], ""route"": ""image"", ""score"": 55.0}, {""final_do_not_embed"": false, ""opensearch_index_allowed"": true, ""passed"": false, ""qdrant_embedding_allowed"": true, ""reasons"": [], ""route"": ""table"", ""score"": 0.0}, {""final_do_not_embed"": false, ""opensearch_index_allowed"": false, ""passed"": true, ""qdrant_embedding_allowed"": true, ""reasons"": [""substantial_ocr_text"", ""low_part_number_density"", ""low_table_term_density""], ""route"": ""plain_text"", ""score"": 65.0}, {""final_do_not_embed"": true, ""opensearch_index_allowed"": false, ""passed"": false, ""qdrant_embedding_allowed"": false, ""reasons"": [""blank_subtype_or_empty_sample""], ""route"": ""blank"", ""score"": 15.0}]"
t_p_120_1176_p000316,316,table,detailed_parts_list,validated_primary_route,PASS,False,190,12,,False,False,False,False,False,False,False,False,False,False,False,not_needed_already_validated,already_validated,table,85.0,"[""table_subtype"", ""strong_part_number_density"", ""table_or_ipl_terms"", ""ocr_text_present""]",False,True,True,[]
t_p_120_1176_p000317,317,table,review_required,validator_gated_unresolved,VALIDATOR_GATED_UNRESOLVED,True,82,1,,False,False,False,False,False,False,False,False,False,False,True,retry_validated,retry_validated_primary_or_candidate_route,plain_text,65.0,"[""substantial_ocr_text"", ""low_part_number_density"", ""low_table_term_density""]",False,True,False,"[{""final_do_not_embed"": false, ""opensearch_index_allowed"": true, ""passed"": false, ""qdrant_embedding_allowed"": true, ""reasons"": [], ""route"": ""table"", ""score"": 0.0}, {""final_do_not_embed"": false, ""opensearch_index_allowed"": false, ""passed"": true, ""qdrant_embedding_allowed"": true, ""reasons"": [""substantial_ocr_text"", ""low_part_number_density"", ""low_table_term_density""], ""route"": ""plain_text"", ""score"": 65.0}, {""final_do_not_embed"": false, ""opensearch_index_allowed"": false, ""passed"": false, ""qdrant_embedding_allowed"": true, ""reasons"": [""sparse_ocr""], ""route"": ""image"", ""score"": 20.0}, {""final_do_not_embed"": true, ""opensearch_index_allowed"": false, ""passed"": false, ""qdrant_embedding_allowed"": false, ""reasons"": [""blank_subtype_or_empty_sample""], ""route"": ""blank"", ""score"": 15.0}]"
t_p_120_1176_p000318,318,table,detailed_parts_list,validated_primary_route,PASS,False,162,10,,False,False,False,False,False,False,False,False,False,False,False,not_needed_already_validated,already_validated,table,85.0,"[""table_subtype"", ""strong_part_number_density"", ""table_or_ipl_terms"", ""ocr_text_present""]",False,True,True,[]
t_p_120_1176_p000319,319,table,review_required,validator_gated_unresolved,VALIDATOR_GATED_UNRESOLVED,True,87,1,,False,False,False,False,False,False,False,False,False,False,True,retry_validated,retry_validated_primary_or_candidate_route,plain_text,65.0,"[""substantial_ocr_text"", ""low_part_number_density"", ""low_table_term_density""]",False,True,False,"[{""final_do_not_embed"": false, ""opensearch_index_allowed"": true, ""passed"": false, ""qdrant_embedding_allowed"": true, ""reasons"": [], ""route"": ""table"", ""score"": 0.0}, {""final_do_not_embed"": false, ""opensearch_index_allowed"": false, ""passed"": true, ""qdrant_embedding_allowed"": true, ""reasons"": [""substantial_ocr_text"", ""low_part_number_density"", ""low_table_term_density""], ""route"": ""plain_text"", ""score"": 65.0}, {""final_do_not_embed"": false, ""opensearch_index_allowed"": false, ""passed"": false, ""qdrant_embedding_allowed"": true, ""reasons"": [""sparse_ocr""], ""route"": ""image"", ""score"": 20.0}, {""final_do_not_embed"": true, ""opensearch_index_allowed"": false, ""passed"": false, ""qdrant_embedding_allowed"": false, ""reasons"": [""blank_subtype_or_empty_sample""], ""route"": ""blank"", ""score"": 15.0}]"
t_p_120_1176_p000320,320,table,detailed_parts_list,validated_primary_route,PASS,False,196,12,,False,False,False,False,False,False,False,False,False,False,False,not_needed_already_validated,already_validated,table,85.0,"[""table_subtype"", ""strong_part_number_density"", ""table_or_ipl_terms"", ""ocr_text_present""]",False,True,True,[]
t_p_120_1176_p000321,321,table,review_required,validator_gated_unresolved,VALIDATOR_GATED_UNRESOLVED,True,82,1,,False,False,False,False,False,False,False,False,False,False,True,retry_validated,retry_validated_primary_or_candidate_route,plain_text,65.0,"[""substantial_ocr_text"", ""low_part_number_density"", ""low_table_term_density""]",False,True,False,"[{""final_do_not_embed"": false, ""opensearch_index_allowed"": true, ""passed"": false, ""qdrant_embedding_allowed"": true, ""reasons"": [], ""route"": ""table"", ""score"": 0.0}, {""final_do_not_embed"": false, ""opensearch_index_allowed"": false, ""passed"": true, ""qdrant_embedding_allowed"": true, ""reasons"": [""substantial_ocr_text"", ""low_part_number_density"", ""low_table_term_density""], ""route"": ""plain_text"", ""score"": 65.0}, {""final_do_not_embed"": false, ""opensearch_index_allowed"": false, ""passed"": false, ""qdrant_embedding_allowed"": true, ""reasons"": [""sparse_ocr""], ""route"": ""image"", ""score"": 20.0}, {""final_do_not_embed"": true, ""opensearch_index_allowed"": false, ""passed"": false, ""qdrant_embedding_allowed"": false, ""reasons"": [""blank_subtype_or_empty_sample""], ""route"": ""blank"", ""score"": 15.0}]"
t_p_120_1176_p000322,322,table,detailed_parts_list,validated_primary_route,PASS,False,160,10,,False,False,False,False,False,False,False,False,False,False,False,not_needed_already_validated,already_validated,table,85.0,"[""table_subtype"", ""strong_part_number_density"", ""table_or_ipl_terms"", ""ocr_text_present""]",False,True,True,[]
t_p_120_1176_p000323,323,table,review_required,validator_gated_unresolved,VALIDATOR_GATED_UNRESOLVED,True,82,1,,False,False,False,False,False,False,False,False,False,False,True,retry_validated,retry_validated_primary_or_candidate_route,plain_text,65.0,"[""substantial_ocr_text"", ""low_part_number_density"", ""low_table_term_density""]",False,True,False,"[{""final_do_not_embed"": false, ""opensearch_index_allowed"": true, ""passed"": false, ""qdrant_embedding_allowed"": true, ""reasons"": [], ""route"": ""table"", ""score"": 0.0}, {""final_do_not_embed"": false, ""opensearch_index_allowed"": false, ""passed"": true, ""qdrant_embedding_allowed"": true, ""reasons"": [""substantial_ocr_text"", ""low_part_number_density"", ""low_table_term_density""], ""route"": ""plain_text"", ""score"": 65.0}, {""final_do_not_embed"": false, ""opensearch_index_allowed"": false, ""passed"": false, ""qdrant_embedding_allowed"": true, ""reasons"": [""sparse_ocr""], ""route"": ""image"", ""score"": 20.0}, {""final_do_not_embed"": true, ""opensearch_index_allowed"": false, ""passed"": false, ""qdrant_embedding_allowed"": false, ""reasons"": [""blank_subtype_or_empty_sample""], ""route"": ""blank"", ""score"": 15.0}]"
t_p_120_1176_p000324,324,table,detailed_parts_list,validated_primary_route,PASS,False,256,18,,False,False,False,False,False,False,False,False,False,False,False,not_needed_already_validated,already_validated,table,85.0,"[""table_subtype"", ""strong_part_number_density"", ""table_or_ipl_terms"", ""ocr_text_present""]",False,True,True,[]
t_p_120_1176_p000325,325,table,review_required,validator_gated_unresolved,VALIDATOR_GATED_UNRESOLVED,True,83,1,,False,False,False,False,False,False,False,False,False,False,True,retry_validated,retry_validated_primary_or_candidate_route,plain_text,65.0,"[""substantial_ocr_text"", ""low_part_number_density"", ""low_table_term_density""]",False,True,False,"[{""final_do_not_embed"": false, ""opensearch_index_allowed"": true, ""passed"": false, ""qdrant_embedding_allowed"": true, ""reasons"": [], ""route"": ""table"", ""score"": 0.0}, {""final_do_not_embed"": false, ""opensearch_index_allowed"": false, ""passed"": true, ""qdrant_embedding_allowed"": true, ""reasons"": [""substantial_ocr_text"", ""low_part_number_density"", ""low_table_term_density""], ""route"": ""plain_text"", ""score"": 65.0}, {""final_do_not_embed"": false, ""opensearch_index_allowed"": false, ""passed"": false, ""qdrant_embedding_allowed"": true, ""reasons"": [""sparse_ocr""], ""route"": ""image"", ""score"": 20.0}, {""final_do_not_embed"": true, ""opensearch_index_allowed"": false, ""passed"": false, ""qdrant_embedding_allowed"": false, ""reasons"": [""blank_subtype_or_empty_sample""], ""route"": ""blank"", ""score"": 15.0}]"
t_p_120_1176_p000326,326,table,detailed_parts_list,validated_primary_route,PASS,False,163,10,,False,False,False,False,False,False,False,False,False,False,False,not_needed_already_validated,already_validated,table,85.0,"[""table_subtype"", ""strong_part_number_density"", ""table_or_ipl_terms"", ""ocr_text_present""]",False,True,True,[]
t_p_120_1176_p000327,327,image,review_required,validator_gated_unresolved,VALIDATOR_GATED_UNRESOLVED,True,80,1,,False,False,False,False,False,False,False,False,False,False,True,retry_validated,retry_validated_primary_or_candidate_route,plain_text,65.0,"[""substantial_ocr_text"", ""low_part_number_density"", ""low_table_term_density""]",False,True,False,"[{""final_do_not_embed"": false, ""opensearch_index_allowed"": false, ""passed"": false, ""qdrant_embedding_allowed"": true, ""reasons"": [""image_route_prior"", ""sparse_ocr""], ""route"": ""image"", ""score"": 55.0}, {""final_do_not_embed"": false, ""opensearch_index_allowed"": true, ""passed"": false, ""qdrant_embedding_allowed"": true, ""reasons"": [], ""route"": ""table"", ""score"": 0.0}, {""final_do_not_embed"": false, ""opensearch_index_allowed"": false, ""passed"": true, ""qdrant_embedding_allowed"": true, ""reasons"": [""substantial_ocr_text"", ""low_part_number_density"", ""low_table_term_density""], ""route"": ""plain_text"", ""score"": 65.0}, {""final_do_not_embed"": true, ""opensearch_index_allowed"": false, ""passed"": false, ""qdrant_embedding_allowed"": false, ""reasons"": [""blank_subtype_or_empty_sample""], ""route"": ""blank"", ""score"": 15.0}]"
t_p_120_1176_p000328,328,table,detailed_parts_list,validated_primary_route,PASS,False,188,12,,False,False,False,False,False,False,False,False,False,False,False,not_needed_already_validated,already_validated,table,85.0,"[""table_subtype"", ""strong_part_number_density"", ""table_or_ipl_terms"", ""ocr_text_present""]",False,True,True,[]
t_p_120_1176_p000329,329,plain_text,review_required,validator_gated_unresolved,VALIDATOR_GATED_UNRESOLVED,True,64,1,,False,False,False,False,False,False,False,False,False,False,True,retry_unresolved_validator_gated,validator_gated_unresolved_after_retry,,55.0,"[""no_candidate_probe_met_threshold"", ""moderate_ocr_text"", ""low_part_number_density"", ""low_table_term_density""]",True,False,False,"[{""final_do_not_embed"": false, ""opensearch_index_allowed"": false, ""passed"": false, ""qdrant_embedding_allowed"": true, ""reasons"": [""moderate_ocr_text"", ""low_part_number_density"", ""low_table_term_density""], ""route"": ""plain_text"", ""score"": 55.0}, {""final_do_not_embed"": false, ""opensearch_index_allowed"": true, ""passed"": false, ""qdrant_embedding_allowed"": true, ""reasons"": [], ""route"": ""table"", ""score"": 0.0}, {""final_do_not_embed"": false, ""opensearch_index_allowed"": false, ""passed"": false, ""qdrant_embedding_allowed"": true, ""reasons"": [""sparse_ocr""], ""route"": ""image"", ""score"": 20.0}, {""final_do_not_embed"": true, ""opensearch_index_allowed"": false, ""passed"": false, ""qdrant_embedding_allowed"": false, ""reasons"": [""blank_subtype_or_empty_sample""], ""route"": ""blank"", ""score"": 15.0}]"
t_p_120_1176_p000330,330,table,detailed_parts_list,validated_primary_route,PASS,False,251,13,,False,False,False,False,False,False,False,False,False,False,False,not_needed_already_validated,already_validated,table,85.0,"[""table_subtype"", ""strong_part_number_density"", ""table_or_ipl_terms"", ""ocr_text_present""]",False,True,True,[]
t_p_120_1176_p000331,331,plain_text,normal_text,validated_primary_route,PASS,False,99,1,,False,False,False,False,False,False,False,False,False,False,False,not_needed_already_validated,already_validated,plain_text,90.0,"[""plain_text_subtype"", ""meaningful_ocr_text"", ""low_part_number_density"", ""no_strong_row_structure""]",False,True,False,[]
t_p_120_1176_p000332,332,plain_text,normal_text,validated_primary_route,PASS,False,125,2,,False,False,False,False,False,False,False,False,False,False,False,not_needed_already_validated,already_validated,plain_text,90.0,"[""plain_text_subtype"", ""meaningful_ocr_text"", ""low_part_number_density"", ""no_strong_row_structure""]",False,True,False,[]
t_p_120_1176_p000333,333,table,detailed_parts_list,validated_primary_route,PASS,False,256,14,,False,False,False,False,False,False,False,False,False,False,False,not_needed_already_validated,already_validated,table,85.0,"[""table_subtype"", ""strong_part_number_density"", ""table_or_ipl_terms"", ""ocr_text_present""]",False,True,True,[]
t_p_120_1176_p000334,334,table,detailed_parts_list,validated_primary_route,PASS,False,105,6,,False,False,False,False,False,False,False,False,False,False,False,not_needed_already_validated,already_validated,table,72.0,"[""table_subtype"", ""moderate_part_number_density"", ""table_or_ipl_terms"", ""ocr_text_present""]",False,True,True,[]
t_p_120_1176_p000335,335,blank,blank_candidate,validated_primary_route,PASS,True,0,0,,False,False,False,False,False,False,False,False,False,False,False,not_needed_already_validated,already_validated,blank,100.0,"[""blank_subtype"", ""empty_or_near_empty_ocr"", ""no_part_number_tokens""]",True,False,False,[]
t_p_120_1176_p000336,336,table,review_required,validator_gated_unresolved,VALIDATOR_GATED_UNRESOLVED,True,107,1,,False,False,False,False,False,False,False,False,False,False,True,retry_validated,retry_validated_primary_or_candidate_route,plain_text,65.0,"[""substantial_ocr_text"", ""low_part_number_density"", ""low_table_term_density""]",False,True,False,"[{""final_do_not_embed"": false, ""opensearch_index_allowed"": true, ""passed"": false, ""qdrant_embedding_allowed"": true, ""reasons"": [], ""route"": ""table"", ""score"": 0.0}, {""final_do_not_embed"": false, ""opensearch_index_allowed"": false, ""passed"": true, ""qdrant_embedding_allowed"": true, ""reasons"": [""substantial_ocr_text"", ""low_part_number_density"", ""low_table_term_density""], ""route"": ""plain_text"", ""score"": 65.0}, {""final_do_not_embed"": false, ""opensearch_index_allowed"": false, ""passed"": false, ""qdrant_embedding_allowed"": true, ""reasons"": [""sparse_ocr""], ""route"": ""image"", ""score"": 20.0}, {""final_do_not_embed"": true, ""opensearch_index_allowed"": false, ""passed"": false, ""qdrant_embedding_allowed"": false, ""reasons"": [""blank_subtype_or_empty_sample""], ""route"": ""blank"", ""score"": 15.0}]"
t_p_120_1176_p000337,337,table,detailed_parts_list,validated_primary_route,PASS,False,252,16,,False,False,False,False,False,False,False,False,False,False,False,not_needed_already_validated,already_validated,table,85.0,"[""table_subtype"", ""strong_part_number_density"", ""table_or_ipl_terms"", ""ocr_text_present""]",False,True,True,[]
t_p_120_1176_p000338,338,table,review_required,validator_gated_unresolved,VALIDATOR_GATED_UNRESOLVED,True,71,1,,False,False,False,False,False,False,False,False,False,False,True,retry_unresolved_validator_gated,validator_gated_unresolved_after_retry,,55.0,"[""no_candidate_probe_met_threshold"", ""moderate_ocr_text"", ""low_part_number_density"", ""low_table_term_density""]",True,False,False,"[{""final_do_not_embed"": false, ""opensearch_index_allowed"": true, ""passed"": false, ""qdrant_embedding_allowed"": true, ""reasons"": [], ""route"": ""table"", ""score"": 0.0}, {""final_do_not_embed"": false, ""opensearch_index_allowed"": false, ""passed"": false, ""qdrant_embedding_allowed"": true, ""reasons"": [""moderate_ocr_text"", ""low_part_number_density"", ""low_table_term_density""], ""route"": ""plain_text"", ""score"": 55.0}, {""final_do_not_embed"": false, ""opensearch_index_allowed"": false, ""passed"": false, ""qdrant_embedding_allowed"": true, ""reasons"": [""sparse_ocr""], ""route"": ""image"", ""score"": 20.0}, {""final_do_not_embed"": true, ""opensearch_index_allowed"": false, ""passed"": false, ""qdrant_embedding_allowed"": false, ""reasons"": [""blank_subtype_or_empty_sample""], ""route"": ""blank"", ""score"": 15.0}]"
t_p_120_1176_p000339,339,table,review_required,validator_gated_unresolved,VALIDATOR_GATED_UNRESOLVED,True,94,1,,False,False,False,False,False,False,False,False,False,False,True,retry_validated,retry_validated_primary_or_candidate_route,plain_text,65.0,"[""substantial_ocr_text"", ""low_part_number_density"", ""low_table_term_density""]",False,True,False,"[{""final_do_not_embed"": false, ""opensearch_index_allowed"": true, ""passed"": false, ""qdrant_embedding_allowed"": true, ""reasons"": [], ""route"": ""table"", ""score"": 0.0}, {""final_do_not_embed"": false, ""opensearch_index_allowed"": false, ""passed"": true, ""qdrant_embedding_allowed"": true, ""reasons"": [""substantial_ocr_text"", ""low_part_number_density"", ""low_table_term_density""], ""route"": ""plain_text"", ""score"": 65.0}, {""final_do_not_embed"": false, ""opensearch_index_allowed"": false, ""passed"": false, ""qdrant_embedding_allowed"": true, ""reasons"": [""sparse_ocr""], ""route"": ""image"", ""score"": 20.0}, {""final_do_not_embed"": true, ""opensearch_index_allowed"": false, ""passed"": false, ""qdrant_embedding_allowed"": false, ""reasons"": [""blank_subtype_or_empty_sample""], ""route"": ""blank"", ""score"": 15.0}]"
t_p_120_1176_p000340,340,table,detailed_parts_list,validated_primary_route,PASS,False,210,13,,False,False,False,False,False,False,False,False,False,False,False,not_needed_already_validated,already_validated,table,85.0,"[""table_subtype"", ""strong_part_number_density"", ""table_or_ipl_terms"", ""ocr_text_present""]",False,True,True,[]
t_p_120_1176_p000341,341,table,review_required,validator_gated_unresolved,VALIDATOR_GATED_UNRESOLVED,True,72,1,,False,False,False,False,False,False,False,False,False,False,True,retry_unresolved_validator_gated,validator_gated_unresolved_after_retry,,55.0,"[""no_candidate_probe_met_threshold"", ""moderate_ocr_text"", ""low_part_number_density"", ""low_table_term_density""]",True,False,False,"[{""final_do_not_embed"": false, ""opensearch_index_allowed"": true, ""passed"": false, ""qdrant_embedding_allowed"": true, ""reasons"": [], ""route"": ""table"", ""score"": 0.0}, {""final_do_not_embed"": false, ""opensearch_index_allowed"": false, ""passed"": false, ""qdrant_embedding_allowed"": true, ""reasons"": [""moderate_ocr_text"", ""low_part_number_density"", ""low_table_term_density""], ""route"": ""plain_text"", ""score"": 55.0}, {""final_do_not_embed"": false, ""opensearch_index_allowed"": false, ""passed"": false, ""qdrant_embedding_allowed"": true, ""reasons"": [""sparse_ocr""], ""route"": ""image"", ""score"": 20.0}, {""final_do_not_embed"": true, ""opensearch_index_allowed"": false, ""passed"": false, ""qdrant_embedding_allowed"": false, ""reasons"": [""blank_subtype_or_empty_sample""], ""route"": ""blank"", ""score"": 15.0}]"
t_p_120_1176_p000342,342,table,review_required,validator_gated_unresolved,VALIDATOR_GATED_UNRESOLVED,True,81,1,,False,False,False,False,False,False,False,False,False,False,True,retry_validated,retry_validated_primary_or_candidate_route,plain_text,65.0,"[""substantial_ocr_text"", ""low_part_number_density"", ""low_table_term_density""]",False,True,False,"[{""final_do_not_embed"": false, ""opensearch_index_allowed"": true, ""passed"": false, ""qdrant_embedding_allowed"": true, ""reasons"": [], ""route"": ""table"", ""score"": 0.0}, {""final_do_not_embed"": false, ""opensearch_index_allowed"": false, ""passed"": true, ""qdrant_embedding_allowed"": true, ""reasons"": [""substantial_ocr_text"", ""low_part_number_density"", ""low_table_term_density""], ""route"": ""plain_text"", ""score"": 65.0}, {""final_do_not_embed"": false, ""opensearch_index_allowed"": false, ""passed"": false, ""qdrant_embedding_allowed"": true, ""reasons"": [""sparse_ocr""], ""route"": ""image"", ""score"": 20.0}, {""final_do_not_embed"": true, ""opensearch_index_allowed"": false, ""passed"": false, ""qdrant_embedding_allowed"": false, ""reasons"": [""blank_subtype_or_empty_sample""], ""route"": ""blank"", ""score"": 15.0}]"
t_p_120_1176_p000343,343,table,detailed_parts_list,validated_primary_route,PASS,False,220,10,,False,False,False,False,False,False,False,False,False,False,False,not_needed_already_validated,already_validated,table,85.0,"[""table_subtype"", ""strong_part_number_density"", ""table_or_ipl_terms"", ""ocr_text_present""]",False,True,True,[]
t_p_120_1176_p000344,344,table,detailed_parts_list,validated_primary_route,PASS,False,101,3,,False,False,False,False,False,False,False,False,False,False,False,not_needed_already_validated,already_validated,table,72.0,"[""table_subtype"", ""moderate_part_number_density"", ""table_or_ipl_terms"", ""ocr_text_present""]",False,True,True,[]
t_p_120_1176_p000345,345,table,review_required,validator_gated_unresolved,VALIDATOR_GATED_UNRESOLVED,True,80,1,,False,False,False,False,False,False,False,False,False,False,True,retry_validated,retry_validated_primary_or_candidate_route,plain_text,65.0,"[""substantial_ocr_text"", ""low_part_number_density"", ""low_table_term_density""]",False,True,False,"[{""final_do_not_embed"": false, ""opensearch_index_allowed"": true, ""passed"": false, ""qdrant_embedding_allowed"": true, ""reasons"": [], ""route"": ""table"", ""score"": 0.0}, {""final_do_not_embed"": false, ""opensearch_index_allowed"": false, ""passed"": true, ""qdrant_embedding_allowed"": true, ""reasons"": [""substantial_ocr_text"", ""low_part_number_density"", ""low_table_term_density""], ""route"": ""plain_text"", ""score"": 65.0}, {""final_do_not_embed"": false, ""opensearch_index_allowed"": false, ""passed"": false, ""qdrant_embedding_allowed"": true, ""reasons"": [""sparse_ocr""], ""route"": ""image"", ""score"": 20.0}, {""final_do_not_embed"": true, ""opensearch_index_allowed"": false, ""passed"": false, ""qdrant_embedding_allowed"": false, ""reasons"": [""blank_subtype_or_empty_sample""], ""route"": ""blank"", ""score"": 15.0}]"
t_p_120_1176_p000346,346,table,detailed_parts_list,validated_primary_route,PASS,False,248,12,,False,False,False,False,False,False,False,False,False,False,False,not_needed_already_validated,already_validated,table,85.0,"[""table_subtype"", ""strong_part_number_density"", ""table_or_ipl_terms"", ""ocr_text_present""]",False,True,True,[]
t_p_120_1176_p000347,347,table,detailed_parts_list,validated_primary_route,PASS,False,174,7,,False,False,False,False,False,False,False,False,False,False,False,not_needed_already_validated,already_validated,table,72.0,"[""table_subtype"", ""moderate_part_number_density"", ""table_or_ipl_terms"", ""ocr_text_present""]",False,True,True,[]
t_p_120_1176_p000348,348,table,review_required,validator_gated_unresolved,VALIDATOR_GATED_UNRESOLVED,True,87,1,,False,False,False,False,False,False,False,False,False,False,True,retry_validated,retry_validated_primary_or_candidate_route,plain_text,65.0,"[""substantial_ocr_text"", ""low_part_number_density"", ""low_table_term_density""]",False,True,False,"[{""final_do_not_embed"": false, ""opensearch_index_allowed"": true, ""passed"": false, ""qdrant_embedding_allowed"": true, ""reasons"": [], ""route"": ""table"", ""score"": 0.0}, {""final_do_not_embed"": false, ""opensearch_index_allowed"": false, ""passed"": true, ""qdrant_embedding_allowed"": true, ""reasons"": [""substantial_ocr_text"", ""low_part_number_density"", ""low_table_term_density""], ""route"": ""plain_text"", ""score"": 65.0}, {""final_do_not_embed"": false, ""opensearch_index_allowed"": false, ""passed"": false, ""qdrant_embedding_allowed"": true, ""reasons"": [""sparse_ocr""], ""route"": ""image"", ""score"": 20.0}, {""final_do_not_embed"": true, ""opensearch_index_allowed"": false, ""passed"": false, ""qdrant_embedding_allowed"": false, ""reasons"": [""blank_subtype_or_empty_sample""], ""route"": ""blank"", ""score"": 15.0}]"
t_p_120_1176_p000349,349,table,detailed_parts_list,validated_primary_route,PASS,False,259,13,,False,False,False,False,False,False,False,False,False,False,False,not_needed_already_validated,already_validated,table,85.0,"[""table_subtype"", ""strong_part_number_density"", ""table_or_ipl_terms"", ""ocr_text_present""]",False,True,True,[]
t_p_120_1176_p000350,350,table,detailed_parts_list,validated_primary_route,PASS,False,234,10,,False,False,False,False,False,False,False,False,False,False,False,not_needed_already_validated,already_validated,table,85.0,"[""table_subtype"", ""strong_part_number_density"", ""table_or_ipl_terms"", ""ocr_text_present""]",False,True,True,[]
t_p_120_1176_p000351,351,table,review_required,validator_gated_unresolved,VALIDATOR_GATED_UNRESOLVED,True,84,1,,False,False,False,False,False,False,False,False,False,False,True,retry_validated,retry_validated_primary_or_candidate_route,plain_text,65.0,"[""substantial_ocr_text"", ""low_part_number_density"", ""low_table_term_density""]",False,True,False,"[{""final_do_not_embed"": false, ""opensearch_index_allowed"": true, ""passed"": false, ""qdrant_embedding_allowed"": true, ""reasons"": [], ""route"": ""table"", ""score"": 0.0}, {""final_do_not_embed"": false, ""opensearch_index_allowed"": false, ""passed"": true, ""qdrant_embedding_allowed"": true, ""reasons"": [""substantial_ocr_text"", ""low_part_number_density"", ""low_table_term_density""], ""route"": ""plain_text"", ""score"": 65.0}, {""final_do_not_embed"": false, ""opensearch_index_allowed"": false, ""passed"": false, ""qdrant_embedding_allowed"": true, ""reasons"": [""sparse_ocr""], ""route"": ""image"", ""score"": 20.0}, {""final_do_not_embed"": true, ""opensearch_index_allowed"": false, ""passed"": false, ""qdrant_embedding_allowed"": false, ""reasons"": [""blank_subtype_or_empty_sample""], ""route"": ""blank"", ""score"": 15.0}]"
t_p_120_1176_p000352,352,table,detailed_parts_list,validated_primary_route,PASS,False,218,10,,False,False,False,False,False,False,False,False,False,False,False,not_needed_already_validated,already_validated,table,85.0,"[""table_subtype"", ""strong_part_number_density"", ""table_or_ipl_terms"", ""ocr_text_present""]",False,True,True,[]
t_p_120_1176_p000353,353,table,detailed_parts_list,validated_primary_route,PASS,False,107,3,,False,False,False,False,False,False,False,False,False,False,False,not_needed_already_validated,already_validated,table,72.0,"[""table_subtype"", ""moderate_part_number_density"", ""table_or_ipl_terms"", ""ocr_text_present""]",False,True,True,[]
t_p_120_1176_p000354,354,table,review_required,validator_gated_unresolved,VALIDATOR_GATED_UNRESOLVED,True,81,1,,False,False,False,False,False,False,False,False,False,False,True,retry_validated,retry_validated_primary_or_candidate_route,plain_text,65.0,"[""substantial_ocr_text"", ""low_part_number_density"", ""low_table_term_density""]",False,True,False,"[{""final_do_not_embed"": false, ""opensearch_index_allowed"": true, ""passed"": false, ""qdrant_embedding_allowed"": true, ""reasons"": [], ""route"": ""table"", ""score"": 0.0}, {""final_do_not_embed"": false, ""opensearch_index_allowed"": false, ""passed"": true, ""qdrant_embedding_allowed"": true, ""reasons"": [""substantial_ocr_text"", ""low_part_number_density"", ""low_table_term_density""], ""route"": ""plain_text"", ""score"": 65.0}, {""final_do_not_embed"": false, ""opensearch_index_allowed"": false, ""passed"": false, ""qdrant_embedding_allowed"": true, ""reasons"": [""sparse_ocr""], ""route"": ""image"", ""score"": 20.0}, {""final_do_not_embed"": true, ""opensearch_index_allowed"": false, ""passed"": false, ""qdrant_embedding_allowed"": false, ""reasons"": [""blank_subtype_or_empty_sample""], ""route"": ""blank"", ""score"": 15.0}]"
t_p_120_1176_p000355,355,table,detailed_parts_list,validated_primary_route,PASS,False,238,12,,False,False,False,False,False,False,False,False,False,False,False,not_needed_already_validated,already_validated,table,85.0,"[""table_subtype"", ""strong_part_number_density"", ""table_or_ipl_terms"", ""ocr_text_present""]",False,True,True,[]
t_p_120_1176_p000356,356,table,detailed_parts_list,validated_primary_route,PASS,False,190,10,,False,False,False,False,False,False,False,False,False,False,False,not_needed_already_validated,already_validated,table,85.0,"[""table_subtype"", ""strong_part_number_density"", ""table_or_ipl_terms"", ""ocr_text_present""]",False,True,True,[]
t_p_120_1176_p000357,357,table,review_required,validator_gated_unresolved,VALIDATOR_GATED_UNRESOLVED,True,82,1,,False,False,False,False,False,False,False,False,False,False,True,retry_validated,retry_validated_primary_or_candidate_route,plain_text,65.0,"[""substantial_ocr_text"", ""low_part_number_density"", ""low_table_term_density""]",False,True,False,"[{""final_do_not_embed"": false, ""opensearch_index_allowed"": true, ""passed"": false, ""qdrant_embedding_allowed"": true, ""reasons"": [], ""route"": ""table"", ""score"": 0.0}, {""final_do_not_embed"": false, ""opensearch_index_allowed"": false, ""passed"": true, ""qdrant_embedding_allowed"": true, ""reasons"": [""substantial_ocr_text"", ""low_part_number_density"", ""low_table_term_density""], ""route"": ""plain_text"", ""score"": 65.0}, {""final_do_not_embed"": false, ""opensearch_index_allowed"": false, ""passed"": false, ""qdrant_embedding_allowed"": true, ""reasons"": [""sparse_ocr""], ""route"": ""image"", ""score"": 20.0}, {""final_do_not_embed"": true, ""opensearch_index_allowed"": false, ""passed"": false, ""qdrant_embedding_allowed"": false, ""reasons"": [""blank_subtype_or_empty_sample""], ""route"": ""blank"", ""score"": 15.0}]"
t_p_120_1176_p000358,358,table,detailed_parts_list,validated_primary_route,PASS,False,275,16,,False,False,False,False,False,False,False,False,False,False,False,not_needed_already_validated,already_validated,table,85.0,"[""table_subtype"", ""strong_part_number_density"", ""table_or_ipl_terms"", ""ocr_text_present""]",False,True,True,[]
t_p_120_1176_p000359,359,table,detailed_parts_list,validated_primary_route,PASS,False,215,11,,False,False,False,False,False,False,False,False,False,False,False,not_needed_already_validated,already_validated,table,85.0,"[""table_subtype"", ""strong_part_number_density"", ""table_or_ipl_terms"", ""ocr_text_present""]",False,True,True,[]
t_p_120_1176_p000360,360,table,review_required,validator_gated_unresolved,VALIDATOR_GATED_UNRESOLVED,True,87,1,,False,False,False,False,False,False,False,False,False,False,True,retry_validated,retry_validated_primary_or_candidate_route,plain_text,65.0,"[""substantial_ocr_text"", ""low_part_number_density"", ""low_table_term_density""]",False,True,False,"[{""final_do_not_embed"": false, ""opensearch_index_allowed"": true, ""passed"": false, ""qdrant_embedding_allowed"": true, ""reasons"": [], ""route"": ""table"", ""score"": 0.0}, {""final_do_not_embed"": false, ""opensearch_index_allowed"": false, ""passed"": true, ""qdrant_embedding_allowed"": true, ""reasons"": [""substantial_ocr_text"", ""low_part_number_density"", ""low_table_term_density""], ""route"": ""plain_text"", ""score"": 65.0}, {""final_do_not_embed"": false, ""opensearch_index_allowed"": false, ""passed"": false, ""qdrant_embedding_allowed"": true, ""reasons"": [""sparse_ocr""], ""route"": ""image"", ""score"": 20.0}, {""final_do_not_embed"": true, ""opensearch_index_allowed"": false, ""passed"": false, ""qdrant_embedding_allowed"": false, ""reasons"": [""blank_subtype_or_empty_sample""], ""route"": ""blank"", ""score"": 15.0}]"
t_p_120_1176_p000361,361,table,detailed_parts_list,validated_primary_route,PASS,False,266,16,,False,False,False,False,False,False,False,False,False,False,False,not_needed_already_validated,already_validated,table,85.0,"[""table_subtype"", ""strong_part_number_density"", ""table_or_ipl_terms"", ""ocr_text_present""]",False,True,True,[]
t_p_120_1176_p000362,362,table,detailed_parts_list,validated_primary_route,PASS,False,244,13,,False,False,False,False,False,False,False,False,False,False,False,not_needed_already_validated,already_validated,table,85.0,"[""table_subtype"", ""strong_part_number_density"", ""table_or_ipl_terms"", ""ocr_text_present""]",False,True,True,[]
t_p_120_1176_p000363,363,table,review_required,validator_gated_unresolved,VALIDATOR_GATED_UNRESOLVED,True,84,1,,False,False,False,False,False,False,False,False,False,False,True,retry_validated,retry_validated_primary_or_candidate_route,plain_text,65.0,"[""substantial_ocr_text"", ""low_part_number_density"", ""low_table_term_density""]",False,True,False,"[{""final_do_not_embed"": false, ""opensearch_index_allowed"": true, ""passed"": false, ""qdrant_embedding_allowed"": true, ""reasons"": [], ""route"": ""table"", ""score"": 0.0}, {""final_do_not_embed"": false, ""opensearch_index_allowed"": false, ""passed"": true, ""qdrant_embedding_allowed"": true, ""reasons"": [""substantial_ocr_text"", ""low_part_number_density"", ""low_table_term_density""], ""route"": ""plain_text"", ""score"": 65.0}, {""final_do_not_embed"": false, ""opensearch_index_allowed"": false, ""passed"": false, ""qdrant_embedding_allowed"": true, ""reasons"": [""sparse_ocr""], ""route"": ""image"", ""score"": 20.0}, {""final_do_not_embed"": true, ""opensearch_index_allowed"": false, ""passed"": false, ""qdrant_embedding_allowed"": false, ""reasons"": [""blank_subtype_or_empty_sample""], ""route"": ""blank"", ""score"": 15.0}]"
t_p_120_1176_p000364,364,table,detailed_parts_list,validated_primary_route,PASS,False,255,13,,False,False,False,False,False,False,False,False,False,False,False,not_needed_already_validated,already_validated,table,85.0,"[""table_subtype"", ""strong_part_number_density"", ""table_or_ipl_terms"", ""ocr_text_present""]",False,True,True,[]
t_p_120_1176_p000365,365,table,detailed_parts_list,validated_primary_route,PASS,False,74,3,,False,False,False,False,False,False,False,False,False,False,False,not_needed_already_validated,already_validated,table,72.0,"[""table_subtype"", ""moderate_part_number_density"", ""table_or_ipl_terms"", ""ocr_text_present""]",False,True,True,[]
t_p_120_1176_p000366,366,table,review_required,validator_gated_unresolved,VALIDATOR_GATED_UNRESOLVED,True,83,1,,False,False,False,False,False,False,False,False,False,False,True,retry_validated,retry_validated_primary_or_candidate_route,plain_text,65.0,"[""substantial_ocr_text"", ""low_part_number_density"", ""low_table_term_density""]",False,True,False,"[{""final_do_not_embed"": false, ""opensearch_index_allowed"": true, ""passed"": false, ""qdrant_embedding_allowed"": true, ""reasons"": [], ""route"": ""table"", ""score"": 0.0}, {""final_do_not_embed"": false, ""opensearch_index_allowed"": false, ""passed"": true, ""qdrant_embedding_allowed"": true, ""reasons"": [""substantial_ocr_text"", ""low_part_number_density"", ""low_table_term_density""], ""route"": ""plain_text"", ""score"": 65.0}, {""final_do_not_embed"": false, ""opensearch_index_allowed"": false, ""passed"": false, ""qdrant_embedding_allowed"": true, ""reasons"": [""sparse_ocr""], ""route"": ""image"", ""score"": 20.0}, {""final_do_not_embed"": true, ""opensearch_index_allowed"": false, ""passed"": false, ""qdrant_embedding_allowed"": false, ""reasons"": [""blank_subtype_or_empty_sample""], ""route"": ""blank"", ""score"": 15.0}]"
t_p_120_1176_p000367,367,table,review_required,validator_gated_unresolved,VALIDATOR_GATED_UNRESOLVED,True,94,1,,False,False,False,False,False,False,False,False,False,False,True,retry_validated,retry_validated_primary_or_candidate_route,plain_text,65.0,"[""substantial_ocr_text"", ""low_part_number_density"", ""low_table_term_density""]",False,True,False,"[{""final_do_not_embed"": false, ""opensearch_index_allowed"": true, ""passed"": false, ""qdrant_embedding_allowed"": true, ""reasons"": [], ""route"": ""table"", ""score"": 0.0}, {""final_do_not_embed"": false, ""opensearch_index_allowed"": false, ""passed"": true, ""qdrant_embedding_allowed"": true, ""reasons"": [""substantial_ocr_text"", ""low_part_number_density"", ""low_table_term_density""], ""route"": ""plain_text"", ""score"": 65.0}, {""final_do_not_embed"": false, ""opensearch_index_allowed"": false, ""passed"": false, ""qdrant_embedding_allowed"": true, ""reasons"": [""sparse_ocr""], ""route"": ""image"", ""score"": 20.0}, {""final_do_not_embed"": true, ""opensearch_index_allowed"": false, ""passed"": false, ""qdrant_embedding_allowed"": false, ""reasons"": [""blank_subtype_or_empty_sample""], ""route"": ""blank"", ""score"": 15.0}]"
t_p_120_1176_p000368,368,table,detailed_parts_list,validated_primary_route,PASS,False,284,14,,False,False,False,False,False,False,False,False,False,False,False,not_needed_already_validated,already_validated,table,85.0,"[""table_subtype"", ""strong_part_number_density"", ""table_or_ipl_terms"", ""ocr_text_present""]",False,True,True,[]
t_p_120_1176_p000369,369,plain_text,normal_text,validated_primary_route,PASS,False,132,2,,False,False,False,False,False,False,False,False,False,False,False,not_needed_already_validated,already_validated,plain_text,90.0,"[""plain_text_subtype"", ""meaningful_ocr_text"", ""low_part_number_density"", ""no_strong_row_structure""]",False,True,False,[]
t_p_120_1176_p000370,370,table,review_required,validator_gated_unresolved,VALIDATOR_GATED_UNRESOLVED,True,93,1,,False,False,False,False,False,False,False,False,False,False,True,retry_validated,retry_validated_primary_or_candidate_route,plain_text,65.0,"[""substantial_ocr_text"", ""low_part_number_density"", ""low_table_term_density""]",False,True,False,"[{""final_do_not_embed"": false, ""opensearch_index_allowed"": true, ""passed"": false, ""qdrant_embedding_allowed"": true, ""reasons"": [], ""route"": ""table"", ""score"": 0.0}, {""final_do_not_embed"": false, ""opensearch_index_allowed"": false, ""passed"": true, ""qdrant_embedding_allowed"": true, ""reasons"": [""substantial_ocr_text"", ""low_part_number_density"", ""low_table_term_density""], ""route"": ""plain_text"", ""score"": 65.0}, {""final_do_not_embed"": false, ""opensearch_index_allowed"": false, ""passed"": false, ""qdrant_embedding_allowed"": true, ""reasons"": [""sparse_ocr""], ""route"": ""image"", ""score"": 20.0}, {""final_do_not_embed"": true, ""opensearch_index_allowed"": false, ""passed"": false, ""qdrant_embedding_allowed"": false, ""reasons"": [""blank_subtype_or_empty_sample""], ""route"": ""blank"", ""score"": 15.0}]"
t_p_120_1176_p000371,371,table,review_required,validator_gated_unresolved,VALIDATOR_GATED_UNRESOLVED,True,86,1,,False,False,False,False,False,False,False,False,False,False,True,retry_validated,retry_validated_primary_or_candidate_route,plain_text,65.0,"[""substantial_ocr_text"", ""low_part_number_density"", ""low_table_term_density""]",False,True,False,"[{""final_do_not_embed"": false, ""opensearch_index_allowed"": true, ""passed"": false, ""qdrant_embedding_allowed"": true, ""reasons"": [], ""route"": ""table"", ""score"": 0.0}, {""final_do_not_embed"": false, ""opensearch_index_allowed"": false, ""passed"": true, ""qdrant_embedding_allowed"": true, ""reasons"": [""substantial_ocr_text"", ""low_part_number_density"", ""low_table_term_density""], ""route"": ""plain_text"", ""score"": 65.0}, {""final_do_not_embed"": false, ""opensearch_index_allowed"": false, ""passed"": false, ""qdrant_embedding_allowed"": true, ""reasons"": [""sparse_ocr""], ""route"": ""image"", ""score"": 20.0}, {""final_do_not_embed"": true, ""opensearch_index_allowed"": false, ""passed"": false, ""qdrant_embedding_allowed"": false, ""reasons"": [""blank_subtype_or_empty_sample""], ""route"": ""blank"", ""score"": 15.0}]"
t_p_120_1176_p000372,372,table,detailed_parts_list,validated_primary_route,PASS,False,313,16,,False,False,False,False,False,False,False,False,False,False,False,not_needed_already_validated,already_validated,table,85.0,"[""table_subtype"", ""strong_part_number_density"", ""table_or_ipl_terms"", ""ocr_text_present""]",False,True,True,[]
t_p_120_1176_p000373,373,table,detailed_parts_list,validated_primary_route,PASS,False,144,8,,False,False,False,False,False,False,False,False,False,False,False,not_needed_already_validated,already_validated,table,85.0,"[""table_subtype"", ""strong_part_number_density"", ""table_or_ipl_terms"", ""ocr_text_present""]",False,True,True,[]
t_p_120_1176_p000374,374,plain_text,normal_text,validated_primary_route,PASS,False,94,1,,False,False,False,False,False,False,False,False,False,False,False,not_needed_already_validated,already_validated,plain_text,90.0,"[""plain_text_subtype"", ""meaningful_ocr_text"", ""low_part_number_density"", ""no_strong_row_structure""]",False,True,False,[]
t_p_120_1176_p000375,375,table,review_required,validator_gated_unresolved,VALIDATOR_GATED_UNRESOLVED,True,86,1,,False,False,False,False,False,False,False,False,False,False,True,retry_validated,retry_validated_primary_or_candidate_route,plain_text,65.0,"[""substantial_ocr_text"", ""low_part_number_density"", ""low_table_term_density""]",False,True,False,"[{""final_do_not_embed"": false, ""opensearch_index_allowed"": true, ""passed"": false, ""qdrant_embedding_allowed"": true, ""reasons"": [], ""route"": ""table"", ""score"": 0.0}, {""final_do_not_embed"": false, ""opensearch_index_allowed"": false, ""passed"": true, ""qdrant_embedding_allowed"": true, ""reasons"": [""substantial_ocr_text"", ""low_part_number_density"", ""low_table_term_density""], ""route"": ""plain_text"", ""score"": 65.0}, {""final_do_not_embed"": false, ""opensearch_index_allowed"": false, ""passed"": false, ""qdrant_embedding_allowed"": true, ""reasons"": [""sparse_ocr""], ""route"": ""image"", ""score"": 20.0}, {""final_do_not_embed"": true, ""opensearch_index_allowed"": false, ""passed"": false, ""qdrant_embedding_allowed"": false, ""reasons"": [""blank_subtype_or_empty_sample""], ""route"": ""blank"", ""score"": 15.0}]"
t_p_120_1176_p000376,376,table,detailed_parts_list,validated_primary_route,PASS,False,314,16,,False,False,False,False,False,False,False,False,False,False,False,not_needed_already_validated,already_validated,table,85.0,"[""table_subtype"", ""strong_part_number_density"", ""table_or_ipl_terms"", ""ocr_text_present""]",False,True,True,[]
t_p_120_1176_p000377,377,table,detailed_parts_list,validated_primary_route,PASS,False,108,5,,False,False,False,False,False,False,False,False,False,False,False,not_needed_already_validated,already_validated,table,72.0,"[""table_subtype"", ""moderate_part_number_density"", ""table_or_ipl_terms"", ""ocr_text_present""]",False,True,True,[]
t_p_120_1176_p000378,378,plain_text,normal_text,validated_primary_route,PASS,False,97,1,,False,False,False,False,False,False,False,False,False,False,False,not_needed_already_validated,already_validated,plain_text,90.0,"[""plain_text_subtype"", ""meaningful_ocr_text"", ""low_part_number_density"", ""no_strong_row_structure""]",False,True,False,[]
t_p_120_1176_p000379,379,table,review_required,validator_gated_unresolved,VALIDATOR_GATED_UNRESOLVED,True,76,1,,False,False,False,False,False,False,False,False,False,False,True,retry_unresolved_validator_gated,validator_gated_unresolved_after_retry,,55.0,"[""no_candidate_probe_met_threshold"", ""moderate_ocr_text"", ""low_part_number_density"", ""low_table_term_density""]",True,False,False,"[{""final_do_not_embed"": false, ""opensearch_index_allowed"": true, ""passed"": false, ""qdrant_embedding_allowed"": true, ""reasons"": [], ""route"": ""table"", ""score"": 0.0}, {""final_do_not_embed"": false, ""opensearch_index_allowed"": false, ""passed"": false, ""qdrant_embedding_allowed"": true, ""reasons"": [""moderate_ocr_text"", ""low_part_number_density"", ""low_table_term_density""], ""route"": ""plain_text"", ""score"": 55.0}, {""final_do_not_embed"": false, ""opensearch_index_allowed"": false, ""passed"": false, ""qdrant_embedding_allowed"": true, ""reasons"": [""sparse_ocr""], ""route"": ""image"", ""score"": 20.0}, {""final_do_not_embed"": true, ""opensearch_index_allowed"": false, ""passed"": false, ""qdrant_embedding_allowed"": false, ""reasons"": [""blank_subtype_or_empty_sample""], ""route"": ""blank"", ""score"": 15.0}]"
t_p_120_1176_p000380,380,table,detailed_parts_list,validated_primary_route,PASS,False,261,13,,False,False,False,False,False,False,False,False,False,False,False,not_needed_already_validated,already_validated,table,85.0,"[""table_subtype"", ""strong_part_number_density"", ""table_or_ipl_terms"", ""ocr_text_present""]",False,True,True,[]
t_p_120_1176_p000381,381,table,detailed_parts_list,validated_primary_route,PASS,False,169,11,,False,False,False,False,False,False,False,False,False,False,False,not_needed_already_validated,already_validated,table,85.0,"[""table_subtype"", ""strong_part_number_density"", ""table_or_ipl_terms"", ""ocr_text_present""]",False,True,True,[]
t_p_120_1176_p000382,382,plain_text,normal_text,validated_primary_route,PASS,False,89,1,,False,False,False,False,False,False,False,False,False,False,False,not_needed_already_validated,already_validated,plain_text,90.0,"[""plain_text_subtype"", ""meaningful_ocr_text"", ""low_part_number_density"", ""no_strong_row_structure""]",False,True,False,[]
t_p_120_1176_p000383,383,table,review_required,validator_gated_unresolved,VALIDATOR_GATED_UNRESOLVED,True,92,1,,False,False,False,False,False,False,False,False,False,False,True,retry_validated,retry_validated_primary_or_candidate_route,plain_text,65.0,"[""substantial_ocr_text"", ""low_part_number_density"", ""low_table_term_density""]",False,True,False,"[{""final_do_not_embed"": false, ""opensearch_index_allowed"": true, ""passed"": false, ""qdrant_embedding_allowed"": true, ""reasons"": [], ""route"": ""table"", ""score"": 0.0}, {""final_do_not_embed"": false, ""opensearch_index_allowed"": false, ""passed"": true, ""qdrant_embedding_allowed"": true, ""reasons"": [""substantial_ocr_text"", ""low_part_number_density"", ""low_table_term_density""], ""route"": ""plain_text"", ""score"": 65.0}, {""final_do_not_embed"": false, ""opensearch_index_allowed"": false, ""passed"": false, ""qdrant_embedding_allowed"": true, ""reasons"": [""sparse_ocr""], ""route"": ""image"", ""score"": 20.0}, {""final_do_not_embed"": true, ""opensearch_index_allowed"": false, ""passed"": false, ""qdrant_embedding_allowed"": false, ""reasons"": [""blank_subtype_or_empty_sample""], ""route"": ""blank"", ""score"": 15.0}]"
t_p_120_1176_p000384,384,table,detailed_parts_list,validated_primary_route,PASS,False,246,12,,False,False,False,False,False,False,False,False,False,False,False,not_needed_already_validated,already_validated,table,85.0,"[""table_subtype"", ""strong_part_number_density"", ""table_or_ipl_terms"", ""ocr_text_present""]",False,True,True,[]
t_p_120_1176_p000385,385,plain_text,normal_text,validated_primary_route,PASS,False,118,2,,False,False,False,False,False,False,False,False,False,False,False,not_needed_already_validated,already_validated,plain_text,90.0,"[""plain_text_subtype"", ""meaningful_ocr_text"", ""low_part_number_density"", ""no_strong_row_structure""]",False,True,False,[]
t_p_120_1176_p000386,386,table,review_required,validator_gated_unresolved,VALIDATOR_GATED_UNRESOLVED,True,85,1,,False,False,False,False,False,False,False,False,False,False,True,retry_validated,retry_validated_primary_or_candidate_route,plain_text,65.0,"[""substantial_ocr_text"", ""low_part_number_density"", ""low_table_term_density""]",False,True,False,"[{""final_do_not_embed"": false, ""opensearch_index_allowed"": true, ""passed"": false, ""qdrant_embedding_allowed"": true, ""reasons"": [], ""route"": ""table"", ""score"": 0.0}, {""final_do_not_embed"": false, ""opensearch_index_allowed"": false, ""passed"": true, ""qdrant_embedding_allowed"": true, ""reasons"": [""substantial_ocr_text"", ""low_part_number_density"", ""low_table_term_density""], ""route"": ""plain_text"", ""score"": 65.0}, {""final_do_not_embed"": false, ""opensearch_index_allowed"": false, ""passed"": false, ""qdrant_embedding_allowed"": true, ""reasons"": [""sparse_ocr""], ""route"": ""image"", ""score"": 20.0}, {""final_do_not_embed"": true, ""opensearch_index_allowed"": false, ""passed"": false, ""qdrant_embedding_allowed"": false, ""reasons"": [""blank_subtype_or_empty_sample""], ""route"": ""blank"", ""score"": 15.0}]"
t_p_120_1176_p000387,387,table,review_required,validator_gated_unresolved,VALIDATOR_GATED_UNRESOLVED,True,87,1,,False,False,False,False,False,False,False,False,False,False,True,retry_validated,retry_validated_primary_or_candidate_route,plain_text,65.0,"[""substantial_ocr_text"", ""low_part_number_density"", ""low_table_term_density""]",False,True,False,"[{""final_do_not_embed"": false, ""opensearch_index_allowed"": true, ""passed"": false, ""qdrant_embedding_allowed"": true, ""reasons"": [], ""route"": ""table"", ""score"": 0.0}, {""final_do_not_embed"": false, ""opensearch_index_allowed"": false, ""passed"": true, ""qdrant_embedding_allowed"": true, ""reasons"": [""substantial_ocr_text"", ""low_part_number_density"", ""low_table_term_density""], ""route"": ""plain_text"", ""score"": 65.0}, {""final_do_not_embed"": false, ""opensearch_index_allowed"": false, ""passed"": false, ""qdrant_embedding_allowed"": true, ""reasons"": [""sparse_ocr""], ""route"": ""image"", ""score"": 20.0}, {""final_do_not_embed"": true, ""opensearch_index_allowed"": false, ""passed"": false, ""qdrant_embedding_allowed"": false, ""reasons"": [""blank_subtype_or_empty_sample""], ""route"": ""blank"", ""score"": 15.0}]"
t_p_120_1176_p000388,388,table,detailed_parts_list,validated_primary_route,PASS,False,267,14,,False,False,False,False,False,False,False,False,False,False,False,not_needed_already_validated,already_validated,table,85.0,"[""table_subtype"", ""strong_part_number_density"", ""table_or_ipl_terms"", ""ocr_text_present""]",False,True,True,[]
t_p_120_1176_p000389,389,table,detailed_parts_list,validated_primary_route,PASS,False,128,5,,False,False,False,False,False,False,False,False,False,False,False,not_needed_already_validated,already_validated,table,72.0,"[""table_subtype"", ""moderate_part_number_density"", ""table_or_ipl_terms"", ""ocr_text_present""]",False,True,True,[]
t_p_120_1176_p000390,390,table,review_required,validator_gated_unresolved,VALIDATOR_GATED_UNRESOLVED,True,86,0,,False,False,False,False,False,False,False,False,False,False,True,retry_validated,retry_validated_primary_or_candidate_route,plain_text,65.0,"[""substantial_ocr_text"", ""low_part_number_density"", ""low_table_term_density""]",False,True,False,"[{""final_do_not_embed"": false, ""opensearch_index_allowed"": true, ""passed"": false, ""qdrant_embedding_allowed"": true, ""reasons"": [], ""route"": ""table"", ""score"": 0.0}, {""final_do_not_embed"": false, ""opensearch_index_allowed"": false, ""passed"": true, ""qdrant_embedding_allowed"": true, ""reasons"": [""substantial_ocr_text"", ""low_part_number_density"", ""low_table_term_density""], ""route"": ""plain_text"", ""score"": 65.0}, {""final_do_not_embed"": false, ""opensearch_index_allowed"": false, ""passed"": false, ""qdrant_embedding_allowed"": true, ""reasons"": [""sparse_ocr"", ""no_part_numbers""], ""route"": ""image"", ""score"": 30.0}, {""final_do_not_embed"": true, ""opensearch_index_allowed"": false, ""passed"": false, ""qdrant_embedding_allowed"": false, ""reasons"": [""no_part_numbers"", ""blank_subtype_or_empty_sample""], ""route"": ""blank"", ""score"": 30.0}]"
t_p_120_1176_p000391,391,table,review_required,validator_gated_unresolved,VALIDATOR_GATED_UNRESOLVED,True,85,1,,False,False,False,False,False,False,False,False,False,False,True,retry_validated,retry_validated_primary_or_candidate_route,plain_text,65.0,"[""substantial_ocr_text"", ""low_part_number_density"", ""low_table_term_density""]",False,True,False,"[{""final_do_not_embed"": false, ""opensearch_index_allowed"": true, ""passed"": false, ""qdrant_embedding_allowed"": true, ""reasons"": [], ""route"": ""table"", ""score"": 0.0}, {""final_do_not_embed"": false, ""opensearch_index_allowed"": false, ""passed"": true, ""qdrant_embedding_allowed"": true, ""reasons"": [""substantial_ocr_text"", ""low_part_number_density"", ""low_table_term_density""], ""route"": ""plain_text"", ""score"": 65.0}, {""final_do_not_embed"": false, ""opensearch_index_allowed"": false, ""passed"": false, ""qdrant_embedding_allowed"": true, ""reasons"": [""sparse_ocr""], ""route"": ""image"", ""score"": 20.0}, {""final_do_not_embed"": true, ""opensearch_index_allowed"": false, ""passed"": false, ""qdrant_embedding_allowed"": false, ""reasons"": [""blank_subtype_or_empty_sample""], ""route"": ""blank"", ""score"": 15.0}]"
t_p_120_1176_p000392,392,table,detailed_parts_list,validated_primary_route,PASS,False,261,15,,False,False,False,False,False,False,False,False,False,False,False,not_needed_already_validated,already_validated,table,85.0,"[""table_subtype"", ""strong_part_number_density"", ""table_or_ipl_terms"", ""ocr_text_present""]",False,True,True,[]
t_p_120_1176_p000393,393,table,detailed_parts_list,validated_primary_route,PASS,False,104,5,,False,False,False,False,False,False,False,False,False,False,False,not_needed_already_validated,already_validated,table,72.0,"[""table_subtype"", ""moderate_part_number_density"", ""table_or_ipl_terms"", ""ocr_text_present""]",False,True,True,[]
t_p_120_1176_p000394,394,plain_text,normal_text,validated_primary_route,PASS,False,89,1,,False,False,False,False,False,False,False,False,False,False,False,not_needed_already_validated,already_validated,plain_text,90.0,"[""plain_text_subtype"", ""meaningful_ocr_text"", ""low_part_number_density"", ""no_strong_row_structure""]",False,True,False,[]
t_p_120_1176_p000395,395,table,review_required,validator_gated_unresolved,VALIDATOR_GATED_UNRESOLVED,True,85,1,,False,False,False,False,False,False,False,False,False,False,True,retry_validated,retry_validated_primary_or_candidate_route,plain_text,65.0,"[""substantial_ocr_text"", ""low_part_number_density"", ""low_table_term_density""]",False,True,False,"[{""final_do_not_embed"": false, ""opensearch_index_allowed"": true, ""passed"": false, ""qdrant_embedding_allowed"": true, ""reasons"": [], ""route"": ""table"", ""score"": 0.0}, {""final_do_not_embed"": false, ""opensearch_index_allowed"": false, ""passed"": true, ""qdrant_embedding_allowed"": true, ""reasons"": [""substantial_ocr_text"", ""low_part_number_density"", ""low_table_term_density""], ""route"": ""plain_text"", ""score"": 65.0}, {""final_do_not_embed"": false, ""opensearch_index_allowed"": false, ""passed"": false, ""qdrant_embedding_allowed"": true, ""reasons"": [""sparse_ocr""], ""route"": ""image"", ""score"": 20.0}, {""final_do_not_embed"": true, ""opensearch_index_allowed"": false, ""passed"": false, ""qdrant_embedding_allowed"": false, ""reasons"": [""blank_subtype_or_empty_sample""], ""route"": ""blank"", ""score"": 15.0}]"
t_p_120_1176_p000396,396,table,detailed_parts_list,validated_primary_route,PASS,False,260,13,,False,False,False,False,False,False,False,False,False,False,False,not_needed_already_validated,already_validated,table,85.0,"[""table_subtype"", ""strong_part_number_density"", ""table_or_ipl_terms"", ""ocr_text_present""]",False,True,True,[]
t_p_120_1176_p000397,397,table,detailed_parts_list,validated_primary_route,PASS,False,165,9,,False,False,False,False,False,False,False,False,False,False,False,not_needed_already_validated,already_validated,table,85.0,"[""table_subtype"", ""strong_part_number_density"", ""table_or_ipl_terms"", ""ocr_text_present""]",False,True,True,[]
t_p_120_1176_p000398,398,table,review_required,validator_gated_unresolved,VALIDATOR_GATED_UNRESOLVED,True,92,1,,False,False,False,False,False,False,False,False,False,False,True,retry_validated,retry_validated_primary_or_candidate_route,plain_text,65.0,"[""substantial_ocr_text"", ""low_part_number_density"", ""low_table_term_density""]",False,True,False,"[{""final_do_not_embed"": false, ""opensearch_index_allowed"": true, ""passed"": false, ""qdrant_embedding_allowed"": true, ""reasons"": [], ""route"": ""table"", ""score"": 0.0}, {""final_do_not_embed"": false, ""opensearch_index_allowed"": false, ""passed"": true, ""qdrant_embedding_allowed"": true, ""reasons"": [""substantial_ocr_text"", ""low_part_number_density"", ""low_table_term_density""], ""route"": ""plain_text"", ""score"": 65.0}, {""final_do_not_embed"": false, ""opensearch_index_allowed"": false, ""passed"": false, ""qdrant_embedding_allowed"": true, ""reasons"": [""sparse_ocr""], ""route"": ""image"", ""score"": 20.0}, {""final_do_not_embed"": true, ""opensearch_index_allowed"": false, ""passed"": false, ""qdrant_embedding_allowed"": false, ""reasons"": [""blank_subtype_or_empty_sample""], ""route"": ""blank"", ""score"": 15.0}]"
t_p_120_1176_p000399,399,table,review_required,validator_gated_unresolved,VALIDATOR_GATED_UNRESOLVED,True,88,1,,False,False,False,False,False,False,False,False,False,False,True,retry_validated,retry_validated_primary_or_candidate_route,plain_text,65.0,"[""substantial_ocr_text"", ""low_part_number_density"", ""low_table_term_density""]",False,True,False,"[{""final_do_not_embed"": false, ""opensearch_index_allowed"": true, ""passed"": false, ""qdrant_embedding_allowed"": true, ""reasons"": [], ""route"": ""table"", ""score"": 0.0}, {""final_do_not_embed"": false, ""opensearch_index_allowed"": false, ""passed"": true, ""qdrant_embedding_allowed"": true, ""reasons"": [""substantial_ocr_text"", ""low_part_number_density"", ""low_table_term_density""], ""route"": ""plain_text"", ""score"": 65.0}, {""final_do_not_embed"": false, ""opensearch_index_allowed"": false, ""passed"": false, ""qdrant_embedding_allowed"": true, ""reasons"": [""sparse_ocr""], ""route"": ""image"", ""score"": 20.0}, {""final_do_not_embed"": true, ""opensearch_index_allowed"": false, ""passed"": false, ""qdrant_embedding_allowed"": false, ""reasons"": [""blank_subtype_or_empty_sample""], ""route"": ""blank"", ""score"": 15.0}]"
t_p_120_1176_p000400,400,table,detailed_parts_list,validated_primary_route,PASS,False,281,15,,False,False,False,False,False,False,False,False,False,False,False,not_needed_already_validated,already_validated,table,85.0,"[""table_subtype"", ""strong_part_number_density"", ""table_or_ipl_terms"", ""ocr_text_present""]",False,True,True,[]
t_p_120_1176_p000401,401,table,detailed_parts_list,validated_primary_route,PASS,False,144,9,,False,False,False,False,False,False,False,False,False,False,False,not_needed_already_validated,already_validated,table,85.0,"[""table_subtype"", ""strong_part_number_density"", ""table_or_ipl_terms"", ""ocr_text_present""]",False,True,True,[]
t_p_120_1176_p000402,402,table,review_required,validator_gated_unresolved,VALIDATOR_GATED_UNRESOLVED,True,91,1,,False,False,False,False,False,False,False,False,False,False,True,retry_validated,retry_validated_primary_or_candidate_route,plain_text,65.0,"[""substantial_ocr_text"", ""low_part_number_density"", ""low_table_term_density""]",False,True,False,"[{""final_do_not_embed"": false, ""opensearch_index_allowed"": true, ""passed"": false, ""qdrant_embedding_allowed"": true, ""reasons"": [], ""route"": ""table"", ""score"": 0.0}, {""final_do_not_embed"": false, ""opensearch_index_allowed"": false, ""passed"": true, ""qdrant_embedding_allowed"": true, ""reasons"": [""substantial_ocr_text"", ""low_part_number_density"", ""low_table_term_density""], ""route"": ""plain_text"", ""score"": 65.0}, {""final_do_not_embed"": false, ""opensearch_index_allowed"": false, ""passed"": false, ""qdrant_embedding_allowed"": true, ""reasons"": [""sparse_ocr""], ""route"": ""image"", ""score"": 20.0}, {""final_do_not_embed"": true, ""opensearch_index_allowed"": false, ""passed"": false, ""qdrant_embedding_allowed"": false, ""reasons"": [""blank_subtype_or_empty_sample""], ""route"": ""blank"", ""score"": 15.0}]"
t_p_120_1176_p000403,403,table,review_required,validator_gated_unresolved,VALIDATOR_GATED_UNRESOLVED,True,78,1,,False,False,False,False,False,False,False,False,False,False,True,retry_unresolved_validator_gated,validator_gated_unresolved_after_retry,,55.0,"[""no_candidate_probe_met_threshold"", ""moderate_ocr_text"", ""low_part_number_density"", ""low_table_term_density""]",True,False,False,"[{""final_do_not_embed"": false, ""opensearch_index_allowed"": true, ""passed"": false, ""qdrant_embedding_allowed"": true, ""reasons"": [], ""route"": ""table"", ""score"": 0.0}, {""final_do_not_embed"": false, ""opensearch_index_allowed"": false, ""passed"": false, ""qdrant_embedding_allowed"": true, ""reasons"": [""moderate_ocr_text"", ""low_part_number_density"", ""low_table_term_density""], ""route"": ""plain_text"", ""score"": 55.0}, {""final_do_not_embed"": false, ""opensearch_index_allowed"": false, ""passed"": false, ""qdrant_embedding_allowed"": true, ""reasons"": [""sparse_ocr""], ""route"": ""image"", ""score"": 20.0}, {""final_do_not_embed"": true, ""opensearch_index_allowed"": false, ""passed"": false, ""qdrant_embedding_allowed"": false, ""reasons"": [""blank_subtype_or_empty_sample""], ""route"": ""blank"", ""score"": 15.0}]"
t_p_120_1176_p000404,404,table,detailed_parts_list,validated_primary_route,PASS,False,267,15,,False,False,False,False,False,False,False,False,False,False,False,not_needed_already_validated,already_validated,table,85.0,"[""table_subtype"", ""strong_part_number_density"", ""table_or_ipl_terms"", ""ocr_text_present""]",False,True,True,[]
t_p_120_1176_p000405,405,table,detailed_parts_list,validated_primary_route,PASS,False,158,8,,False,False,False,False,False,False,False,False,False,False,False,not_needed_already_validated,already_validated,table,85.0,"[""table_subtype"", ""strong_part_number_density"", ""table_or_ipl_terms"", ""ocr_text_present""]",False,True,True,[]
t_p_120_1176_p000406,406,plain_text,normal_text,validated_primary_route,PASS,False,96,1,,False,False,False,False,False,False,False,False,False,False,False,not_needed_already_validated,already_validated,plain_text,90.0,"[""plain_text_subtype"", ""meaningful_ocr_text"", ""low_part_number_density"", ""no_strong_row_structure""]",False,True,False,[]
t_p_120_1176_p000407,407,table,review_required,validator_gated_unresolved,VALIDATOR_GATED_UNRESOLVED,True,83,1,,False,False,False,False,False,False,False,False,False,False,True,retry_validated,retry_validated_primary_or_candidate_route,plain_text,65.0,"[""substantial_ocr_text"", ""low_part_number_density"", ""low_table_term_density""]",False,True,False,"[{""final_do_not_embed"": false, ""opensearch_index_allowed"": true, ""passed"": false, ""qdrant_embedding_allowed"": true, ""reasons"": [], ""route"": ""table"", ""score"": 0.0}, {""final_do_not_embed"": false, ""opensearch_index_allowed"": false, ""passed"": true, ""qdrant_embedding_allowed"": true, ""reasons"": [""substantial_ocr_text"", ""low_part_number_density"", ""low_table_term_density""], ""route"": ""plain_text"", ""score"": 65.0}, {""final_do_not_embed"": false, ""opensearch_index_allowed"": false, ""passed"": false, ""qdrant_embedding_allowed"": true, ""reasons"": [""sparse_ocr""], ""route"": ""image"", ""score"": 20.0}, {""final_do_not_embed"": true, ""opensearch_index_allowed"": false, ""passed"": false, ""qdrant_embedding_allowed"": false, ""reasons"": [""blank_subtype_or_empty_sample""], ""route"": ""blank"", ""score"": 15.0}]"
t_p_120_1176_p000408,408,table,detailed_parts_list,validated_primary_route,PASS,False,340,19,,False,False,False,False,False,False,False,False,False,False,False,not_needed_already_validated,already_validated,table,85.0,"[""table_subtype"", ""strong_part_number_density"", ""table_or_ipl_terms"", ""ocr_text_present""]",False,True,True,[]
t_p_120_1176_p000409,409,table,detailed_parts_list,validated_primary_route,PASS,False,104,5,,False,False,False,False,False,False,False,False,False,False,False,not_needed_already_validated,already_validated,table,72.0,"[""table_subtype"", ""moderate_part_number_density"", ""table_or_ipl_terms"", ""ocr_text_present""]",False,True,True,[]
t_p_120_1176_p000410,410,table,review_required,validator_gated_unresolved,VALIDATOR_GATED_UNRESOLVED,True,95,1,,False,False,False,False,False,False,False,False,False,False,True,retry_validated,retry_validated_primary_or_candidate_route,plain_text,65.0,"[""substantial_ocr_text"", ""low_part_number_density"", ""low_table_term_density""]",False,True,False,"[{""final_do_not_embed"": false, ""opensearch_index_allowed"": true, ""passed"": false, ""qdrant_embedding_allowed"": true, ""reasons"": [], ""route"": ""table"", ""score"": 0.0}, {""final_do_not_embed"": false, ""opensearch_index_allowed"": false, ""passed"": true, ""qdrant_embedding_allowed"": true, ""reasons"": [""substantial_ocr_text"", ""low_part_number_density"", ""low_table_term_density""], ""route"": ""plain_text"", ""score"": 65.0}, {""final_do_not_embed"": false, ""opensearch_index_allowed"": false, ""passed"": false, ""qdrant_embedding_allowed"": true, ""reasons"": [""sparse_ocr""], ""route"": ""image"", ""score"": 20.0}, {""final_do_not_embed"": true, ""opensearch_index_allowed"": false, ""passed"": false, ""qdrant_embedding_allowed"": false, ""reasons"": [""blank_subtype_or_empty_sample""], ""route"": ""blank"", ""score"": 15.0}]"
t_p_120_1176_p000411,411,table,review_required,validator_gated_unresolved,VALIDATOR_GATED_UNRESOLVED,True,80,1,,False,False,False,False,False,False,False,False,False,False,True,retry_validated,retry_validated_primary_or_candidate_route,plain_text,65.0,"[""substantial_ocr_text"", ""low_part_number_density"", ""low_table_term_density""]",False,True,False,"[{""final_do_not_embed"": false, ""opensearch_index_allowed"": true, ""passed"": false, ""qdrant_embedding_allowed"": true, ""reasons"": [], ""route"": ""table"", ""score"": 0.0}, {""final_do_not_embed"": false, ""opensearch_index_allowed"": false, ""passed"": true, ""qdrant_embedding_allowed"": true, ""reasons"": [""substantial_ocr_text"", ""low_part_number_density"", ""low_table_term_density""], ""route"": ""plain_text"", ""score"": 65.0}, {""final_do_not_embed"": false, ""opensearch_index_allowed"": false, ""passed"": false, ""qdrant_embedding_allowed"": true, ""reasons"": [""sparse_ocr""], ""route"": ""image"", ""score"": 20.0}, {""final_do_not_embed"": true, ""opensearch_index_allowed"": false, ""passed"": false, ""qdrant_embedding_allowed"": false, ""reasons"": [""blank_subtype_or_empty_sample""], ""route"": ""blank"", ""score"": 15.0}]"
t_p_120_1176_p000412,412,table,detailed_parts_list,validated_primary_route,PASS,False,285,18,,False,False,False,False,False,False,False,False,False,False,False,not_needed_already_validated,already_validated,table,85.0,"[""table_subtype"", ""strong_part_number_density"", ""table_or_ipl_terms"", ""ocr_text_present""]",False,True,True,[]
t_p_120_1176_p000413,413,table,detailed_parts_list,validated_primary_route,PASS,False,183,10,,False,False,False,False,False,False,False,False,False,False,False,not_needed_already_validated,already_validated,table,85.0,"[""table_subtype"", ""strong_part_number_density"", ""table_or_ipl_terms"", ""ocr_text_present""]",False,True,True,[]
t_p_120_1176_p000414,414,plain_text,normal_text,validated_primary_route,PASS,False,91,1,,False,False,False,False,False,False,False,False,False,False,False,not_needed_already_validated,already_validated,plain_text,90.0,"[""plain_text_subtype"", ""meaningful_ocr_text"", ""low_part_number_density"", ""no_strong_row_structure""]",False,True,False,[]
t_p_120_1176_p000415,415,table,review_required,validator_gated_unresolved,VALIDATOR_GATED_UNRESOLVED,True,80,1,,False,False,False,False,False,False,False,False,False,False,True,retry_validated,retry_validated_primary_or_candidate_route,plain_text,65.0,"[""substantial_ocr_text"", ""low_part_number_density"", ""low_table_term_density""]",False,True,False,"[{""final_do_not_embed"": false, ""opensearch_index_allowed"": true, ""passed"": false, ""qdrant_embedding_allowed"": true, ""reasons"": [], ""route"": ""table"", ""score"": 0.0}, {""final_do_not_embed"": false, ""opensearch_index_allowed"": false, ""passed"": true, ""qdrant_embedding_allowed"": true, ""reasons"": [""substantial_ocr_text"", ""low_part_number_density"", ""low_table_term_density""], ""route"": ""plain_text"", ""score"": 65.0}, {""final_do_not_embed"": false, ""opensearch_index_allowed"": false, ""passed"": false, ""qdrant_embedding_allowed"": true, ""reasons"": [""sparse_ocr""], ""route"": ""image"", ""score"": 20.0}, {""final_do_not_embed"": true, ""opensearch_index_allowed"": false, ""passed"": false, ""qdrant_embedding_allowed"": false, ""reasons"": [""blank_subtype_or_empty_sample""], ""route"": ""blank"", ""score"": 15.0}]"
t_p_120_1176_p000416,416,table,detailed_parts_list,validated_primary_route,PASS,False,226,12,,False,False,False,False,False,False,False,False,False,False,False,not_needed_already_validated,already_validated,table,85.0,"[""table_subtype"", ""strong_part_number_density"", ""table_or_ipl_terms"", ""ocr_text_present""]",False,True,True,[]
t_p_120_1176_p000417,417,table,detailed_parts_list,validated_primary_route,PASS,False,159,11,,False,False,False,False,False,False,False,False,False,False,False,not_needed_already_validated,already_validated,table,85.0,"[""table_subtype"", ""strong_part_number_density"", ""table_or_ipl_terms"", ""ocr_text_present""]",False,True,True,[]
t_p_120_1176_p000418,418,plain_text,normal_text,validated_primary_route,PASS,False,103,1,,False,False,False,False,False,False,False,False,False,False,False,not_needed_already_validated,already_validated,plain_text,90.0,"[""plain_text_subtype"", ""meaningful_ocr_text"", ""low_part_number_density"", ""no_strong_row_structure""]",False,True,False,[]
t_p_120_1176_p000419,419,table,review_required,validator_gated_unresolved,VALIDATOR_GATED_UNRESOLVED,True,88,1,,False,False,False,False,False,False,False,False,False,False,True,retry_validated,retry_validated_primary_or_candidate_route,plain_text,65.0,"[""substantial_ocr_text"", ""low_part_number_density"", ""low_table_term_density""]",False,True,False,"[{""final_do_not_embed"": false, ""opensearch_index_allowed"": true, ""passed"": false, ""qdrant_embedding_allowed"": true, ""reasons"": [], ""route"": ""table"", ""score"": 0.0}, {""final_do_not_embed"": false, ""opensearch_index_allowed"": false, ""passed"": true, ""qdrant_embedding_allowed"": true, ""reasons"": [""substantial_ocr_text"", ""low_part_number_density"", ""low_table_term_density""], ""route"": ""plain_text"", ""score"": 65.0}, {""final_do_not_embed"": false, ""opensearch_index_allowed"": false, ""passed"": false, ""qdrant_embedding_allowed"": true, ""reasons"": [""sparse_ocr""], ""route"": ""image"", ""score"": 20.0}, {""final_do_not_embed"": true, ""opensearch_index_allowed"": false, ""passed"": false, ""qdrant_embedding_allowed"": false, ""reasons"": [""blank_subtype_or_empty_sample""], ""route"": ""blank"", ""score"": 15.0}]"
t_p_120_1176_p000420,420,table,detailed_parts_list,validated_primary_route,PASS,False,264,14,,False,False,False,False,False,False,False,False,False,False,False,not_needed_already_validated,already_validated,table,85.0,"[""table_subtype"", ""strong_part_number_density"", ""table_or_ipl_terms"", ""ocr_text_present""]",False,True,True,[]
t_p_120_1176_p000421,421,table,detailed_parts_list,validated_primary_route,PASS,False,177,12,,False,False,False,False,False,False,False,False,False,False,False,not_needed_already_validated,already_validated,table,85.0,"[""table_subtype"", ""strong_part_number_density"", ""table_or_ipl_terms"", ""ocr_text_present""]",False,True,True,[]
t_p_120_1176_p000422,422,table,review_required,validator_gated_unresolved,VALIDATOR_GATED_UNRESOLVED,True,90,1,,False,False,False,False,False,False,False,False,False,False,True,retry_validated,retry_validated_primary_or_candidate_route,plain_text,65.0,"[""substantial_ocr_text"", ""low_part_number_density"", ""low_table_term_density""]",False,True,False,"[{""final_do_not_embed"": false, ""opensearch_index_allowed"": true, ""passed"": false, ""qdrant_embedding_allowed"": true, ""reasons"": [], ""route"": ""table"", ""score"": 0.0}, {""final_do_not_embed"": false, ""opensearch_index_allowed"": false, ""passed"": true, ""qdrant_embedding_allowed"": true, ""reasons"": [""substantial_ocr_text"", ""low_part_number_density"", ""low_table_term_density""], ""route"": ""plain_text"", ""score"": 65.0}, {""final_do_not_embed"": false, ""opensearch_index_allowed"": false, ""passed"": false, ""qdrant_embedding_allowed"": true, ""reasons"": [""sparse_ocr""], ""route"": ""image"", ""score"": 20.0}, {""final_do_not_embed"": true, ""opensearch_index_allowed"": false, ""passed"": false, ""qdrant_embedding_allowed"": false, ""reasons"": [""blank_subtype_or_empty_sample""], ""route"": ""blank"", ""score"": 15.0}]"
t_p_120_1176_p000423,423,table,review_required,validator_gated_unresolved,VALIDATOR_GATED_UNRESOLVED,True,82,1,,False,False,False,False,False,False,False,False,False,False,True,retry_validated,retry_validated_primary_or_candidate_route,plain_text,65.0,"[""substantial_ocr_text"", ""low_part_number_density"", ""low_table_term_density""]",False,True,False,"[{""final_do_not_embed"": false, ""opensearch_index_allowed"": true, ""passed"": false, ""qdrant_embedding_allowed"": true, ""reasons"": [], ""route"": ""table"", ""score"": 0.0}, {""final_do_not_embed"": false, ""opensearch_index_allowed"": false, ""passed"": true, ""qdrant_embedding_allowed"": true, ""reasons"": [""substantial_ocr_text"", ""low_part_number_density"", ""low_table_term_density""], ""route"": ""plain_text"", ""score"": 65.0}, {""final_do_not_embed"": false, ""opensearch_index_allowed"": false, ""passed"": false, ""qdrant_embedding_allowed"": true, ""reasons"": [""sparse_ocr""], ""route"": ""image"", ""score"": 20.0}, {""final_do_not_embed"": true, ""opensearch_index_allowed"": false, ""passed"": false, ""qdrant_embedding_allowed"": false, ""reasons"": [""blank_subtype_or_empty_sample""], ""route"": ""blank"", ""score"": 15.0}]"
t_p_120_1176_p000424,424,table,detailed_parts_list,validated_primary_route,PASS,False,252,11,,False,False,False,False,False,False,False,False,False,False,False,not_needed_already_validated,already_validated,table,85.0,"[""table_subtype"", ""strong_part_number_density"", ""table_or_ipl_terms"", ""ocr_text_present""]",False,True,True,[]
t_p_120_1176_p000425,425,table,detailed_parts_list,validated_primary_route,PASS,False,131,4,,False,False,False,False,False,False,False,False,False,False,False,not_needed_already_validated,already_validated,table,72.0,"[""table_subtype"", ""moderate_part_number_density"", ""table_or_ipl_terms"", ""ocr_text_present""]",False,True,True,[]
t_p_120_1176_p000426,426,table,review_required,validator_gated_unresolved,VALIDATOR_GATED_UNRESOLVED,True,89,1,,False,False,False,False,False,False,False,False,False,False,True,retry_validated,retry_validated_primary_or_candidate_route,plain_text,65.0,"[""substantial_ocr_text"", ""low_part_number_density"", ""low_table_term_density""]",False,True,False,"[{""final_do_not_embed"": false, ""opensearch_index_allowed"": true, ""passed"": false, ""qdrant_embedding_allowed"": true, ""reasons"": [], ""route"": ""table"", ""score"": 0.0}, {""final_do_not_embed"": false, ""opensearch_index_allowed"": false, ""passed"": true, ""qdrant_embedding_allowed"": true, ""reasons"": [""substantial_ocr_text"", ""low_part_number_density"", ""low_table_term_density""], ""route"": ""plain_text"", ""score"": 65.0}, {""final_do_not_embed"": false, ""opensearch_index_allowed"": false, ""passed"": false, ""qdrant_embedding_allowed"": true, ""reasons"": [""sparse_ocr""], ""route"": ""image"", ""score"": 20.0}, {""final_do_not_embed"": true, ""opensearch_index_allowed"": false, ""passed"": false, ""qdrant_embedding_allowed"": false, ""reasons"": [""blank_subtype_or_empty_sample""], ""route"": ""blank"", ""score"": 15.0}]"
t_p_120_1176_p000427,427,table,review_required,validator_gated_unresolved,VALIDATOR_GATED_UNRESOLVED,True,80,1,,False,False,False,False,False,False,False,False,False,False,True,retry_validated,retry_validated_primary_or_candidate_route,plain_text,65.0,"[""substantial_ocr_text"", ""low_part_number_density"", ""low_table_term_density""]",False,True,False,"[{""final_do_not_embed"": false, ""opensearch_index_allowed"": true, ""passed"": false, ""qdrant_embedding_allowed"": true, ""reasons"": [], ""route"": ""table"", ""score"": 0.0}, {""final_do_not_embed"": false, ""opensearch_index_allowed"": false, ""passed"": true, ""qdrant_embedding_allowed"": true, ""reasons"": [""substantial_ocr_text"", ""low_part_number_density"", ""low_table_term_density""], ""route"": ""plain_text"", ""score"": 65.0}, {""final_do_not_embed"": false, ""opensearch_index_allowed"": false, ""passed"": false, ""qdrant_embedding_allowed"": true, ""reasons"": [""sparse_ocr""], ""route"": ""image"", ""score"": 20.0}, {""final_do_not_embed"": true, ""opensearch_index_allowed"": false, ""passed"": false, ""qdrant_embedding_allowed"": false, ""reasons"": [""blank_subtype_or_empty_sample""], ""route"": ""blank"", ""score"": 15.0}]"
t_p_120_1176_p000428,428,table,detailed_parts_list,validated_primary_route,PASS,False,241,12,,False,False,False,False,False,False,False,False,False,False,False,not_needed_already_validated,already_validated,table,85.0,"[""table_subtype"", ""strong_part_number_density"", ""table_or_ipl_terms"", ""ocr_text_present""]",False,True,True,[]
t_p_120_1176_p000429,429,table,detailed_parts_list,validated_primary_route,PASS,False,194,8,,False,False,False,False,False,False,False,False,False,False,False,not_needed_already_validated,already_validated,table,85.0,"[""table_subtype"", ""strong_part_number_density"", ""table_or_ipl_terms"", ""ocr_text_present""]",False,True,True,[]
t_p_120_1176_p000430,430,table,review_required,validator_gated_unresolved,VALIDATOR_GATED_UNRESOLVED,True,78,1,,False,False,False,False,False,False,False,False,False,False,True,retry_unresolved_validator_gated,validator_gated_unresolved_after_retry,,55.0,"[""no_candidate_probe_met_threshold"", ""moderate_ocr_text"", ""low_part_number_density"", ""low_table_term_density""]",True,False,False,"[{""final_do_not_embed"": false, ""opensearch_index_allowed"": true, ""passed"": false, ""qdrant_embedding_allowed"": true, ""reasons"": [], ""route"": ""table"", ""score"": 0.0}, {""final_do_not_embed"": false, ""opensearch_index_allowed"": false, ""passed"": false, ""qdrant_embedding_allowed"": true, ""reasons"": [""moderate_ocr_text"", ""low_part_number_density"", ""low_table_term_density""], ""route"": ""plain_text"", ""score"": 55.0}, {""final_do_not_embed"": false, ""opensearch_index_allowed"": false, ""passed"": false, ""qdrant_embedding_allowed"": true, ""reasons"": [""sparse_ocr""], ""route"": ""image"", ""score"": 20.0}, {""final_do_not_embed"": true, ""opensearch_index_allowed"": false, ""passed"": false, ""qdrant_embedding_allowed"": false, ""reasons"": [""blank_subtype_or_empty_sample""], ""route"": ""blank"", ""score"": 15.0}]"
t_p_120_1176_p000431,431,table,review_required,validator_gated_unresolved,VALIDATOR_GATED_UNRESOLVED,True,83,1,,False,False,False,False,False,False,False,False,False,False,True,retry_validated,retry_validated_primary_or_candidate_route,plain_text,65.0,"[""substantial_ocr_text"", ""low_part_number_density"", ""low_table_term_density""]",False,True,False,"[{""final_do_not_embed"": false, ""opensearch_index_allowed"": true, ""passed"": false, ""qdrant_embedding_allowed"": true, ""reasons"": [], ""route"": ""table"", ""score"": 0.0}, {""final_do_not_embed"": false, ""opensearch_index_allowed"": false, ""passed"": true, ""qdrant_embedding_allowed"": true, ""reasons"": [""substantial_ocr_text"", ""low_part_number_density"", ""low_table_term_density""], ""route"": ""plain_text"", ""score"": 65.0}, {""final_do_not_embed"": false, ""opensearch_index_allowed"": false, ""passed"": false, ""qdrant_embedding_allowed"": true, ""reasons"": [""sparse_ocr""], ""route"": ""image"", ""score"": 20.0}, {""final_do_not_embed"": true, ""opensearch_index_allowed"": false, ""passed"": false, ""qdrant_embedding_allowed"": false, ""reasons"": [""blank_subtype_or_empty_sample""], ""route"": ""blank"", ""score"": 15.0}]"
t_p_120_1176_p000432,432,table,detailed_parts_list,validated_primary_route,PASS,False,314,16,,False,False,False,False,False,False,False,False,False,False,False,not_needed_already_validated,already_validated,table,85.0,"[""table_subtype"", ""strong_part_number_density"", ""table_or_ipl_terms"", ""ocr_text_present""]",False,True,True,[]
t_p_120_1176_p000433,433,table,detailed_parts_list,validated_primary_route,PASS,False,133,7,,False,False,False,False,False,False,False,False,False,False,False,not_needed_already_validated,already_validated,table,72.0,"[""table_subtype"", ""moderate_part_number_density"", ""table_or_ipl_terms"", ""ocr_text_present""]",False,True,True,[]
t_p_120_1176_p000434,434,plain_text,normal_text,validated_primary_route,PASS,False,87,1,,False,False,False,False,False,False,False,False,False,False,False,not_needed_already_validated,already_validated,plain_text,90.0,"[""plain_text_subtype"", ""meaningful_ocr_text"", ""low_part_number_density"", ""no_strong_row_structure""]",False,True,False,[]
t_p_120_1176_p000435,435,table,review_required,validator_gated_unresolved,VALIDATOR_GATED_UNRESOLVED,True,78,1,,False,False,False,False,False,False,False,False,False,False,True,retry_unresolved_validator_gated,validator_gated_unresolved_after_retry,,55.0,"[""no_candidate_probe_met_threshold"", ""moderate_ocr_text"", ""low_part_number_density"", ""low_table_term_density""]",True,False,False,"[{""final_do_not_embed"": false, ""opensearch_index_allowed"": true, ""passed"": false, ""qdrant_embedding_allowed"": true, ""reasons"": [], ""route"": ""table"", ""score"": 0.0}, {""final_do_not_embed"": false, ""opensearch_index_allowed"": false, ""passed"": false, ""qdrant_embedding_allowed"": true, ""reasons"": [""moderate_ocr_text"", ""low_part_number_density"", ""low_table_term_density""], ""route"": ""plain_text"", ""score"": 55.0}, {""final_do_not_embed"": false, ""opensearch_index_allowed"": false, ""passed"": false, ""qdrant_embedding_allowed"": true, ""reasons"": [""sparse_ocr""], ""route"": ""image"", ""score"": 20.0}, {""final_do_not_embed"": true, ""opensearch_index_allowed"": false, ""passed"": false, ""qdrant_embedding_allowed"": false, ""reasons"": [""blank_subtype_or_empty_sample""], ""route"": ""blank"", ""score"": 15.0}]"
t_p_120_1176_p000436,436,table,detailed_parts_list,validated_primary_route,PASS,False,234,13,,False,False,False,False,False,False,False,False,False,False,False,not_needed_already_validated,already_validated,table,85.0,"[""table_subtype"", ""strong_part_number_density"", ""table_or_ipl_terms"", ""ocr_text_present""]",False,True,True,[]
t_p_120_1176_p000437,437,table,detailed_parts_list,validated_primary_route,PASS,False,134,6,,False,False,False,False,False,False,False,False,False,False,False,not_needed_already_validated,already_validated,table,72.0,"[""table_subtype"", ""moderate_part_number_density"", ""table_or_ipl_terms"", ""ocr_text_present""]",False,True,True,[]
t_p_120_1176_p000438,438,plain_text,normal_text,validated_primary_route,PASS,False,98,0,,False,False,False,False,False,False,False,False,False,False,False,not_needed_already_validated,already_validated,plain_text,90.0,"[""plain_text_subtype"", ""meaningful_ocr_text"", ""low_part_number_density"", ""no_strong_row_structure""]",False,True,False,[]
t_p_120_1176_p000439,439,table,review_required,validator_gated_unresolved,VALIDATOR_GATED_UNRESOLVED,True,78,1,,False,False,False,False,False,False,False,False,False,False,True,retry_unresolved_validator_gated,validator_gated_unresolved_after_retry,,55.0,"[""no_candidate_probe_met_threshold"", ""moderate_ocr_text"", ""low_part_number_density"", ""low_table_term_density""]",True,False,False,"[{""final_do_not_embed"": false, ""opensearch_index_allowed"": true, ""passed"": false, ""qdrant_embedding_allowed"": true, ""reasons"": [], ""route"": ""table"", ""score"": 0.0}, {""final_do_not_embed"": false, ""opensearch_index_allowed"": false, ""passed"": false, ""qdrant_embedding_allowed"": true, ""reasons"": [""moderate_ocr_text"", ""low_part_number_density"", ""low_table_term_density""], ""route"": ""plain_text"", ""score"": 55.0}, {""final_do_not_embed"": false, ""opensearch_index_allowed"": false, ""passed"": false, ""qdrant_embedding_allowed"": true, ""reasons"": [""sparse_ocr""], ""route"": ""image"", ""score"": 20.0}, {""final_do_not_embed"": true, ""opensearch_index_allowed"": false, ""passed"": false, ""qdrant_embedding_allowed"": false, ""reasons"": [""blank_subtype_or_empty_sample""], ""route"": ""blank"", ""score"": 15.0}]"
t_p_120_1176_p000440,440,table,detailed_parts_list,validated_primary_route,PASS,False,305,14,,False,False,False,False,False,False,False,False,False,False,False,not_needed_already_validated,already_validated,table,85.0,"[""table_subtype"", ""strong_part_number_density"", ""table_or_ipl_terms"", ""ocr_text_present""]",False,True,True,[]
t_p_120_1176_p000441,441,table,detailed_parts_list,validated_primary_route,PASS,False,138,7,,False,False,False,False,False,False,False,False,False,False,False,not_needed_already_validated,already_validated,table,72.0,"[""table_subtype"", ""moderate_part_number_density"", ""table_or_ipl_terms"", ""ocr_text_present""]",False,True,True,[]
t_p_120_1176_p000442,442,plain_text,normal_text,validated_primary_route,PASS,False,105,1,,False,False,False,False,False,False,False,False,False,False,False,not_needed_already_validated,already_validated,plain_text,90.0,"[""plain_text_subtype"", ""meaningful_ocr_text"", ""low_part_number_density"", ""no_strong_row_structure""]",False,True,False,[]
t_p_120_1176_p000443,443,table,review_required,validator_gated_unresolved,VALIDATOR_GATED_UNRESOLVED,True,85,1,,False,False,False,False,False,False,False,False,False,False,True,retry_validated,retry_validated_primary_or_candidate_route,plain_text,65.0,"[""substantial_ocr_text"", ""low_part_number_density"", ""low_table_term_density""]",False,True,False,"[{""final_do_not_embed"": false, ""opensearch_index_allowed"": true, ""passed"": false, ""qdrant_embedding_allowed"": true, ""reasons"": [], ""route"": ""table"", ""score"": 0.0}, {""final_do_not_embed"": false, ""opensearch_index_allowed"": false, ""passed"": true, ""qdrant_embedding_allowed"": true, ""reasons"": [""substantial_ocr_text"", ""low_part_number_density"", ""low_table_term_density""], ""route"": ""plain_text"", ""score"": 65.0}, {""final_do_not_embed"": false, ""opensearch_index_allowed"": false, ""passed"": false, ""qdrant_embedding_allowed"": true, ""reasons"": [""sparse_ocr""], ""route"": ""image"", ""score"": 20.0}, {""final_do_not_embed"": true, ""opensearch_index_allowed"": false, ""passed"": false, ""qdrant_embedding_allowed"": false, ""reasons"": [""blank_subtype_or_empty_sample""], ""route"": ""blank"", ""score"": 15.0}]"
t_p_120_1176_p000444,444,table,detailed_parts_list,validated_primary_route,PASS,False,274,13,,False,False,False,False,False,False,False,False,False,False,False,not_needed_already_validated,already_validated,table,85.0,"[""table_subtype"", ""strong_part_number_density"", ""table_or_ipl_terms"", ""ocr_text_present""]",False,True,True,[]
t_p_120_1176_p000445,445,table,detailed_parts_list,validated_primary_route,PASS,False,209,14,,False,False,False,False,False,False,False,False,False,False,False,not_needed_already_validated,already_validated,table,85.0,"[""table_subtype"", ""strong_part_number_density"", ""table_or_ipl_terms"", ""ocr_text_present""]",False,True,True,[]
t_p_120_1176_p000446,446,table,review_required,validator_gated_unresolved,VALIDATOR_GATED_UNRESOLVED,True,76,1,,False,False,False,False,False,False,False,False,False,False,True,retry_unresolved_validator_gated,validator_gated_unresolved_after_retry,,55.0,"[""no_candidate_probe_met_threshold"", ""moderate_ocr_text"", ""low_part_number_density"", ""low_table_term_density""]",True,False,False,"[{""final_do_not_embed"": false, ""opensearch_index_allowed"": true, ""passed"": false, ""qdrant_embedding_allowed"": true, ""reasons"": [], ""route"": ""table"", ""score"": 0.0}, {""final_do_not_embed"": false, ""opensearch_index_allowed"": false, ""passed"": false, ""qdrant_embedding_allowed"": true, ""reasons"": [""moderate_ocr_text"", ""low_part_number_density"", ""low_table_term_density""], ""route"": ""plain_text"", ""score"": 55.0}, {""final_do_not_embed"": false, ""opensearch_index_allowed"": false, ""passed"": false, ""qdrant_embedding_allowed"": true, ""reasons"": [""sparse_ocr""], ""route"": ""image"", ""score"": 20.0}, {""final_do_not_embed"": true, ""opensearch_index_allowed"": false, ""passed"": false, ""qdrant_embedding_allowed"": false, ""reasons"": [""blank_subtype_or_empty_sample""], ""route"": ""blank"", ""score"": 15.0}]"
t_p_120_1176_p000447,447,table,detailed_parts_list,validated_primary_route,PASS,False,224,13,,False,False,False,False,False,False,False,False,False,False,False,not_needed_already_validated,already_validated,table,85.0,"[""table_subtype"", ""strong_part_number_density"", ""table_or_ipl_terms"", ""ocr_text_present""]",False,True,True,[]
t_p_120_1176_p000448,448,table,review_required,validator_gated_unresolved,VALIDATOR_GATED_UNRESOLVED,True,80,1,,False,False,False,False,False,False,False,False,False,False,True,retry_validated,retry_validated_primary_or_candidate_route,plain_text,65.0,"[""substantial_ocr_text"", ""low_part_number_density"", ""low_table_term_density""]",False,True,False,"[{""final_do_not_embed"": false, ""opensearch_index_allowed"": true, ""passed"": false, ""qdrant_embedding_allowed"": true, ""reasons"": [], ""route"": ""table"", ""score"": 0.0}, {""final_do_not_embed"": false, ""opensearch_index_allowed"": false, ""passed"": true, ""qdrant_embedding_allowed"": true, ""reasons"": [""substantial_ocr_text"", ""low_part_number_density"", ""low_table_term_density""], ""route"": ""plain_text"", ""score"": 65.0}, {""final_do_not_embed"": false, ""opensearch_index_allowed"": false, ""passed"": false, ""qdrant_embedding_allowed"": true, ""reasons"": [""sparse_ocr""], ""route"": ""image"", ""score"": 20.0}, {""final_do_not_embed"": true, ""opensearch_index_allowed"": false, ""passed"": false, ""qdrant_embedding_allowed"": false, ""reasons"": [""blank_subtype_or_empty_sample""], ""route"": ""blank"", ""score"": 15.0}]"
t_p_120_1176_p000449,449,table,detailed_parts_list,validated_primary_route,PASS,False,196,10,,False,False,False,False,False,False,False,False,False,False,False,not_needed_already_validated,already_validated,table,85.0,"[""table_subtype"", ""strong_part_number_density"", ""table_or_ipl_terms"", ""ocr_text_present""]",False,True,True,[]
t_p_120_1176_p000450,450,table,detailed_parts_list,validated_primary_route,PASS,False,68,3,,False,False,False,False,False,False,False,False,False,False,False,not_needed_already_validated,already_validated,table,72.0,"[""table_subtype"", ""moderate_part_number_density"", ""table_or_ipl_terms"", ""ocr_text_present""]",False,True,True,[]
t_p_120_1176_p000451,451,table,review_required,validator_gated_unresolved,VALIDATOR_GATED_UNRESOLVED,True,88,1,,False,False,False,False,False,False,False,False,False,False,True,retry_validated,retry_validated_primary_or_candidate_route,plain_text,65.0,"[""substantial_ocr_text"", ""low_part_number_density"", ""low_table_term_density""]",False,True,False,"[{""final_do_not_embed"": false, ""opensearch_index_allowed"": true, ""passed"": false, ""qdrant_embedding_allowed"": true, ""reasons"": [], ""route"": ""table"", ""score"": 0.0}, {""final_do_not_embed"": false, ""opensearch_index_allowed"": false, ""passed"": true, ""qdrant_embedding_allowed"": true, ""reasons"": [""substantial_ocr_text"", ""low_part_number_density"", ""low_table_term_density""], ""route"": ""plain_text"", ""score"": 65.0}, {""final_do_not_embed"": false, ""opensearch_index_allowed"": false, ""passed"": false, ""qdrant_embedding_allowed"": true, ""reasons"": [""sparse_ocr""], ""route"": ""image"", ""score"": 20.0}, {""final_do_not_embed"": true, ""opensearch_index_allowed"": false, ""passed"": false, ""qdrant_embedding_allowed"": false, ""reasons"": [""blank_subtype_or_empty_sample""], ""route"": ""blank"", ""score"": 15.0}]"
t_p_120_1176_p000452,452,table,detailed_parts_list,validated_primary_route,PASS,False,255,15,,False,False,False,False,False,False,False,False,False,False,False,not_needed_already_validated,already_validated,table,85.0,"[""table_subtype"", ""strong_part_number_density"", ""table_or_ipl_terms"", ""ocr_text_present""]",False,True,True,[]
t_p_120_1176_p000453,453,table,detailed_parts_list,validated_primary_route,PASS,False,129,7,,False,False,False,False,False,False,False,False,False,False,False,not_needed_already_validated,already_validated,table,72.0,"[""table_subtype"", ""moderate_part_number_density"", ""table_or_ipl_terms"", ""ocr_text_present""]",False,True,True,[]
t_p_120_1176_p000454,454,table,review_required,validator_gated_unresolved,VALIDATOR_GATED_UNRESOLVED,True,73,0,,False,False,False,False,False,False,False,False,False,False,True,retry_unresolved_validator_gated,validator_gated_unresolved_after_retry,,55.0,"[""no_candidate_probe_met_threshold"", ""moderate_ocr_text"", ""low_part_number_density"", ""low_table_term_density""]",True,False,False,"[{""final_do_not_embed"": false, ""opensearch_index_allowed"": true, ""passed"": false, ""qdrant_embedding_allowed"": true, ""reasons"": [], ""route"": ""table"", ""score"": 0.0}, {""final_do_not_embed"": false, ""opensearch_index_allowed"": false, ""passed"": false, ""qdrant_embedding_allowed"": true, ""reasons"": [""moderate_ocr_text"", ""low_part_number_density"", ""low_table_term_density""], ""route"": ""plain_text"", ""score"": 55.0}, {""final_do_not_embed"": false, ""opensearch_index_allowed"": false, ""passed"": false, ""qdrant_embedding_allowed"": true, ""reasons"": [""sparse_ocr"", ""no_part_numbers""], ""route"": ""image"", ""score"": 30.0}, {""final_do_not_embed"": true, ""opensearch_index_allowed"": false, ""passed"": false, ""qdrant_embedding_allowed"": false, ""reasons"": [""no_part_numbers"", ""blank_subtype_or_empty_sample""], ""route"": ""blank"", ""score"": 30.0}]"
t_p_120_1176_p000455,455,table,detailed_parts_list,validated_primary_route,PASS,False,189,8,,False,False,False,False,False,False,False,False,False,False,False,not_needed_already_validated,already_validated,table,85.0,"[""table_subtype"", ""strong_part_number_density"", ""table_or_ipl_terms"", ""ocr_text_present""]",False,True,True,[]
t_p_120_1176_p000456,456,table,detailed_parts_list,validated_primary_route,PASS,False,117,4,,False,False,False,False,False,False,False,False,False,False,False,not_needed_already_validated,already_validated,table,72.0,"[""table_subtype"", ""moderate_part_number_density"", ""table_or_ipl_terms"", ""ocr_text_present""]",False,True,True,[]
t_p_120_1176_p000457,457,table,review_required,validator_gated_unresolved,VALIDATOR_GATED_UNRESOLVED,True,59,0,,False,False,False,False,False,False,False,False,False,False,True,retry_unresolved_validator_gated,validator_gated_unresolved_after_retry,,55.0,"[""no_candidate_probe_met_threshold"", ""moderate_ocr_text"", ""low_part_number_density"", ""low_table_term_density""]",True,False,False,"[{""final_do_not_embed"": false, ""opensearch_index_allowed"": true, ""passed"": false, ""qdrant_embedding_allowed"": true, ""reasons"": [], ""route"": ""table"", ""score"": 0.0}, {""final_do_not_embed"": false, ""opensearch_index_allowed"": false, ""passed"": false, ""qdrant_embedding_allowed"": true, ""reasons"": [""moderate_ocr_text"", ""low_part_number_density"", ""low_table_term_density""], ""route"": ""plain_text"", ""score"": 55.0}, {""final_do_not_embed"": false, ""opensearch_index_allowed"": false, ""passed"": false, ""qdrant_embedding_allowed"": true, ""reasons"": [""sparse_ocr"", ""no_part_numbers""], ""route"": ""image"", ""score"": 30.0}, {""final_do_not_embed"": true, ""opensearch_index_allowed"": false, ""passed"": false, ""qdrant_embedding_allowed"": false, ""reasons"": [""no_part_numbers"", ""blank_subtype_or_empty_sample""], ""route"": ""blank"", ""score"": 30.0}]"
t_p_120_1176_p000458,458,table,detailed_parts_list,validated_primary_route,PASS,False,189,10,,False,False,False,False,False,False,False,False,False,False,False,not_needed_already_validated,already_validated,table,85.0,"[""table_subtype"", ""strong_part_number_density"", ""table_or_ipl_terms"", ""ocr_text_present""]",False,True,True,[]
t_p_120_1176_p000459,459,table,detailed_parts_list,validated_primary_route,PASS,False,135,5,,False,False,False,False,False,False,False,False,False,False,False,not_needed_already_validated,already_validated,table,72.0,"[""table_subtype"", ""moderate_part_number_density"", ""table_or_ipl_terms"", ""ocr_text_present""]",False,True,True,[]
t_p_120_1176_p000460,460,table,review_required,validator_gated_unresolved,VALIDATOR_GATED_UNRESOLVED,True,76,0,,False,False,False,False,False,False,False,False,False,False,True,retry_unresolved_validator_gated,validator_gated_unresolved_after_retry,,55.0,"[""no_candidate_probe_met_threshold"", ""moderate_ocr_text"", ""low_part_number_density"", ""low_table_term_density""]",True,False,False,"[{""final_do_not_embed"": false, ""opensearch_index_allowed"": true, ""passed"": false, ""qdrant_embedding_allowed"": true, ""reasons"": [], ""route"": ""table"", ""score"": 0.0}, {""final_do_not_embed"": false, ""opensearch_index_allowed"": false, ""passed"": false, ""qdrant_embedding_allowed"": true, ""reasons"": [""moderate_ocr_text"", ""low_part_number_density"", ""low_table_term_density""], ""route"": ""plain_text"", ""score"": 55.0}, {""final_do_not_embed"": false, ""opensearch_index_allowed"": false, ""passed"": false, ""qdrant_embedding_allowed"": true, ""reasons"": [""sparse_ocr"", ""no_part_numbers""], ""route"": ""image"", ""score"": 30.0}, {""final_do_not_embed"": true, ""opensearch_index_allowed"": false, ""passed"": false, ""qdrant_embedding_allowed"": false, ""reasons"": [""no_part_numbers"", ""blank_subtype_or_empty_sample""], ""route"": ""blank"", ""score"": 30.0}]"
t_p_120_1176_p000461,461,table,detailed_parts_list,validated_primary_route,PASS,False,212,14,,False,False,False,False,False,False,False,False,False,False,False,not_needed_already_validated,already_validated,table,85.0,"[""table_subtype"", ""strong_part_number_density"", ""table_or_ipl_terms"", ""ocr_text_present""]",False,True,True,[]
t_p_120_1176_p000462,462,table,detailed_parts_list,validated_primary_route,PASS,False,77,3,,False,False,False,False,False,False,False,False,False,False,False,not_needed_already_validated,already_validated,table,72.0,"[""table_subtype"", ""moderate_part_number_density"", ""table_or_ipl_terms"", ""ocr_text_present""]",False,True,True,[]
t_p_120_1176_p000463,463,table,review_required,validator_gated_unresolved,VALIDATOR_GATED_UNRESOLVED,True,64,0,,False,False,False,False,False,False,False,False,False,False,True,retry_unresolved_validator_gated,validator_gated_unresolved_after_retry,,55.0,"[""no_candidate_probe_met_threshold"", ""moderate_ocr_text"", ""low_part_number_density"", ""low_table_term_density""]",True,False,False,"[{""final_do_not_embed"": false, ""opensearch_index_allowed"": true, ""passed"": false, ""qdrant_embedding_allowed"": true, ""reasons"": [], ""route"": ""table"", ""score"": 0.0}, {""final_do_not_embed"": false, ""opensearch_index_allowed"": false, ""passed"": false, ""qdrant_embedding_allowed"": true, ""reasons"": [""moderate_ocr_text"", ""low_part_number_density"", ""low_table_term_density""], ""route"": ""plain_text"", ""score"": 55.0}, {""final_do_not_embed"": false, ""opensearch_index_allowed"": false, ""passed"": false, ""qdrant_embedding_allowed"": true, ""reasons"": [""sparse_ocr"", ""no_part_numbers""], ""route"": ""image"", ""score"": 30.0}, {""final_do_not_embed"": true, ""opensearch_index_allowed"": false, ""passed"": false, ""qdrant_embedding_allowed"": false, ""reasons"": [""no_part_numbers"", ""blank_subtype_or_empty_sample""], ""route"": ""blank"", ""score"": 30.0}]"
t_p_120_1176_p000464,464,table,detailed_parts_list,validated_primary_route,PASS,False,178,9,,False,False,False,False,False,False,False,False,False,False,False,not_needed_already_validated,already_validated,table,85.0,"[""table_subtype"", ""strong_part_number_density"", ""table_or_ipl_terms"", ""ocr_text_present""]",False,True,True,[]
t_p_120_1176_p000465,465,table,detailed_parts_list,validated_primary_route,PASS,False,83,3,,False,False,False,False,False,False,False,False,False,False,False,not_needed_already_validated,already_validated,table,72.0,"[""table_subtype"", ""moderate_part_number_density"", ""table_or_ipl_terms"", ""ocr_text_present""]",False,True,True,[]
t_p_120_1176_p000466,466,plain_text,procedure_or_description,validated_primary_route,PASS,False,145,0,,False,False,False,False,False,False,False,False,False,False,False,not_needed_already_validated,already_validated,plain_text,100.0,"[""plain_text_subtype"", ""meaningful_ocr_text"", ""low_part_number_density"", ""no_strong_row_structure"", ""text_context_terms""]",False,True,False,[]
t_p_120_1176_p000467,467,plain_text,procedure_or_description,validated_primary_route,PASS,False,280,0,,False,False,False,False,False,False,False,False,False,False,False,not_needed_already_validated,already_validated,plain_text,100.0,"[""plain_text_subtype"", ""meaningful_ocr_text"", ""low_part_number_density"", ""no_strong_row_structure"", ""text_context_terms""]",False,True,False,[]
t_p_120_1176_p000468,468,plain_text,procedure_or_description,validated_primary_route,PASS,False,327,0,,False,False,False,False,False,False,False,False,False,False,False,not_needed_already_validated,already_validated,plain_text,100.0,"[""plain_text_subtype"", ""meaningful_ocr_text"", ""low_part_number_density"", ""no_strong_row_structure"", ""text_context_terms""]",False,True,False,[]
t_p_120_1176_p000469,469,image,mixed_text_and_figure,validator_gated_unresolved,VALIDATOR_GATED_UNRESOLVED,True,159,0,,False,False,False,False,False,False,False,False,False,False,True,retry_validated,retry_validated_primary_or_candidate_route,plain_text,65.0,"[""substantial_ocr_text"", ""low_part_number_density"", ""low_table_term_density""]",False,True,False,"[{""final_do_not_embed"": false, ""opensearch_index_allowed"": false, ""passed"": false, ""qdrant_embedding_allowed"": true, ""reasons"": [""image_route_prior"", ""no_part_numbers""], ""route"": ""image"", ""score"": 45.0}, {""final_do_not_embed"": false, ""opensearch_index_allowed"": false, ""passed"": true, ""qdrant_embedding_allowed"": true, ""reasons"": [""substantial_ocr_text"", ""low_part_number_density"", ""low_table_term_density""], ""route"": ""plain_text"", ""score"": 65.0}, {""final_do_not_embed"": false, ""opensearch_index_allowed"": true, ""passed"": false, ""qdrant_embedding_allowed"": true, ""reasons"": [], ""route"": ""table"", ""score"": 0.0}, {""final_do_not_embed"": true, ""opensearch_index_allowed"": false, ""passed"": false, ""qdrant_embedding_allowed"": false, ""reasons"": [""no_part_numbers"", ""blank_subtype_or_empty_sample""], ""route"": ""blank"", ""score"": 30.0}]"
t_p_120_1176_p000470,470,plain_text,procedure_or_description,validated_primary_route,PASS,False,198,0,,False,False,False,False,False,False,False,False,False,False,False,not_needed_already_validated,already_validated,plain_text,100.0,"[""plain_text_subtype"", ""meaningful_ocr_text"", ""low_part_number_density"", ""no_strong_row_structure"", ""text_context_terms""]",False,True,False,[]
t_p_120_1176_p000471,471,plain_text,procedure_or_description,validated_primary_route,PASS,False,216,0,,False,False,False,False,False,False,False,False,False,False,False,not_needed_already_validated,already_validated,plain_text,100.0,"[""plain_text_subtype"", ""meaningful_ocr_text"", ""low_part_number_density"", ""no_strong_row_structure"", ""text_context_terms""]",False,True,False,[]
t_p_120_1176_p000472,472,plain_text,procedure_or_description,validated_primary_route,PASS,False,327,0,,False,False,False,False,False,False,False,False,False,False,False,not_needed_already_validated,already_validated,plain_text,100.0,"[""plain_text_subtype"", ""meaningful_ocr_text"", ""low_part_number_density"", ""no_strong_row_structure"", ""text_context_terms""]",False,True,False,[]
t_p_120_1176_p000473,473,plain_text,procedure_or_description,validated_primary_route,PASS,False,231,0,,False,False,False,False,False,False,False,False,False,False,False,not_needed_already_validated,already_validated,plain_text,100.0,"[""plain_text_subtype"", ""meaningful_ocr_text"", ""low_part_number_density"", ""no_strong_row_structure"", ""text_context_terms""]",False,True,False,[]
t_p_120_1176_p000474,474,plain_text,procedure_or_description,validated_primary_route,PASS,False,75,0,,False,False,False,False,False,False,False,False,False,False,False,not_needed_already_validated,already_validated,plain_text,100.0,"[""plain_text_subtype"", ""meaningful_ocr_text"", ""low_part_number_density"", ""no_strong_row_structure"", ""text_context_terms""]",False,True,False,[]
t_p_120_1176_p000475,475,plain_text,procedure_or_description,validated_primary_route,PASS,False,287,0,,False,False,False,False,False,False,False,False,False,False,False,not_needed_already_validated,already_validated,plain_text,100.0,"[""plain_text_subtype"", ""meaningful_ocr_text"", ""low_part_number_density"", ""no_strong_row_structure"", ""text_context_terms""]",False,True,False,[]
t_p_120_1176_p000476,476,image,mixed_text_and_figure,validator_gated_unresolved,VALIDATOR_GATED_UNRESOLVED,True,219,3,,False,False,False,False,False,False,False,False,False,False,True,retry_unresolved_validator_gated,validator_gated_unresolved_after_retry,,45.0,"[""no_candidate_probe_met_threshold"", ""substantial_ocr_text"", ""low_table_term_density""]",True,False,False,"[{""final_do_not_embed"": false, ""opensearch_index_allowed"": false, ""passed"": false, ""qdrant_embedding_allowed"": true, ""reasons"": [""image_route_prior""], ""route"": ""image"", ""score"": 35.0}, {""final_do_not_embed"": false, ""opensearch_index_allowed"": false, ""passed"": false, ""qdrant_embedding_allowed"": true, ""reasons"": [""substantial_ocr_text"", ""low_table_term_density""], ""route"": ""plain_text"", ""score"": 45.0}, {""final_do_not_embed"": false, ""opensearch_index_allowed"": true, ""passed"": false, ""qdrant_embedding_allowed"": true, ""reasons"": [""part_number_cluster""], ""route"": ""table"", ""score"": 40.0}, {""final_do_not_embed"": true, ""opensearch_index_allowed"": false, ""passed"": false, ""qdrant_embedding_allowed"": false, ""reasons"": [""blank_subtype_or_empty_sample""], ""route"": ""blank"", ""score"": 15.0}]"
t_p_120_1176_p000477,477,plain_text,procedure_or_description,validated_primary_route,PASS,False,339,0,,False,False,False,False,False,False,False,False,False,False,False,not_needed_already_validated,already_validated,plain_text,100.0,"[""plain_text_subtype"", ""meaningful_ocr_text"", ""low_part_number_density"", ""no_strong_row_structure"", ""text_context_terms""]",False,True,False,[]
t_p_120_1176_p000478,478,plain_text,procedure_or_description,validated_primary_route,PASS,False,366,0,,False,False,False,False,False,False,False,False,False,False,False,not_needed_already_validated,already_validated,plain_text,100.0,"[""plain_text_subtype"", ""meaningful_ocr_text"", ""low_part_number_density"", ""no_strong_row_structure"", ""text_context_terms""]",False,True,False,[]
t_p_120_1176_p000479,479,image,mixed_text_and_figure,validator_gated_unresolved,VALIDATOR_GATED_UNRESOLVED,True,235,0,,False,False,False,False,False,False,False,False,False,False,True,retry_validated,retry_validated_primary_or_candidate_route,plain_text,65.0,"[""substantial_ocr_text"", ""low_part_number_density"", ""low_table_term_density""]",False,True,False,"[{""final_do_not_embed"": false, ""opensearch_index_allowed"": false, ""passed"": false, ""qdrant_embedding_allowed"": true, ""reasons"": [""image_route_prior"", ""no_part_numbers""], ""route"": ""image"", ""score"": 45.0}, {""final_do_not_embed"": false, ""opensearch_index_allowed"": false, ""passed"": true, ""qdrant_embedding_allowed"": true, ""reasons"": [""substantial_ocr_text"", ""low_part_number_density"", ""low_table_term_density""], ""route"": ""plain_text"", ""score"": 65.0}, {""final_do_not_embed"": false, ""opensearch_index_allowed"": true, ""passed"": false, ""qdrant_embedding_allowed"": true, ""reasons"": [], ""route"": ""table"", ""score"": 0.0}, {""final_do_not_embed"": true, ""opensearch_index_allowed"": false, ""passed"": false, ""qdrant_embedding_allowed"": false, ""reasons"": [""no_part_numbers"", ""blank_subtype_or_empty_sample""], ""route"": ""blank"", ""score"": 30.0}]"
t_p_120_1176_p000480,480,image,mixed_text_and_figure,validator_gated_unresolved,VALIDATOR_GATED_UNRESOLVED,True,194,2,,False,False,False,False,False,False,False,False,False,False,True,retry_validated,retry_validated_primary_or_candidate_route,plain_text,65.0,"[""substantial_ocr_text"", ""low_part_number_density"", ""low_table_term_density""]",False,True,False,"[{""final_do_not_embed"": false, ""opensearch_index_allowed"": false, ""passed"": false, ""qdrant_embedding_allowed"": true, ""reasons"": [""image_route_prior""], ""route"": ""image"", ""score"": 35.0}, {""final_do_not_embed"": false, ""opensearch_index_allowed"": false, ""passed"": true, ""qdrant_embedding_allowed"": true, ""reasons"": [""substantial_ocr_text"", ""low_part_number_density"", ""low_table_term_density""], ""route"": ""plain_text"", ""score"": 65.0}, {""final_do_not_embed"": false, ""opensearch_index_allowed"": true, ""passed"": false, ""qdrant_embedding_allowed"": true, ""reasons"": [], ""route"": ""table"", ""score"": 0.0}, {""final_do_not_embed"": true, ""opensearch_index_allowed"": false, ""passed"": false, ""qdrant_embedding_allowed"": false, ""reasons"": [""blank_subtype_or_empty_sample""], ""route"": ""blank"", ""score"": 15.0}]"
t_p_120_1176_p000481,481,image,mixed_text_and_figure,validator_gated_unresolved,VALIDATOR_GATED_UNRESOLVED,True,256,4,,False,False,False,False,False,False,False,False,False,False,True,retry_unresolved_validator_gated,validator_gated_unresolved_after_retry,,45.0,"[""no_candidate_probe_met_threshold"", ""substantial_ocr_text"", ""low_table_term_density""]",True,False,False,"[{""final_do_not_embed"": false, ""opensearch_index_allowed"": false, ""passed"": false, ""qdrant_embedding_allowed"": true, ""reasons"": [""image_route_prior""], ""route"": ""image"", ""score"": 35.0}, {""final_do_not_embed"": false, ""opensearch_index_allowed"": true, ""passed"": false, ""qdrant_embedding_allowed"": true, ""reasons"": [""part_number_cluster""], ""route"": ""table"", ""score"": 40.0}, {""final_do_not_embed"": false, ""opensearch_index_allowed"": false, ""passed"": false, ""qdrant_embedding_allowed"": true, ""reasons"": [""substantial_ocr_text"", ""low_table_term_density""], ""route"": ""plain_text"", ""score"": 45.0}, {""final_do_not_embed"": true, ""opensearch_index_allowed"": false, ""passed"": false, ""qdrant_embedding_allowed"": false, ""reasons"": [""blank_subtype_or_empty_sample""], ""route"": ""blank"", ""score"": 15.0}]"
t_p_120_1176_p000482,482,table,review_required,validator_gated_unresolved,VALIDATOR_GATED_UNRESOLVED,True,267,5,,False,False,False,False,False,False,False,False,False,False,True,retry_unresolved_validator_gated,validator_gated_unresolved_after_retry,,45.0,"[""no_candidate_probe_met_threshold"", ""substantial_ocr_text"", ""low_table_term_density""]",True,False,False,"[{""final_do_not_embed"": false, ""opensearch_index_allowed"": true, ""passed"": false, ""qdrant_embedding_allowed"": true, ""reasons"": [""part_number_cluster""], ""route"": ""table"", ""score"": 40.0}, {""final_do_not_embed"": false, ""opensearch_index_allowed"": false, ""passed"": false, ""qdrant_embedding_allowed"": true, ""reasons"": [""substantial_ocr_text"", ""low_table_term_density""], ""route"": ""plain_text"", ""score"": 45.0}, {""final_do_not_embed"": false, ""opensearch_index_allowed"": false, ""passed"": false, ""qdrant_embedding_allowed"": true, ""reasons"": [], ""route"": ""image"", ""score"": 0.0}, {""final_do_not_embed"": true, ""opensearch_index_allowed"": false, ""passed"": false, ""qdrant_embedding_allowed"": false, ""reasons"": [""blank_subtype_or_empty_sample""], ""route"": ""blank"", ""score"": 15.0}]"
t_p_120_1176_p000483,483,image,mixed_text_and_figure,validator_gated_unresolved,VALIDATOR_GATED_UNRESOLVED,True,264,0,,False,False,False,False,False,False,False,False,False,False,True,retry_validated,retry_validated_primary_or_candidate_route,plain_text,65.0,"[""substantial_ocr_text"", ""low_part_number_density"", ""low_table_term_density""]",False,True,False,"[{""final_do_not_embed"": false, ""opensearch_index_allowed"": false, ""passed"": false, ""qdrant_embedding_allowed"": true, ""reasons"": [""image_route_prior"", ""no_part_numbers""], ""route"": ""image"", ""score"": 45.0}, {""final_do_not_embed"": false, ""opensearch_index_allowed"": false, ""passed"": true, ""qdrant_embedding_allowed"": true, ""reasons"": [""substantial_ocr_text"", ""low_part_number_density"", ""low_table_term_density""], ""route"": ""plain_text"", ""score"": 65.0}, {""final_do_not_embed"": false, ""opensearch_index_allowed"": true, ""passed"": false, ""qdrant_embedding_allowed"": true, ""reasons"": [], ""route"": ""table"", ""score"": 0.0}, {""final_do_not_embed"": true, ""opensearch_index_allowed"": false, ""passed"": false, ""qdrant_embedding_allowed"": false, ""reasons"": [""no_part_numbers"", ""blank_subtype_or_empty_sample""], ""route"": ""blank"", ""score"": 30.0}]"
t_p_120_1176_p000484,484,image,mixed_text_and_figure,validator_gated_unresolved,VALIDATOR_GATED_UNRESOLVED,True,216,0,,False,False,False,False,False,False,False,False,False,False,True,retry_validated,retry_validated_primary_or_candidate_route,plain_text,65.0,"[""substantial_ocr_text"", ""low_part_number_density"", ""low_table_term_density""]",False,True,False,"[{""final_do_not_embed"": false, ""opensearch_index_allowed"": false, ""passed"": false, ""qdrant_embedding_allowed"": true, ""reasons"": [""image_route_prior"", ""no_part_numbers""], ""route"": ""image"", ""score"": 45.0}, {""final_do_not_embed"": false, ""opensearch_index_allowed"": false, ""passed"": true, ""qdrant_embedding_allowed"": true, ""reasons"": [""substantial_ocr_text"", ""low_part_number_density"", ""low_table_term_density""], ""route"": ""plain_text"", ""score"": 65.0}, {""final_do_not_embed"": false, ""opensearch_index_allowed"": true, ""passed"": false, ""qdrant_embedding_allowed"": true, ""reasons"": [], ""route"": ""table"", ""score"": 0.0}, {""final_do_not_embed"": true, ""opensearch_index_allowed"": false, ""passed"": false, ""qdrant_embedding_allowed"": false, ""reasons"": [""no_part_numbers"", ""blank_subtype_or_empty_sample""], ""route"": ""blank"", ""score"": 30.0}]"
t_p_120_1176_p000485,485,plain_text,procedure_or_description,validated_primary_route,PASS,False,244,0,,False,False,False,False,False,False,False,False,False,False,False,not_needed_already_validated,already_validated,plain_text,100.0,"[""plain_text_subtype"", ""meaningful_ocr_text"", ""low_part_number_density"", ""no_strong_row_structure"", ""text_context_terms""]",False,True,False,[]
t_p_120_1176_p000486,486,plain_text,procedure_or_description,validated_primary_route,PASS,False,232,1,,False,False,False,False,False,False,False,False,False,False,False,not_needed_already_validated,already_validated,plain_text,100.0,"[""plain_text_subtype"", ""meaningful_ocr_text"", ""low_part_number_density"", ""no_strong_row_structure"", ""text_context_terms""]",False,True,False,[]
t_p_120_1176_p000487,487,plain_text,procedure_or_description,validated_primary_route,PASS,False,242,0,,False,False,False,False,False,False,False,False,False,False,False,not_needed_already_validated,already_validated,plain_text,100.0,"[""plain_text_subtype"", ""meaningful_ocr_text"", ""low_part_number_density"", ""no_strong_row_structure"", ""text_context_terms""]",False,True,False,[]
t_p_120_1176_p000488,488,image,mixed_text_and_figure,validator_gated_unresolved,VALIDATOR_GATED_UNRESOLVED,True,287,0,,False,False,False,False,False,False,False,False,False,False,True,retry_validated,retry_validated_primary_or_candidate_route,plain_text,65.0,"[""substantial_ocr_text"", ""low_part_number_density"", ""low_table_term_density""]",False,True,False,"[{""final_do_not_embed"": false, ""opensearch_index_allowed"": false, ""passed"": false, ""qdrant_embedding_allowed"": true, ""reasons"": [""image_route_prior"", ""no_part_numbers""], ""route"": ""image"", ""score"": 45.0}, {""final_do_not_embed"": false, ""opensearch_index_allowed"": false, ""passed"": true, ""qdrant_embedding_allowed"": true, ""reasons"": [""substantial_ocr_text"", ""low_part_number_density"", ""low_table_term_density""], ""route"": ""plain_text"", ""score"": 65.0}, {""final_do_not_embed"": false, ""opensearch_index_allowed"": true, ""passed"": false, ""qdrant_embedding_allowed"": true, ""reasons"": [], ""route"": ""table"", ""score"": 0.0}, {""final_do_not_embed"": true, ""opensearch_index_allowed"": false, ""passed"": false, ""qdrant_embedding_allowed"": false, ""reasons"": [""no_part_numbers"", ""blank_subtype_or_empty_sample""], ""route"": ""blank"", ""score"": 30.0}]"
t_p_120_1176_p000489,489,plain_text,procedure_or_description,validated_primary_route,PASS,False,211,0,,False,False,False,False,False,False,False,False,False,False,False,not_needed_already_validated,already_validated,plain_text,100.0,"[""plain_text_subtype"", ""meaningful_ocr_text"", ""low_part_number_density"", ""no_strong_row_structure"", ""text_context_terms""]",False,True,False,[]
t_p_120_1176_p000490,490,plain_text,procedure_or_description,validated_primary_route,PASS,False,124,0,,False,False,False,False,False,False,False,False,False,False,False,not_needed_already_validated,already_validated,plain_text,100.0,"[""plain_text_subtype"", ""meaningful_ocr_text"", ""low_part_number_density"", ""no_strong_row_structure"", ""text_context_terms""]",False,True,False,[]
t_p_120_1176_p000491,491,image,image_visual_diagram,validated_primary_route,PASS,False,79,0,,False,False,False,False,False,False,False,False,False,False,False,not_needed_already_validated,already_validated,image,80.0,"[""image_subtype"", ""sparse_ocr_text"", ""concrete_visual_or_figure_signal"", ""not_table_like""]",False,True,False,[]
t_p_120_1176_p000492,492,table,review_required,validator_gated_unresolved,VALIDATOR_GATED_UNRESOLVED,True,85,0,,False,False,False,False,False,False,False,False,False,False,True,retry_validated,retry_validated_primary_or_candidate_route,plain_text,65.0,"[""substantial_ocr_text"", ""low_part_number_density"", ""low_table_term_density""]",False,True,False,"[{""final_do_not_embed"": false, ""opensearch_index_allowed"": true, ""passed"": false, ""qdrant_embedding_allowed"": true, ""reasons"": [], ""route"": ""table"", ""score"": 0.0}, {""final_do_not_embed"": false, ""opensearch_index_allowed"": false, ""passed"": true, ""qdrant_embedding_allowed"": true, ""reasons"": [""substantial_ocr_text"", ""low_part_number_density"", ""low_table_term_density""], ""route"": ""plain_text"", ""score"": 65.0}, {""final_do_not_embed"": false, ""opensearch_index_allowed"": false, ""passed"": false, ""qdrant_embedding_allowed"": true, ""reasons"": [""sparse_ocr"", ""no_part_numbers""], ""route"": ""image"", ""score"": 30.0}, {""final_do_not_embed"": true, ""opensearch_index_allowed"": false, ""passed"": false, ""qdrant_embedding_allowed"": false, ""reasons"": [""no_part_numbers"", ""blank_subtype_or_empty_sample""], ""route"": ""blank"", ""score"": 30.0}]"
t_p_120_1176_p000493,493,image,image_visual_diagram,validated_primary_route,PASS,False,86,0,,False,False,False,False,False,False,False,False,False,False,False,not_needed_already_validated,already_validated,image,80.0,"[""image_subtype"", ""sparse_ocr_text"", ""concrete_visual_or_figure_signal"", ""not_table_like""]",False,True,False,[]
t_p_120_1176_p000494,494,image,image_visual_diagram,validated_primary_route,PASS,False,70,0,,False,False,False,False,False,False,False,False,False,False,False,not_needed_already_validated,already_validated,image,80.0,"[""image_subtype"", ""sparse_ocr_text"", ""concrete_visual_or_figure_signal"", ""not_table_like""]",False,True,False,[]
t_p_120_1176_p000495,495,image,image_visual_diagram,validated_primary_route,PASS,False,80,0,,False,False,False,False,False,False,False,False,False,False,False,not_needed_already_validated,already_validated,image,80.0,"[""image_subtype"", ""sparse_ocr_text"", ""concrete_visual_or_figure_signal"", ""not_table_like""]",False,True,False,[]
t_p_120_1176_p000496,496,table,review_required,validator_gated_unresolved,VALIDATOR_GATED_UNRESOLVED,True,84,0,,False,False,False,False,False,False,False,False,False,False,True,retry_validated,retry_validated_primary_or_candidate_route,plain_text,65.0,"[""substantial_ocr_text"", ""low_part_number_density"", ""low_table_term_density""]",False,True,False,"[{""final_do_not_embed"": false, ""opensearch_index_allowed"": true, ""passed"": false, ""qdrant_embedding_allowed"": true, ""reasons"": [], ""route"": ""table"", ""score"": 0.0}, {""final_do_not_embed"": false, ""opensearch_index_allowed"": false, ""passed"": true, ""qdrant_embedding_allowed"": true, ""reasons"": [""substantial_ocr_text"", ""low_part_number_density"", ""low_table_term_density""], ""route"": ""plain_text"", ""score"": 65.0}, {""final_do_not_embed"": false, ""opensearch_index_allowed"": false, ""passed"": false, ""qdrant_embedding_allowed"": true, ""reasons"": [""sparse_ocr"", ""no_part_numbers""], ""route"": ""image"", ""score"": 30.0}, {""final_do_not_embed"": true, ""opensearch_index_allowed"": false, ""passed"": false, ""qdrant_embedding_allowed"": false, ""reasons"": [""no_part_numbers"", ""blank_subtype_or_empty_sample""], ""route"": ""blank"", ""score"": 30.0}]"
t_p_120_1176_p000497,497,image,review_required,validator_gated_unresolved,VALIDATOR_GATED_UNRESOLVED,True,81,0,,False,False,False,False,False,False,False,False,False,False,True,retry_validated,retry_validated_primary_or_candidate_route,plain_text,65.0,"[""substantial_ocr_text"", ""low_part_number_density"", ""low_table_term_density""]",False,True,False,"[{""final_do_not_embed"": false, ""opensearch_index_allowed"": false, ""passed"": false, ""qdrant_embedding_allowed"": true, ""reasons"": [""image_route_prior"", ""sparse_ocr"", ""no_part_numbers""], ""route"": ""image"", ""score"": 65.0}, {""final_do_not_embed"": false, ""opensearch_index_allowed"": true, ""passed"": false, ""qdrant_embedding_allowed"": true, ""reasons"": [], ""route"": ""table"", ""score"": 0.0}, {""final_do_not_embed"": false, ""opensearch_index_allowed"": false, ""passed"": true, ""qdrant_embedding_allowed"": true, ""reasons"": [""substantial_ocr_text"", ""low_part_number_density"", ""low_table_term_density""], ""route"": ""plain_text"", ""score"": 65.0}, {""final_do_not_embed"": true, ""opensearch_index_allowed"": false, ""passed"": false, ""qdrant_embedding_allowed"": false, ""reasons"": [""no_part_numbers"", ""blank_subtype_or_empty_sample""], ""route"": ""blank"", ""score"": 30.0}]"
t_p_120_1176_p000498,498,image,image_visual_diagram,validated_primary_route,PASS,False,57,0,,False,False,False,False,False,False,False,False,False,False,False,not_needed_already_validated,already_validated,image,100.0,"[""image_subtype"", ""legacy_image_visual"", ""sparse_ocr_text"", ""concrete_visual_or_figure_signal"", ""not_table_like""]",False,True,False,[]
t_p_120_1176_p000499,499,image,image_visual_diagram,validated_primary_route,PASS,False,61,0,,False,False,False,False,False,False,False,False,False,False,False,not_needed_already_validated,already_validated,image,100.0,"[""image_subtype"", ""legacy_image_visual"", ""sparse_ocr_text"", ""concrete_visual_or_figure_signal"", ""not_table_like""]",False,True,False,[]
t_p_120_1176_p000500,500,image,image_visual_diagram,validated_primary_route,PASS,False,56,0,,False,False,False,False,False,False,False,False,False,False,False,not_needed_already_validated,already_validated,image,100.0,"[""image_subtype"", ""legacy_image_visual"", ""sparse_ocr_text"", ""concrete_visual_or_figure_signal"", ""not_table_like""]",False,True,False,[]
t_p_120_1176_p000501,501,plain_text,procedure_or_description,validated_primary_route,PASS,False,108,0,,False,False,False,False,False,False,False,False,False,False,False,not_needed_already_validated,already_validated,plain_text,100.0,"[""plain_text_subtype"", ""meaningful_ocr_text"", ""low_part_number_density"", ""no_strong_row_structure"", ""text_context_terms""]",False,True,False,[]
t_p_120_1176_p000502,502,plain_text,procedure_or_description,validated_primary_route,PASS,False,109,0,,False,False,False,False,False,False,False,False,False,False,False,not_needed_already_validated,already_validated,plain_text,100.0,"[""plain_text_subtype"", ""meaningful_ocr_text"", ""low_part_number_density"", ""no_strong_row_structure"", ""text_context_terms""]",False,True,False,[]
t_p_120_1176_p000503,503,image,mixed_text_and_figure,validator_gated_unresolved,VALIDATOR_GATED_UNRESOLVED,True,100,0,,False,False,False,False,False,False,False,False,False,False,True,retry_validated,retry_validated_primary_or_candidate_route,plain_text,65.0,"[""substantial_ocr_text"", ""low_part_number_density"", ""low_table_term_density""]",False,True,False,"[{""final_do_not_embed"": false, ""opensearch_index_allowed"": false, ""passed"": false, ""qdrant_embedding_allowed"": true, ""reasons"": [""image_route_prior"", ""sparse_ocr"", ""no_part_numbers""], ""route"": ""image"", ""score"": 65.0}, {""final_do_not_embed"": false, ""opensearch_index_allowed"": false, ""passed"": true, ""qdrant_embedding_allowed"": true, ""reasons"": [""substantial_ocr_text"", ""low_part_number_density"", ""low_table_term_density""], ""route"": ""plain_text"", ""score"": 65.0}, {""final_do_not_embed"": false, ""opensearch_index_allowed"": true, ""passed"": false, ""qdrant_embedding_allowed"": true, ""reasons"": [], ""route"": ""table"", ""score"": 0.0}, {""final_do_not_embed"": true, ""opensearch_index_allowed"": false, ""passed"": false, ""qdrant_embedding_allowed"": false, ""reasons"": [""no_part_numbers"", ""blank_subtype_or_empty_sample""], ""route"": ""blank"", ""score"": 30.0}]"
t_p_120_1176_p000504,504,image,mixed_text_and_figure,validator_gated_unresolved,VALIDATOR_GATED_UNRESOLVED,True,123,0,,False,False,False,False,False,False,False,False,False,False,True,retry_validated,retry_validated_primary_or_candidate_route,plain_text,65.0,"[""substantial_ocr_text"", ""low_part_number_density"", ""low_table_term_density""]",False,True,False,"[{""final_do_not_embed"": false, ""opensearch_index_allowed"": false, ""passed"": false, ""qdrant_embedding_allowed"": true, ""reasons"": [""image_route_prior"", ""no_part_numbers""], ""route"": ""image"", ""score"": 45.0}, {""final_do_not_embed"": false, ""opensearch_index_allowed"": false, ""passed"": true, ""qdrant_embedding_allowed"": true, ""reasons"": [""substantial_ocr_text"", ""low_part_number_density"", ""low_table_term_density""], ""route"": ""plain_text"", ""score"": 65.0}, {""final_do_not_embed"": false, ""opensearch_index_allowed"": true, ""passed"": false, ""qdrant_embedding_allowed"": true, ""reasons"": [], ""route"": ""table"", ""score"": 0.0}, {""final_do_not_embed"": true, ""opensearch_index_allowed"": false, ""passed"": false, ""qdrant_embedding_allowed"": false, ""reasons"": [""no_part_numbers"", ""blank_subtype_or_empty_sample""], ""route"": ""blank"", ""score"": 30.0}]"
t_p_120_1176_p000505,505,image,mixed_text_and_figure,validator_gated_unresolved,VALIDATOR_GATED_UNRESOLVED,True,276,0,,False,False,False,False,False,False,False,False,False,False,True,retry_validated,retry_validated_primary_or_candidate_route,plain_text,65.0,"[""substantial_ocr_text"", ""low_part_number_density"", ""low_table_term_density""]",False,True,False,"[{""final_do_not_embed"": false, ""opensearch_index_allowed"": false, ""passed"": false, ""qdrant_embedding_allowed"": true, ""reasons"": [""image_route_prior"", ""no_part_numbers""], ""route"": ""image"", ""score"": 45.0}, {""final_do_not_embed"": false, ""opensearch_index_allowed"": false, ""passed"": true, ""qdrant_embedding_allowed"": true, ""reasons"": [""substantial_ocr_text"", ""low_part_number_density"", ""low_table_term_density""], ""route"": ""plain_text"", ""score"": 65.0}, {""final_do_not_embed"": false, ""opensearch_index_allowed"": true, ""passed"": false, ""qdrant_embedding_allowed"": true, ""reasons"": [], ""route"": ""table"", ""score"": 0.0}, {""final_do_not_embed"": true, ""opensearch_index_allowed"": false, ""passed"": false, ""qdrant_embedding_allowed"": false, ""reasons"": [""no_part_numbers"", ""blank_subtype_or_empty_sample""], ""route"": ""blank"", ""score"": 30.0}]"
t_p_120_1176_p000506,506,plain_text,procedure_or_description,validated_primary_route,PASS,False,329,0,,False,False,False,False,False,False,False,False,False,False,False,not_needed_already_validated,already_validated,plain_text,100.0,"[""plain_text_subtype"", ""meaningful_ocr_text"", ""low_part_number_density"", ""no_strong_row_structure"", ""text_context_terms""]",False,True,False,[]
t_p_120_1176_p000507,507,plain_text,procedure_or_description,validated_primary_route,PASS,False,125,0,,False,False,False,False,False,False,False,False,False,False,False,not_needed_already_validated,already_validated,plain_text,100.0,"[""plain_text_subtype"", ""meaningful_ocr_text"", ""low_part_number_density"", ""no_strong_row_structure"", ""text_context_terms""]",False,True,False,[]
t_p_120_1176_p000508,508,plain_text,review_required,validator_gated_unresolved,VALIDATOR_GATED_UNRESOLVED,True,55,0,,False,False,False,False,False,False,False,False,False,False,True,retry_unresolved_validator_gated,validator_gated_unresolved_after_retry,,55.0,"[""no_candidate_probe_met_threshold"", ""moderate_ocr_text"", ""low_part_number_density"", ""low_table_term_density""]",True,False,False,"[{""final_do_not_embed"": false, ""opensearch_index_allowed"": false, ""passed"": false, ""qdrant_embedding_allowed"": true, ""reasons"": [""moderate_ocr_text"", ""low_part_number_density"", ""low_table_term_density""], ""route"": ""plain_text"", ""score"": 55.0}, {""final_do_not_embed"": false, ""opensearch_index_allowed"": true, ""passed"": false, ""qdrant_embedding_allowed"": true, ""reasons"": [], ""route"": ""table"", ""score"": 0.0}, {""final_do_not_embed"": false, ""opensearch_index_allowed"": false, ""passed"": false, ""qdrant_embedding_allowed"": true, ""reasons"": [""sparse_ocr"", ""no_part_numbers""], ""route"": ""image"", ""score"": 30.0}, {""final_do_not_embed"": true, ""opensearch_index_allowed"": false, ""passed"": false, ""qdrant_embedding_allowed"": false, ""reasons"": [""no_part_numbers"", ""blank_subtype_or_empty_sample""], ""route"": ""blank"", ""score"": 30.0}]"
t_p_120_1176_p000509,509,plain_text,procedure_or_description,validated_primary_route,PASS,False,348,0,,False,False,False,False,False,False,False,False,False,False,False,not_needed_already_validated,already_validated,plain_text,100.0,"[""plain_text_subtype"", ""meaningful_ocr_text"", ""low_part_number_density"", ""no_strong_row_structure"", ""text_context_terms""]",False,True,False,[]
